ProjectCode,ReportMonth,State,OriginalCost,RevisedCost,Expenditure,Physical Progress,Agency,DateInconsistency,ProjectAgeDays,ApprovalToStartDays,CurrentExpenditureRatio,RobustCurrentExpenditurePct,RobustCurrentGap,HasRevisedCost,HasRevisedDoc,ProgressVelocity,ProgressScheduleGap,ExpenditureProgressGap,CostGrowth,ScheduleElapsedRatio,RemainingPlannedDays,ElapsedDays,PlannedDurationDays,ProgressBehindSchedule10,ProgressBehindSchedule20,ProgressBehindSchedule30,NegativeProgressVelocity,NoProgress,LateStageLowProgress,ExpenditureAhead10,ExpenditureAhead20,ExpenditureAhead30,OverallRiskEvent
400006,2026-04-01,Odisha,808.99,808.99,701.15,38.0,South Eastern Railway [SER] - I,False,1643.0,0.0,86.66979814336393,86.66979814336393,-48.669798143363934,0,1,,,48.669798143363934,,,-1643.0,1643.0,0.0,0,0,0,0,0,0,1,1,1,1
400010,2026-04-01,Ladakh,480.0,640.0,501.81,78.9,Airport Authority of India [AAI],False,2769.0,62.0,78.40781249999999,78.40781249999999,0.4921875000000142,1,1,,-121.1,-0.4921875000000142,,2.0,-2707.0,2769.0,62.0,1,1,1,0,0,0,0,0,0,0
400012,2026-04-01,"Multi-States(Gujarat, MadhyaPradesh, UttarPradesh)",10088.0,10088.0,8529.58,95.2,Ministry of Petroleum & Natural Gas,False,2678.0,0.0,84.55174464710548,84.55174464710548,10.648255352894523,0,1,,,-10.648255352894523,,,-2678.0,2678.0,0.0,0,0,0,0,0,0,0,0,0,0
400018,2026-04-01,Jharkhand,859.41,859.41,455.25,63.22,ECL - CIL,False,1339.0,0.0,52.972388033650994,52.972388033650994,10.247611966349005,0,0,,,-10.247611966349004,,,-1339.0,1339.0,0.0,0,0,0,0,0,0,0,0,0,0
400019,2026-04-01,Maharashtra,492.76,1170.83,519.29,25.0,Central Railway,False,1096.0,1551.0,44.35229708839029,44.35229708839029,-19.352297088390287,1,1,,-45.66408768536428,19.352297088390287,,0.7066408768536429,455.0,1096.0,1551.0,1,1,1,0,0,0,1,0,0,1
400022,2026-04-01,"Multi-States(Gujarat,Rajasthan)",2798.0,2798.0,2439.32,37.0,North Western Railway [NWR],False,1370.0,0.0,87.18084345961402,87.18084345961402,-50.180843459614024,0,1,,,50.18084345961402,,,-1370.0,1370.0,0.0,0,0,0,0,0,0,1,1,1,1
400023,2026-04-01,Karnataka,749.0,749.0,0.94,0.3,South Western Railway [SWR] - II,True,121.0,2467.0,0.1255006675567423,0.1255006675567423,0.1744993324432577,0,1,,-4.604742602351034,-0.1744993324432577,,0.0490474260235103,2346.0,121.0,2467.0,0,0,0,0,0,0,0,0,0,1
400033,2026-04-01,Maharashtra,580.61,580.61,112.17,33.91,Western Coalfields Limited [WCL],False,1431.0,820.0,19.31933655982501,19.31933655982501,14.590663440174986,0,0,,-140.6021951219512,-14.590663440174986,,1.7451219512195122,-611.0,1431.0,820.0,1,1,1,0,0,1,0,0,0,0
400035,2026-04-01,Tripura,656.0,656.0,537.17,97.0,Indian Oil Corporation Limited [IOCL],False,1400.0,0.0,81.88567073170732,81.88567073170732,15.114329268292678,0,1,,,-15.114329268292678,,,-1400.0,1400.0,0.0,0,0,0,0,0,0,0,0,0,0
400043,2026-04-01,Tamil Nadu,829.0,829.0,350.21,76.2,Ministry of Petroleum & Natural Gas,False,1551.0,0.0,42.24487334137515,42.24487334137515,33.955126658624856,0,1,,,-33.955126658624856,,,-1551.0,1551.0,0.0,0,0,0,0,0,0,0,0,0,1
400045,2026-04-01,Odisha,168.32,168.32,69.85,82.0,East Coast Railway [ECoR] - II,True,1370.0,-31.0,41.49833650190114,41.49833650190114,40.50166349809886,0,1,,,-40.50166349809886,,,-1401.0,1370.0,-31.0,0,0,0,0,0,0,0,0,0,0
400047,2026-04-01,Odisha,210.0,210.0,39.31,52.0,East Coast Railway [ECoR] - II,False,1400.0,-61.0,18.719047619047622,18.719047619047622,33.28095238095238,0,1,,,-33.28095238095238,,,-1461.0,1400.0,-61.0,0,0,0,0,0,0,0,0,0,0
400048,2026-04-01,Odisha,186.21,186.21,100.97,88.0,East Coast Railway [ECoR] - II,False,1400.0,-92.0,54.223725900864615,54.223725900864615,33.776274099135385,0,1,,,-33.776274099135385,,,-1492.0,1400.0,-92.0,0,0,0,0,0,0,0,0,0,1
400062,2026-04-01,West Bengal,17673.0,17673.0,1950.25,9.4,Damodar Valley Corporation,False,424.0,762.0,11.03519493011939,11.03519493011939,-1.6351949301193898,0,0,,-46.24304461942258,1.6351949301193898,,0.5564304461942258,338.0,424.0,762.0,1,1,1,0,0,0,0,0,0,0
400073,2026-04-01,Jharkhand,799.34,799.34,433.64,53.47,Ministry of Coal,False,1551.0,0.0,54.2497560487402,54.2497560487402,-0.7797560487402038,0,0,,,0.7797560487402038,,,-1551.0,1551.0,0.0,0,0,0,0,0,0,0,0,0,1
400074,2026-04-01,Jharkhand,908.47,908.47,289.45,23.57,Ministry of Coal,False,1551.0,0.0,31.86126124142789,31.86126124142789,-8.29126124142789,0,0,,,8.29126124142789,,,-1551.0,1551.0,0.0,0,0,0,0,0,0,0,0,0,1
400078,2026-04-01,"Multi-States(Gujarat, Haryana,Rajasthan)",9028.0,9028.0,7160.82,91.4,Ministry of Petroleum & Natural Gas,False,1582.0,0.0,79.31789986708019,79.31789986708019,12.08210013291982,0,1,,,-12.08210013291982,,,-1582.0,1582.0,0.0,0,0,0,0,0,0,0,0,0,1
400081,2026-04-01,Manipur,906.47,611.74,574.12,97.0,Department of Sports & Youth Affairs,False,1551.0,,93.85032857096152,93.85032857096152,3.1496714290384773,1,1,,,-3.1496714290384773,,,,1551.0,,0,0,0,0,0,0,0,0,0,0
400087,2026-04-01,Gujarat,885.63,1347.61,990.06,87.5,Oil and Natural Gas Corporation Limited [ONGC],False,1704.0,0.0,73.4678430703245,73.4678430703245,14.032156929675494,1,1,,,-14.032156929675494,,,-1704.0,1704.0,0.0,0,0,0,0,0,0,0,0,0,0
400100,2026-04-01,Andhra Pradesh,353.05,1023.24,872.65,95.88,Water Resources-AP,False,7395.0,275.0,85.28302255580313,85.28302255580313,10.596977444196867,1,1,,-104.12,-10.596977444196868,,2.0,-7120.0,7395.0,275.0,1,1,1,0,0,0,0,0,0,0
400101,2026-04-01,Andhra Pradesh,397.41,697.39,619.46,98.3,Water Resources-AP,False,7670.0,0.0,88.82547785313814,88.82547785313814,9.474522146861858,1,1,,,-9.474522146861858,,,-7670.0,7670.0,0.0,0,0,0,0,0,0,0,0,0,0
400102,2026-04-01,Telangana,736.13,949.87,971.47,97.0,Irrigation and CAD-TG,False,7670.0,3287.0,102.27399538884268,100.0,-3.0,1,1,,-103.0,5.273995388842678,,2.0,-4383.0,7670.0,3287.0,1,1,1,0,0,0,0,0,0,0
400103,2026-04-01,Telangana,1331.3,5940.09,4491.08,92.0,Irrigation and CAD-TG,False,7395.0,3562.0,75.60626185798532,75.60626185798532,16.393738142014683,1,1,,-108.0,-16.393738142014683,,2.0,-3833.0,7395.0,3562.0,1,1,1,0,0,0,0,0,0,0
400111,2026-04-01,Chhattisgarh,459.97,727.04,618.85,72.0,Water Resources-CT,False,6574.0,0.0,85.11911311619718,85.11911311619718,-13.119113116197184,1,1,,,13.119113116197184,,,-6574.0,6574.0,0.0,0,0,0,0,0,0,1,0,0,0
400115,2026-04-01,Madhya Pradesh,751.03,893.35,814.02,75.0,Water Resources-MP,False,6299.0,275.0,91.11994179213075,91.11994179213075,-16.119941792130746,1,1,,-125.0,16.119941792130746,,2.0,-6024.0,6299.0,275.0,1,1,1,0,0,0,1,0,0,0
400116,2026-04-01,Madhya Pradesh,1229.15,1399.7,2190.05,81.42,Water Resources-MP,False,6940.0,0.0,156.46567121526041,100.0,-18.58,1,1,,,75.04567121526041,,,-6940.0,6940.0,0.0,0,0,0,0,0,0,1,1,1,0
400119,2026-04-01,Offshore,3190.69,3375.9,3123.2,90.0,Oil and Natural Gas Corporation Limited [ONGC],False,3774.0,0.0,92.51458870227198,92.51458870227198,-2.514588702271979,1,1,,,2.514588702271979,,,-3774.0,3774.0,0.0,0,0,0,0,0,0,0,0,0,1
400120,2026-04-01,Andhra Pradesh,34012.0,34012.0,33006.7,96.5,Oil and Natural Gas Corporation Limited [ONGC],False,3683.0,0.0,97.04427848994472,97.04427848994472,-0.5442784899447162,0,1,,,0.5442784899447162,,,-3683.0,3683.0,0.0,0,0,0,0,0,0,0,0,0,0
400121,2026-04-01,Karnataka,1043.63,1043.63,609.8,63.1,National Mineral Development Corporation Limited [NMDC],False,669.0,3500.0,58.43066987342256,58.43066987342256,4.669330126577442,0,0,,43.98571428571429,-4.669330126577442,,0.1911428571428571,2831.0,669.0,3500.0,0,0,0,0,0,0,0,0,0,0
400136,2026-04-01,Jharkhand,2660.0,2660.0,16.1,16.77,Ministry of Coal,False,761.0,0.0,0.605263157894737,0.605263157894737,16.164736842105263,0,0,,,-16.164736842105263,,,-761.0,761.0,0.0,0,0,0,0,0,0,0,0,0,0
400138,2026-04-01,Jharkhand,973.5,973.5,440.75,24.86,Ministry of Coal,False,2069.0,0.0,45.27478171545968,45.27478171545968,-20.414781715459682,0,0,,,20.41478171545968,,,-2069.0,2069.0,0.0,0,0,0,0,0,0,1,1,0,0
400139,2026-04-01,Jharkhand,861.06,625.4,455.95,47.95,Ministry of Coal,False,2069.0,0.0,72.9053405820275,72.9053405820275,-24.955340582027503,1,0,,,24.955340582027503,,,-2069.0,2069.0,0.0,0,0,0,0,0,0,1,1,0,1
400141,2026-04-01,Odisha,4103.0,5677.4,4887.6,94.2,National Aluminium Company Limited [NALCO],False,3287.0,0.0,86.08870257512243,86.08870257512243,8.111297424877577,1,1,,,-8.111297424877577,,,-3287.0,3287.0,0.0,0,0,0,0,0,0,0,0,0,0
400142,2026-04-01,Jharkhand,2242.9,2242.9,1365.83,87.0,NLC India Limited [NLCIL],False,2343.0,1340.0,60.89571536849614,60.89571536849614,26.10428463150386,0,0,,-87.8507462686567,-26.10428463150386,,1.748507462686567,-1003.0,2343.0,1340.0,1,1,1,0,0,0,0,0,0,0
400144,2026-04-01,Chhattisgarh,2310.12,2310.12,113.83,11.81,South Eastern Coalfields Limited [SECL],False,1947.0,0.0,4.927449656294911,4.927449656294911,6.8825503437050894,0,0,,,-6.8825503437050894,,,-1947.0,1947.0,0.0,0,0,0,0,0,0,0,0,0,0
400148,2026-04-01,Madhya Pradesh,869.44,869.44,325.4,75.15,Ministry of Coal,False,3683.0,0.0,37.4263894000736,37.4263894000736,37.7236105999264,0,1,,,-37.7236105999264,,,-3683.0,3683.0,0.0,0,0,0,0,0,0,0,0,0,0
400149,2026-04-01,Chhattisgarh,2309.8,2309.8,993.79,55.95,South Eastern Coalfields Limited [SECL],False,2069.0,0.0,43.02493722400207,43.02493722400207,12.92506277599793,0,0,,,-12.92506277599793,,,-2069.0,2069.0,0.0,0,0,0,0,0,0,0,0,0,0
400150,2026-04-01,Jharkhand,7254.37,7254.37,1688.4,40.21,Ministry of Coal,False,2069.0,0.0,23.274247108983968,23.274247108983968,16.935752891016033,0,0,,,-16.935752891016033,,,-2069.0,2069.0,0.0,0,0,0,0,0,0,0,0,0,0
400151,2026-04-01,Jharkhand,778.8,778.8,605.7,71.38,Ministry of Coal,False,1735.0,0.0,77.77349768875193,77.77349768875193,-6.3934976887519355,0,0,,,6.393497688751936,,,-1735.0,1735.0,0.0,0,0,0,0,0,0,0,0,0,1
400153,2026-04-01,Jharkhand,1020.42,1020.42,84.94,22.84,Ministry of Coal,False,1916.0,0.0,8.32402344132808,8.32402344132808,14.51597655867192,0,0,,,-14.51597655867192,,,-1916.0,1916.0,0.0,0,0,0,0,0,0,0,0,0,0
400154,2026-04-01,Jharkhand,713.35,713.35,236.58,10.19,Ministry of Coal,False,1977.0,0.0,33.16464568584846,33.16464568584846,-22.974645685848465,0,0,,,22.974645685848465,,,-1977.0,1977.0,0.0,0,0,0,0,0,0,1,1,0,0
400155,2026-04-01,Jharkhand,2898.28,2898.28,185.19,28.85,Ministry of Coal,False,1796.0,0.0,6.38965179347751,6.38965179347751,22.46034820652249,0,0,,,-22.46034820652249,,,-1796.0,1796.0,0.0,0,0,0,0,0,0,0,0,0,1
400156,2026-04-01,Jharkhand,5136.15,5136.15,1326.01,44.45,Ministry of Coal,False,2251.0,0.0,25.81719770645328,25.81719770645328,18.632802293546725,0,0,,,-18.632802293546725,,,-2251.0,2251.0,0.0,0,0,0,0,0,0,0,0,0,0
400160,2026-04-01,Jharkhand,510.85,510.85,488.71,78.25,Ministry of Coal,False,5965.0,0.0,95.66604678477047,95.66604678477047,-17.416046784770472,0,1,,,17.416046784770472,,,-5965.0,5965.0,0.0,0,0,0,0,0,0,1,0,0,1
400162,2026-04-01,Madhya Pradesh,998.71,998.71,518.17,50.0,Northern Coalfields Limited [NCL],False,2466.0,0.0,51.88393027004836,51.88393027004836,-1.88393027004836,0,1,,,1.88393027004836,,,-2466.0,2466.0,0.0,0,0,0,0,0,0,0,0,0,0
400165,2026-04-01,Odisha,1693.81,1693.81,1329.14,45.57,Mahanadi Coalfields Limited [MCL],False,1796.0,0.0,78.47043056777325,78.47043056777325,-32.90043056777325,0,0,,,32.90043056777325,,,-1796.0,1796.0,0.0,0,0,0,0,0,0,1,1,1,0
400166,2026-04-01,Odisha,5194.95,5194.95,3490.38,59.5,Mahanadi Coalfields Limited [MCL],False,1885.0,0.0,67.18794213611297,67.18794213611297,-7.687942136112966,0,0,,,7.687942136112966,,,-1885.0,1885.0,0.0,0,0,0,0,0,0,0,0,0,0
400167,2026-04-01,Gujarat,1162.56,1162.56,1152.51,95.9,Oil and Natural Gas Corporation Limited [ONGC],False,3346.0,0.0,99.13552848885219,99.13552848885219,-3.2355284888521822,0,1,,,3.2355284888521822,,,-3346.0,3346.0,0.0,0,0,0,0,0,0,0,0,0,0
400168,2026-04-01,Maharashtra,8797.0,11256.0,8003.66,90.7,Ministry of Petroleum & Natural Gas,False,1826.0,0.0,71.10572139303483,71.10572139303483,19.594278606965176,1,1,,,-19.594278606965176,,,-1826.0,1826.0,0.0,0,0,0,0,0,0,0,0,0,1
400169,2026-04-01,Gujarat,631.03,845.42,612.97,90.0,Oil and Natural Gas Corporation Limited [ONGC],False,1826.0,0.0,72.50479051832227,72.50479051832227,17.495209481677733,1,1,,,-17.495209481677733,,,-1826.0,1826.0,0.0,0,0,0,0,0,0,0,0,0,0
400171,2026-04-01,Punjab,1421.46,1421.46,1263.61,95.8,Hindustan Petroleum Corporation Limited [HPCL],False,2161.0,0.0,88.89522040718697,88.89522040718697,6.904779592813028,0,1,,,-6.904779592813028,,,-2161.0,2161.0,0.0,0,0,0,0,0,0,0,0,0,0
400172,2026-04-01,Jharkhand,513.99,513.99,239.88,53.03,Eastern Coal Fields Limited [ECL],False,2800.0,0.0,46.67016868032452,46.67016868032452,6.359831319675479,0,1,,,-6.359831319675479,,,-2800.0,2800.0,0.0,0,0,0,0,0,0,0,0,0,0
400173,2026-04-01,West Bengal,888.99,888.99,142.55,31.52,Eastern Coal Fields Limited [ECL],False,1977.0,0.0,16.035051012947278,16.035051012947278,15.484948987052721,0,1,,,-15.48494898705272,,,-1977.0,1977.0,0.0,0,0,0,0,0,0,0,0,0,0
400174,2026-04-01,Jharkhand,1034.01,1752.3,980.24,59.78,Steel Authority of India Limited [SAIL],False,3835.0,214.0,55.94019288934543,55.94019288934543,3.8398071106545686,1,1,,-140.22,-3.8398071106545686,,2.0,-3621.0,3835.0,214.0,1,1,1,0,0,0,0,0,0,0
400177,2026-04-01,Maharashtra,727.28,727.28,563.25,80.77,Western Coalfields Limited [WCL],False,3896.0,0.0,77.44610053899461,77.44610053899461,3.3238994610053822,0,1,,,-3.3238994610053822,,,-3896.0,3896.0,0.0,0,0,0,0,0,0,0,0,0,0
400178,2026-04-01,Maharashtra,822.88,822.88,652.67,40.54,Western Coalfields Limited [WCL],False,2251.0,0.0,79.31533151856893,79.31533151856893,-38.775331518568926,0,0,,,38.775331518568926,,,-2251.0,2251.0,0.0,0,0,0,0,0,0,1,1,1,0
400180,2026-04-01,West Bengal,570.11,570.11,88.78,17.1,Eastern Coal Fields Limited [ECL],False,1704.0,0.0,15.572433390047536,15.572433390047536,1.5275666099524656,0,1,,,-1.5275666099524656,,,-1704.0,1704.0,0.0,0,0,0,0,0,0,0,0,0,0
400181,2026-04-01,West Bengal,502.68,502.67,83.8,27.52,Eastern Coal Fields Limited [ECL],False,2800.0,0.0,16.670976982911252,16.670976982911252,10.849023017088747,1,0,,,-10.849023017088747,,,-2800.0,2800.0,0.0,0,0,0,0,0,0,0,0,0,0
400183,2026-04-01,Odisha,3504.21,3504.21,958.0,57.15,Mahanadi Coalfields Limited [MCL],False,2069.0,0.0,27.338544208252358,27.338544208252358,29.81145579174764,0,0,,,-29.81145579174764,,,-2069.0,2069.0,0.0,0,0,0,0,0,0,0,0,0,0
400185,2026-04-01,Odisha,8416.19,6107.87,1771.98,34.54,MCL - CIL,False,1461.0,0.0,29.01142296741745,29.01142296741745,5.52857703258255,1,0,,,-5.52857703258255,,,-1461.0,1461.0,0.0,0,0,0,0,0,0,0,0,0,0
400186,2026-04-01,West Bengal,749.08,749.07,53.88,11.9,Eastern Coal Fields Limited [ECL],False,1186.0,0.0,7.192919219832593,7.192919219832593,4.7070807801674075,1,0,,,-4.707080780167408,,,-1186.0,1186.0,0.0,0,0,0,0,0,0,0,0,0,0
400187,2026-04-01,Odisha,2434.75,2434.75,2002.75,79.05,Mahanadi Coalfields Limited [MCL],False,2892.0,0.0,82.25690522640929,82.25690522640929,-3.2069052264092903,0,0,,,3.2069052264092903,,,-2892.0,2892.0,0.0,0,0,0,0,0,0,0,0,0,0
400188,2026-04-01,Delhi,32850.0,32841.0,13885.72,46.8,National Buildings Construction Corporation [NBCC],False,2892.0,669.0,42.28166011997199,42.28166011997199,4.518339880028009,1,1,,-153.2,-4.518339880028009,,2.0,-2223.0,2892.0,669.0,1,1,1,0,0,1,0,0,0,1
400204,2026-04-01,Uttar Pradesh,4939.78,4939.78,1055.82,8.9,North Eastern Railway [NER],False,3318.0,-579.0,21.373826364736892,21.373826364736892,-12.473826364736892,0,1,,,12.473826364736892,,,-3897.0,3318.0,-579.0,0,0,0,0,0,0,1,0,0,0
400205,2026-04-01,Uttar Pradesh,1319.75,1319.75,492.3,4.0,North Eastern Railway [NER],False,3318.0,-883.0,37.302519416556166,37.302519416556166,-33.302519416556166,0,1,,,33.302519416556166,,,-4201.0,3318.0,-883.0,0,0,0,0,0,0,1,1,1,1
400220,2026-04-01,Chhattisgarh,3055.0,3798.06,2695.19,95.1,Indian Railway Construction International Limited [IRCON],False,4473.0,-790.0,70.96228074332686,70.96228074332686,24.137719256673137,1,1,,,-24.137719256673137,,,-5263.0,4473.0,-790.0,0,0,0,0,0,0,0,0,0,0
400223,2026-04-01,"Multi-States(Puducherry, TamilNadu)",713.0,981.0,635.3,80.0,Ministry of Railways,False,2647.0,3836.0,64.7604485219164,64.7604485219164,15.239551478083598,1,1,,10.995828988529723,-15.239551478083598,,0.6900417101147028,1189.0,2647.0,3836.0,0,0,0,0,0,0,0,0,0,0
400231,2026-04-01,Odisha,27212.96,27213.0,3454.06,2.1,NLC India Limited [NLCIL],False,821.0,2556.0,12.692683643846692,12.692683643846692,-10.592683643846692,1,0,,-30.02050078247261,10.592683643846692,,0.3212050078247261,1735.0,821.0,2556.0,1,1,1,0,0,0,1,0,0,0
400232,2026-04-01,Odisha,297.0,297.0,232.73,56.0,East Coast Railway [ECoR] - II,False,4473.0,0.0,78.36026936026936,78.36026936026936,-22.360269360269356,0,1,,,22.36026936026936,,,-4473.0,4473.0,0.0,0,0,0,0,0,0,1,1,0,1
400247,2026-04-01,West Bengal,1000.0,1000.0,1065.08,74.5,Eastern Railway [ER] - I,False,7456.0,-3529.0,106.50800000000001,100.0,-25.5,0,1,,,32.00800000000001,,,-10985.0,7456.0,-3529.0,0,0,0,0,0,0,1,1,1,0
400253,2026-04-01,"Multi-States(Andhra Pradesh,Odisha)",4803.0,6669.91,6211.43,97.0,RVNL - II,False,3438.0,153.0,93.12614413088033,93.12614413088033,3.873855869119666,1,1,,-103.0,-3.873855869119666,,2.0,-3285.0,3438.0,153.0,1,1,1,0,0,0,0,0,0,0
400254,2026-04-01,Bihar,735.2,735.2,589.37,84.2,East Central Railway [ECR] - I,False,10470.0,-9618.0,80.1645810663765,80.1645810663765,4.035418933623504,0,1,,,-4.035418933623504,,,-20088.0,10470.0,-9618.0,0,0,0,0,0,0,0,0,0,0
400261,2026-04-01,Jharkhand,18668.0,20302.0,18690.0,88.74,National Thermal Power Corporation [NTPC],False,3073.0,0.0,92.05989557679047,92.05989557679047,-3.319895576790472,1,1,,,3.319895576790472,,,-3073.0,3073.0,0.0,0,0,0,0,0,0,0,0,0,1
400271,2026-04-01,Maharashtra,3445.0,3445.0,3002.93,50.0,Central Railway [CR] - II,False,6574.0,-3531.0,87.16777939042089,87.16777939042089,-37.16777939042089,0,1,,,37.16777939042089,,,-10105.0,6574.0,-3531.0,0,0,0,0,0,0,1,1,1,0
400273,2026-04-01,West Bengal,1189.0,1542.0,1390.59,96.9,Eastern Railway [ER] - I,False,6634.0,2528.0,90.18093385214007,90.18093385214007,6.719066147859934,1,1,,-103.1,-6.719066147859934,,2.0,-4106.0,6634.0,2528.0,1,1,1,0,0,0,0,0,0,0
400275,2026-04-01,"Multi-States(Andhra Pradesh,Tamil Nadu)",3631.0,3631.0,1259.7,16.5,Ministry of Railways,False,6391.0,92.0,34.692922060038555,34.692922060038555,-18.192922060038555,0,1,,-183.5,18.192922060038555,,2.0,-6299.0,6391.0,92.0,1,1,1,0,0,1,1,0,0,0
400277,2026-04-01,West Bengal,8964.0,8964.0,8621.5,86.6,RVNL - II,False,5296.0,579.0,96.17916108879965,96.17916108879965,-9.579161088799651,0,1,,-113.4,9.579161088799651,,2.0,-4717.0,5296.0,579.0,1,1,1,0,0,0,0,0,0,0
400280,2026-04-01,Tamil Nadu,734.0,734.01,486.53,99.9,Ministry of Railways,False,6360.0,366.0,66.28383809484885,66.28383809484885,33.61616190515116,1,1,,-100.1,-33.61616190515116,,2.0,-5994.0,6360.0,366.0,1,1,1,0,0,0,0,0,0,0
400291,2026-04-01,Chhattisgarh,1589.0,1798.0,1656.54,97.6,East Coast Railway [ECoR] - II,False,4779.0,28.0,92.13236929922135,92.13236929922135,5.467630700778642,1,1,,-102.4,-5.467630700778642,,2.0,-4751.0,4779.0,28.0,1,1,1,0,0,0,0,0,0,0
400298,2026-04-01,Andhra Pradesh,2312.0,5932.0,3069.35,55.01,South Central Railway [SCR] - II,False,3408.0,1736.0,51.74224544841537,51.74224544841537,3.2677545515846305,1,1,,-141.30336405529954,-3.2677545515846305,,1.9631336405529956,-1672.0,3408.0,1736.0,1,1,1,0,0,0,0,0,0,0
400299,2026-04-01,Odisha,1381.0,1960.77,770.08,52.1,National Aluminium Company Limited [NALCO],False,2892.0,0.0,39.27436670287693,39.27436670287693,12.825633297123069,1,1,,,-12.825633297123067,,,-2892.0,2892.0,0.0,0,0,0,0,0,0,0,0,0,1
400301,2026-04-01,"Multi-States(Karnataka, TamilNadu)",678.0,1732.0,1118.26,82.6,"Department of Water Resources, River Development & GR",False,4899.0,0.0,64.56466512702079,64.56466512702079,18.035334872979206,1,1,,,-18.03533487297921,,,-4899.0,4899.0,0.0,0,0,0,0,0,0,0,0,0,0
400312,2026-04-01,West Bengal,1210.12,1210.12,619.6,45.48,Eastern Coal Fields Limited [ECL],False,2191.0,0.0,51.20153373219185,51.20153373219185,-5.721533732191851,0,0,,,5.721533732191851,,,-2191.0,2191.0,0.0,0,0,0,0,0,0,0,0,0,0
400315,2026-04-01,West Bengal,5365.88,5365.88,623.88,18.47,Eastern Coal Fields Limited [ECL],False,1735.0,0.0,11.62679746844879,11.62679746844879,6.843202531551208,0,0,,,-6.843202531551208,,,-1735.0,1735.0,0.0,0,0,0,0,0,0,0,0,0,0
400321,2026-04-01,Madhya Pradesh,1729.68,1729.68,929.02,48.76,Northern Coalfields Limited [NCL],False,1977.0,0.0,53.710512927246654,53.710512927246654,-4.950512927246656,0,1,,,4.950512927246656,,,-1977.0,1977.0,0.0,0,0,0,0,0,0,0,0,0,0
400352,2026-04-01,Jharkhand,764.57,764.57,145.81,32.23,Ministry of Coal,False,2069.0,0.0,19.070850281857776,19.070850281857776,13.15914971814222,0,0,,,-13.15914971814222,,,-2069.0,2069.0,0.0,0,0,0,0,0,0,0,0,0,1
400353,2026-04-01,Maharashtra,711.01,711.01,174.62,19.02,Western Coalfields Limited [WCL],False,1643.0,973.0,24.55942954388827,24.55942954388827,-5.5394295438882715,0,0,,-149.8391983556012,5.539429543888272,,1.6885919835560124,-670.0,1643.0,973.0,1,1,1,0,0,1,0,0,0,0
400354,2026-04-01,Chhattisgarh,5241.4,5241.4,2910.11,38.0,South Eastern Coalfields Limited [SECL],False,1947.0,0.0,55.52161636204068,55.52161636204068,-17.52161636204068,0,0,,,17.52161636204068,,,-1947.0,1947.0,0.0,0,0,0,0,0,0,1,0,0,0
400369,2026-04-01,"Multi-States(Madhya Pradesh,Uttar Pradesh)",836.42,836.42,835.34,89.9,Northern Coalfields Limited [NCL],False,2069.0,0.0,99.87087826689941,99.87087826689941,-9.970878266899405,0,1,,,9.970878266899405,,,-2069.0,2069.0,0.0,0,0,0,0,0,0,0,0,0,0
400382,2026-04-01,Maharashtra,6000.0,6000.0,5999.89,88.0,Reliance Industries Ltd,False,2282.0,31.0,99.99816666666668,99.99816666666668,-11.998166666666677,0,0,,-112.0,11.998166666666677,,2.0,-2251.0,2282.0,31.0,1,1,1,0,0,0,1,0,0,0
400392,2026-04-01,Odisha,2838.86,2838.86,1711.38,52.0,Mahanadi Coalfields Limited [MCL],False,2708.0,0.0,60.28405768512714,60.28405768512714,-8.284057685127138,0,0,,,8.284057685127138,,,-2708.0,2708.0,0.0,0,0,0,0,0,0,0,0,0,0
400424,2026-04-01,Chhattisgarh,11816.4,11816.4,6905.46,78.48,South Eastern Coalfields Limited [SECL],False,3683.0,0.0,58.439626282116386,58.439626282116386,20.040373717883618,0,1,,,-20.040373717883615,,,-3683.0,3683.0,0.0,0,0,0,0,0,0,0,0,0,0
400425,2026-04-01,Jharkhand,1230.27,1230.27,709.81,82.45,BCCL,False,5357.0,0.0,57.69546522308111,57.69546522308111,24.754534776918895,0,1,,,-24.75453477691889,,,-5357.0,5357.0,0.0,0,0,0,0,0,0,0,0,0,1
400426,2026-04-01,Madhya Pradesh,1856.36,3800.0,965.07,84.87,Hindustan Copper Limited [HCL],False,4018.0,1308.0,25.39657894736842,25.39657894736842,59.473421052631586,1,1,,-115.13,-59.47342105263159,,2.0,-2710.0,4018.0,1308.0,1,1,1,0,0,0,0,0,0,1
601812,2026-04-01,Telangana,2360.0,2360.0,0.0,0.3,National Industrial Corridor Development Corporation,False,59.0,549.0,0.0,0.0,0.3,0,0,,-10.446812386156648,-0.3,,0.1074681238615664,490.0,59.0,549.0,1,0,0,0,0,0,0,0,0,1
602096,2026-04-01,"Multi-States(ArunachalPradesh, Assam)",6285.33,26075.5,26150.32,97.64,National Hydroelectric Power Corporation Limited [NHPC],False,7760.0,488.0,100.28693601273227,100.0,-2.3599999999999994,1,1,,-102.36,2.6469360127322688,,2.0,-7272.0,7760.0,488.0,1,1,1,0,0,0,0,0,0,0
602098,2026-04-01,"Jammu andKashmir",424.93,500.91,484.52,96.0,"Indian Institute of Management, Jammu",False,2008.0,580.0,96.72795512167853,96.72795512167853,-0.7279551216785336,1,1,,-104.0,0.7279551216785336,,2.0,-1428.0,2008.0,580.0,1,1,1,0,0,0,0,0,0,0
602099,2026-04-01,Himachal Pradesh,392.51,454.78,336.71,97.5,"Indian Institute of Management, Sirmaur",False,2069.0,700.0,74.03799639386077,74.03799639386077,23.462003606139234,1,1,,-102.5,-23.462003606139238,,2.0,-1369.0,2069.0,700.0,1,1,1,0,0,0,0,0,0,1
602181,2026-04-01,Sikkim,5748.04,5748.04,4356.15,72.51,National Hydroelectric Power Corporation Limited [NHPC],False,2222.0,366.0,75.78496322224618,75.78496322224618,-3.2749632222461713,0,1,,-127.49,3.2749632222461718,,2.0,-1856.0,2222.0,366.0,1,1,1,0,0,0,0,0,0,0
602182,2026-04-01,Arunachal Pradesh,31876.39,31876.4,4593.04,17.43,National Hydroelectric Power Corporation Limited [NHPC],False,1155.0,0.0,14.408904393218808,14.408904393218808,3.0210956067811914,1,1,,,-3.0210956067811914,,,-1155.0,1155.0,0.0,0,0,0,0,0,0,0,0,0,0
602184,2026-04-01,West Bengal,1381.84,2865.56,1568.56,55.06,National Thermal Power Corporation [NTPC],False,4230.0,0.0,54.7383408478622,54.7383408478622,0.32165915213780494,1,1,,,-0.3216591521378049,,,-4230.0,4230.0,0.0,0,0,0,0,0,0,0,0,0,0
602185,2026-04-01,Uttarakhand,2978.0,10907.3,7715.24,77.0,National Thermal Power Corporation [NTPC],False,7091.0,0.0,70.73464560432005,70.73464560432005,6.26535439567995,1,1,,,-6.26535439567995,,,-7091.0,7091.0,0.0,0,0,0,0,0,0,0,0,0,1
602195,2026-04-01,Uttarakhand,3860.35,6405.08,5429.35,80.0,THDC India Limited,False,4473.0,1979.0,84.76631049104773,84.76631049104773,-4.766310491047733,1,1,,-120.0,4.766310491047733,,2.0,-2494.0,4473.0,1979.0,1,1,1,0,0,0,0,0,0,1
602223,2026-04-01,"Multi-States(ArunachalPradesh, Sikkim)",4754.42,9129.32,8069.4,83.4,Power Grid Corporation of India Limited [POWERGRID],False,4200.0,0.0,88.38993484728326,88.38993484728326,-4.989934847283251,1,1,,,4.989934847283251,,,-4200.0,4200.0,0.0,0,0,0,0,0,0,0,0,0,0
602525,2026-04-01,"Jammu andKashmir",8112.12,12728.0,9114.12,80.5,National Hydroelectric Power Corporation Limited [NHPC],False,2981.0,1219.0,71.6068510370836,71.6068510370836,8.8931489629164,1,1,,-119.5,-8.8931489629164,,2.0,-1762.0,2981.0,1219.0,1,1,1,0,0,0,0,0,0,0
602532,2026-04-01,"Jammu andKashmir",4287.59,5409.0,3733.26,83.46,National Hydroelectric Power Corporation Limited [NHPC],False,2251.0,337.0,69.01941209095952,69.01941209095952,14.440587909040474,1,1,,-116.54,-14.440587909040474,,2.0,-1914.0,2251.0,337.0,1,1,1,0,0,0,0,0,0,0
602535,2026-04-01,"Jammu andKashmir",5281.94,5281.94,1566.39,29.85,National Hydroelectric Power Corporation Limited [NHPC],False,1551.0,334.0,29.655581093310417,29.655581093310417,0.1944189066895845,0,1,,-170.15,-0.1944189066895845,,2.0,-1217.0,1551.0,334.0,1,1,1,0,0,1,0,0,0,0
602579,2026-04-01,Bihar,10439.09,13756.6,13370.07,94.33,Satluj Jal Vidyut Nigam [SJVN] Thermal Limited,False,2496.0,92.0,97.19022142099065,97.19022142099065,-2.860221420990655,1,1,,-105.67,2.860221420990655,,2.0,-2404.0,2496.0,92.0,1,1,1,0,0,0,0,0,0,0
602582,2026-04-01,Himachal Pradesh,687.97,1561.21,1107.31,77.51,Satluj Jal Vidyut Nigam [SJVN] Thermal Limited,False,1796.0,212.0,70.9263968332255,70.9263968332255,6.583603166774509,1,1,,-122.49,-6.583603166774509,,2.0,-1584.0,1796.0,212.0,1,1,1,0,0,0,0,0,0,0
602593,2026-04-01,Himachal Pradesh,1810.56,4681.64,1924.48,51.32,Satluj Jal Vidyut Nigam [SJVN] Thermal Limited,False,1977.0,0.0,41.10696251740843,41.10696251740843,10.213037482591574,1,1,,,-10.213037482591574,,,-1977.0,1977.0,0.0,0,0,0,0,0,0,0,0,0,0
602792,2026-04-01,Chhattisgarh,1171.0,1171.0,404.58,100.0,SECR,False,1796.0,3592.0,34.54995730145175,34.54995730145175,65.45004269854826,0,1,,50.0,-65.45004269854826,,0.5,1796.0,1796.0,3592.0,0,0,0,0,0,0,0,0,0,1
602797,2026-04-01,"Multi-States (UttarPradesh, WestBengal)",461.64,461.64,291.24,31.85,Eastern Railway [ER] - I,False,3043.0,122.0,63.08812061346504,63.08812061346504,-31.238120613465036,0,1,,-168.15,31.23812061346504,,2.0,-2921.0,3043.0,122.0,1,1,1,0,0,1,1,1,1,0
602961,2026-04-01,Odisha,11843.75,12543.0,6454.35,50.2,National Thermal Power Corporation [NTPC],False,1308.0,31.0,51.45778521884717,51.45778521884717,-1.257785218847168,1,1,,-149.8,1.257785218847168,,2.0,-1277.0,1308.0,31.0,1,1,1,0,0,0,0,0,0,1
603945,2026-04-01,Odisha,567.03,2990.05,2776.23,62.85,Water Resources-OR,False,10317.0,275.0,92.84894901423053,92.84894901423053,-29.998949014230526,1,1,,-137.15,29.99894901423053,,2.0,-10042.0,10317.0,275.0,1,1,1,0,0,0,1,1,0,0
604791,2026-04-01,Assam,12366.0,22494.0,19522.33,84.6,Ministry of Petroleum & Natural Gas,False,2100.0,0.0,86.78905485907353,86.78905485907353,-2.1890548590735364,1,1,,,2.1890548590735364,,,-2100.0,2100.0,0.0,0,0,0,0,0,0,0,0,0,0
604795,2026-04-01,Tamil Nadu,31580.0,36354.0,1570.83,10.2,Chennai Petroleum Corporation Limited [CPCL],False,1673.0,0.0,4.320927545799637,4.320927545799637,5.8790724542003625,1,1,,,-5.8790724542003625,,,-1673.0,1673.0,0.0,0,0,0,0,0,0,0,0,0,0
604833,2026-04-01,Maharashtra,281.35,389.67,270.49,79.5,Ministry of Petroleum & Natural Gas,False,3226.0,0.0,69.41514614930581,69.41514614930581,10.084853850694188,1,1,,,-10.084853850694188,,,-3226.0,3226.0,0.0,0,0,0,0,0,0,0,0,0,0
604852,2026-04-01,Uttar Pradesh,980.45,980.45,293.88,75.0,Ministry of Petroleum & Natural Gas,False,1308.0,0.0,29.97399153449946,29.97399153449946,45.02600846550054,0,1,,,-45.02600846550054,,,-1308.0,1308.0,0.0,0,0,0,0,0,0,0,0,0,0
604853,2026-04-01,Haryana,2281.94,3200.0,1879.93,65.0,Ministry of Petroleum & Natural Gas,False,2496.0,0.0,58.74781250000001,58.74781250000001,6.252187499999991,1,1,,,-6.252187499999991,,,-2496.0,2496.0,0.0,0,0,0,0,0,0,0,0,0,1
604859,2026-04-01,Odisha,13805.0,11783.0,8450.45,93.9,Ministry of Petroleum & Natural Gas,False,2100.0,0.0,71.71730459136045,71.71730459136045,22.18269540863956,1,1,,,-22.18269540863956,,,-2100.0,2100.0,0.0,0,0,0,0,0,0,0,0,0,1
604863,2026-04-01,Assam,682.9,726.93,598.62,94.3,Ministry of Petroleum & Natural Gas,False,3012.0,0.0,82.34905699310801,82.34905699310801,11.95094300689199,1,1,,,-11.95094300689199,,,-3012.0,3012.0,0.0,0,0,0,0,0,0,0,0,0,0
605155,2026-04-01,"Jammu andKashmir",4526.12,4526.12,1569.55,34.21,National Hydroelectric Power Corporation Limited [NHPC],False,1247.0,184.0,34.67760465917828,34.67760465917828,-0.46760465917827787,0,1,,-165.79,0.4676046591782778,,2.0,-1063.0,1247.0,184.0,1,1,1,0,0,1,0,0,0,0
605156,2026-04-01,Sikkim,938.29,1828.11,1625.93,96.53,National Hydroelectric Power Corporation Limited [NHPC],False,1704.0,153.0,88.94049045188748,88.94049045188748,7.589509548112517,1,1,,-103.47,-7.589509548112517,,2.0,-1551.0,1704.0,153.0,1,1,1,0,0,0,0,0,0,1
605292,2026-04-01,Punjab,348.31,348.31,293.1,91.7,"Indian intitue of Management, Amritsar",False,2100.0,274.0,84.14917745686314,84.14917745686314,7.55082254313686,0,1,,-108.3,-7.55082254313686,,2.0,-1826.0,2100.0,274.0,1,1,1,0,0,0,0,0,0,1
606013,2026-04-01,Bihar,499.21,499.21,449.96,98.5,NIT Patna,False,1339.0,31.0,90.13441237154704,90.13441237154704,8.365587628452957,0,1,,-101.5,-8.365587628452957,,2.0,-1308.0,1339.0,31.0,1,1,1,0,0,0,0,0,0,0
606112,2026-04-01,Assam,153.71,153.71,137.84,97.7,Tezpur University,False,1765.0,762.0,89.67536269598595,89.67536269598595,8.02463730401405,0,1,,-102.3,-8.02463730401405,,2.0,-1003.0,1765.0,762.0,1,1,1,0,0,0,0,0,0,0
606431,2026-04-01,Kerala,1006.45,1217.4,680.69,86.0,INDIAN INSTITUTE OF TECHNOLOGY PALAKKAD,False,2222.0,974.0,55.91342204698538,55.91342204698538,30.08657795301462,1,1,,-114.0,-30.08657795301462,,2.0,-1248.0,2222.0,974.0,1,1,1,0,0,0,0,0,0,0
606479,2026-04-01,Uttar Pradesh,246.0,246.0,207.02,99.0,Banaras Hindu University,False,2130.0,0.0,84.15447154471545,84.15447154471545,14.845528455284551,0,1,,,-14.845528455284551,,,-2130.0,2130.0,0.0,0,0,0,0,0,0,0,0,0,1
607653,2026-04-01,Punjab,234.78,234.78,10.0,0.0,CAO/C/NR,False,1278.0,,4.25930658488798,4.25930658488798,-4.25930658488798,0,0,,,4.25930658488798,,,,1278.0,,0,0,0,0,0,0,0,0,0,1
607709,2026-04-01,"Multi-States(Assam, Manipur,Meghalaya,Mizoram,Nagaland, Tripura)",5111.33,6700.0,5577.75,98.5,Power Grid Corporation of India Limited [POWERGRID],False,3683.0,456.0,83.25,83.25,15.25,1,1,,-101.5,-15.25,,2.0,-3227.0,3683.0,456.0,1,1,1,0,0,0,0,0,0,0
609019,2026-04-01,West Bengal,500.0,442.0,415.35,96.0,"Indian Institute of Technology, Kharagpur",False,2557.0,304.0,93.97058823529413,93.97058823529413,2.02941176470587,1,1,,-104.0,-2.02941176470587,,2.0,-2253.0,2557.0,304.0,1,1,1,0,0,0,0,0,0,0
609424,2026-04-01,Gujarat,4243.64,4243.64,2244.0,60.0,Deendayal Port Trust,False,761.0,517.0,52.87913206586797,52.87913206586797,7.120867934132029,0,1,,-87.19535783365572,-7.120867934132029,,1.4719535783365572,-244.0,761.0,517.0,1,1,1,0,0,0,0,0,0,1
609736,2026-04-01,Sikkim,314.06,314.06,292.0,95.0,Sikkim University,False,1551.0,518.0,92.97586448449341,92.97586448449341,2.024135515506586,0,1,,-105.0,-2.024135515506586,,2.0,-1033.0,1551.0,518.0,1,1,1,0,0,0,0,0,0,0
609996,2026-04-01,Telangana,262.0,262.0,213.89,87.44,"Indian Institute of Technology, Hyderabad",False,1247.0,61.0,81.63740458015266,81.63740458015266,5.802595419847336,0,1,,-112.56,-5.802595419847336,,2.0,-1186.0,1247.0,61.0,1,1,1,0,0,0,0,0,0,0
610315,2026-04-01,Odisha,1229.32,843.09,874.09,98.5,"Indian Institutes of Science Education and Research, Behrampur",False,2404.0,335.0,103.67695026628236,100.0,-1.5,1,1,,-101.5,5.176950266282361,,2.0,-2069.0,2404.0,335.0,1,1,1,0,0,0,0,0,0,1
610984,2026-04-01,Jharkhand,431.0,431.0,261.97,65.3,Oil and Natural Gas Corporation Limited [ONGC],False,2343.0,0.0,60.78190255220418,60.78190255220418,4.518097447795817,0,1,,,-4.518097447795817,,,-2343.0,2343.0,0.0,0,0,0,0,0,0,0,0,0,1
611047,2026-04-01,"Jammu andKashmir",861.37,861.37,319.5,51.35,Airport Authority of India [AAI],False,852.0,61.0,37.09207425380499,37.09207425380499,14.257925746195014,0,1,,-148.65,-14.257925746195014,,2.0,-791.0,852.0,61.0,1,1,1,0,0,0,0,0,0,0
611452,2026-04-01,"Multi-States(Gujarat,Maharashtra)",311.0,311.0,263.42,93.0,Western Railway,False,1127.0,1277.0,84.70096463022509,84.70096463022509,8.299035369774913,0,1,,4.746280344557562,-8.299035369774913,,0.8825371965544244,150.0,1127.0,1277.0,0,0,0,0,0,0,0,0,0,0
611495,2026-04-01,West Bengal,1549.0,1549.0,441.41,34.6,Airport Authority of India [AAI],True,577.0,31.0,28.49644932214332,28.49644932214332,6.103550677856681,0,1,,-165.4,-6.103550677856681,,2.0,-546.0,577.0,31.0,1,1,1,0,0,1,0,0,0,1
611509,2026-04-01,Jharkhand,14358.0,14358.0,1890.03,11.0,Damodar Valley Corporation,False,516.0,580.0,13.163602173004596,13.163602173004596,-2.1636021730045965,0,0,,-77.96551724137932,2.1636021730045965,,0.8896551724137931,64.0,516.0,580.0,1,1,1,0,0,0,0,0,0,0
611570,2026-04-01,"Multi-States(Karnataka,Maharashtra,Telangana, UttarPradesh)",500.48,500.48,381.2,78.0,Airport Authority of India [AAI],False,1278.0,669.0,76.16687979539641,76.16687979539641,1.8331202046035884,0,1,,-113.03139013452916,-1.8331202046035884,,1.9103139013452917,-609.0,1278.0,669.0,1,1,1,0,0,0,0,0,0,1
611586,2026-04-01,Himachal Pradesh,2614.51,4925.87,1083.85,33.98,Satluj Jal Vidyut Nigam [SJVN] Thermal Limited,False,1186.0,0.0,22.003219735803015,22.003219735803015,11.976780264196982,1,1,,,-11.976780264196982,,,-1186.0,1186.0,0.0,0,0,0,0,0,0,0,0,0,0
611602,2026-04-01,Tamil Nadu,1207.0,1207.0,289.5,38.0,Airport Authority of India [AAI],False,1035.0,1857.0,23.985086992543497,23.985086992543497,14.014913007456503,0,1,,-17.735056542810987,-14.014913007456505,,0.5573505654281099,822.0,1035.0,1857.0,1,0,0,0,0,0,0,0,0,0
611669,2026-04-01,"Multi-States(Bihar, UttarPradesh)",380.47,380.47,256.53,20.0,North Eastern Railway [NER],False,1035.0,396.0,67.42450127473913,67.42450127473913,-47.42450127473913,0,1,,-180.0,47.42450127473913,,2.0,-639.0,1035.0,396.0,1,1,1,0,0,1,1,1,1,0
611698,2026-04-01,Arunachal Pradesh,1938.85,1938.85,96.94,4.95,North Eastern Electric Power Corporation Limited,False,335.0,151.0,4.999871057585683,4.999871057585683,-0.04987105758568244,0,0,,-195.05,0.0498710575856824,,2.0,-184.0,335.0,151.0,1,1,1,0,0,1,0,0,0,0
611699,2026-04-01,Arunachal Pradesh,1750.07,1750.07,73.91,5.04,North Eastern Electric Power Corporation Limited,False,335.0,151.0,4.2232596410429295,4.2232596410429295,0.8167403589570705,0,0,,-194.96,-0.8167403589570705,,2.0,-184.0,335.0,151.0,1,1,1,0,0,1,0,0,0,0
611716,2026-04-01,Arunachal Pradesh,8146.21,8146.21,243.25,6.41,North Eastern Electric Power Corporation Limited,False,212.0,0.0,2.986051182083447,2.986051182083447,3.423948817916553,0,0,,,-3.423948817916553,,,-212.0,212.0,0.0,0,0,0,0,0,0,0,0,0,0
611735,2026-04-01,"Multi-States (Delhi,Rajasthan)",331.0,331.0,197.71,56.75,Power Grid Corporation of India Limited [POWERGRID],False,1217.0,0.0,59.73111782477341,59.73111782477341,-2.9811178247734134,0,1,,,2.9811178247734134,,,-1217.0,1217.0,0.0,0,0,0,0,0,0,0,0,0,0
611751,2026-04-01,Maharashtra,960.64,960.64,1304.54,2.02,South Central Railway [SCR] - II,False,1066.0,0.0,135.7990506329114,100.0,-97.98,0,0,,,133.77905063291138,,,-1066.0,1066.0,0.0,0,0,0,0,0,0,1,1,1,0
611752,2026-04-01,Andhra Pradesh,351.83,351.83,330.25,3.03,South Central Railway [SCR] - II,False,1035.0,92.0,93.86635591052497,93.86635591052497,-90.83635591052497,0,1,,-196.97,90.83635591052496,,2.0,-943.0,1035.0,92.0,1,1,1,0,0,1,1,1,1,1
611754,2026-04-01,Andhra Pradesh,293.3,293.3,267.51,0.23,South Central Railway [SCR] - II,False,1005.0,0.0,91.20695533583361,91.20695533583361,-90.97695533583361,0,0,,,90.9769553358336,,,-1005.0,1005.0,0.0,0,0,0,0,0,0,1,1,1,1
611855,2026-04-01,Rajasthan,968.92,968.92,708.25,73.0,North Western Railway [NWR],False,1186.0,0.0,73.09685010114354,73.09685010114354,-0.09685010114354498,0,0,,,0.0968501011435449,,,-1186.0,1186.0,0.0,0,0,0,0,0,0,0,0,0,1
611861,2026-04-01,"Multi-States(Haryana,Rajasthan)",352.0,352.0,315.28,73.0,North Western Railway [NWR],False,1217.0,-62.0,89.56818181818181,89.56818181818181,-16.568181818181813,0,1,,,16.568181818181813,,,-1279.0,1217.0,-62.0,0,0,0,0,0,0,1,0,0,0
611864,2026-04-01,Jharkhand,4011.85,4011.85,414.93,29.7,BCCL,False,1186.0,0.0,10.342610017822203,10.342610017822203,19.357389982177796,0,0,,,-19.3573899821778,,,-1186.0,1186.0,0.0,0,0,0,0,0,0,0,0,0,0
611884,2026-04-01,Haryana,471.0,471.0,263.12,72.0,North Western Railway [NWR],False,1155.0,0.0,55.86411889596603,55.86411889596603,16.13588110403397,0,1,,,-16.13588110403397,,,-1155.0,1155.0,0.0,0,0,0,0,0,0,0,0,0,1
611917,2026-04-01,Haryana,1459.0,2531.44,1473.41,85.9,Indian Oil Corporation Limited [IOCL],False,1492.0,0.0,58.20442119900137,58.20442119900137,27.69557880099864,1,1,,,-27.69557880099864,,,-1492.0,1492.0,0.0,0,0,0,0,0,0,0,0,0,1
611918,2026-04-01,Gujarat,468.0,468.0,44.62,9.0,PCE/WR,False,1370.0,-365.0,9.534188034188034,9.534188034188034,-0.5341880341880341,0,0,,,0.5341880341880341,,,-1735.0,1370.0,-365.0,0,0,0,0,0,0,0,0,0,0
611927,2026-04-01,Andhra Pradesh,560.72,560.72,276.66,65.0,WPO/Patna,False,3104.0,1369.0,49.34013411328292,49.34013411328292,15.659865886717078,0,0,,-135.0,-15.659865886717078,,2.0,-1735.0,3104.0,1369.0,1,1,1,0,0,0,0,0,0,0
611929,2026-04-01,Rajasthan,166.86,166.86,0.0,0.0,WPO/Patna,False,1035.0,273.0,0.0,0.0,0.0,0,0,,-200.0,0.0,,2.0,-762.0,1035.0,273.0,1,1,1,0,0,1,0,0,0,0
611930,2026-04-01,Chhattisgarh,15530.0,16106.0,4787.3,28.6,National Thermal Power Corporation [NTPC],False,974.0,0.0,29.72370545138458,29.72370545138458,-1.123705451384577,1,1,,,1.123705451384577,,,-974.0,974.0,0.0,0,0,0,0,0,0,0,0,0,1
611943,2026-04-01,Gujarat,410.26,410.26,11.23,5.0,Western Railway [WR] - II,False,1155.0,0.0,2.737288548725199,2.737288548725199,2.262711451274801,0,1,,,-2.262711451274801,,,-1155.0,1155.0,0.0,0,0,0,0,0,0,0,0,0,0
611945,2026-04-01,Gujarat,307.11,307.11,18.9,17.0,Western Railway,False,1431.0,0.0,6.154146722672657,6.154146722672657,10.845853277327343,0,1,,,-10.845853277327343,,,-1431.0,1431.0,0.0,0,0,0,0,0,0,0,0,0,0
611948,2026-04-01,Rajasthan,1910.0,1910.0,1851.81,98.33,Power Grid Corporation of India Limited [POWERGRID],False,913.0,0.0,96.95340314136125,96.95340314136125,1.3765968586387487,0,1,,,-1.3765968586387487,,,-913.0,913.0,0.0,0,0,0,0,0,0,0,0,0,0
611949,2026-04-01,Rajasthan,1160.0,1160.0,1136.8,99.0,Power Grid Corporation of India Limited [POWERGRID],False,913.0,0.0,98.0,98.0,1.0,0,1,,,-1.0,,,-913.0,913.0,0.0,0,0,0,0,0,0,0,0,0,0
611957,2026-04-01,Madhya Pradesh,496.28,496.28,78.35,58.0,"Indian Institute of Technology, Indore",False,730.0,122.0,15.78745869267349,15.78745869267349,42.21254130732651,0,0,,-142.0,-42.21254130732651,,2.0,-608.0,730.0,122.0,1,1,1,0,0,0,0,0,0,0
611961,2026-04-01,Odisha,454.27,454.27,100.77,7.0,"Indian Institute of Technology, Bhubaneshwar",False,700.0,90.0,22.18284280273846,22.18284280273846,-15.18284280273846,0,0,,-193.0,15.18284280273846,,2.0,-610.0,700.0,90.0,1,1,1,0,0,1,1,0,0,0
611963,2026-04-01,Uttarakhand,650.85,650.85,345.85,56.0,National Institute of Technology Uttarakhand,False,730.0,1400.0,53.1382038872244,53.1382038872244,2.8617961127756004,0,0,,3.857142857142854,-2.8617961127756004,,0.5214285714285715,670.0,730.0,1400.0,0,0,0,0,0,0,0,0,0,0
611966,2026-04-01,Maharashtra,224.41,224.41,206.45,94.8,Power Grid Corporation of India Limited [POWERGRID],False,882.0,0.0,91.99679158682767,91.99679158682767,2.803208413172328,0,1,,,-2.803208413172328,,,-882.0,882.0,0.0,0,0,0,0,0,0,0,0,0,1
611967,2026-04-01,Andhra Pradesh,823.0,823.0,798.31,98.34,Power Grid Corporation of India Limited [POWERGRID],False,943.0,0.0,97.0,97.0,1.3400000000000034,0,1,,,-1.3400000000000034,,,-943.0,943.0,0.0,0,0,0,0,0,0,0,0,0,0
611970,2026-04-01,Gujarat,670.17,670.17,45.86,12.0,PCE/WR,False,1155.0,0.0,6.843039825715863,6.843039825715863,5.156960174284137,0,1,,,-5.156960174284137,,,-1155.0,1155.0,0.0,0,0,0,0,0,0,0,0,0,0
611971,2026-04-01,Gujarat,350.0,349.93,71.06,31.0,PCE/WR,False,1431.0,0.0,20.306918526562455,20.306918526562455,10.693081473437545,1,1,,,-10.693081473437545,,,-1431.0,1431.0,0.0,0,0,0,0,0,0,0,0,0,1
611974,2026-04-01,Gujarat,1430.0,1430.0,519.4,35.0,Western Railway [WR] - II,False,974.0,0.0,36.32167832167832,36.32167832167832,-1.32167832167832,0,1,,,1.32167832167832,,,-974.0,974.0,0.0,0,0,0,0,0,0,0,0,0,0
611977,2026-04-01,Gujarat,487.0,487.0,222.88,53.0,PCE/WR,False,1155.0,276.0,45.765913757700204,45.765913757700204,7.234086242299796,0,0,,-147.0,-7.234086242299796,,2.0,-879.0,1155.0,276.0,1,1,1,0,0,0,0,0,0,0
611978,2026-04-01,Gujarat,158.0,158.0,51.87,10.0,PCE/WR,False,1127.0,120.0,32.82911392405063,32.82911392405063,-22.82911392405063,0,0,,-190.0,22.82911392405063,,2.0,-1007.0,1127.0,120.0,1,1,1,0,0,1,1,1,0,0
611979,2026-04-01,Gujarat,250.0,250.0,181.53,88.0,Western Railway [WR] - II,False,1096.0,90.0,72.612,72.612,15.388000000000005,0,1,,-112.0,-15.388000000000003,,2.0,-1006.0,1096.0,90.0,1,1,1,0,0,0,0,0,0,1
612072,2026-04-01,Gujarat,961.67,961.67,507.6,21.0,Western Railway WR - II,False,1155.0,0.0,52.78317926107709,52.78317926107709,-31.783179261077088,0,1,,,31.783179261077088,,,-1155.0,1155.0,0.0,0,0,0,0,0,0,1,1,1,0
612096,2026-04-01,West Bengal,1209.0,1181.57,491.05,16.0,Northeast Frontier Railway [NFR],False,5600.0,0.0,41.55911202891069,41.55911202891069,-25.55911202891069,1,1,,,25.55911202891069,,,-5600.0,5600.0,0.0,0,0,0,0,0,0,1,1,0,0
612128,2026-04-01,Himachal Pradesh,166.66,166.66,122.26,82.0,"Indian Institute of Technology, Mandi",False,761.0,366.0,73.3589343573743,73.3589343573743,8.641065642625705,0,1,,-118.0,-8.641065642625705,,2.0,-395.0,761.0,366.0,1,1,1,0,0,0,0,0,0,0
612132,2026-04-01,"Multi-States (Delhi,Rajasthan)",2423.0,2423.0,2035.32,85.45,Power Grid Corporation of India Limited [POWERGRID],False,790.0,0.0,84.0,84.0,1.4500000000000028,0,1,,,-1.4500000000000028,,,-790.0,790.0,0.0,0,0,0,0,0,0,0,0,0,0
612133,2026-04-01,"Multi-States(Rajasthan, UttarPradesh)",3271.0,3271.0,2731.28,72.16,Power Grid Corporation of India Limited [POWERGRID],False,852.0,0.0,83.49984714154694,83.49984714154694,-11.33984714154694,0,1,,,11.33984714154694,,,-852.0,852.0,0.0,0,0,0,0,0,0,1,0,0,0
612134,2026-04-01,Rajasthan,4741.0,4741.0,3650.57,72.22,Power Grid Corporation of India Limited [POWERGRID],False,852.0,0.0,77.0,77.0,-4.780000000000001,0,1,,,4.780000000000001,,,-852.0,852.0,0.0,0,0,0,0,0,0,0,0,0,0
612138,2026-04-01,"Multi-States(Karnataka,Telangana)",1368.0,1368.0,1190.16,89.46,Power Grid Corporation of India Limited [POWERGRID],False,790.0,0.0,87.00000000000001,87.00000000000001,2.4599999999999795,0,1,,,-2.4599999999999795,,,-790.0,790.0,0.0,0,0,0,0,0,0,0,0,0,1
612139,2026-04-01,Gujarat,4231.0,4231.0,2538.6,62.0,Power Grid Corporation of India Limited [POWERGRID],False,852.0,0.0,60.0,60.0,2.0,0,1,,,-2.0,,,-852.0,852.0,0.0,0,0,0,0,0,0,0,0,0,0
612140,2026-04-01,Karnataka,4445.0,4445.0,3733.8,86.0,Power Grid Corporation of India Limited [POWERGRID],False,852.0,0.0,84.00000000000001,84.00000000000001,1.9999999999999858,0,1,,,-1.9999999999999856,,,-852.0,852.0,0.0,0,0,0,0,0,0,0,0,0,0
612142,2026-04-01,Uttar Pradesh,17195.0,17195.0,3306.21,19.8,National Thermal Power Corporation [NTPC],False,761.0,0.0,19.227740622273917,19.227740622273917,0.572259377726084,0,0,,,-0.572259377726084,,,-761.0,761.0,0.0,0,0,0,0,0,0,0,0,0,1
612167,2026-04-01,Andhra Pradesh,384.27,384.27,253.37,88.0,Employee's State Insurance Company [ESIC],False,1096.0,789.0,65.93540999817837,65.93540999817837,22.064590001821628,0,1,,-50.91001267427123,-22.064590001821628,,1.3891001267427123,-307.0,1096.0,789.0,1,1,1,0,0,0,0,0,0,1
612183,2026-04-01,Bihar,1413.0,1413.0,7.64,1.28,Airport Authority of India [AAI],False,365.0,243.0,0.5406935598018401,0.5406935598018401,0.7393064401981599,0,0,,-148.9257613168724,-0.7393064401981599,,1.5020576131687242,-122.0,365.0,243.0,1,1,1,0,0,1,0,0,0,0
612186,2026-04-01,Gujarat,558.12,558.12,55.81,21.0,Employee's State Insurance Company [ESIC],False,1096.0,304.0,9.999641654124561,9.999641654124561,11.000358345875439,0,1,,-179.0,-11.00035834587544,,2.0,-792.0,1096.0,304.0,1,1,1,0,0,1,0,0,0,0
612194,2026-04-01,Bihar,911.66,911.66,374.49,65.0,Airport Authority of India [AAI],False,639.0,0.0,41.07781409736086,41.07781409736086,23.922185902639143,0,1,,,-23.922185902639143,,,-639.0,639.0,0.0,0,0,0,0,0,0,0,0,0,0
612211,2026-04-01,Gujarat,205.87,205.87,51.74,46.0,Employee's State Insurance Company [ESIC],False,913.0,426.0,25.13236508476223,25.13236508476223,20.86763491523777,0,1,,-154.0,-20.86763491523777,,2.0,-487.0,913.0,426.0,1,1,1,0,0,1,0,0,0,0
612213,2026-04-01,Maharashtra,194.93,196.7,114.39,65.5,Employee's State Insurance Company [ESIC],False,1339.0,3226.0,58.15455007625826,58.15455007625826,7.345449923741739,1,1,,23.99349039057656,-7.345449923741739,,0.4150650960942343,1887.0,1339.0,3226.0,0,0,0,0,0,0,0,0,0,0
612513,2026-04-01,Odisha,164.6,164.6,16.4,7.2,Employee's State Insurance Company [ESIC],False,424.0,5176.0,9.963547995139733,9.963547995139733,-2.7635479951397324,0,0,,-0.9916537867078814,2.7635479951397324,,0.0819165378670788,4752.0,424.0,5176.0,0,0,0,0,0,0,0,0,0,0
612745,2026-04-01,Karnataka,278.0,278.0,68.23,23.0,Employee's State Insurance Company [ESIC],False,547.0,3530.0,24.5431654676259,24.5431654676259,-1.5431654676259008,0,1,,7.504249291784703,1.5431654676259008,,0.1549575070821529,2983.0,547.0,3530.0,0,0,0,0,0,0,0,0,0,0
612748,2026-04-01,Karnataka,150.92,150.92,6.76,10.0,Employee's State Insurance Company [ESIC],False,396.0,2070.0,4.479194275112643,4.479194275112643,5.520805724887357,0,0,,-9.130434782608695,-5.520805724887357,,0.1913043478260869,1674.0,396.0,2070.0,0,0,0,0,0,0,0,0,0,1
612781,2026-04-01,West Bengal,916.78,916.78,206.54,33.66,Steel Authority of India Limited [SAIL],False,943.0,0.0,22.528850978424487,22.528850978424487,11.13114902157551,0,1,,,-11.13114902157551,,,-943.0,943.0,0.0,0,0,0,0,0,0,0,0,0,1
612786,2026-04-01,Andhra Pradesh,265.91,265.91,129.07,65.0,Airport Authority of India [AAI],False,821.0,306.0,48.53897935391673,48.53897935391673,16.46102064608327,0,1,,-135.0,-16.46102064608327,,2.0,-515.0,821.0,306.0,1,1,1,0,0,0,0,0,0,0
612787,2026-04-01,Karnataka,320.47,320.47,148.68,77.0,Airport Authority of India [AAI],False,821.0,214.0,46.39435828626704,46.39435828626704,30.605641713732957,0,1,,-123.0,-30.60564171373296,,2.0,-607.0,821.0,214.0,1,1,1,0,0,0,0,0,0,0
612788,2026-04-01,Karnataka,322.45,322.45,204.5,87.0,Airport Authority of India [AAI],False,790.0,245.0,63.420685377577925,63.420685377577925,23.579314622422075,0,1,,-113.0,-23.579314622422075,,2.0,-545.0,790.0,245.0,1,1,1,0,0,0,0,0,0,0
612789,2026-04-01,Kerala,484.57,484.57,204.6,59.0,Airport Authority of India [AAI],False,790.0,245.0,42.22300183667994,42.22300183667994,16.77699816332006,0,1,,-141.0,-16.77699816332006,,2.0,-545.0,790.0,245.0,1,1,1,0,0,0,0,0,0,1
612790,2026-04-01,Karnataka,385.0,385.0,260.92,82.5,Mangalore Refinary and Petrochemicals Limited,False,913.0,0.0,67.77142857142857,67.77142857142857,14.728571428571428,0,1,,,-14.728571428571428,,,-913.0,913.0,0.0,0,0,0,0,0,0,0,0,0,0
612793,2026-04-01,Sikkim,323.26,323.26,80.84,34.25,Airport Authority of India [AAI],False,852.0,30.0,25.007733712800846,25.007733712800846,9.242266287199154,0,1,,-165.75,-9.242266287199154,,2.0,-822.0,852.0,30.0,1,1,1,0,0,1,0,0,0,0
612815,2026-04-01,Chhattisgarh,170.49,170.49,9.56,15.0,South East Central Railway [SECR] - II,False,700.0,517.0,5.607367000997126,5.607367000997126,9.392632999002874,0,0,,-120.39651837524178,-9.392632999002874,,1.3539651837524178,-183.0,700.0,517.0,1,1,1,0,0,1,0,0,0,0
612816,2026-04-01,West Bengal,929.1,929.1,71.23,8.35,Eastern Coal Fields Limited [ECL],False,852.0,0.0,7.666559035625875,7.666559035625875,0.6834409643741246,0,0,,,-0.6834409643741246,,,-852.0,852.0,0.0,0,0,0,0,0,0,0,0,0,0
612827,2026-04-01,Andhra Pradesh,183.65,183.65,14.79,15.0,East Coast Railway [ECoR] - II,False,700.0,396.0,8.053362374081132,8.053362374081132,6.946637625918868,0,0,,-161.76767676767676,-6.946637625918868,,1.7676767676767675,-304.0,700.0,396.0,1,1,1,0,0,1,0,0,0,0
612834,2026-04-01,Odisha,252.0,252.0,117.3,86.0,East Coast Railway [ECoR] - II,False,1096.0,0.0,46.54761904761905,46.54761904761905,39.45238095238095,0,0,,,-39.45238095238095,,,-1096.0,1096.0,0.0,0,0,0,0,0,0,0,0,0,0
612845,2026-04-01,Maharashtra,955.39,955.39,13.97,10.0,Central Railway [CR] - II,False,90.0,1249.0,1.4622300840494458,1.4622300840494458,8.537769915950554,0,0,,2.794235388310649,-8.537769915950554,,0.0720576461168935,1159.0,90.0,1249.0,0,0,0,0,0,0,0,0,0,0
612851,2026-04-01,Delhi,333.49,336.42,321.76,99.72,National Institute of Technology Delhi,False,1247.0,4809.0,95.6423518221271,95.6423518221271,4.077648177872902,1,1,,73.78945310875442,-4.077648177872902,,0.2593054689124558,3562.0,1247.0,4809.0,0,0,0,0,0,0,0,0,0,1
612853,2026-04-01,"Multi-States(Jammu andKashmir, Punjab)",521.9,521.9,302.5,47.6,Gas Authority of India Limited [GAIL],False,1005.0,0.0,57.96129526729259,57.96129526729259,-10.36129526729259,0,1,,,10.36129526729259,,,-1005.0,1005.0,0.0,0,0,0,0,0,0,1,0,0,0
612855,2026-04-01,Gujarat,697.0,697.0,369.41,56.0,Power Grid Corporation of India Limited [POWERGRID],False,700.0,0.0,53.0,53.0,3.0,0,1,,,-3.0,,,-700.0,700.0,0.0,0,0,0,0,0,0,0,0,0,0
612876,2026-04-01,Mizoram,474.23,474.23,167.55,4.0,NIT Mizoram,True,4322.0,1734.0,35.33095755224258,35.33095755224258,-31.33095755224258,0,1,,-196.0,31.33095755224258,,2.0,-2588.0,4322.0,1734.0,1,1,1,0,0,1,1,1,1,0
612877,2026-04-01,Puducherry,618.34,544.34,543.74,98.5,"National Institute of Technology, Puducherry",False,4657.0,1399.0,99.88977477311974,99.88977477311974,-1.3897747731197398,1,1,,-101.5,1.3897747731197398,,2.0,-3258.0,4657.0,1399.0,1,1,1,0,0,0,0,0,0,0
612878,2026-04-01,Karnataka,15611.0,15611.0,0.0,0.0,Bengaluru Metro Rail,False,-61.0,,0.0,0.0,0.0,0,0,,,0.0,,,,-61.0,,0,0,0,0,0,0,0,0,0,0
612883,2026-04-01,Sikkim,685.76,610.76,283.56,34.5,NIT Sikkim,True,761.0,29.0,46.42740192546991,46.42740192546991,-11.927401925469908,1,1,,-165.5,11.927401925469908,,2.0,-732.0,761.0,29.0,1,1,1,0,0,1,1,0,0,0
612885,2026-04-01,Meghalaya,494.52,429.7,368.98,95.0,"National Institute of Technology, Meghalaya",False,4230.0,1826.0,85.86921107749593,85.86921107749593,9.130788922504067,1,1,,-105.0,-9.130788922504069,,2.0,-2404.0,4230.0,1826.0,1,1,1,0,0,0,0,0,0,0
612894,2026-04-01,Himachal Pradesh,251.98,300.45,223.21,85.0,"Central University, Himachal Pradesh",False,1339.0,518.0,74.2918954900982,74.2918954900982,10.708104509901801,1,1,,-115.0,-10.7081045099018,,2.0,-821.0,1339.0,518.0,1,1,1,0,0,0,0,0,0,0
612898,2026-04-01,Arunachal Pradesh,592.61,592.61,551.3,80.0,"National Institute of Technology, Arunachal Pradesh",True,4779.0,1277.0,93.02914226894585,93.02914226894585,-13.029142268945847,0,1,,-120.0,13.029142268945847,,2.0,-3502.0,4779.0,1277.0,1,1,1,0,0,0,1,0,0,0
612916,2026-04-01,Gujarat,490.63,490.63,335.08,85.0,Central University of Gujarat,False,1885.0,62.0,68.29586450074395,68.29586450074395,16.704135499256054,0,1,,-115.0,-16.704135499256054,,2.0,-1823.0,1885.0,62.0,1,1,1,0,0,0,0,0,0,0
613002,2026-04-01,Tamil Nadu,842.0,842.0,340.0,0.0,Ministry of Railways,False,1278.0,153.0,40.38004750593824,40.38004750593824,-40.38004750593824,0,0,,-200.0,40.38004750593824,,2.0,-1125.0,1278.0,153.0,1,1,1,0,0,1,1,1,1,0
613008,2026-04-01,Andhra Pradesh,305.0,305.0,64.25,44.0,Central Tribal University of Andhra Pradesh,False,852.0,1552.0,21.065573770491802,21.065573770491802,22.934426229508198,0,0,,-10.896907216494853,-22.9344262295082,,0.5489690721649485,700.0,852.0,1552.0,1,0,0,0,0,0,0,0,0,0
613013,2026-04-01,Nagaland,275.63,275.63,263.25,98.0,NIT Nagaland,False,4139.0,1917.0,95.50847150165076,95.50847150165076,2.49152849834924,0,0,,-102.0,-2.49152849834924,,2.0,-2222.0,4139.0,1917.0,1,1,1,0,0,0,0,0,0,0
613015,2026-04-01,Maharashtra,1813.0,1813.0,833.84,23.0,Rail Land Development Authority,False,1005.0,91.0,45.992277992278,45.992277992278,-22.992277992277998,0,0,,-177.0,22.992277992278,,2.0,-914.0,1005.0,91.0,1,1,1,0,0,1,1,1,0,0
613785,2026-04-01,Delhi,4744.0,4744.0,257.53,3.0,Rail Land Development Authority,False,669.0,517.0,5.4285413153457,5.4285413153457,-2.4285413153457,0,0,,-126.40038684719534,2.4285413153457,,1.2940038684719537,-152.0,669.0,517.0,1,1,1,0,0,1,0,0,0,0
613786,2026-04-01,Gujarat,2379.0,2379.0,977.35,31.4,Rail Land Development Authority,False,882.0,304.0,41.0823875577974,41.0823875577974,-9.682387557797398,0,0,,-168.6,9.682387557797398,,2.0,-578.0,882.0,304.0,1,1,1,0,0,1,0,0,0,0
613793,2026-04-01,West Bengal,483.65,483.65,77.79,16.79,Eastern Coal Fields Limited [ECL],False,2191.0,0.0,16.08394500155071,16.08394500155071,0.7060549984492894,0,1,,,-0.7060549984492894,,,-2191.0,2191.0,0.0,0,0,0,0,0,0,0,0,0,0
613794,2026-04-01,West Bengal,389.1,389.1,132.48,22.13,Eastern Coal Fields Limited [ECL],False,1186.0,0.0,34.04780262143407,34.04780262143407,-11.917802621434074,0,0,,,11.917802621434074,,,-1186.0,1186.0,0.0,0,0,0,0,0,0,1,0,0,0
613798,2026-04-01,Chhattisgarh,335.97,335.97,90.88,42.47,South Eastern Coalfields Limited [SECL],False,4077.0,0.0,27.050034229246656,27.050034229246656,15.419965770753343,0,0,,,-15.419965770753343,,,-4077.0,4077.0,0.0,0,0,0,0,0,0,0,0,0,0
613799,2026-04-01,Chhattisgarh,316.11,316.11,191.5,78.86,South Eastern Coalfields Limited [SECL],False,3927.0,0.0,60.58017778621366,60.58017778621366,18.27982221378634,0,0,,,-18.27982221378634,,,-3927.0,3927.0,0.0,0,0,0,0,0,0,0,0,0,0
613800,2026-04-01,Chhattisgarh,459.49,459.49,276.8,96.15,South Eastern Coalfields Limited [SECL],False,3561.0,0.0,60.24070164747872,60.24070164747872,35.90929835252128,0,1,,,-35.90929835252128,,,-3561.0,3561.0,0.0,0,0,0,0,0,0,0,0,0,0
613801,2026-04-01,Chhattisgarh,410.26,410.26,187.63,54.6,South Eastern Coalfields Limited [SECL],False,2892.0,0.0,45.734412323892165,45.734412323892165,8.865587676107836,0,1,,,-8.865587676107836,,,-2892.0,2892.0,0.0,0,0,0,0,0,0,0,0,0,0
613802,2026-04-01,Madhya Pradesh,371.04,371.04,148.87,58.2,South Eastern Coalfields Limited [SECL],False,4139.0,0.0,40.12235877533419,40.12235877533419,18.07764122466581,0,1,,,-18.07764122466581,,,-4139.0,4139.0,0.0,0,0,0,0,0,0,0,0,0,0
613803,2026-04-01,Madhya Pradesh,366.94,366.94,35.57,41.29,South Eastern Coalfields Limited [SECL],False,821.0,0.0,9.693682890935849,9.693682890935849,31.596317109064152,0,0,,,-31.596317109064152,,,-821.0,821.0,0.0,0,0,0,0,0,0,0,0,0,0
613804,2026-04-01,Madhya Pradesh,314.09,314.09,17.89,17.78,Western Coalfields Limited [WCL],False,1582.0,0.0,5.695819669521476,5.695819669521476,12.084180330478524,0,0,,,-12.084180330478524,,,-1582.0,1582.0,0.0,0,0,0,0,0,0,0,0,0,0
613808,2026-04-01,Jharkhand,339.87,339.87,191.0,70.47,BCCL,False,5538.0,0.0,56.19795804278106,56.19795804278106,14.272041957218939,0,1,,,-14.27204195721894,,,-5538.0,5538.0,0.0,0,0,0,0,0,0,0,0,0,0
615183,2026-04-01,"Multi-States(Madhya Pradesh,Uttar Pradesh)",491.67,491.67,276.75,55.57,Northern Coalfields Limited [NCL],False,1765.0,0.0,56.28775398132893,56.28775398132893,-0.7177539813289329,0,1,,,0.7177539813289329,,,-1765.0,1765.0,0.0,0,0,0,0,0,0,0,0,0,0
615184,2026-04-01,Maharashtra,228.64,228.64,150.47,69.33,Western Coalfields Limited [WCL],False,1551.0,0.0,65.81088173547937,65.81088173547937,3.5191182645206283,0,0,,,-3.5191182645206283,,,-1551.0,1551.0,0.0,0,0,0,0,0,0,0,0,0,0
615185,2026-04-01,Madhya Pradesh,399.2,399.2,100.03,67.13,Western Coalfields Limited [WCL],False,1308.0,0.0,25.05761523046092,25.05761523046092,42.07238476953907,0,0,,,-42.07238476953907,,,-1308.0,1308.0,0.0,0,0,0,0,0,0,0,0,0,0
615186,2026-04-01,Maharashtra,319.04,319.04,111.17,32.21,Western Coalfields Limited [WCL],False,2069.0,0.0,34.84516048144433,34.84516048144433,-2.6351604814443306,0,0,,,2.6351604814443306,,,-2069.0,2069.0,0.0,0,0,0,0,0,0,0,0,0,0
615187,2026-04-01,Madhya Pradesh,220.62,220.62,0.0,11.2,Western Coalfields Limited [WCL],False,1247.0,0.0,0.0,0.0,11.2,0,0,,,-11.2,,,-1247.0,1247.0,0.0,0,0,0,0,0,0,0,0,0,0
615188,2026-04-01,Maharashtra,402.27,402.27,67.11,24.17,Western Coalfields Limited [WCL],False,1308.0,1219.0,16.68282496830487,16.68282496830487,7.487175031695131,0,0,,-83.13106644790811,-7.487175031695131,,1.073010664479081,-89.0,1308.0,1219.0,1,1,1,0,0,1,0,0,0,0
615189,2026-04-01,Maharashtra,361.87,361.87,96.64,12.2,Western Coalfields Limited [WCL],False,1400.0,0.0,26.705723049713985,26.705723049713985,-14.505723049713986,0,0,,,14.505723049713986,,,-1400.0,1400.0,0.0,0,0,0,0,0,0,1,0,0,0
615190,2026-04-01,Maharashtra,335.75,335.75,49.75,9.57,Western Coalfields Limited [WCL],False,1431.0,0.0,14.817572598659718,14.817572598659718,-5.247572598659717,0,0,,,5.247572598659717,,,-1431.0,1431.0,0.0,0,0,0,0,0,0,0,0,0,0
615191,2026-04-01,Chhattisgarh,329.21,329.21,62.03,2.01,South Eastern Coalfields Limited [SECL],False,1186.0,0.0,18.84207648613347,18.84207648613347,-16.832076486133474,0,0,,,16.832076486133474,,,-1186.0,1186.0,0.0,0,0,0,0,0,0,1,0,0,0
615192,2026-04-01,Maharashtra,309.58,309.58,57.46,8.44,Western Coalfields Limited [WCL],False,1826.0,0.0,18.560630531688094,18.560630531688094,-10.120630531688095,0,0,,,10.120630531688096,,,-1826.0,1826.0,0.0,0,0,0,0,0,0,1,0,0,0
615194,2026-04-01,Madhya Pradesh,206.88,206.88,27.32,2.02,Western Coalfields Limited [WCL],False,1186.0,184.0,13.205723124516627,13.205723124516627,-11.185723124516628,0,0,,-197.98,11.185723124516628,,2.0,-1002.0,1186.0,184.0,1,1,1,0,0,1,1,0,0,0
615195,2026-04-01,Madhya Pradesh,166.25,166.25,5.19,9.39,Western Coalfields Limited [WCL],False,943.0,427.0,3.121804511278196,3.121804511278196,6.268195488721805,0,0,,-190.61,-6.268195488721805,,2.0,-516.0,943.0,427.0,1,1,1,0,0,1,0,0,0,0
615199,2026-04-01,Maharashtra,198.71,198.71,23.54,2.82,Western Coalfields Limited [WCL],False,943.0,243.0,11.846409340244577,11.846409340244577,-9.026409340244577,0,0,,-197.18,9.026409340244577,,2.0,-700.0,943.0,243.0,1,1,1,0,0,1,0,0,0,0
615202,2026-04-01,Chhattisgarh,1700.0,1756.2,258.41,20.3,National Mineral Development Corporation Limited [NMDC],True,1370.0,334.0,14.714155563147708,14.714155563147708,5.585844436852293,1,1,,-179.7,-5.585844436852293,,2.0,-1036.0,1370.0,334.0,1,1,1,0,0,1,0,0,0,1
615206,2026-04-01,Madhya Pradesh,414.15,414.15,22.11,56.88,Western Coalfields Limited [WCL],False,2435.0,0.0,5.338645418326694,5.338645418326694,51.54135458167331,0,0,,,-51.54135458167331,,,-2435.0,2435.0,0.0,0,0,0,0,0,0,0,0,0,0
615330,2026-04-01,Maharashtra,360.81,360.81,3.84,5.17,Western Coalfields Limited [WCL],False,1217.0,0.0,1.0642720545439428,1.0642720545439428,4.105727945456057,0,0,,,-4.105727945456057,,,-1217.0,1217.0,0.0,0,0,0,0,0,0,0,0,0,1
615331,2026-04-01,Maharashtra,497.41,497.41,27.55,2.19,Western Coalfields Limited [WCL],False,913.0,0.0,5.538690416356728,5.538690416356728,-3.3486904163567277,0,0,,,3.348690416356728,,,-913.0,913.0,0.0,0,0,0,0,0,0,0,0,0,1
615332,2026-04-01,Rajasthan,3279.0,3279.0,1508.34,47.13,Power Grid Corporation of India Limited [POWERGRID],False,608.0,0.0,46.0,46.0,1.1300000000000026,0,1,,,-1.1300000000000026,,,-608.0,608.0,0.0,0,0,0,0,0,0,0,0,0,0
615333,2026-04-01,"Multi-States(Madhya Pradesh,Rajasthan)",2227.0,2227.0,979.88,38.74,Power Grid Corporation of India Limited [POWERGRID],False,608.0,0.0,44.0,44.0,-5.259999999999998,0,1,,,5.259999999999998,,,-608.0,608.0,0.0,0,0,0,0,0,0,0,0,0,0
615334,2026-04-01,"Multi-States(Madhya Pradesh,Rajasthan)",3251.0,3251.0,1592.99,39.4,Power Grid Corporation of India Limited [POWERGRID],False,608.0,0.0,49.0,49.0,-9.600000000000001,0,1,,,9.6,,,-608.0,608.0,0.0,0,0,0,0,0,0,0,0,0,0
615335,2026-04-01,Rajasthan,1382.0,1382.0,552.8,42.0,Power Grid Corporation of India Limited [POWERGRID],False,608.0,0.0,40.0,40.0,2.0,0,1,,,-2.0,,,-608.0,608.0,0.0,0,0,0,0,0,0,0,0,0,0
615336,2026-04-01,Delhi,284.0,284.0,22.72,7.75,Power Grid Corporation of India Limited [POWERGRID],False,547.0,335.0,8.0,8.0,-0.25,0,1,,-155.53358208955223,0.25,,1.6328358208955225,-212.0,547.0,335.0,1,1,1,0,0,1,0,0,0,1
615337,2026-04-01,Rajasthan,369.0,369.0,210.33,63.85,Power Grid Corporation of India Limited [POWERGRID],False,608.0,0.0,57.00000000000001,57.00000000000001,6.849999999999994,0,1,,,-6.849999999999994,,,-608.0,608.0,0.0,0,0,0,0,0,0,0,0,0,0
615338,2026-04-01,Rajasthan,2735.0,2735.0,875.2,31.48,Power Grid Corporation of India Limited [POWERGRID],False,516.0,0.0,32.0,32.0,-0.5199999999999996,0,1,,,0.5199999999999996,,,-516.0,516.0,0.0,0,0,0,0,0,0,0,0,0,0
615339,2026-04-01,"Multi-States(Haryana, Punjab,Rajasthan)",5969.0,5969.0,1313.18,24.07,Power Grid Corporation of India Limited [POWERGRID],False,516.0,0.0,22.0,22.0,2.0700000000000003,0,1,,,-2.0700000000000003,,,-516.0,516.0,0.0,0,0,0,0,0,0,0,0,0,0
615340,2026-04-01,"Multi-States(Haryana,Rajasthan)",5357.0,5357.0,1446.39,28.27,Power Grid Corporation of India Limited [POWERGRID],False,516.0,0.0,27.0,27.0,1.2699999999999996,0,1,,,-1.2699999999999996,,,-516.0,516.0,0.0,0,0,0,0,0,0,0,0,0,0
615342,2026-04-01,Gujarat,329.0,329.0,36.19,13.5,Power Grid Corporation of India Limited [POWERGRID],False,547.0,0.0,10.999999999999998,10.999999999999998,2.5000000000000018,0,1,,,-2.5000000000000018,,,-547.0,547.0,0.0,0,0,0,0,0,0,0,0,0,0
615343,2026-04-01,Gujarat,501.0,501.0,25.05,6.0,Power Grid Corporation of India Limited [POWERGRID],False,516.0,0.0,5.0,5.0,1.0,0,0,,,-1.0,,,-516.0,516.0,0.0,0,0,0,0,0,0,0,0,0,0
615344,2026-04-01,Madhya Pradesh,3674.0,3674.0,1396.12,39.24,Power Grid Corporation of India Limited [POWERGRID],False,547.0,0.0,37.99999999999999,37.99999999999999,1.240000000000009,0,1,,,-1.240000000000009,,,-547.0,547.0,0.0,0,0,0,0,0,0,0,0,0,0
615345,2026-04-01,Gujarat,4766.0,4766.0,1239.16,27.59,Power Grid Corporation of India Limited [POWERGRID],False,547.0,0.0,26.0,26.0,1.5899999999999999,0,1,,,-1.59,,,-547.0,547.0,0.0,0,0,0,0,0,0,0,0,0,0
615346,2026-04-01,Madhya Pradesh,2708.0,2708.0,1489.4,57.8,Power Grid Corporation of India Limited [POWERGRID],False,608.0,0.0,55.00000000000001,55.00000000000001,2.79999999999999,0,1,,,-2.79999999999999,,,-608.0,608.0,0.0,0,0,0,0,0,0,0,0,0,0
615347,2026-04-01,"Multi-States(Gujarat,Maharashtra)",24819.0,24819.0,2481.9,9.67,Power Grid Corporation of India Limited [POWERGRID],False,516.0,0.0,10.0,10.0,-0.33000000000000007,0,0,,,0.33,,,-516.0,516.0,0.0,0,0,0,0,0,0,0,0,0,0
615349,2026-04-01,Jharkhand,230.41,230.41,22.02,22.76,Ministry of Coal,False,1977.0,0.0,9.556876871663556,9.556876871663556,13.203123128336445,0,0,,,-13.203123128336443,,,-1977.0,1977.0,0.0,0,0,0,0,0,0,0,0,0,0
615818,2026-04-01,Telangana,297.88,297.88,47.48,20.0,Singareni Collieries Company Limited [SCCL],False,1582.0,0.0,15.939304417886396,15.939304417886396,4.060695582113604,0,1,,,-4.060695582113604,,,-1582.0,1582.0,0.0,0,0,0,0,0,0,0,0,0,0
615820,2026-04-01,Assam,159.77,159.77,111.47,88.18,MIS MoCoal Integration Logins,False,1370.0,0.0,69.76904299931151,69.76904299931151,18.410957000688498,0,0,,,-18.410957000688494,,,-1370.0,1370.0,0.0,0,0,0,0,0,0,0,0,0,0
615821,2026-04-01,Assam,289.46,289.46,105.61,3.26,MIS MoCoal Integration Logins,False,1247.0,0.0,36.48517929938506,36.48517929938506,-33.22517929938506,0,0,,,33.22517929938506,,,-1247.0,1247.0,0.0,0,0,0,0,0,0,1,1,1,0
615822,2026-04-01,Jharkhand,222.82,222.82,140.72,63.52,Ministry of Coal,False,2161.0,0.0,63.15411542949466,63.15411542949466,0.36588457050534373,0,0,,,-0.3658845705053437,,,-2161.0,2161.0,0.0,0,0,0,0,0,0,0,0,0,1
615843,2026-04-01,Jharkhand,243.52,243.52,50.82,31.27,Ministry of Coal,False,2343.0,0.0,20.868922470433642,20.868922470433642,10.401077529566358,0,1,,,-10.401077529566358,,,-2343.0,2343.0,0.0,0,0,0,0,0,0,0,0,0,1
615857,2026-04-01,Odisha,494.3,494.3,491.33,80.0,Singareni Collieries Company Limited [SCCL],False,2222.0,0.0,99.39915031357475,99.39915031357475,-19.39915031357475,0,0,,,19.39915031357475,,,-2222.0,2222.0,0.0,0,0,0,0,0,0,1,0,0,0
615858,2026-04-01,Telangana,384.32,384.32,291.01,75.0,Singareni Collieries Company Limited [SCCL],False,3257.0,426.0,75.72075353871773,75.72075353871773,-0.7207535387177302,0,0,,-125.0,0.7207535387177302,,2.0,-2831.0,3257.0,426.0,1,1,1,0,0,0,0,0,0,0
615860,2026-04-01,Telangana,607.04,607.04,200.06,71.0,Singareni Collieries Company Limited [SCCL],False,2527.0,-61.0,32.95664206642066,32.95664206642066,38.04335793357934,0,1,,,-38.04335793357934,,,-2588.0,2527.0,-61.0,0,0,0,0,0,0,0,0,0,0
615861,2026-04-01,Telangana,424.81,424.81,406.81,81.0,Singareni Collieries Company Limited [SCCL],False,1217.0,1948.0,95.76281160989619,95.76281160989619,-14.76281160989619,0,1,,18.525667351129364,14.76281160989619,,0.6247433264887063,731.0,1217.0,1948.0,0,0,0,0,0,0,1,0,0,0
615862,2026-04-01,Telangana,345.6,345.6,111.15,32.0,Singareni Collieries Company Limited [SCCL],False,1704.0,31.0,32.16145833333333,32.16145833333333,-0.1614583333333286,0,0,,-168.0,0.1614583333333286,,2.0,-1673.0,1704.0,31.0,1,1,1,0,0,1,0,0,0,0
615863,2026-04-01,Telangana,484.5,484.5,477.14,97.0,Singareni Collieries Company Limited [SCCL],False,2130.0,-122.0,98.48090815273478,98.48090815273478,-1.4809081527347843,0,0,,,1.4809081527347845,,,-2252.0,2130.0,-122.0,0,0,0,0,0,0,0,0,0,0
615865,2026-04-01,Telangana,442.42,442.42,252.26,63.0,Singareni Collieries Company Limited [SCCL],False,3134.0,31.0,57.018217982912155,57.018217982912155,5.981782017087845,0,1,,-137.0,-5.981782017087845,,2.0,-3103.0,3134.0,31.0,1,1,1,0,0,0,0,0,0,0
615914,2026-04-01,Maharashtra,184.71,184.71,15.72,12.83,Western Coalfields Limited [WCL],False,1857.0,0.0,8.51063829787234,8.51063829787234,4.31936170212766,0,0,,,-4.31936170212766,,,-1857.0,1857.0,0.0,0,0,0,0,0,0,0,0,0,0
615915,2026-04-01,Odisha,244.99,244.99,95.42,31.0,CAO/C/SER,False,852.0,456.0,38.94852851136781,38.94852851136781,-7.948528511367812,0,0,,-155.8421052631579,7.948528511367812,,1.868421052631579,-396.0,852.0,456.0,1,1,1,0,0,1,0,0,0,1
615916,2026-04-01,Maharashtra,1225.21,1225.21,88.88,4.21,Western Coalfields Limited [WCL],False,730.0,0.0,7.254266615518971,7.254266615518971,-3.0442666155189713,0,0,,,3.0442666155189717,,,-730.0,730.0,0.0,0,0,0,0,0,0,0,0,0,0
615917,2026-04-01,Maharashtra,973.07,973.07,1.55,2.31,Western Coalfields Limited [WCL],False,669.0,305.0,0.15928967083560278,0.15928967083560278,2.150710329164397,0,0,,-197.69,-2.150710329164397,,2.0,-364.0,669.0,305.0,1,1,1,0,0,1,0,0,0,0
615918,2026-04-01,Maharashtra,405.2,405.2,35.03,15.95,Western Coalfields Limited [WCL],False,1308.0,2038.0,8.645113524185588,8.645113524185588,7.304886475814412,0,0,,-48.23056918547596,-7.304886475814412,,0.6418056918547596,730.0,1308.0,2038.0,1,1,1,0,0,0,0,0,0,0
615919,2026-04-01,Maharashtra,1024.91,1024.91,217.01,27.92,Western Coalfields Limited [WCL],False,669.0,0.0,21.173566459494,21.173566459494,6.7464335405060005,0,0,,,-6.7464335405060005,,,-669.0,669.0,0.0,0,0,0,0,0,0,0,0,0,0
615982,2026-04-01,Maharashtra,319.75,319.75,196.86,79.83,Western Coalfields Limited [WCL],False,3530.0,0.0,61.566849100860054,61.566849100860054,18.263150899139944,0,1,,,-18.263150899139944,,,-3530.0,3530.0,0.0,0,0,0,0,0,0,0,0,0,0
616044,2026-04-01,Maharashtra,237.06,237.06,166.87,93.51,Western Coalfields Limited [WCL],False,2647.0,61.0,70.39146207711127,70.39146207711127,23.118537922888734,0,1,,-106.49,-23.11853792288873,,2.0,-2586.0,2647.0,61.0,1,1,1,0,0,0,0,0,0,0
616050,2026-04-01,Maharashtra,235.9,235.9,127.42,98.97,Western Coalfields Limited [WCL],False,2769.0,0.0,54.014412886816444,54.014412886816444,44.955587113183554,0,1,,,-44.955587113183554,,,-2769.0,2769.0,0.0,0,0,0,0,0,0,0,0,0,0
616223,2026-04-01,Maharashtra,316.0,316.0,209.35,86.49,Western Coalfields Limited [WCL],False,2708.0,0.0,66.25,66.25,20.239999999999995,0,1,,,-20.239999999999995,,,-2708.0,2708.0,0.0,0,0,0,0,0,0,0,0,0,0
616225,2026-04-01,Jharkhand,979.08,979.08,0.0,0.05,Eastern Coal Fields Limited [ECL],False,852.0,0.0,0.0,0.0,0.05,0,0,,,-0.05,,,-852.0,852.0,0.0,0,0,0,0,0,0,0,0,0,0
616226,2026-04-01,Odisha,3563.5,3563.5,672.78,6.18,Mahanadi Coalfields Limited [MCL],False,1096.0,0.0,18.87975305177494,18.87975305177494,-12.699753051774941,0,0,,,12.69975305177494,,,-1096.0,1096.0,0.0,0,0,0,0,0,0,1,0,0,0
616227,2026-04-01,"Multi-States(Jharkhand, WestBengal)",1932.01,1932.01,4.51,0.0,CAO/C/SER,False,274.0,303.0,0.23343564474303963,0.23343564474303963,-0.23343564474303963,0,0,,-90.42904290429044,0.2334356447430396,,0.9042904290429042,29.0,274.0,303.0,1,1,1,0,0,0,0,0,0,0
616229,2026-04-01,Maharashtra,668.54,668.54,2.94,2.52,Western Coalfields Limited [WCL],False,577.0,0.0,0.43976426242259253,0.43976426242259253,2.0802357375774077,0,0,,,-2.080235737577408,,,-577.0,577.0,0.0,0,0,0,0,0,0,0,0,0,0
616231,2026-04-01,Odisha,5366.27,5366.27,477.39,32.47,MCL - CIL,False,761.0,0.0,8.896123378063345,8.896123378063345,23.573876621936655,0,0,,,-23.573876621936652,,,-761.0,761.0,0.0,0,0,0,0,0,0,0,0,0,0
616232,2026-04-01,Odisha,1561.85,1561.85,279.32,29.19,MCL - CIL,False,1247.0,0.0,17.88391971059961,17.88391971059961,11.306080289400391,0,0,,,-11.306080289400391,,,-1247.0,1247.0,0.0,0,0,0,0,0,0,0,0,0,0
616233,2026-04-01,Odisha,978.44,978.44,251.55,15.24,MCL - CIL,False,1096.0,0.0,25.70929234291321,25.70929234291321,-10.469292342913208,0,0,,,10.469292342913208,,,-1096.0,1096.0,0.0,0,0,0,0,0,0,1,0,0,0
616234,2026-04-01,Chhattisgarh,1725.04,1725.04,16.71,40.34,South Eastern Coalfields Limited [SECL],False,1278.0,0.0,0.9686731901868942,0.9686731901868942,39.37132680981311,0,0,,,-39.37132680981311,,,-1278.0,1278.0,0.0,0,0,0,0,0,0,0,0,0,0
616236,2026-04-01,Jharkhand,414.37,414.37,85.6,34.18,CCL - CIL,False,2251.0,0.0,20.65786615826435,20.65786615826435,13.522133841735648,0,0,,,-13.522133841735648,,,-2251.0,2251.0,0.0,0,0,0,0,0,0,0,0,0,1
616253,2026-04-01,Jharkhand,5850.83,5850.83,20.32,4.17,Ministry of Coal,False,761.0,0.0,0.3473011521442257,0.3473011521442257,3.8226988478557744,0,0,,,-3.8226988478557744,,,-761.0,761.0,0.0,0,0,0,0,0,0,0,0,0,0
616254,2026-04-01,"Multi-States(Andhra Pradesh,Chhattisgarh,Odisha)",2212.0,2212.0,498.11,34.0,Ministry of Petroleum and Natural Gas,False,577.0,0.0,22.51853526220615,22.51853526220615,11.48146473779385,0,1,,,-11.48146473779385,,,-577.0,577.0,0.0,0,0,0,0,0,0,0,0,0,0
616586,2026-04-01,Odisha,2269.49,2269.49,7.14,0.0,CAO/C/SER,False,212.0,396.0,0.31460812781726294,0.31460812781726294,-0.31460812781726294,0,0,,-53.535353535353536,0.3146081278172629,,0.5353535353535354,184.0,212.0,396.0,1,1,1,0,0,0,0,0,0,0
616587,2026-04-01,Odisha,1875.72,1875.72,2.15,0.0,CAO/C/SER,False,212.0,396.0,0.11462265156846436,0.11462265156846436,-0.11462265156846436,0,0,,-53.535353535353536,0.1146226515684643,,0.5353535353535354,184.0,212.0,396.0,1,1,1,0,0,0,0,0,0,0
616588,2026-04-01,"Multi-States(Jharkhand,Odisha, WestBengal)",1459.13,1459.13,7.58,0.0,South Eastern Railway [SER] - I,False,486.0,122.0,0.5194876398950059,0.5194876398950059,-0.5194876398950059,0,0,,-200.0,0.5194876398950059,,2.0,-364.0,486.0,122.0,1,1,1,0,0,1,0,0,0,0
616594,2026-04-01,Uttar Pradesh,842.25,842.25,208.64,80.0,National Mission for Clean Ganga,False,1096.0,1065.0,24.771742356782426,24.771742356782426,55.228257643217574,0,1,,-22.910798122065746,-55.22825764321757,,1.0291079812206574,-31.0,1096.0,1065.0,1,1,0,0,0,0,0,0,0,0
616600,2026-04-01,Bihar,413.29,413.29,126.67,97.0,National Mission for Clean Ganga,False,1492.0,1612.0,30.649180962520262,30.649180962520262,66.35081903747974,0,1,,4.444168734491313,-66.35081903747974,,0.9255583126550868,120.0,1492.0,1612.0,0,0,0,0,0,0,0,0,0,0
616604,2026-04-01,West Bengal,154.73,154.73,96.17,93.0,National Mission for Clean Ganga,False,1582.0,1310.0,62.15342855296323,62.15342855296323,30.846571447036773,0,1,,-27.76335877862596,-30.846571447036773,,1.2076335877862596,-272.0,1582.0,1310.0,1,1,0,0,0,0,0,0,0,0
616605,2026-04-01,Uttar Pradesh,690.71,690.71,34.79,51.0,National Mission for Clean Ganga,False,516.0,1645.0,5.0368461438230225,5.0368461438230225,45.96315385617698,0,1,,19.63221884498481,-45.96315385617698,,0.3136778115501519,1129.0,516.0,1645.0,0,0,0,0,0,0,0,0,0,0
616611,2026-04-01,Bihar,824.0,824.0,396.71,57.0,National Mission for Clean Ganga,False,2466.0,699.0,48.144417475728154,48.144417475728154,8.855582524271846,0,1,,-143.0,-8.855582524271846,,2.0,-1767.0,2466.0,699.0,1,1,1,0,0,0,0,0,0,0
616612,2026-04-01,Bihar,578.89,578.89,171.79,54.0,National Mission for Clean Ganga,False,2466.0,699.0,29.67575877973363,29.67575877973363,24.32424122026637,0,0,,-146.0,-24.32424122026637,,2.0,-1767.0,2466.0,699.0,1,1,1,0,0,0,0,0,0,0
616615,2026-04-01,Bihar,230.06,230.06,261.82,97.0,National Mission for Clean Ganga,False,2953.0,2922.0,113.80509432322003,100.0,-3.0,0,1,,-4.060917180013689,16.805094323220032,,1.0106091718001369,-31.0,2953.0,2922.0,0,0,0,0,0,0,1,0,0,1
616616,2026-04-01,Bihar,305.19,305.19,346.46,95.0,National Mission for Clean Ganga,False,2953.0,2922.0,113.52272354926438,100.0,-5.0,0,1,,-6.060917180013689,18.522723549264384,,1.0106091718001369,-31.0,2953.0,2922.0,0,0,0,0,0,0,1,0,0,1
616670,2026-04-01,"Multi-States(Rajasthan, UttarPradesh)",5846.0,5846.0,1636.88,31.37,Power Grid Corporation of India Limited [POWERGRID],False,486.0,0.0,28.000000000000004,28.000000000000004,3.3699999999999974,0,1,,,-3.369999999999997,,,-486.0,486.0,0.0,0,0,0,0,0,0,0,0,0,0
616671,2026-04-01,Tamil Nadu,548.0,548.0,120.56,18.72,Power Grid Corporation of India Limited [POWERGRID],False,455.0,0.0,22.0,22.0,-3.280000000000001,0,1,,,3.280000000000001,,,-455.0,455.0,0.0,0,0,0,0,0,0,0,0,0,0
616672,2026-04-01,Karnataka,1354.0,1354.0,270.8,22.5,Power Grid Corporation of India Limited [POWERGRID],False,455.0,0.0,20.0,20.0,2.5,0,0,,,-2.5,,,-455.0,455.0,0.0,0,0,0,0,0,0,0,0,0,0
616691,2026-04-01,Maharashtra,260.13,260.13,216.46,89.0,Employee's State Insurance Company [ESIC],False,6148.0,182.0,83.21224003382925,83.21224003382925,5.7877599661707535,0,1,,-111.0,-5.7877599661707535,,2.0,-5966.0,6148.0,182.0,1,1,1,0,0,0,0,0,0,0
616694,2026-04-01,Odisha,200.77,200.77,34.06,5.5,East Coast Railway [ECoR] - II,False,182.0,914.0,16.96468595905763,16.96468595905763,-11.464685959057629,0,0,,-14.412472647702405,11.464685959057627,,0.199124726477024,732.0,182.0,914.0,1,0,0,0,0,0,1,0,0,1
616695,2026-04-01,Odisha,300.15,300.15,0.89,10.5,East Coast Railway [ECoR] - II,False,365.0,609.0,0.29651840746293523,0.29651840746293523,10.203481592537065,0,0,,-49.43431855500822,-10.203481592537065,,0.5993431855500821,244.0,365.0,609.0,1,1,1,0,0,0,0,0,0,0
616697,2026-04-01,Andhra Pradesh,154.28,154.28,58.16,75.0,East Coast Railway [ECoR] - II,False,761.0,335.0,37.697692507129894,37.697692507129894,37.302307492870106,0,0,,-125.0,-37.302307492870106,,2.0,-426.0,761.0,335.0,1,1,1,0,0,0,0,0,0,1
616699,2026-04-01,"Multi-States(Bihar, Jharkhand)",12333.57,12333.6,816.82,17.5,East Central Railway [ECR] - I,False,974.0,0.0,6.622721670882791,6.622721670882791,10.877278329117209,1,0,,,-10.877278329117209,,,-974.0,974.0,0.0,0,0,0,0,0,0,0,0,0,0
616701,2026-04-01,"Multi-States(Assam,Nagaland)",2123.7,2123.7,121.34,10.0,Northeast Frontier Railway [NFR],False,455.0,335.0,5.7136130338560065,5.7136130338560065,4.2863869661439935,0,0,,-125.82089552238804,-4.2863869661439935,,1.3582089552238803,-120.0,455.0,335.0,1,1,1,0,0,1,0,0,0,0
616839,2026-04-01,Odisha,1165.89,1165.89,0.0,0.0,Indian Railway,False,0.0,608.0,0.0,0.0,0.0,0,0,,0.0,0.0,,0.0,608.0,0.0,608.0,0,0,0,0,0,0,0,0,0,0
616841,2026-04-01,Rajasthan,799.64,799.64,131.75,8.0,North Western Railway [NWR],False,790.0,0.0,16.476164273923267,16.476164273923267,-8.476164273923267,0,0,,,8.476164273923267,,,-790.0,790.0,0.0,0,0,0,0,0,0,0,0,0,1
616842,2026-04-01,"Multi-States(Gujarat,Rajasthan)",3085.59,3085.59,778.73,30.0,North Western Railway [NWR],False,790.0,0.0,25.237636886300514,25.237636886300514,4.762363113699486,0,0,,,-4.762363113699486,,,-790.0,790.0,0.0,0,0,0,0,0,0,0,0,0,0
616843,2026-04-01,Rajasthan,1634.79,1634.79,377.37,12.0,North Western Railway [NWR],False,790.0,0.0,23.08369882370213,23.08369882370213,-11.083698823702129,0,0,,,11.083698823702129,,,-790.0,790.0,0.0,0,0,0,0,0,0,1,0,0,1
616856,2026-04-01,Telangana,770.12,770.12,87.93,0.05,South Central Railway [SCR] - II,False,365.0,609.0,11.417701137485068,11.417701137485068,-11.367701137485067,0,0,,-59.88431855500822,11.367701137485067,,0.5993431855500821,244.0,365.0,609.0,1,1,1,0,0,0,1,0,0,0
616857,2026-04-01,"Multi-States(Andhra Pradesh,Telangana)",1595.55,1595.55,212.11,2.04,South Central Railway [SCR] - II,False,396.0,394.0,13.29384851618564,13.29384851618564,-11.253848516185641,0,0,,-98.46761421319796,11.25384851618564,,1.0050761421319796,-2.0,396.0,394.0,1,1,1,0,0,1,1,0,0,1
616858,2026-04-01,Assam,430.76,430.76,346.97,92.4,Ministry of Petroleum & Natural Gas,False,1947.0,0.0,80.54833317856811,80.54833317856811,11.851666821431891,0,1,,,-11.851666821431891,,,-1947.0,1947.0,0.0,0,0,0,0,0,0,0,0,0,0
616879,2026-04-01,Karnataka,364.0,364.0,71.1,47.4,Ministry of Petroleum & Natural Gas,False,761.0,0.0,19.53296703296703,19.53296703296703,27.86703296703297,0,1,,,-27.86703296703297,,,-761.0,761.0,0.0,0,0,0,0,0,0,0,0,0,1
616886,2026-04-01,Delhi,373.0,373.0,28.13,12.0,Delhi University,False,396.0,181.0,7.541554959785522,7.541554959785522,4.458445040214478,0,0,,-188.0,-4.458445040214478,,2.0,-215.0,396.0,181.0,1,1,1,0,0,1,0,0,0,0
616933,2026-04-01,Maharashtra,4679.0,4679.0,270.1,10.7,Ministry of Petroleum and Natural Gas,False,486.0,0.0,5.772600983116051,5.772600983116051,4.927399016883948,0,1,,,-4.927399016883948,,,-486.0,486.0,0.0,0,0,0,0,0,0,0,0,0,0
616950,2026-04-01,Offshore,1486.4,1486.4,529.96,53.8,Ministry of Petroleum & Natural Gas,False,577.0,0.0,35.65392895586652,35.65392895586652,18.14607104413348,0,1,,,-18.14607104413348,,,-577.0,577.0,0.0,0,0,0,0,0,0,0,0,0,0
616983,2026-04-01,Gujarat,467.58,467.58,70.54,16.0,Ministry of Railways-,False,1005.0,0.0,15.086188459728819,15.086188459728819,0.9138115402711815,0,0,,,-0.9138115402711816,,,-1005.0,1005.0,0.0,0,0,0,0,0,0,0,0,0,0
617068,2026-04-01,Karnataka,288.0,288.0,20.16,7.2,Power Grid Corporation of India Limited [POWERGRID],False,424.0,0.0,7.000000000000001,7.000000000000001,0.1999999999999993,0,0,,,-0.1999999999999993,,,-424.0,424.0,0.0,0,0,0,0,0,0,0,0,0,0
617069,2026-04-01,Gujarat,466.0,466.0,93.2,22.5,Power Grid Corporation of India Limited [POWERGRID],False,424.0,0.0,20.0,20.0,2.5,0,0,,,-2.5,,,-424.0,424.0,0.0,0,0,0,0,0,0,0,0,0,0
617179,2026-04-01,"Jammu andKashmir",218.6,218.6,3.72,1.7,Power Grid Corporation of India Limited [POWERGRID],False,639.0,0.0,1.7017383348581887,1.7017383348581887,-0.0017383348581887503,0,1,,,0.0017383348581887,,,-639.0,639.0,0.0,0,0,0,0,0,0,0,0,0,0
617181,2026-04-01,Rajasthan,404.0,404.0,28.28,9.8,Power Grid Corporation of India Limited [POWERGRID],False,396.0,0.0,7.000000000000001,7.000000000000001,2.8,0,1,,,-2.8,,,-396.0,396.0,0.0,0,0,0,0,0,0,0,0,0,0
617182,2026-04-01,Gujarat,172.0,172.0,58.48,36.0,Power Grid Corporation of India Limited [POWERGRID],False,396.0,0.0,34.0,34.0,2.0,0,0,,,-2.0,,,-396.0,396.0,0.0,0,0,0,0,0,0,0,0,0,0
617183,2026-04-01,Andhra Pradesh,2886.0,2886.0,721.48,26.19,Power Grid Corporation of India Limited [POWERGRID],False,396.0,0.0,24.999306999307,24.999306999307,1.1906930006930025,0,0,,,-1.1906930006930023,,,-396.0,396.0,0.0,0,0,0,0,0,0,0,0,0,0
617184,2026-04-01,Karnataka,3453.0,3453.0,414.36,13.41,Power Grid Corporation of India Limited [POWERGRID],False,396.0,0.0,12.000000000000002,12.000000000000002,1.4099999999999984,0,0,,,-1.4099999999999984,,,-396.0,396.0,0.0,0,0,0,0,0,0,0,0,0,0
617185,2026-04-01,"Multi-States(Andhra Pradesh,Karnataka)",5550.0,5550.0,943.5,17.86,Power Grid Corporation of India Limited [POWERGRID],False,396.0,0.0,17.0,17.0,0.8599999999999994,0,1,,,-0.8599999999999994,,,-396.0,396.0,0.0,0,0,0,0,0,0,0,0,0,0
617186,2026-04-01,"Multi-States(Madhya Pradesh,Rajasthan)",5028.0,5028.0,1054.2,24.07,Power Grid Corporation of India Limited [POWERGRID],False,396.0,0.0,20.96658711217184,20.96658711217184,3.10341288782816,0,1,,,-3.10341288782816,,,-396.0,396.0,0.0,0,0,0,0,0,0,0,0,0,0
617188,2026-04-01,Chhattisgarh,9791.0,9791.0,1619.63,18.91,National Thermal Power Corporation [NTPC],False,577.0,0.0,16.54202839342253,16.54202839342253,2.36797160657747,0,0,,,-2.36797160657747,,,-577.0,577.0,0.0,0,0,0,0,0,0,0,0,0,1
617200,2026-04-01,Chhattisgarh,7853.84,7853.84,0.64,0.0,CAO/C/SECR,False,365.0,0.0,0.008148880038299736,0.008148880038299736,-0.008148880038299736,0,0,,,0.0081488800382997,,,-365.0,365.0,0.0,0,0,0,0,0,0,0,0,0,0
617201,2026-04-01,Maharashtra,4373.04,4373.04,1.0,1.0,South East Central Railway,False,365.0,0.0,0.022867387446718988,0.022867387446718988,0.977132612553281,0,0,,,-0.977132612553281,,,-365.0,365.0,0.0,0,0,0,0,0,0,0,0,0,0
617206,2026-04-01,"Multi-States (Delhi,Haryana)",6230.99,6230.99,72.98,0.0,Delhi Metro Rail Corporation Limited [DMRC],False,455.0,0.0,1.1712424510390804,1.1712424510390804,-1.1712424510390804,0,0,,,1.1712424510390804,,,-455.0,455.0,0.0,0,0,0,0,0,0,0,0,0,1
617207,2026-04-01,Delhi,8399.81,8399.81,94.53,3.64,Delhi Metro Rail Corporation Limited [DMRC],False,761.0,0.0,1.1253825979397154,1.1253825979397154,2.514617402060285,0,0,,,-2.514617402060285,,,-761.0,761.0,0.0,0,0,0,0,0,0,0,0,0,0
617210,2026-04-01,Andhra Pradesh,1215.56,1215.56,0.16,0.05,South Central Railway [SCR] - II,False,365.0,0.0,0.01316265754055744,0.01316265754055744,0.03683734245944256,0,0,,,-0.0368373424594425,,,-365.0,365.0,0.0,0,0,0,0,0,0,0,0,0,1
617211,2026-04-01,"Multi-States(Andhra Pradesh,Telangana)",2853.23,2853.23,348.95,2.5,South Central Railway [SCR] - II,False,974.0,0.0,12.22999898360805,12.22999898360805,-9.72999898360805,0,0,,,9.72999898360805,,,-974.0,974.0,0.0,0,0,0,0,0,0,0,0,0,0
617212,2026-04-01,"Multi-States(Andhra Pradesh,Maharashtra,Telangana)",4686.09,4686.09,1938.02,2.08,South Central Railway [SCR] - II,False,974.0,0.0,41.356866812203776,41.356866812203776,-39.27686681220378,0,0,,,39.27686681220378,,,-974.0,974.0,0.0,0,0,0,0,0,0,1,1,1,1
617213,2026-04-01,Uttar Pradesh,2464.46,2464.46,59.82,2.42,Northern Railways,False,182.0,365.0,2.427306590490412,2.427306590490412,-0.007306590490411935,0,0,,-47.44301369863014,0.0073065904904119,,0.4986301369863014,183.0,182.0,365.0,1,1,1,0,0,0,0,0,0,0
617214,2026-04-01,"Multi-States(Andhra Pradesh,Telangana)",2047.4,2047.4,208.59,0.16,South Central Railway [SCR] - II,False,516.0,0.0,10.188043372081665,10.188043372081665,-10.028043372081665,0,0,,,10.028043372081664,,,-516.0,516.0,0.0,0,0,0,0,0,0,1,0,0,0
617215,2026-04-01,Maharashtra,769.93,769.93,197.06,0.19,South Central Railway [SCR] - II,False,852.0,0.0,25.59453456807762,25.59453456807762,-25.40453456807762,0,0,,,25.40453456807762,,,-852.0,852.0,0.0,0,0,0,0,0,0,1,1,0,0
617216,2026-04-01,Andhra Pradesh,877.34,877.34,205.35,0.16,South Central Railway [SCR] - II,False,547.0,0.0,23.405977158228282,23.405977158228282,-23.245977158228282,0,0,,,23.24597715822828,,,-547.0,547.0,0.0,0,0,0,0,0,0,1,1,0,0
617221,2026-04-01,Punjab,210.99,210.99,74.96,45.0,Central University of Punjab,False,365.0,243.0,35.52775013033793,35.52775013033793,9.472249869662072,0,0,,-105.2057613168724,-9.472249869662072,,1.5020576131687242,-122.0,365.0,243.0,1,1,1,0,0,1,0,0,0,1
617224,2026-04-01,"Multi-States(Bihar, UttarPradesh)",1120.0,1120.0,401.82,26.4,NER,False,761.0,213.0,35.87678571428572,35.87678571428572,-9.476785714285718,0,0,,-173.6,9.476785714285718,,2.0,-548.0,761.0,213.0,1,1,1,0,0,1,0,0,0,1
617225,2026-04-01,Maharashtra,910.18,960.18,269.74,41.58,Maharashtra Metro Rail Corporation Limited [MMRCL],False,913.0,0.0,28.09264929492387,28.09264929492387,13.487350705076128,1,0,,,-13.487350705076128,,,-913.0,913.0,0.0,0,0,0,0,0,0,0,0,0,0
617226,2026-04-01,Maharashtra,2954.53,2954.53,46.13,5.2,Maharashtra Metro Rail Corporation Limited [MMRCL],False,577.0,0.0,1.5613312438865066,1.5613312438865066,3.6386687561134936,0,0,,,-3.6386687561134936,,,-577.0,577.0,0.0,0,0,0,0,0,0,0,0,0,0
617231,2026-04-01,Bihar,611.74,611.74,0.0,0.0,East Central Railway [ECR] - I,False,669.0,0.0,0.0,0.0,0.0,0,0,,,0.0,,,-669.0,669.0,0.0,0,0,0,0,0,0,0,0,0,0
617233,2026-04-01,Maharashtra,379.3,379.3,0.0,0.01,Western Coalfields Limited [WCL],False,455.0,366.0,0.0,0.0,0.01,0,0,,-124.30693989071035,-0.01,,1.2431693989071038,-89.0,455.0,366.0,1,1,1,0,0,1,0,0,0,0
617239,2026-04-01,Bihar,4079.95,4079.95,2.67,0.0,East Central Railway [ECR] - I,False,151.0,365.0,0.06544197845561833,0.06544197845561833,-0.06544197845561833,0,0,,-41.36986301369864,0.0654419784556183,,0.4136986301369863,214.0,151.0,365.0,1,1,1,0,0,0,0,0,0,0
617242,2026-04-01,West Bengal,2115.44,2115.44,564.14,57.55,Steel Authority of India Limited [SAIL],False,608.0,31.0,26.6677381537647,26.6677381537647,30.8822618462353,0,0,,-142.45,-30.8822618462353,,2.0,-577.0,608.0,31.0,1,1,1,0,0,0,0,0,0,1
617243,2026-04-01,Chhattisgarh,198.62,198.62,75.16,79.73,Steel Authority of India Limited [SAIL],False,608.0,31.0,37.84110361494311,37.84110361494311,41.888896385056896,0,0,,-120.27,-41.888896385056896,,2.0,-577.0,608.0,31.0,1,1,1,0,0,0,0,0,0,1
617245,2026-04-01,"Multi-States(Bihar, WestBengal)",942.64,942.64,611.19,65.0,Northeast Frontier Railway [NFR],False,1339.0,0.0,64.83811423236867,64.83811423236867,0.16188576763133256,0,1,,,-0.1618857676313325,,,-1339.0,1339.0,0.0,0,0,0,0,0,0,0,0,0,1
617246,2026-04-01,West Bengal,758.09,758.09,219.33,38.12,Steel Authority of India Limited [SAIL],False,547.0,30.0,28.931921012017042,28.931921012017042,9.188078987982955,0,1,,-161.88,-9.188078987982957,,2.0,-517.0,547.0,30.0,1,1,1,0,0,1,0,0,0,0
617248,2026-04-01,West Bengal,227.96,227.96,75.66,66.37,Steel Authority of India Limited [SAIL],False,486.0,30.0,33.190033339182314,33.190033339182314,33.17996666081769,0,0,,-133.63,-33.17996666081769,,2.0,-456.0,486.0,30.0,1,1,1,0,0,0,0,0,0,1
617249,2026-04-01,Jharkhand,211.94,211.94,58.64,47.5,Steel Authority of India Limited [SAIL],False,424.0,31.0,27.668207983391525,27.668207983391525,19.831792016608475,0,0,,-152.5,-19.831792016608475,,2.0,-393.0,424.0,31.0,1,1,1,0,0,1,0,0,0,0
617250,2026-04-01,Jharkhand,207.13,207.13,57.34,39.92,Steel Authority of India Limited [SAIL],False,424.0,31.0,27.683097571573413,27.683097571573413,12.236902428426589,0,0,,-160.07999999999998,-12.236902428426587,,2.0,-393.0,424.0,31.0,1,1,1,0,0,1,0,0,0,1
617251,2026-04-01,West Bengal,196.4,196.4,35.36,24.8,Steel Authority of India Limited [SAIL],False,486.0,153.0,18.0040733197556,18.0040733197556,6.795926680244399,0,0,,-175.2,-6.795926680244399,,2.0,-333.0,486.0,153.0,1,1,1,0,0,1,0,0,0,1
617252,2026-04-01,Uttar Pradesh,958.27,958.27,635.41,23.8,Construction NER,False,882.0,31.0,66.30803427009089,66.30803427009089,-42.50803427009089,0,0,,-176.2,42.50803427009089,,2.0,-851.0,882.0,31.0,1,1,1,0,0,1,1,1,1,0
617253,2026-04-01,Jharkhand,513.82,513.82,408.4,97.3,Steel Authority of India Limited [SAIL],False,913.0,61.0,79.48308746253551,79.48308746253551,17.81691253746449,0,1,,-102.7,-17.81691253746449,,2.0,-852.0,913.0,61.0,1,1,1,0,0,0,0,0,0,0
617254,2026-04-01,Jharkhand,260.37,260.37,102.86,44.17,Steel Authority of India Limited [SAIL],False,730.0,31.0,39.505319353228096,39.505319353228096,4.664680646771906,0,1,,-155.82999999999998,-4.664680646771906,,2.0,-699.0,730.0,31.0,1,1,1,0,0,1,0,0,0,1
617255,2026-04-01,Chhattisgarh,471.83,471.83,239.59,67.07,Steel Authority of India Limited [SAIL],False,852.0,61.0,50.77888222453002,50.77888222453002,16.29111777546997,0,0,,-132.93,-16.29111777546997,,2.0,-791.0,852.0,61.0,1,1,1,0,0,0,0,0,0,1
617256,2026-04-01,Chhattisgarh,884.1,884.1,601.25,89.99,Steel Authority of India Limited [SAIL],False,821.0,61.0,68.00701278135958,68.00701278135958,21.982987218640417,0,1,,-110.01,-21.982987218640417,,2.0,-760.0,821.0,61.0,1,1,1,0,0,0,0,0,0,1
617257,2026-04-01,Jharkhand,627.31,627.31,330.82,61.84,Steel Authority of India Limited [SAIL],False,852.0,30.0,52.73628668441441,52.73628668441441,9.103713315585594,0,0,,-138.16,-9.103713315585594,,2.0,-822.0,852.0,30.0,1,1,1,0,0,0,0,0,0,0
617270,2026-04-01,"Multi-States(Bihar, WestBengal)",408.94,408.94,6.13,1.5,Power Grid Corporation of India Limited [POWERGRID],False,516.0,0.0,1.4989974079327042,1.4989974079327042,0.0010025920672958044,0,1,,,-0.0010025920672958,,,-516.0,516.0,0.0,0,0,0,0,0,0,0,0,0,0
617271,2026-04-01,"Multi-States(Bihar, Odisha,West Bengal)",342.69,342.69,102.8,29.73,Power Grid Corporation of India Limited [POWERGRID],False,577.0,0.0,29.99795733753538,29.99795733753538,-0.2679573375353783,0,1,,,0.2679573375353783,,,-577.0,577.0,0.0,0,0,0,0,0,0,0,0,0,1
617272,2026-04-01,Madhya Pradesh,370.0,370.0,114.7,35.03,Power Grid Corporation of India Limited [POWERGRID],False,669.0,0.0,31.0,31.0,4.030000000000001,0,0,,,-4.030000000000001,,,-669.0,669.0,0.0,0,0,0,0,0,0,0,0,0,0
617278,2026-04-01,Maharashtra,630.37,630.37,0.61,0.35,Western Coalfields Limited [WCL],False,424.0,245.0,0.09676856449386868,0.09676856449386868,0.2532314355061313,0,0,,-172.71122448979594,-0.2532314355061313,,1.7306122448979593,-179.0,424.0,245.0,1,1,1,0,0,1,0,0,0,0
617279,2026-04-01,Madhya Pradesh,558.0,558.0,50.22,9.75,Power Grid Corporation of India Limited [POWERGRID],False,304.0,0.0,9.0,9.0,0.75,0,0,,,-0.75,,,-304.0,304.0,0.0,0,0,0,0,0,0,0,0,0,0
617284,2026-04-01,Uttar Pradesh,1423.96,1423.96,123.09,17.0,North Central Railway,False,455.0,519.0,8.644203488862047,8.644203488862047,8.355796511137953,0,0,,-70.66859344894027,-8.355796511137953,,0.8766859344894027,64.0,455.0,519.0,1,1,1,0,0,0,0,0,0,0
617287,2026-04-01,Chhattisgarh,4516.88,4516.88,817.06,22.0,SECL - CIL,False,516.0,0.0,18.089034909052266,18.089034909052266,3.910965090947734,0,0,,,-3.910965090947734,,,-516.0,516.0,0.0,0,0,0,0,0,0,0,0,0,0
617288,2026-04-01,Chhattisgarh,382.61,382.61,116.09,21.29,South Eastern Coalfields Limited [SECL],False,455.0,0.0,30.34160110817804,30.34160110817804,-9.05160110817804,0,0,,,9.05160110817804,,,-455.0,455.0,0.0,0,0,0,0,0,0,0,0,0,1
617299,2026-04-01,Gujarat,383.84,383.84,328.56,51.0,NLC India Limited [NLCIL],False,821.0,549.0,85.59816590245937,85.59816590245937,-34.59816590245937,0,1,,-98.54462659380692,34.59816590245937,,1.4954462659380692,-272.0,821.0,549.0,1,1,1,0,0,0,1,1,1,0
617302,2026-04-01,West Bengal,1740.0,2493.15,2363.6,94.7,Ministry of Petroleum & Natural Gas,False,3318.0,0.0,94.80376230872591,94.80376230872591,-0.10376230872590497,1,1,,,0.1037623087259049,,,-3318.0,3318.0,0.0,0,0,0,0,0,0,0,0,0,0
617304,2026-04-01,Bihar,340.15,340.15,167.24,51.0,MinistryofPetroleumNaturalGas,False,913.0,0.0,49.16654417168896,49.16654417168896,1.8334558283110383,0,1,,,-1.8334558283110385,,,-913.0,913.0,0.0,0,0,0,0,0,0,0,0,0,0
617326,2026-04-01,Jharkhand,1842.25,1842.25,1648.05,96.0,Power Grid Corporation of India Limited [POWERGRID],False,5173.0,0.0,89.4585425430859,89.4585425430859,6.541457456914102,0,1,,,-6.541457456914102,,,-5173.0,5173.0,0.0,0,0,0,0,0,0,0,0,0,0
617327,2026-04-01,Maharashtra,12200.1,12200.1,81.63,8.25,Maharashtra Metro Rail Corporation Limited [MMRCL],False,577.0,0.0,0.6690928762878993,0.6690928762878993,7.580907123712101,0,0,,,-7.580907123712101,,,-577.0,577.0,0.0,0,0,0,0,0,0,0,0,0,0
617333,2026-04-01,Uttar Pradesh,199.96,199.96,5.19,0.5,East Central Railway [ECR] - I,False,700.0,578.0,2.595519103820764,2.595519103820764,-2.095519103820764,0,0,,-120.60726643598616,2.095519103820764,,1.2110726643598615,-122.0,700.0,578.0,1,1,1,0,0,1,0,0,0,1
617345,2026-04-01,West Bengal,226.87,226.87,86.69,50.0,South Eastern Railway - JH,False,486.0,275.0,38.21131044210341,38.21131044210341,11.78868955789659,0,0,,-126.72727272727272,-11.78868955789659,,1.767272727272727,-211.0,486.0,275.0,1,1,1,0,0,0,0,0,0,0
617361,2026-04-01,Maharashtra,362.81,362.81,0.48,0.0,CentralRailway,False,547.0,0.0,0.13230065323447535,0.13230065323447535,-0.13230065323447535,0,0,,,0.1323006532344753,,,-547.0,547.0,0.0,0,0,0,0,0,0,0,0,0,0
617364,2026-04-01,Maharashtra,338.33,205.0,24.04,24.0,CentralRailway,False,455.0,0.0,11.726829268292683,11.726829268292683,12.273170731707317,1,0,,,-12.273170731707316,,,-455.0,455.0,0.0,0,0,0,0,0,0,0,0,0,1
617370,2026-04-01,Uttar Pradesh,180.66,180.66,43.65,10.5,M/S SRC company Infra Private Limited,False,424.0,703.0,24.161408170043174,24.161408170043174,-13.661408170043174,0,0,,-49.81294452347083,13.661408170043174,,0.6031294452347084,279.0,424.0,703.0,1,1,1,0,0,0,1,0,0,0
617372,2026-04-01,Jharkhand,349.22,349.22,125.71,71.5,East Central Railway [ECR] - I,False,1247.0,0.0,35.9973655575282,35.9973655575282,35.5026344424718,0,1,,,-35.5026344424718,,,-1247.0,1247.0,0.0,0,0,0,0,0,0,0,0,0,1
617374,2026-04-01,Chhattisgarh,1516.45,1881.26,2124.32,98.0,Rail Vikas Nigam Limited,False,5995.0,123.0,112.92006421228326,100.0,-2.0,1,1,,-102.0,14.920064212283265,,2.0,-5872.0,5995.0,123.0,1,1,1,0,0,0,1,0,0,0
617375,2026-04-01,Arunachal Pradesh,209.38,209.38,3.14,1.5,Power Grid Corporation of India Limited [POWERGRID],False,243.0,0.0,1.4996656796255612,1.4996656796255612,0.00033432037443881235,0,0,,,-0.0003343203744388,,,-243.0,243.0,0.0,0,0,0,0,0,0,0,0,0,0
617379,2026-04-01,Delhi,446.21,446.21,553.14,80.0,Northern Railways,False,4779.0,1855.0,123.964052800251,100.0,-20.0,0,1,,-120.0,43.964052800251,,2.0,-2924.0,4779.0,1855.0,1,1,1,0,0,0,1,1,1,0
617390,2026-04-01,"Multi-States(Chhattisgarh,Odisha)",1281.81,1281.81,128.07,4.0,SECR,False,577.0,0.0,9.991340370257683,9.991340370257683,-5.991340370257683,0,0,,,5.991340370257683,,,-577.0,577.0,0.0,0,0,0,0,0,0,0,0,0,0
617391,2026-04-01,Gujarat,488.29,488.29,5.86,1.5,Power Grid Corporation of India Limited [POWERGRID],False,424.0,0.0,1.200106494091626,1.200106494091626,0.29989350590837405,0,1,,,-0.299893505908374,,,-424.0,424.0,0.0,0,0,0,0,0,0,0,0,0,0
617403,2026-04-01,Rajasthan,468.64,468.64,188.7,90.0,North Western Railway [NWR],False,821.0,0.0,40.26544895868897,40.26544895868897,49.73455104131103,0,0,,,-49.73455104131103,,,-821.0,821.0,0.0,0,0,0,0,0,0,0,0,0,0
617404,2026-04-01,Rajasthan,189.21,189.21,0.0,0.0,North Western Railway [NWR],False,365.0,0.0,0.0,0.0,0.0,0,0,,,0.0,,,-365.0,365.0,0.0,0,0,0,0,0,0,0,0,0,1
617405,2026-04-01,Gujarat,4000.0,4000.0,537.0,18.0,Adani Transmission Limited,False,547.0,,13.425,13.425,4.574999999999999,0,0,,,-4.574999999999999,,,,547.0,,0,0,0,0,0,0,0,0,0,0
617406,2026-04-01,"Multi-States(Madhya Pradesh,Rajasthan)",2417.24,2417.24,7.19,8.0,North Western Railway [NWR],False,1066.0,2769.0,0.2974466747199286,0.2974466747199286,7.702553325280071,0,0,,-30.497652582159624,-7.702553325280071,,0.3849765258215962,1703.0,1066.0,2769.0,1,1,1,0,0,0,0,0,0,0
617408,2026-04-01,Rajasthan,166.33,166.33,109.96,15.0,North Western Railway [NWR],False,730.0,1858.0,66.1095412733722,66.1095412733722,-51.1095412733722,0,0,,-24.289558665231432,51.1095412733722,,0.3928955866523143,1128.0,730.0,1858.0,1,1,0,0,0,0,1,1,1,1
617409,2026-04-01,Telangana,521.36,521.36,491.87,90.0,RVNL - II,True,1155.0,2406.0,94.3436397115237,94.3436397115237,-4.343639711523707,0,1,,41.99501246882793,4.343639711523707,,0.4800498753117207,1251.0,1155.0,2406.0,0,0,0,0,0,0,0,0,0,0
617413,2026-04-01,"Multi-States(Andhra Pradesh,Bihar,Chhattisgarh,Jharkhand,Madhya Pradesh,Maharashtra,Odisha,Telangana, UttarPradesh, WestBengal)",1884.6,1884.6,376.8,98.0,Department of Telecommunications [DoT],False,700.0,761.0,19.99363260108246,19.99363260108246,78.00636739891755,0,1,,6.015768725361369,-78.00636739891755,,0.9198423127463864,61.0,700.0,761.0,0,0,0,0,0,0,0,0,0,0
617416,2026-04-01,Jharkhand,5940.47,5940.47,262.83,26.0,Bharat Coking Coal Limited [BCCL],False,274.0,30.0,4.424397396165623,4.424397396165623,21.575602603834376,0,0,,-174.0,-21.575602603834376,,2.0,-244.0,274.0,30.0,1,1,1,0,0,1,0,0,0,0
617422,2026-04-01,Maharashtra,1923.81,1923.81,1949.56,49.5,Department of Water Resources-MH,False,3377.0,5359.0,101.33848976770055,100.0,-50.5,0,0,,-13.515487964172422,51.83848976770055,,0.6301548796417242,1982.0,3377.0,5359.0,1,0,0,0,0,0,1,1,1,0
617727,2026-04-01,Andhra Pradesh,2786.0,2786.0,112.0,6.14,NICDC,False,182.0,426.0,4.0201005025125625,4.0201005025125625,2.1198994974874372,0,0,,-36.58300469483568,-2.119899497487437,,0.4272300469483568,244.0,182.0,426.0,1,1,1,0,0,0,0,0,0,1
617729,2026-04-01,Andhra Pradesh,2136.0,2136.0,39.75,3.0,NICDC,False,182.0,426.0,1.8609550561797754,1.8609550561797754,1.1390449438202246,0,0,,-39.72300469483568,-1.1390449438202246,,0.4272300469483568,244.0,182.0,426.0,1,1,1,0,0,0,0,0,0,0
617730,2026-04-01,Gujarat,3335.85,3335.85,2171.16,40.0,NLC India Limited [NLCIL],False,669.0,305.0,65.08566032645352,65.08566032645352,-25.08566032645352,0,0,,-160.0,25.08566032645352,,2.0,-364.0,669.0,305.0,1,1,1,0,0,1,1,1,0,0
617764,2026-04-01,Jharkhand,1354.2,1354.2,141.98,40.0,NLC India Limited [NLCIL],False,852.0,61.0,10.484418845074583,10.484418845074583,29.515581154925417,0,0,,-160.0,-29.515581154925417,,2.0,-791.0,852.0,61.0,1,1,1,0,0,1,0,0,0,1
617801,2026-04-01,Gujarat,581.74,581.74,7.08,1.5,Power Grid Corporation of India Limited [POWERGRID],False,396.0,0.0,1.2170385395537524,1.2170385395537524,0.2829614604462476,0,1,,,-0.2829614604462476,,,-396.0,396.0,0.0,0,0,0,0,0,0,0,0,0,0
617802,2026-04-01,Madhya Pradesh,319.0,319.0,12.76,2.5,Power Grid Corporation of India Limited [POWERGRID],False,182.0,0.0,4.0,4.0,-1.5,0,0,,,1.5,,,-182.0,182.0,0.0,0,0,0,0,0,0,0,0,0,0
617803,2026-04-01,Karnataka,379.0,379.0,17.06,2.5,Power Grid Corporation of India Limited [POWERGRID],False,212.0,0.0,4.5013192612137205,4.5013192612137205,-2.0013192612137205,0,0,,,2.0013192612137205,,,-212.0,212.0,0.0,0,0,0,0,0,0,0,0,0,0
617804,2026-04-01,Karnataka,153.23,153.23,58.93,58.0,New Mangalore Port Authority,False,669.0,183.0,38.45852639822489,38.45852639822489,19.54147360177511,0,0,,-142.0,-19.54147360177511,,2.0,-486.0,669.0,183.0,1,1,1,0,0,0,0,0,0,1
617806,2026-04-01,"Multi-States(Andhra Pradesh,Karnataka)",4535.99,4535.99,677.57,40.0,Sterlite Power,False,396.0,212.0,14.937643160588982,14.937643160588982,25.062356839411017,0,0,,-146.7924528301887,-25.062356839411017,,1.8679245283018868,-184.0,396.0,212.0,1,1,1,0,0,1,0,0,0,0
617807,2026-04-01,"Multi-States(Bihar, UttarPradesh)",2368.0,2368.0,35.52,2.0,Power Grid Corporation of India Limited [POWERGRID],False,182.0,0.0,1.5000000000000002,1.5000000000000002,0.4999999999999998,0,0,,,-0.4999999999999998,,,-182.0,182.0,0.0,0,0,0,0,0,0,0,0,0,0
617808,2026-04-01,"Multi-States(Karnataka,Maharashtra)",1007.0,1007.0,20.14,2.5,Power Grid Corporation of India Limited [POWERGRID],False,182.0,0.0,2.0,2.0,0.5,0,0,,,-0.5,,,-182.0,182.0,0.0,0,0,0,0,0,0,0,0,0,0
617818,2026-04-01,Odisha,514.91,514.91,22.08,5.9,Ministry of Petroleum & Natural Gas,False,1520.0,0.0,4.288128022372842,4.288128022372842,1.6118719776271586,0,1,,,-1.6118719776271586,,,-1520.0,1520.0,0.0,0,0,0,0,0,0,0,0,0,0
617819,2026-04-01,Chhattisgarh,557.04,557.04,8.76,2.2,Ministry of Petroleum & Natural Gas,False,1400.0,0.0,1.5725980180956487,1.5725980180956487,0.6274019819043515,0,1,,,-0.6274019819043515,,,-1400.0,1400.0,0.0,0,0,0,0,0,0,0,0,0,0
617822,2026-04-01,Telangana,215.0,215.0,45.69,24.7,MinistryofPetroleumNaturalGas,False,396.0,0.0,21.251162790697673,21.251162790697673,3.448837209302326,0,1,,,-3.448837209302326,,,-396.0,396.0,0.0,0,0,0,0,0,0,0,0,0,0
617827,2026-04-01,"Multi-States(Assam, Bihar,West Bengal)",680.0,680.0,8.19,24.0,Ministry of Petroleum & Natural Gas,False,486.0,0.0,1.2044117647058823,1.2044117647058823,22.79558823529412,0,1,,,-22.79558823529412,,,-486.0,486.0,0.0,0,0,0,0,0,0,0,0,0,0
617828,2026-04-01,West Bengal,267.0,267.0,1.92,11.2,Indian Oil Corporation Limited [IOCL],False,577.0,0.0,0.7191011235955056,0.7191011235955056,10.480898876404494,0,1,,,-10.480898876404494,,,-577.0,577.0,0.0,0,0,0,0,0,0,0,0,0,0
617829,2026-04-01,Mizoram,225.71,225.71,22.78,32.0,Ministry of Petroleum & Natural Gas,True,639.0,0.0,10.092596694873954,10.092596694873954,21.907403305126046,0,1,,,-21.90740330512605,,,-639.0,639.0,0.0,0,0,0,0,0,0,0,0,0,1
617830,2026-04-01,Madhya Pradesh,1792.0,1792.0,488.0,65.2,Ministry of Petroleum & Natural Gas,False,700.0,0.0,27.232142857142854,27.232142857142854,37.96785714285715,0,1,,,-37.96785714285715,,,-700.0,700.0,0.0,0,0,0,0,0,0,0,0,0,0
617832,2026-04-01,Jharkhand,2887.11,2887.11,0.0,0.0,East Central Railway [ECR] - I,False,304.0,0.0,0.0,0.0,0.0,0,0,,,0.0,,,-304.0,304.0,0.0,0,0,0,0,0,0,0,0,0,0
617836,2026-04-01,Assam,635.28,635.28,453.66,60.6,Ministry of Petroleum & Natural Gas,False,1217.0,0.0,71.41103135625237,71.41103135625237,-10.811031356252364,0,1,,,10.811031356252364,,,-1217.0,1217.0,0.0,0,0,0,0,0,0,1,0,0,1
617837,2026-04-01,West Bengal,484.0,484.0,310.0,87.9,Ministry of Petroleum & Natural Gas,False,1612.0,0.0,64.0495867768595,64.0495867768595,23.850413223140507,0,1,,,-23.850413223140507,,,-1612.0,1612.0,0.0,0,0,0,0,0,0,0,0,0,1
617838,2026-04-01,Kerala,1130.0,1130.0,268.98,36.2,Ministry of Petroleum & Natural Gas,False,577.0,0.0,23.80353982300885,23.80353982300885,12.396460176991152,0,1,,,-12.396460176991152,,,-577.0,577.0,0.0,0,0,0,0,0,0,0,0,0,0
617839,2026-04-01,Gujarat,356.86,304.4,72.32,66.0,Ministry of Petroleum & Natural Gas,False,1066.0,0.0,23.758212877792378,23.758212877792378,42.241787122207626,1,1,,,-42.241787122207626,,,-1066.0,1066.0,0.0,0,0,0,0,0,0,0,0,0,1
617877,2026-04-01,Chhattisgarh,1188.97,1188.97,0.0,0.0,"Indian Institute of Technology, Bhilai",False,90.0,245.0,0.0,0.0,0.0,0,0,,-36.734693877551024,0.0,,0.3673469387755102,155.0,90.0,245.0,1,1,1,0,0,0,0,0,0,0
617878,2026-04-01,Kerala,1527.0,1527.0,9.8,0.0,INDIAN INSTITUTE OF TECHNOLOGY PALAKKAD,False,90.0,245.0,0.641781270464964,0.641781270464964,-0.641781270464964,0,0,,-36.734693877551024,0.641781270464964,,0.3673469387755102,155.0,90.0,245.0,1,1,1,0,0,0,0,0,0,0
617880,2026-04-01,Gujarat,2526.47,2526.47,0.0,0.0,Western Railway [WR] - II,False,212.0,0.0,0.0,0.0,0.0,0,0,,,0.0,,,-212.0,212.0,0.0,0,0,0,0,0,0,0,0,0,0
617882,2026-04-01,Delhi,358.19,358.19,0.0,0.0,PMSSY AND Institute of NATIONAL Importance,False,212.0,0.0,0.0,0.0,0.0,0,0,,,0.0,,,-212.0,212.0,0.0,0,0,0,0,0,0,0,0,0,0
617883,2026-04-01,Delhi,4441.0,4441.0,24.68,61.0,PMSSY AND Institute of NATIONAL Importance,False,1400.0,2069.0,0.5557306912857465,0.5557306912857465,60.444269308714254,0,0,,-6.665538907684876,-60.444269308714254,,0.6766553890768487,669.0,1400.0,2069.0,0,0,0,0,0,0,0,0,0,1
617885,2026-04-01,Meghalaya,302.88,302.88,182.58,99.1,MoRTH,False,1520.0,549.0,60.28129952456419,60.28129952456419,38.818700475435804,0,1,,-100.9,-38.81870047543581,,2.0,-971.0,1520.0,549.0,1,1,1,0,0,0,0,0,0,1
617886,2026-04-01,Nagaland,252.2,252.2,0.0,44.46,MoRTH,False,669.0,1461.0,0.0,0.0,44.46,0,1,,-1.3305544147843946,-44.46,,0.4579055441478439,792.0,669.0,1461.0,0,0,0,0,0,0,0,0,0,0
617887,2026-04-01,Rajasthan,379.23,379.23,179.11,99.0,MoRTH,False,1643.0,304.0,47.229913245260136,47.229913245260136,51.770086754739864,0,1,,-101.0,-51.77008675473986,,2.0,-1339.0,1643.0,304.0,1,1,1,0,0,0,0,0,0,0
617888,2026-04-01,Uttarakhand,192.54,192.54,0.0,99.0,MoRTH,False,790.0,396.0,0.0,0.0,99.0,0,1,,-100.49494949494952,-99.0,,1.994949494949495,-394.0,790.0,396.0,1,1,1,0,0,0,0,0,0,0
617889,2026-04-01,Uttarakhand,192.22,192.22,0.0,97.0,MoRTH,False,1035.0,212.0,0.0,0.0,97.0,0,1,,-103.0,-97.0,,2.0,-823.0,1035.0,212.0,1,1,1,0,0,0,0,0,0,1
617890,2026-04-01,Uttarakhand,220.89,220.89,0.0,5.0,MoRTH,False,90.0,334.0,0.0,0.0,5.0,0,0,,-21.94610778443114,-5.0,,0.2694610778443114,244.0,90.0,334.0,1,1,0,0,0,0,0,0,0,0
617891,2026-04-01,Rajasthan,186.29,186.29,66.7,100.0,MoRTH,False,1155.0,337.0,35.80439100327447,35.80439100327447,64.19560899672553,0,1,,-100.0,-64.19560899672553,,2.0,-818.0,1155.0,337.0,1,1,1,0,0,0,0,0,0,0
617892,2026-04-01,Arunachal Pradesh,450.65,450.65,308.61,96.61,MoRTH,False,1977.0,611.0,68.48108288028403,68.48108288028403,28.128917119715965,0,1,,-103.39,-28.128917119715965,,2.0,-1366.0,1977.0,611.0,1,1,1,0,0,0,0,0,0,1
617893,2026-04-01,West Bengal,304.83,304.83,0.0,0.0,MoRTH,False,151.0,731.0,0.0,0.0,0.0,0,1,,-20.656634746922027,0.0,,0.2065663474692202,580.0,151.0,731.0,1,1,0,0,0,0,0,0,0,0
617894,2026-04-01,West Bengal,410.83,410.83,157.03,65.11,MoRTH,False,761.0,366.0,38.22262249592289,38.22262249592289,26.887377504077108,0,1,,-134.89,-26.887377504077108,,2.0,-395.0,761.0,366.0,1,1,1,0,0,0,0,0,0,1
617895,2026-04-01,Assam,535.03,535.03,161.56,70.71,MoRTH,False,1096.0,396.0,30.19643758293928,30.19643758293928,40.51356241706071,0,1,,-129.29000000000002,-40.51356241706071,,2.0,-700.0,1096.0,396.0,1,1,1,0,0,0,0,0,0,0
617896,2026-04-01,Assam,421.15,421.15,0.0,17.9,MoRTH,False,365.0,396.0,0.0,0.0,17.9,0,1,,-74.27171717171717,-17.9,,0.9217171717171716,31.0,365.0,396.0,1,1,1,0,0,0,0,0,0,0
617897,2026-04-01,Bihar,295.24,295.24,33.07,81.7,MoRTH,False,1005.0,487.0,11.201056767375695,11.201056767375695,70.49894323262431,0,1,,-118.3,-70.49894323262431,,2.0,-518.0,1005.0,487.0,1,1,1,0,0,0,0,0,0,1
617898,2026-04-01,Odisha,199.5,199.5,0.1,0.0,MoRTH,False,365.0,762.0,0.05012531328320802,0.05012531328320802,-0.05012531328320802,0,1,,-47.9002624671916,0.050125313283208,,0.479002624671916,397.0,365.0,762.0,1,1,1,0,0,0,0,0,0,0
617899,2026-04-01,Odisha,636.1,636.1,292.74,56.11,MoRTH,False,790.0,702.0,46.0210658701462,46.0210658701462,10.088934129853797,0,1,,-56.42561253561253,-10.088934129853795,,1.1253561253561253,-88.0,790.0,702.0,1,1,1,0,0,0,0,0,0,0
617900,2026-04-01,Rajasthan,150.11,150.11,12.2,97.0,MoRTH,False,1308.0,274.0,8.12737325960962,8.12737325960962,88.87262674039039,0,1,,-103.0,-88.87262674039039,,2.0,-1034.0,1308.0,274.0,1,1,1,0,0,0,0,0,0,0
617901,2026-04-01,Rajasthan,194.88,194.88,48.47,98.58,MoRTH,False,1217.0,334.0,24.871715927750408,24.871715927750408,73.7082840722496,0,1,,-101.42,-73.7082840722496,,2.0,-883.0,1217.0,334.0,1,1,1,0,0,0,0,0,0,0
617902,2026-04-01,Odisha,168.95,168.95,7.84,21.0,MoRTH,False,486.0,641.0,4.6404261615862685,4.6404261615862685,16.35957383841373,0,1,,-54.81903276131045,-16.35957383841373,,0.7581903276131046,155.0,486.0,641.0,1,1,1,0,0,0,0,0,0,0
617904,2026-04-01,Odisha,238.78,238.78,6.09,55.0,MoRTH,False,1096.0,424.0,2.550464863053857,2.550464863053857,52.449535136946146,0,1,,-145.0,-52.44953513694615,,2.0,-672.0,1096.0,424.0,1,1,1,0,0,0,0,0,0,0
617905,2026-04-01,Odisha,324.09,324.09,84.57,70.09,MoRTH,False,1066.0,516.0,26.09460335092104,26.09460335092104,43.99539664907896,0,1,,-129.91,-43.99539664907896,,2.0,-550.0,1066.0,516.0,1,1,1,0,0,0,0,0,0,0
617906,2026-04-01,Gujarat,246.6,291.19,0.0,35.0,MoRTH,False,455.0,823.0,0.0,0.0,35.0,1,1,,-20.28554070473876,-35.0,,0.5528554070473876,368.0,455.0,823.0,1,1,0,0,0,0,0,0,0,0
617907,2026-04-01,Andhra Pradesh,436.09,436.09,221.22,100.0,MoRTH,False,1308.0,274.0,50.72806072141071,50.72806072141071,49.27193927858929,0,1,,-100.0,-49.27193927858929,,2.0,-1034.0,1308.0,274.0,1,1,1,0,0,0,0,0,0,0
617908,2026-04-01,Chhattisgarh,161.96,161.96,0.0,32.0,MoRTH,False,365.0,456.0,0.0,0.0,32.0,0,1,,-48.04385964912281,-32.0,,0.8004385964912281,91.0,365.0,456.0,1,1,1,0,0,0,0,0,0,0
617909,2026-04-01,Madhya Pradesh,648.05,648.05,0.0,50.0,MoRTH,False,424.0,337.0,0.0,0.0,50.0,0,1,,-75.81602373887239,-50.0,,1.258160237388724,-87.0,424.0,337.0,1,1,1,0,0,0,0,0,0,0
617911,2026-04-01,Madhya Pradesh,511.83,613.16,0.0,94.5,MoRTH,False,3896.0,153.0,0.0,0.0,94.5,1,1,,-105.5,-94.5,,2.0,-3743.0,3896.0,153.0,1,1,1,0,0,0,0,0,0,0
617912,2026-04-01,Maharashtra,619.55,619.55,0.0,6.05,MoRTH,False,182.0,579.0,0.0,0.0,6.05,0,1,,-25.38350604490501,-6.05,,0.3143350604490501,397.0,182.0,579.0,1,1,0,0,0,0,0,0,0,0
617913,2026-04-01,Telangana,283.15,300.7,480.38,92.62,MoRTH,False,2892.0,120.0,159.7539075490522,100.0,-7.3799999999999955,1,1,,-107.38,67.1339075490522,,2.0,-2772.0,2892.0,120.0,1,1,1,0,0,0,1,1,1,0
617914,2026-04-01,Madhya Pradesh,241.23,250.09,0.0,29.09,MoRTH,False,821.0,671.0,0.0,0.0,29.09,1,1,,-93.264694485842,-29.09,,1.2235469448584202,-150.0,821.0,671.0,1,1,1,0,0,1,0,0,0,0
617915,2026-04-01,Madhya Pradesh,329.14,319.09,0.0,93.68,MoRTH,False,943.0,608.0,0.0,0.0,93.68,1,1,,-61.41868421052629,-93.68,,1.550986842105263,-335.0,943.0,608.0,1,1,1,0,0,0,0,0,0,0
617916,2026-04-01,Gujarat,1295.39,1295.39,0.0,26.0,MoRTH,False,243.0,518.0,0.0,0.0,26.0,0,1,,-20.91119691119691,-26.0,,0.4691119691119691,275.0,243.0,518.0,1,1,0,0,0,0,0,0,0,0
617917,2026-04-01,Maharashtra,478.83,490.52,0.0,95.0,MoRTH,False,1492.0,365.0,0.0,0.0,95.0,1,1,,-105.0,-95.0,,2.0,-1127.0,1492.0,365.0,1,1,1,0,0,0,0,0,0,0
617919,2026-04-01,Chhattisgarh,349.03,349.03,0.0,97.9,MoRTH,False,2647.0,306.0,0.0,0.0,97.9,0,1,,-102.1,-97.9,,2.0,-2341.0,2647.0,306.0,1,1,1,0,0,0,0,0,0,0
617920,2026-04-01,Odisha,511.54,511.54,0.0,3.0,MoRTH,False,304.0,1247.0,0.0,0.0,3.0,0,1,,-21.3785084202085,-3.0,,0.243785084202085,943.0,304.0,1247.0,1,1,0,0,0,0,0,0,0,0
617921,2026-04-01,Odisha,499.79,499.79,129.74,60.65,MoRTH,False,1035.0,457.0,25.958902739150442,25.958902739150442,34.69109726084956,0,1,,-139.35,-34.69109726084956,,2.0,-578.0,1035.0,457.0,1,1,1,0,0,0,0,0,0,1
617922,2026-04-01,Odisha,587.1,587.1,52.43,21.0,MoRTH,False,455.0,1218.0,8.93033554760688,8.93033554760688,12.06966445239312,0,1,,-16.356321839080458,-12.06966445239312,,0.3735632183908046,763.0,455.0,1218.0,1,0,0,0,0,0,0,0,0,0
617923,2026-04-01,Odisha,155.97,155.97,36.6,20.0,MoRTH,False,335.0,820.0,23.466051163685325,23.466051163685325,-3.466051163685325,0,1,,-20.853658536585364,3.466051163685325,,0.4085365853658536,485.0,335.0,820.0,1,1,0,0,0,0,0,0,0,0
617924,2026-04-01,Odisha,300.33,300.33,82.33,100.0,MoRTH,False,1066.0,485.0,27.41317883661306,27.41317883661306,72.58682116338694,0,1,,-100.0,-72.58682116338694,,2.0,-581.0,1066.0,485.0,1,1,1,0,0,0,0,0,0,0
617925,2026-04-01,Odisha,157.49,157.49,33.61,82.0,MoRTH,False,1066.0,454.0,21.34103752619214,21.34103752619214,60.65896247380786,0,1,,-118.0,-60.65896247380786,,2.0,-612.0,1066.0,454.0,1,1,1,0,0,0,0,0,0,0
617926,2026-04-01,Gujarat,398.4,398.4,0.0,33.0,MoRTH,False,243.0,518.0,0.0,0.0,33.0,0,1,,-13.91119691119691,-33.0,,0.4691119691119691,275.0,243.0,518.0,1,0,0,0,0,0,0,0,0,0
617927,2026-04-01,Gujarat,699.19,699.19,0.0,24.0,MoRTH,False,212.0,549.0,0.0,0.0,24.0,0,1,,-14.615664845173043,-24.0,,0.3861566484517304,337.0,212.0,549.0,1,0,0,0,0,0,0,0,0,0
617928,2026-04-01,Gujarat,151.13,171.27,0.0,98.0,MoRTH,False,761.0,731.0,0.0,0.0,98.0,1,1,,-6.103967168262642,-98.0,,1.0410396716826265,-30.0,761.0,731.0,0,0,0,0,0,0,0,0,0,0
617929,2026-04-01,Uttarakhand,247.41,247.41,110.98,73.5,MoRTH,False,2892.0,89.0,44.8567155733398,44.8567155733398,28.643284426660202,0,1,,-126.5,-28.6432844266602,,2.0,-2803.0,2892.0,89.0,1,1,1,0,0,0,0,0,0,0
617930,2026-04-01,Odisha,196.94,196.94,51.16,75.0,MoRTH,False,1492.0,365.0,25.97745506245557,25.97745506245557,49.02254493754443,0,1,,-125.0,-49.02254493754443,,2.0,-1127.0,1492.0,365.0,1,1,1,0,0,0,0,0,0,0
617931,2026-04-01,West Bengal,155.87,138.57,0.0,15.7,MoRTH,False,974.0,2709.0,0.0,0.0,15.7,1,1,,-20.254226651901075,-15.7,,0.3595422665190107,1735.0,974.0,2709.0,1,1,0,0,0,0,0,0,0,0
617932,2026-04-01,Maharashtra,496.64,496.64,0.0,70.14,MoRTH,False,1005.0,487.0,0.0,0.0,70.14,0,1,,-129.86,-70.14,,2.0,-518.0,1005.0,487.0,1,1,1,0,0,0,0,0,0,0
617933,2026-04-01,Maharashtra,984.07,984.07,0.0,100.0,MoRTH,False,761.0,394.0,0.0,0.0,100.0,0,1,,-93.14720812182742,-100.0,,1.9314720812182744,-367.0,761.0,394.0,1,1,1,0,0,0,0,0,0,0
617934,2026-04-01,Maharashtra,406.54,406.54,0.0,95.84,MoRTH,False,3134.0,62.0,0.0,0.0,95.84,0,1,,-104.16,-95.84,,2.0,-3072.0,3134.0,62.0,1,1,1,0,0,0,0,0,0,0
617935,2026-04-01,Karnataka,298.0,349.49,167.23,52.0,MoRTH,False,1765.0,304.0,47.84972388337291,47.84972388337291,4.15027611662709,1,1,,-148.0,-4.15027611662709,,2.0,-1461.0,1765.0,304.0,1,1,1,0,0,0,0,0,0,0
617936,2026-04-01,Telangana,253.99,183.26,0.0,100.0,MoRTH,False,3318.0,151.0,0.0,0.0,100.0,1,0,,-100.0,-100.0,,2.0,-3167.0,3318.0,151.0,1,1,1,0,0,0,0,0,0,0
617937,2026-04-01,Maharashtra,809.77,809.77,0.0,0.0,MoRTH,False,0.0,516.0,0.0,0.0,0.0,0,0,,0.0,0.0,,0.0,516.0,0.0,516.0,0,0,0,0,0,0,0,0,0,0
617938,2026-04-01,Maharashtra,574.18,574.18,0.06,10.0,MoRTH,False,212.0,274.0,0.010449684767842837,0.010449684767842837,9.989550315232156,0,1,,-67.37226277372264,-9.989550315232156,,0.7737226277372263,62.0,212.0,274.0,1,1,1,0,0,0,0,0,0,0
617939,2026-04-01,Telangana,1297.75,1297.75,0.0,37.5,MoRTH,False,639.0,488.0,0.0,0.0,37.5,0,1,,-93.44262295081968,-37.5,,1.3094262295081966,-151.0,639.0,488.0,1,1,1,0,0,1,0,0,0,0
617940,2026-04-01,Telangana,545.11,545.11,273.9,80.59,MoRTH,False,1370.0,487.0,50.24673919025518,50.24673919025518,30.343260809744827,0,1,,-119.41,-30.343260809744827,,2.0,-883.0,1370.0,487.0,1,1,1,0,0,0,0,0,0,1
617941,2026-04-01,Goa,398.25,398.25,0.0,0.0,MoRTH,False,59.0,580.0,0.0,0.0,0.0,0,1,,-10.172413793103448,0.0,,0.1017241379310344,521.0,59.0,580.0,1,0,0,0,0,0,0,0,0,0
617942,2026-04-01,Goa,641.46,641.46,0.0,90.59,MoRTH,False,730.0,366.0,0.0,0.0,90.59,0,1,,-108.86355191256833,-90.59,,1.994535519125683,-364.0,730.0,366.0,1,1,1,0,0,0,0,0,0,0
617944,2026-04-01,Maharashtra,680.43,701.46,0.0,98.37,MoRTH,False,2739.0,30.0,0.0,0.0,98.37,1,1,,-101.63,-98.37,,2.0,-2709.0,2739.0,30.0,1,1,1,0,0,0,0,0,0,0
617945,2026-04-01,Maharashtra,354.21,354.21,0.0,52.09,MoRTH,False,182.0,214.0,0.0,0.0,52.09,0,1,,-32.956728971962605,-52.09,,0.8504672897196262,32.0,182.0,214.0,1,1,1,0,0,0,0,0,0,0
617946,2026-04-01,Maharashtra,1142.62,1142.62,0.0,97.5,MoRTH,False,2981.0,702.0,0.0,0.0,97.5,0,1,,-102.5,-97.5,,2.0,-2279.0,2981.0,702.0,1,1,1,0,0,0,0,0,0,0
617947,2026-04-01,Maharashtra,1006.99,1443.09,0.0,80.06,MoRTH,False,3073.0,610.0,0.0,0.0,80.06,1,1,,-119.94,-80.06,,2.0,-2463.0,3073.0,610.0,1,1,1,0,0,0,0,0,0,0
617948,2026-04-01,Maharashtra,1117.75,2020.56,287.96,90.14,MoRTH,False,3073.0,610.0,14.25149463515065,14.25149463515065,75.88850536484935,1,1,,-109.86,-75.88850536484935,,2.0,-2463.0,3073.0,610.0,1,1,1,0,0,0,0,0,0,0
617949,2026-04-01,Andhra Pradesh,159.66,159.66,59.26,100.0,MoRTH,False,761.0,366.0,37.11637229111863,37.11637229111863,62.88362770888137,0,1,,-100.0,-62.88362770888137,,2.0,-395.0,761.0,366.0,1,1,1,0,0,0,0,0,0,0
617950,2026-04-01,Karnataka,204.42,204.42,0.0,0.0,MoRTH,False,274.0,973.0,0.0,0.0,0.0,0,1,,-28.160328879753337,0.0,,0.2816032887975334,699.0,274.0,973.0,1,1,0,0,0,0,0,0,0,0
617951,2026-04-01,Karnataka,314.55,314.55,0.0,0.0,MoRTH,False,90.0,1037.0,0.0,0.0,0.0,0,1,,-8.678881388621022,0.0,,0.0867888138862102,947.0,90.0,1037.0,0,0,0,0,0,0,0,0,0,0
617954,2026-04-01,Karnataka,398.48,398.48,211.59,93.25,MoRTH,False,1155.0,337.0,53.099277253563535,53.099277253563535,40.150722746436465,0,1,,-106.75,-40.15072274643647,,2.0,-818.0,1155.0,337.0,1,1,1,0,0,0,0,0,0,0
617955,2026-04-01,Karnataka,718.52,718.52,308.84,82.0,MoRTH,False,1127.0,365.0,42.98279797361243,42.98279797361243,39.01720202638757,0,1,,-118.0,-39.01720202638757,,2.0,-762.0,1127.0,365.0,1,1,1,0,0,0,0,0,0,0
617957,2026-04-01,Uttar Pradesh,274.06,274.06,0.0,91.85,MoRTH,False,761.0,394.0,0.0,0.0,91.85,0,0,,-101.29720812182742,-91.85,,1.9314720812182744,-367.0,761.0,394.0,1,1,1,0,0,0,0,0,0,0
617958,2026-04-01,Bihar,566.1,566.1,251.12,95.0,MoRTH,False,1247.0,610.0,44.35965377141848,44.35965377141848,50.64034622858152,0,1,,-105.0,-50.64034622858152,,2.0,-637.0,1247.0,610.0,1,1,1,0,0,0,0,0,0,0
617959,2026-04-01,Bihar,477.54,477.54,311.39,95.66,MoRTH,False,1155.0,702.0,65.2071030698999,65.2071030698999,30.452896930100096,0,0,,-68.86991452991452,-30.452896930100096,,1.6452991452991452,-453.0,1155.0,702.0,1,1,1,0,0,0,0,0,0,0
617960,2026-04-01,West Bengal,271.17,291.2,209.23,84.6,MoRTH,False,3438.0,92.0,71.85096153846153,71.85096153846153,12.749038461538461,1,1,,-115.4,-12.74903846153846,,2.0,-3346.0,3438.0,92.0,1,1,1,0,0,0,0,0,0,1
617961,2026-04-01,Bihar,1408.85,2138.16,0.0,97.0,MoRTH,False,3438.0,1035.0,0.0,0.0,97.0,1,1,,-103.0,-97.0,,2.0,-2403.0,3438.0,1035.0,1,1,1,0,0,0,0,0,0,0
617962,2026-04-01,Tamil Nadu,238.97,260.07,119.33,93.0,MoRTH,False,577.0,915.0,45.883800515245895,45.883800515245895,47.116199484754105,1,1,,29.939890710382517,-47.116199484754105,,0.6306010928961748,338.0,577.0,915.0,0,0,0,0,0,0,0,0,0,0
617963,2026-04-01,Uttar Pradesh,296.02,351.78,0.0,35.0,MoRTH,False,455.0,1096.0,0.0,0.0,35.0,1,1,,-6.514598540145983,-35.0,,0.4151459854014598,641.0,455.0,1096.0,0,0,0,0,0,0,0,0,0,1
617964,2026-04-01,Uttar Pradesh,309.63,309.63,32.4,25.0,MoRTH,False,516.0,701.0,10.464102315667086,10.464102315667086,14.535897684332914,0,1,,-48.60912981455064,-14.535897684332914,,0.7360912981455064,185.0,516.0,701.0,1,1,1,0,0,0,0,0,0,0
617965,2026-04-01,Maharashtra,195.38,195.38,0.0,80.0,MoRTH,False,1186.0,214.0,0.0,0.0,80.0,0,1,,-120.0,-80.0,,2.0,-972.0,1186.0,214.0,1,1,1,0,0,0,0,0,0,0
617966,2026-04-01,Bihar,780.77,961.33,0.04,99.74,MoRTH,False,3469.0,1004.0,0.004160902083571718,0.004160902083571718,99.73583909791643,1,1,,-100.26,-99.73583909791644,,2.0,-2465.0,3469.0,1004.0,1,1,1,0,0,0,0,0,0,1
617967,2026-04-01,Uttarakhand,251.88,251.88,0.0,99.0,MoRTH,False,1186.0,699.0,0.0,0.0,99.0,0,1,,-70.67095851216024,-99.0,,1.6967095851216023,-487.0,1186.0,699.0,1,1,1,0,0,0,0,0,0,0
617968,2026-04-01,Uttarakhand,418.89,418.89,422.72,95.0,MoRTH,False,2981.0,337.0,100.91432118217195,100.0,-5.0,0,1,,-105.0,5.914321182171946,,2.0,-2644.0,2981.0,337.0,1,1,1,0,0,0,0,0,0,0
617969,2026-04-01,Bihar,201.08,201.08,0.01,58.0,MoRTH,False,639.0,488.0,0.004973145016908692,0.004973145016908692,57.99502685498309,0,1,,-72.94262295081967,-57.99502685498309,,1.3094262295081966,-151.0,639.0,488.0,1,1,1,0,0,0,0,0,0,1
617970,2026-04-01,Uttarakhand,282.08,282.08,166.13,100.0,MoRTH,False,3226.0,243.0,58.894639818491214,58.894639818491214,41.105360181508786,0,1,,-100.0,-41.10536018150879,,2.0,-2983.0,3226.0,243.0,1,1,1,0,0,0,0,0,0,0
617971,2026-04-01,Chhattisgarh,322.4,322.4,1.1,62.0,MoRTH,False,396.0,821.0,0.34119106699751867,0.34119106699751867,61.65880893300248,0,1,,13.766138855054812,-61.65880893300248,,0.4823386114494519,425.0,396.0,821.0,0,0,0,0,0,0,0,0,0,0
617972,2026-04-01,Chhattisgarh,200.67,200.67,14.99,0.0,MoRTH,False,486.0,731.0,7.469975581800966,7.469975581800966,-7.469975581800966,0,0,,-66.484268125855,7.469975581800966,,0.66484268125855,245.0,486.0,731.0,1,1,1,0,0,0,0,0,0,0
617973,2026-04-01,Chhattisgarh,188.8,188.8,102.56,97.0,MoRTH,False,2527.0,546.0,54.32203389830508,54.32203389830508,42.67796610169492,0,1,,-103.0,-42.67796610169492,,2.0,-1981.0,2527.0,546.0,1,1,1,0,0,0,0,0,0,0
617974,2026-04-01,Uttarakhand,344.73,344.73,0.0,17.78,MoRTH,False,182.0,153.0,0.0,0.0,17.78,0,0,,-101.17424836601307,-17.78,,1.1895424836601307,-29.0,182.0,153.0,1,1,1,0,0,1,0,0,0,0
617975,2026-04-01,Uttarakhand,237.79,237.79,79.56,100.0,MoRTH,False,3073.0,245.0,33.458093275579294,33.458093275579294,66.5419067244207,0,1,,-100.0,-66.5419067244207,,2.0,-2828.0,3073.0,245.0,1,1,1,0,0,0,0,0,0,0
617976,2026-04-01,Gujarat,530.2,530.2,58.29,80.0,MoRTH,False,669.0,458.0,10.993964541682383,10.993964541682383,69.00603545831761,0,1,,-66.06986899563319,-69.00603545831761,,1.460698689956332,-211.0,669.0,458.0,1,1,1,0,0,0,0,0,0,0
617977,2026-04-01,Gujarat,211.28,234.44,0.0,99.55,MoRTH,False,2708.0,214.0,0.0,0.0,99.55,1,1,,-100.45,-99.55,,2.0,-2494.0,2708.0,214.0,1,1,1,0,0,0,0,0,0,0
617978,2026-04-01,Maharashtra,631.76,631.76,187.58,74.54,MoRTH,False,335.0,426.0,29.69165505888312,29.69165505888312,44.848344941116885,0,1,,-4.098497652582154,-44.848344941116885,,0.7863849765258216,91.0,335.0,426.0,0,0,0,0,0,0,0,0,0,0
617979,2026-04-01,Maharashtra,533.76,533.76,0.0,68.95,MoRTH,True,335.0,426.0,0.0,0.0,68.95,0,1,,-9.688497652582155,-68.95,,0.7863849765258216,91.0,335.0,426.0,0,0,0,0,0,0,0,0,0,1
617980,2026-04-01,Telangana,626.76,626.76,16.13,51.7,MoRTH,False,2831.0,122.0,2.5735528751037076,2.5735528751037076,49.126447124896295,0,1,,-148.3,-49.126447124896295,,2.0,-2709.0,2831.0,122.0,1,1,1,0,0,0,0,0,0,0
617981,2026-04-01,Telangana,359.0,359.0,0.0,99.92,MoRTH,False,3257.0,61.0,0.0,0.0,99.92,0,1,,-100.08,-99.92,,2.0,-3196.0,3257.0,61.0,1,1,1,0,0,0,0,0,0,0
617982,2026-04-01,Telangana,230.03,230.03,0.0,0.0,MoRTH,False,2861.0,151.0,0.0,0.0,0.0,0,1,,-200.0,0.0,,2.0,-2710.0,2861.0,151.0,1,1,1,0,0,1,0,0,0,0
617983,2026-04-01,Telangana,317.19,300.56,175.26,87.0,MoRTH,False,1370.0,487.0,58.31115251530476,58.31115251530476,28.688847484695238,1,1,,-113.0,-28.68884748469524,,2.0,-883.0,1370.0,487.0,1,1,1,0,0,0,0,0,0,0
617984,2026-04-01,Andhra Pradesh,317.22,317.22,0.0,73.46,MoRTH,False,1066.0,426.0,0.0,0.0,73.46,0,1,,-126.54,-73.46,,2.0,-640.0,1066.0,426.0,1,1,1,0,0,0,0,0,0,0
617985,2026-04-01,Andhra Pradesh,529.54,588.65,0.0,69.62,MoRTH,False,1612.0,610.0,0.0,0.0,69.62,1,1,,-130.38,-69.62,,2.0,-1002.0,1612.0,610.0,1,1,1,0,0,0,0,0,0,0
617986,2026-04-01,Andhra Pradesh,292.63,292.63,0.0,82.57,MoRTH,False,486.0,641.0,0.0,0.0,82.57,0,1,,6.75096723868954,-82.57,,0.7581903276131046,155.0,486.0,641.0,0,0,0,0,0,0,0,0,0,0
617987,2026-04-01,Andhra Pradesh,691.81,691.81,0.0,40.49,MoRTH,False,212.0,335.0,0.0,0.0,40.49,0,1,,-22.79358208955224,-40.49,,0.6328358208955224,123.0,212.0,335.0,1,1,0,0,0,0,0,0,0,0
617988,2026-04-01,Andhra Pradesh,776.17,644.14,0.0,20.94,MoRTH,False,274.0,273.0,0.0,0.0,20.94,1,1,,-79.42630036630037,-20.94,,1.0036630036630036,-1.0,274.0,273.0,1,1,1,0,0,1,0,0,0,0
617989,2026-04-01,Karnataka,157.32,187.61,103.33,68.0,MoRTH,False,2527.0,61.0,55.077021480731304,55.077021480731304,12.922978519268696,1,1,,-132.0,-12.922978519268696,,2.0,-2466.0,2527.0,61.0,1,1,1,0,0,0,0,0,0,1
617990,2026-04-01,Andhra Pradesh,242.0,242.0,78.49,95.94,MoRTH,False,790.0,337.0,32.43388429752066,32.43388429752066,63.506115702479335,0,0,,-104.06,-63.506115702479335,,2.0,-453.0,790.0,337.0,1,1,1,0,0,0,0,0,0,0
617991,2026-04-01,Andhra Pradesh,290.15,290.15,140.23,91.9,MoRTH,False,3257.0,181.0,48.330174047906254,48.330174047906254,43.56982595209375,0,1,,-108.1,-43.56982595209375,,2.0,-3076.0,3257.0,181.0,1,1,1,0,0,0,0,0,0,0
617992,2026-04-01,Telangana,322.81,322.81,148.48,98.14,MoRTH,False,2769.0,184.0,45.99609677519283,45.99609677519283,52.14390322480717,0,1,,-101.86,-52.14390322480717,,2.0,-2585.0,2769.0,184.0,1,1,1,0,0,0,0,0,0,0
617993,2026-04-01,Telangana,220.28,220.28,0.0,97.74,MoRTH,False,2892.0,89.0,0.0,0.0,97.74,0,1,,-102.26,-97.74,,2.0,-2803.0,2892.0,89.0,1,1,1,0,0,0,0,0,0,0
617994,2026-04-01,Telangana,294.13,257.61,239.25,88.22,MoRTH,False,2861.0,120.0,92.87294747874694,92.87294747874694,-4.652947478746938,1,1,,-111.78,4.652947478746938,,2.0,-2741.0,2861.0,120.0,1,1,1,0,0,0,0,0,0,0
617995,2026-04-01,Telangana,300.0,300.0,175.1,99.2,MoRTH,False,3257.0,120.0,58.36666666666667,58.36666666666667,40.833333333333336,0,1,,-100.8,-40.833333333333336,,2.0,-3137.0,3257.0,120.0,1,1,1,0,0,0,0,0,0,0
617996,2026-04-01,Telangana,298.0,298.0,234.7,95.6,MoRTH,False,3346.0,123.0,78.75838926174497,78.75838926174497,16.841610738255028,0,1,,-104.4,-16.841610738255028,,2.0,-3223.0,3346.0,123.0,1,1,1,0,0,0,0,0,0,0
617998,2026-04-01,Karnataka,177.94,177.94,108.93,75.0,MoRTH,False,1155.0,337.0,61.217264246375194,61.217264246375194,13.782735753624806,0,1,,-125.0,-13.782735753624806,,2.0,-818.0,1155.0,337.0,1,1,1,0,0,0,0,0,0,1
617999,2026-04-01,Karnataka,471.62,471.62,80.08,64.33,MoRTH,False,577.0,550.0,16.979771850218395,16.979771850218395,47.3502281497816,0,1,,-40.57909090909091,-47.3502281497816,,1.049090909090909,-27.0,577.0,550.0,1,1,1,0,0,0,0,0,0,0
618000,2026-04-01,Karnataka,170.34,147.39,106.88,92.65,MoRTH,False,1339.0,153.0,72.51509600379946,72.51509600379946,20.13490399620055,1,1,,-107.35,-20.13490399620055,,2.0,-1186.0,1339.0,153.0,1,1,1,0,0,0,0,0,0,0
618001,2026-04-01,Telangana,216.53,265.88,154.05,92.1,MoRTH,False,1765.0,1127.0,57.93967203249587,57.93967203249587,34.160327967504124,1,1,,-64.51047027506655,-34.160327967504124,,1.5661047027506654,-638.0,1765.0,1127.0,1,1,1,0,0,0,0,0,0,0
618002,2026-04-01,Nagaland,192.93,192.93,99.65,0.0,MoRTH,False,1035.0,850.0,51.65085782408128,51.65085782408128,-51.65085782408128,0,0,,-121.76470588235291,51.65085782408128,,1.2176470588235293,-185.0,1035.0,850.0,1,1,1,0,0,1,1,1,1,0
618003,2026-04-01,Odisha,154.49,154.49,22.32,72.0,MoRTH,False,1035.0,577.0,14.447537057414719,14.447537057414719,57.55246294258528,0,1,,-107.37608318890815,-57.55246294258528,,1.7937608318890814,-458.0,1035.0,577.0,1,1,1,0,0,0,0,0,0,0
618004,2026-04-01,Bihar,179.86,179.86,0.0,0.05,MoRTH,False,455.0,1065.0,0.0,0.0,0.05,0,1,,-42.67300469483568,-0.05,,0.4272300469483568,610.0,455.0,1065.0,1,1,1,0,0,0,0,0,0,0
618005,2026-04-01,Bihar,178.85,278.53,0.0,98.65,MoRTH,False,3622.0,90.0,0.0,0.0,98.65,1,1,,-101.35,-98.65,,2.0,-3532.0,3622.0,90.0,1,1,1,0,0,0,0,0,0,1
618006,2026-04-01,Bihar,369.77,503.28,0.0,98.78,MoRTH,False,3591.0,121.0,0.0,0.0,98.78,1,1,,-101.22,-98.78,,2.0,-3470.0,3591.0,121.0,1,1,1,0,0,0,0,0,0,1
618007,2026-04-01,Bihar,553.3,706.39,0.0,99.0,MoRTH,False,3622.0,90.0,0.0,0.0,99.0,1,1,,-101.0,-99.0,,2.0,-3532.0,3622.0,90.0,1,1,1,0,0,0,0,0,0,1
618008,2026-04-01,Uttar Pradesh,185.09,269.81,175.09,100.0,MoRTH,False,1492.0,365.0,64.89381416552389,64.89381416552389,35.10618583447611,1,1,,-100.0,-35.10618583447611,,2.0,-1127.0,1492.0,365.0,1,1,1,0,0,0,0,0,0,0
618009,2026-04-01,Uttar Pradesh,319.96,347.8,0.0,95.0,MoRTH,False,2008.0,305.0,0.0,0.0,95.0,1,1,,-105.0,-95.0,,2.0,-1703.0,2008.0,305.0,1,1,1,0,0,0,0,0,0,1
618010,2026-04-01,Punjab,546.67,546.67,0.0,45.0,MoRTH,False,335.0,792.0,0.0,0.0,45.0,0,1,,2.702020202020208,-45.0,,0.4229797979797979,457.0,335.0,792.0,0,0,0,0,0,0,0,0,0,0
618011,2026-04-01,Rajasthan,411.44,411.44,66.63,87.6,MoRTH,False,1431.0,151.0,16.194341823838226,16.194341823838226,71.40565817616177,0,1,,-112.4,-71.40565817616177,,2.0,-1280.0,1431.0,151.0,1,1,1,0,0,0,0,0,0,1
618012,2026-04-01,Odisha,186.52,186.52,42.83,60.0,MoRTH,False,790.0,702.0,22.962684966759596,22.962684966759596,37.037315033240404,0,1,,-52.53561253561253,-37.0373150332404,,1.1253561253561253,-88.0,790.0,702.0,1,1,1,0,0,0,0,0,0,0
618013,2026-04-01,Andhra Pradesh,1318.59,909.19,341.52,79.5,MoRTH,False,882.0,396.0,37.56310562148725,37.56310562148725,41.93689437851275,1,1,,-120.5,-41.93689437851275,,2.0,-486.0,882.0,396.0,1,1,1,0,0,0,0,0,0,0
618014,2026-04-01,Chhattisgarh,199.05,199.05,28.95,31.0,MoRTH,False,335.0,1157.0,14.544084400904294,14.544084400904294,16.455915599095704,0,1,,2.045808124459807,-16.455915599095704,,0.2895419187554019,822.0,335.0,1157.0,0,0,0,0,0,0,0,0,0,0
618015,2026-04-01,Chhattisgarh,225.41,228.93,63.38,55.0,MoRTH,False,639.0,853.0,27.685318656357836,27.685318656357836,27.314681343642164,1,1,,-19.91207502930833,-27.314681343642164,,0.7491207502930832,214.0,639.0,853.0,1,0,0,0,0,0,0,0,0,1
618016,2026-04-01,Chhattisgarh,397.44,397.44,18.97,10.22,MoRTH,False,335.0,1157.0,4.773047504025764,4.773047504025764,5.446952495974236,0,1,,-18.73419187554019,-5.446952495974236,,0.2895419187554019,822.0,335.0,1157.0,1,0,0,0,0,0,0,0,0,0
618017,2026-04-01,Chhattisgarh,286.0,286.0,78.67,60.0,MoRTH,False,639.0,853.0,27.506993006993007,27.506993006993007,32.49300699300699,0,1,,-14.912075029308326,-32.49300699300699,,0.7491207502930832,214.0,639.0,853.0,1,0,0,0,0,0,0,0,0,0
618018,2026-04-01,Chhattisgarh,351.19,351.19,11.48,10.0,MoRTH,False,821.0,671.0,3.2688857883197127,3.2688857883197127,6.731114211680287,0,1,,-112.35469448584202,-6.731114211680287,,1.2235469448584202,-150.0,821.0,671.0,1,1,1,0,0,1,0,0,0,0
618019,2026-04-01,Madhya Pradesh,365.21,365.21,0.0,88.0,MoRTH,False,1066.0,426.0,0.0,0.0,88.0,0,1,,-112.0,-88.0,,2.0,-640.0,1066.0,426.0,1,1,1,0,0,0,0,0,0,0
618020,2026-04-01,Madhya Pradesh,386.49,386.49,164.43,64.71,MoRTH,False,1155.0,337.0,42.544438407203295,42.544438407203295,22.1655615927967,0,1,,-135.29000000000002,-22.1655615927967,,2.0,-818.0,1155.0,337.0,1,1,1,0,0,0,0,0,0,0
618021,2026-04-01,Madhya Pradesh,425.97,425.97,0.0,19.31,MoRTH,False,121.0,669.0,0.0,0.0,19.31,0,1,,1.223303437967111,-19.31,,0.1808669656203288,548.0,121.0,669.0,0,0,0,0,0,0,0,0,0,0
618022,2026-04-01,Gujarat,173.06,219.08,22.53,67.0,MoRTH,False,790.0,427.0,10.283914551761914,10.283914551761914,56.71608544823809,1,1,,-118.01170960187356,-56.71608544823809,,1.8501170960187356,-363.0,790.0,427.0,1,1,1,0,0,0,0,0,0,0
618023,2026-04-01,Punjab,152.58,152.58,0.0,100.0,MoRTH,False,913.0,579.0,0.0,0.0,100.0,0,1,,-57.68566493955095,-100.0,,1.5768566493955094,-334.0,913.0,579.0,1,1,1,0,0,0,0,0,0,0
618024,2026-04-01,Punjab,263.19,263.19,0.0,83.0,MoRTH,False,913.0,944.0,0.0,0.0,83.0,0,1,,-13.716101694915253,-83.0,,0.9671610169491526,31.0,913.0,944.0,1,0,0,0,0,0,0,0,0,0
618025,2026-04-01,Telangana,192.67,192.67,141.81,96.0,MoRTH,False,2861.0,92.0,73.60253282815177,73.60253282815177,22.397467171848234,0,1,,-104.0,-22.397467171848238,,2.0,-2769.0,2861.0,92.0,1,1,1,0,0,0,0,0,0,1
618026,2026-04-01,Telangana,605.08,605.08,585.2,99.9,MoRTH,False,3073.0,153.0,96.71448403516891,96.71448403516891,3.1855159648310973,0,1,,-100.1,-3.1855159648310973,,2.0,-2920.0,3073.0,153.0,1,1,1,0,0,0,0,0,0,0
618028,2026-04-01,Karnataka,333.96,333.96,40.61,20.0,MoRTH,False,304.0,851.0,12.160138938795066,12.160138938795066,7.8398610612049335,0,1,,-15.722679200940073,-7.839861061204933,,0.3572267920094007,547.0,304.0,851.0,1,0,0,0,0,0,0,0,0,0
618029,2026-04-01,Karnataka,350.69,312.06,191.38,78.08,MoRTH,False,1186.0,365.0,61.327949753252575,61.327949753252575,16.752050246747423,1,1,,-121.92,-16.752050246747423,,2.0,-821.0,1186.0,365.0,1,1,1,0,0,0,0,0,0,1
618030,2026-04-01,Karnataka,264.14,264.14,3.58,0.0,MoRTH,False,1247.0,273.0,1.355341864162944,1.355341864162944,-1.355341864162944,0,1,,-200.0,1.355341864162944,,2.0,-974.0,1247.0,273.0,1,1,1,0,0,1,0,0,0,0
618031,2026-04-01,Karnataka,516.96,516.96,105.08,75.0,MoRTH,False,1582.0,334.0,20.326524295883626,20.326524295883626,54.67347570411637,0,1,,-125.0,-54.67347570411637,,2.0,-1248.0,1582.0,334.0,1,1,1,0,0,0,0,0,0,0
618033,2026-04-01,Arunachal Pradesh,496.47,496.47,165.43,51.37,MoRTH,False,1582.0,548.0,33.32124801095736,33.32124801095736,18.048751989042636,0,1,,-148.63,-18.04875198904264,,2.0,-1034.0,1582.0,548.0,1,1,1,0,0,0,0,0,0,0
618034,2026-04-01,Assam,173.65,173.65,8.07,20.0,MoRTH,False,424.0,703.0,4.6472790095018714,4.6472790095018714,15.352720990498128,0,1,,-40.31294452347083,-15.352720990498128,,0.6031294452347084,279.0,424.0,703.0,1,1,1,0,0,0,0,0,0,0
618035,2026-04-01,Madhya Pradesh,275.4,275.4,0.0,53.0,MoRTH,False,516.0,611.0,0.0,0.0,53.0,0,1,,-31.451718494271688,-53.0,,0.8445171849427169,95.0,516.0,611.0,1,1,1,0,0,0,0,0,0,0
618036,2026-04-01,Madhya Pradesh,315.55,315.55,0.0,25.3,MoRTH,False,516.0,611.0,0.0,0.0,25.3,0,1,,-59.15171849427169,-25.3,,0.8445171849427169,95.0,516.0,611.0,1,1,1,0,0,0,0,0,0,0
618037,2026-04-01,Andhra Pradesh,439.82,359.52,178.83,82.0,MoRTH,False,1431.0,151.0,49.741321762349806,49.741321762349806,32.258678237650194,1,1,,-118.0,-32.258678237650194,,2.0,-1280.0,1431.0,151.0,1,1,1,0,0,0,0,0,0,1
618038,2026-04-01,"Jammu andKashmir",224.44,224.44,0.0,3.0,MoRTH,False,90.0,671.0,0.0,0.0,3.0,0,0,,-10.412816691505215,-3.0,,0.1341281669150521,581.0,90.0,671.0,1,0,0,0,0,0,0,0,0,0
618039,2026-04-01,Uttarakhand,346.82,346.82,0.0,29.64,MoRTH,False,182.0,639.0,0.0,0.0,29.64,0,0,,1.157996870109546,-29.64,,0.2848200312989045,457.0,182.0,639.0,0,0,0,0,0,0,0,0,0,0
618040,2026-04-01,Uttarakhand,452.81,452.81,0.0,42.0,MoRTH,False,455.0,1037.0,0.0,0.0,42.0,0,0,,-1.8765670202507247,-42.0,,0.4387656702025072,582.0,455.0,1037.0,0,0,0,0,0,0,0,0,0,0
618041,2026-04-01,Uttarakhand,299.31,299.31,0.0,2.0,MoRTH,False,121.0,1399.0,0.0,0.0,2.0,0,0,,-6.64903502501787,-2.0,,0.0864903502501787,1278.0,121.0,1399.0,0,0,0,0,0,0,0,0,0,0
618042,2026-04-01,Maharashtra,163.86,163.86,0.0,42.78,MoRTH,False,882.0,610.0,0.0,0.0,42.78,0,1,,-101.81016393442624,-42.78,,1.4459016393442623,-272.0,882.0,610.0,1,1,1,0,0,1,0,0,0,1
618043,2026-04-01,Madhya Pradesh,492.12,523.71,0.0,87.5,MoRTH,False,821.0,671.0,0.0,0.0,87.5,1,1,,-34.85469448584202,-87.5,,1.2235469448584202,-150.0,821.0,671.0,1,1,1,0,0,0,0,0,0,0
618044,2026-04-01,Madhya Pradesh,851.4,851.4,0.0,0.0,MoRTH,False,31.0,759.0,0.0,0.0,0.0,0,0,,-4.084321475625823,0.0,,0.0408432147562582,728.0,31.0,759.0,0,0,0,0,0,0,0,0,0,0
618045,2026-04-01,Madhya Pradesh,179.18,179.18,71.77,67.0,MoRTH,False,1035.0,457.0,40.05469360419689,40.05469360419689,26.945306395803108,0,0,,-133.0,-26.945306395803108,,2.0,-578.0,1035.0,457.0,1,1,1,0,0,0,0,0,0,0
618046,2026-04-01,Maharashtra,213.33,213.33,0.0,95.88,MoRTH,False,1096.0,396.0,0.0,0.0,95.88,0,0,,-104.12,-95.88,,2.0,-700.0,1096.0,396.0,1,1,1,0,0,0,0,0,0,0
618047,2026-04-01,Maharashtra,657.16,657.16,0.0,72.2,MoRTH,False,335.0,426.0,0.0,0.0,72.2,0,1,,-6.438497652582157,-72.2,,0.7863849765258216,91.0,335.0,426.0,0,0,0,0,0,0,0,0,0,0
618049,2026-04-01,Maharashtra,183.41,183.41,64.87,95.0,MoRTH,False,455.0,306.0,35.36884575541138,35.36884575541138,59.63115424458862,0,1,,-53.692810457516345,-59.63115424458862,,1.4869281045751634,-149.0,455.0,306.0,1,1,1,0,0,0,0,0,0,0
618050,2026-04-01,Himachal Pradesh,345.89,359.56,146.64,98.16,MoRTH,False,1673.0,396.0,40.78317944153966,40.78317944153966,57.37682055846034,1,1,,-101.84,-57.37682055846034,,2.0,-1277.0,1673.0,396.0,1,1,1,0,0,0,0,0,0,0
618052,2026-04-01,Andhra Pradesh,808.7,808.7,0.0,18.72,MoRTH,False,243.0,304.0,0.0,0.0,18.72,0,1,,-61.21421052631578,-18.72,,0.7993421052631579,61.0,243.0,304.0,1,1,1,0,0,0,0,0,0,0
618053,2026-04-01,Andhra Pradesh,1019.97,1019.97,0.0,20.63,MoRTH,False,243.0,304.0,0.0,0.0,20.63,0,1,,-59.304210526315785,-20.63,,0.7993421052631579,61.0,243.0,304.0,1,1,1,0,0,0,0,0,0,0
618054,2026-04-01,Uttar Pradesh,515.69,515.69,104.56,46.0,MoRTH,False,608.0,609.0,20.27574705734065,20.27574705734065,25.72425294265935,0,1,,-53.83579638752053,-25.72425294265935,,0.9983579638752051,1.0,608.0,609.0,1,1,1,0,0,0,0,0,0,0
618055,2026-04-01,Uttar Pradesh,225.17,225.17,0.0,73.0,MoRTH,False,821.0,457.0,0.0,0.0,73.0,0,1,,-106.64989059080963,-73.0,,1.7964989059080962,-364.0,821.0,457.0,1,1,1,0,0,0,0,0,0,1
618056,2026-04-01,Uttar Pradesh,509.65,484.42,98.47,56.0,MoRTH,False,761.0,790.0,20.327401841377316,20.327401841377316,35.672598158622684,1,1,,-40.32911392405063,-35.672598158622684,,0.9632911392405064,29.0,761.0,790.0,1,1,1,0,0,0,0,0,0,1
618057,2026-04-01,Uttar Pradesh,189.31,189.31,0.0,49.22,MoRTH,False,882.0,396.0,0.0,0.0,49.22,0,1,,-150.78,-49.22,,2.0,-486.0,882.0,396.0,1,1,1,0,0,1,0,0,0,0
618059,2026-04-01,Maharashtra,328.11,328.11,0.0,34.15,MoRTH,False,790.0,365.0,0.0,0.0,34.15,0,1,,-165.85,-34.15,,2.0,-425.0,790.0,365.0,1,1,1,0,0,1,0,0,0,0
618060,2026-04-01,Jharkhand,315.21,315.21,129.54,87.0,MoRTH,False,1186.0,365.0,41.096411915865616,41.096411915865616,45.903588084134384,0,1,,-113.0,-45.903588084134384,,2.0,-821.0,1186.0,365.0,1,1,1,0,0,0,0,0,0,1
618061,2026-04-01,Maharashtra,386.16,386.16,30.86,56.86,MoRTH,False,396.0,365.0,7.991506111456391,7.991506111456391,48.86849388854361,0,1,,-51.63315068493151,-48.86849388854361,,1.084931506849315,-31.0,396.0,365.0,1,1,1,0,0,0,0,0,0,0
618062,2026-04-01,Andhra Pradesh,244.83,244.83,0.0,99.64,MoRTH,False,761.0,456.0,0.0,0.0,99.64,0,1,,-67.24596491228068,-99.64,,1.668859649122807,-305.0,761.0,456.0,1,1,1,0,0,0,0,0,0,0
618063,2026-04-01,Uttar Pradesh,262.37,343.77,112.46,92.0,MoRTH,False,1127.0,1095.0,32.713733019169794,32.713733019169794,59.286266980830206,1,1,,-10.922374429223735,-59.286266980830206,,1.0292237442922374,-32.0,1127.0,1095.0,1,0,0,0,0,0,0,0,0,1
618064,2026-04-01,Chhattisgarh,278.97,278.97,201.05,90.0,MoRTH,False,1431.0,791.0,72.06868122020289,72.06868122020289,17.93131877979711,0,0,,-90.9102402022756,-17.93131877979711,,1.809102402022756,-640.0,1431.0,791.0,1,1,1,0,0,0,0,0,0,0
618065,2026-04-01,Maharashtra,316.44,316.44,0.0,31.97,MoRTH,False,761.0,731.0,0.0,0.0,31.97,0,1,,-72.13396716826264,-31.97,,1.0410396716826265,-30.0,761.0,731.0,1,1,1,0,0,1,0,0,0,0
618066,2026-04-01,Uttar Pradesh,283.86,283.86,24.5,43.0,MoRTH,False,424.0,793.0,8.631015289227083,8.631015289227083,34.36898471077292,0,1,,-10.467843631778052,-34.36898471077292,,0.5346784363177806,369.0,424.0,793.0,1,0,0,0,0,0,0,0,0,1
618067,2026-04-01,Uttar Pradesh,1086.3,1086.3,0.0,4.0,MoRTH,False,151.0,915.0,0.0,0.0,4.0,0,1,,-12.502732240437158,-4.0,,0.1650273224043716,764.0,151.0,915.0,1,0,0,0,0,0,0,0,0,0
618068,2026-04-01,Madhya Pradesh,158.36,158.36,0.0,60.0,MoRTH,False,913.0,579.0,0.0,0.0,60.0,0,1,,-97.68566493955096,-60.0,,1.5768566493955094,-334.0,913.0,579.0,1,1,1,0,0,0,0,0,0,0
618069,2026-04-01,Rajasthan,334.64,334.64,0.0,68.0,MoRTH,False,547.0,945.0,0.0,0.0,68.0,0,1,,10.11640211640212,-68.0,,0.5788359788359788,398.0,547.0,945.0,0,0,0,0,0,0,0,0,0,0
618070,2026-04-01,Kerala,294.28,315.63,0.0,98.0,MoRTH,False,3165.0,181.0,0.0,0.0,98.0,1,1,,-102.0,-98.0,,2.0,-2984.0,3165.0,181.0,1,1,1,0,0,0,0,0,0,1
618071,2026-04-01,Sikkim,385.15,342.89,0.0,90.0,MoRTH,False,1431.0,212.0,0.0,0.0,90.0,1,1,,-110.0,-90.0,,2.0,-1219.0,1431.0,212.0,1,1,1,0,0,0,0,0,0,1
618072,2026-04-01,Nagaland,297.25,297.25,149.19,100.0,MoRTH,False,1370.0,487.0,50.19007569386038,50.19007569386038,49.80992430613962,0,1,,-100.0,-49.80992430613962,,2.0,-883.0,1370.0,487.0,1,1,1,0,0,0,0,0,0,0
618073,2026-04-01,Bihar,226.16,226.16,0.0,44.0,MoRTH,False,608.0,182.0,0.0,0.0,44.0,0,1,,-156.0,-44.0,,2.0,-426.0,608.0,182.0,1,1,1,0,0,1,0,0,0,0
618074,2026-04-01,Bihar,624.43,624.43,153.21,91.0,MoRTH,False,1066.0,454.0,24.5359768108515,24.5359768108515,66.46402318914849,0,1,,-109.0,-66.46402318914849,,2.0,-612.0,1066.0,454.0,1,1,1,0,0,0,0,0,0,0
618075,2026-04-01,Uttar Pradesh,840.93,773.58,167.6,64.0,MoRTH,False,790.0,792.0,21.665503244654722,21.665503244654722,42.33449675534528,1,1,,-35.747474747474755,-42.33449675534528,,0.9974747474747476,2.0,790.0,792.0,1,1,1,0,0,0,0,0,0,1
618076,2026-04-01,Meghalaya,504.0,350.67,0.0,2.5,MoRTH,False,335.0,517.0,0.0,0.0,2.5,1,0,,-62.29690522243715,-2.5,,0.6479690522243714,182.0,335.0,517.0,1,1,1,0,0,0,0,0,0,0
618078,2026-04-01,Chhattisgarh,193.16,193.16,97.78,85.0,MoRTH,False,1492.0,455.0,50.621246634914066,50.621246634914066,34.378753365085934,0,1,,-115.0,-34.378753365085934,,2.0,-1037.0,1492.0,455.0,1,1,1,0,0,0,0,0,0,0
618079,2026-04-01,Odisha,172.66,172.66,0.0,15.0,MoRTH,False,365.0,762.0,0.0,0.0,15.0,0,1,,-32.9002624671916,-15.0,,0.479002624671916,397.0,365.0,762.0,1,1,1,0,0,0,0,0,0,0
618080,2026-04-01,Bihar,353.27,353.27,0.0,3.1,MoRTH,False,577.0,974.0,0.0,0.0,3.1,0,0,,-56.14024640657084,-3.1,,0.5924024640657084,397.0,577.0,974.0,1,1,1,0,0,0,0,0,0,0
618081,2026-04-01,Uttar Pradesh,438.24,362.39,0.0,52.0,MoRTH,False,790.0,337.0,0.0,0.0,52.0,1,1,,-148.0,-52.0,,2.0,-453.0,790.0,337.0,1,1,1,0,0,0,0,0,0,1
618083,2026-04-01,Jharkhand,458.78,458.78,0.0,3.0,MoRTH,False,821.0,699.0,0.0,0.0,3.0,0,1,,-114.45350500715308,-3.0,,1.1745350500715308,-122.0,821.0,699.0,1,1,1,0,0,1,0,0,0,0
618084,2026-04-01,Jharkhand,153.01,133.67,84.74,93.0,MoRTH,False,1704.0,547.0,63.39492780728661,63.39492780728661,29.605072192713394,1,1,,-107.0,-29.605072192713397,,2.0,-1157.0,1704.0,547.0,1,1,1,0,0,0,0,0,0,1
618085,2026-04-01,Madhya Pradesh,305.12,293.74,0.0,78.0,MoRTH,False,1096.0,486.0,0.0,0.0,78.0,1,1,,-122.0,-78.0,,2.0,-610.0,1096.0,486.0,1,1,1,0,0,0,0,0,0,0
618086,2026-04-01,Karnataka,617.28,617.28,4.47,40.0,MoRTH,False,274.0,853.0,0.7241446345256609,0.7241446345256609,39.27585536547434,0,1,,7.878077373974207,-39.27585536547434,,0.3212192262602579,579.0,274.0,853.0,0,0,0,0,0,0,0,0,0,0
618087,2026-04-01,Karnataka,255.88,255.88,179.66,93.0,MoRTH,False,1186.0,306.0,70.2125996560888,70.2125996560888,22.7874003439112,0,1,,-107.0,-22.7874003439112,,2.0,-880.0,1186.0,306.0,1,1,1,0,0,0,0,0,0,1
618088,2026-04-01,Maharashtra,325.79,325.79,9.87,27.0,MoRTH,False,304.0,273.0,3.029558918321618,3.029558918321618,23.97044108167838,0,1,,-84.35531135531136,-23.97044108167838,,1.1135531135531136,-31.0,304.0,273.0,1,1,1,0,0,1,0,0,0,1
618089,2026-04-01,Maharashtra,206.54,206.54,0.0,65.14,MoRTH,False,1096.0,396.0,0.0,0.0,65.14,0,1,,-134.86,-65.14,,2.0,-700.0,1096.0,396.0,1,1,1,0,0,0,0,0,0,0
618090,2026-04-01,Maharashtra,545.64,545.64,0.0,97.25,MoRTH,False,3226.0,120.0,0.0,0.0,97.25,0,1,,-102.75,-97.25,,2.0,-3106.0,3226.0,120.0,1,1,1,0,0,0,0,0,0,0
618091,2026-04-01,Telangana,512.98,512.98,117.6,41.8,MoRTH,False,790.0,702.0,22.924870365316387,22.924870365316387,18.87512963468361,0,1,,-70.73561253561253,-18.87512963468361,,1.1253561253561253,-88.0,790.0,702.0,1,1,1,0,0,1,0,0,0,0
618092,2026-04-01,Rajasthan,606.61,606.61,0.0,52.5,MoRTH,False,547.0,608.0,0.0,0.0,52.5,0,1,,-37.467105263157904,-52.5,,0.899671052631579,61.0,547.0,608.0,1,1,1,0,0,0,0,0,0,0
618093,2026-04-01,Rajasthan,838.43,838.43,55.04,0.0,MoRTH,False,943.0,577.0,6.564650596949059,6.564650596949059,-6.564650596949059,0,0,,-163.4315424610052,6.564650596949059,,1.634315424610052,-366.0,943.0,577.0,1,1,1,0,0,1,0,0,0,0
618094,2026-04-01,Maharashtra,369.39,369.39,323.75,86.3,MoRTH,False,2861.0,92.0,87.64449497820732,87.64449497820732,-1.3444949782073223,0,1,,-113.7,1.3444949782073223,,2.0,-2769.0,2861.0,92.0,1,1,1,0,0,0,0,0,0,1
618095,2026-04-01,Karnataka,196.05,196.05,0.0,30.0,MoRTH,False,577.0,578.0,0.0,0.0,30.0,0,1,,-69.82698961937716,-30.0,,0.9982698961937716,1.0,577.0,578.0,1,1,1,0,0,0,0,0,0,1
618096,2026-04-01,Maharashtra,181.45,181.45,0.0,87.0,MoRTH,False,547.0,243.0,0.0,0.0,87.0,0,1,,-113.0,-87.0,,2.0,-304.0,547.0,243.0,1,1,1,0,0,0,0,0,0,1
618097,2026-04-01,Maharashtra,407.2,407.2,0.0,91.89,MoRTH,False,3226.0,151.0,0.0,0.0,91.89,0,1,,-108.11,-91.89,,2.0,-3075.0,3226.0,151.0,1,1,1,0,0,0,0,0,0,0
618098,2026-04-01,Maharashtra,167.97,167.97,0.0,93.75,MoRTH,False,1247.0,610.0,0.0,0.0,93.75,0,1,,-106.25,-93.75,,2.0,-637.0,1247.0,610.0,1,1,1,0,0,0,0,0,0,0
618099,2026-04-01,Maharashtra,164.13,164.13,98.68,100.0,MoRTH,False,547.0,214.0,60.12307317370378,60.12307317370378,39.87692682629622,0,1,,-100.0,-39.87692682629622,,2.0,-333.0,547.0,214.0,1,1,1,0,0,0,0,0,0,0
618101,2026-04-01,Andhra Pradesh,881.61,881.61,0.0,36.82,MoRTH,False,365.0,182.0,0.0,0.0,36.82,0,1,,-163.18,-36.82,,2.0,-183.0,365.0,182.0,1,1,1,0,0,1,0,0,0,0
618103,2026-04-01,Andhra Pradesh,279.29,279.29,155.02,88.25,MoRTH,False,547.0,945.0,55.50503061334096,55.50503061334096,32.74496938665904,0,1,,30.36640211640212,-32.74496938665904,,0.5788359788359788,398.0,547.0,945.0,0,0,0,0,0,0,0,0,0,0
618104,2026-04-01,Telangana,886.69,886.69,573.13,85.66,MoRTH,False,1005.0,487.0,64.6370208302789,64.6370208302789,21.022979169721097,0,1,,-114.34,-21.022979169721097,,2.0,-518.0,1005.0,487.0,1,1,1,0,0,0,0,0,0,1
618105,2026-04-01,Telangana,631.49,631.49,92.56,30.8,MoRTH,False,913.0,579.0,14.65739758349301,14.65739758349301,16.14260241650699,0,1,,-126.88566493955096,-16.14260241650699,,1.5768566493955094,-334.0,913.0,579.0,1,1,1,0,0,1,0,0,0,0
618106,2026-04-01,Telangana,703.68,703.68,279.58,90.69,MoRTH,False,1186.0,365.0,39.73112778535698,39.73112778535698,50.958872214643016,0,1,,-109.31,-50.958872214643016,,2.0,-821.0,1186.0,365.0,1,1,1,0,0,0,0,0,0,0
618107,2026-04-01,Gujarat,1155.21,1155.21,32.09,11.0,MoRTH,False,121.0,669.0,2.777849914734118,2.777849914734118,8.222150085265882,0,1,,-7.086696562032888,-8.222150085265882,,0.1808669656203288,548.0,121.0,669.0,0,0,0,0,0,0,0,0,0,0
618108,2026-04-01,Gujarat,237.28,237.28,0.0,63.0,MoRTH,False,852.0,456.0,0.0,0.0,63.0,0,1,,-123.84210526315788,-63.0,,1.868421052631579,-396.0,852.0,456.0,1,1,1,0,0,0,0,0,0,1
618109,2026-04-01,Karnataka,355.72,355.72,184.79,76.86,MoRTH,False,1217.0,334.0,51.948161475317654,51.948161475317654,24.911838524682345,0,1,,-123.14,-24.911838524682345,,2.0,-883.0,1217.0,334.0,1,1,1,0,0,0,0,0,0,1
618110,2026-04-01,Uttar Pradesh,307.11,307.11,125.88,0.0,MoRTH,False,1247.0,365.0,40.98857087037218,40.98857087037218,-40.98857087037218,0,1,,-200.0,40.98857087037218,,2.0,-882.0,1247.0,365.0,1,1,1,0,0,1,1,1,1,0
618111,2026-04-01,Uttar Pradesh,403.36,345.34,0.0,94.0,MoRTH,False,852.0,852.0,0.0,0.0,94.0,1,1,,-6.0,-94.0,,1.0,0.0,852.0,852.0,0,0,0,0,0,0,0,0,0,1
618112,2026-04-01,Uttar Pradesh,912.5,912.5,0.0,3.0,MoRTH,False,335.0,1157.0,0.0,0.0,3.0,0,1,,-25.954191875540197,-3.0,,0.2895419187554019,822.0,335.0,1157.0,1,1,0,0,0,0,0,0,0,0
618113,2026-04-01,Uttar Pradesh,587.97,587.97,37.42,28.0,MoRTH,False,335.0,1157.0,6.36427028589894,6.36427028589894,21.63572971410106,0,1,,-0.954191875540193,-21.63572971410106,,0.2895419187554019,822.0,335.0,1157.0,0,0,0,0,0,0,0,0,0,0
618114,2026-04-01,Uttar Pradesh,1192.33,1192.33,0.0,0.0,MoRTH,False,59.0,1068.0,0.0,0.0,0.0,0,1,,-5.52434456928839,0.0,,0.0552434456928839,1009.0,59.0,1068.0,0,0,0,0,0,0,0,0,0,0
618116,2026-04-01,Uttar Pradesh,1679.75,1679.75,66.99,25.4,MoRTH,False,90.0,1157.0,3.9880934662896257,3.9880934662896257,21.411906533710372,0,1,,17.62126188418323,-21.41190653371037,,0.0777873811581676,1067.0,90.0,1157.0,0,0,0,0,0,0,0,0,0,0
618117,2026-04-01,Rajasthan,154.89,154.89,11.94,23.0,MoRTH,False,516.0,274.0,7.708696494286269,7.708696494286269,15.291303505713731,0,1,,-165.32116788321167,-15.291303505713731,,1.8832116788321167,-242.0,516.0,274.0,1,1,1,0,0,1,0,0,0,1
618118,2026-04-01,Rajasthan,174.34,174.34,63.55,100.0,MoRTH,False,1155.0,337.0,36.4517609269244,36.4517609269244,63.5482390730756,0,1,,-100.0,-63.5482390730756,,2.0,-818.0,1155.0,337.0,1,1,1,0,0,0,0,0,0,0
618119,2026-04-01,Uttarakhand,472.23,472.23,0.0,60.0,MoRTH,False,608.0,884.0,0.0,0.0,60.0,0,0,,-8.778280542986423,-60.0,,0.6877828054298643,276.0,608.0,884.0,0,0,0,0,0,0,0,0,0,0
618120,2026-04-01,Bihar,1060.16,1060.16,0.0,0.0,MoRTH,False,90.0,1218.0,0.0,0.0,0.0,0,1,,-7.389162561576355,0.0,,0.0738916256157635,1128.0,90.0,1218.0,0,0,0,0,0,0,0,0,0,0
618121,2026-04-01,Bihar,427.29,427.29,178.43,93.0,MoRTH,False,1035.0,485.0,41.75852465538627,41.75852465538627,51.24147534461373,0,1,,-107.0,-51.24147534461373,,2.0,-550.0,1035.0,485.0,1,1,1,0,0,0,0,0,0,0
618122,2026-04-01,Odisha,172.09,172.09,0.0,20.25,MoRTH,False,547.0,945.0,0.0,0.0,20.25,0,1,,-37.63359788359788,-20.25,,0.5788359788359788,398.0,547.0,945.0,1,1,1,0,0,0,0,0,0,0
618123,2026-04-01,Jharkhand,423.18,423.18,4.11,0.0,MoRTH,False,974.0,518.0,0.9712179214518646,0.9712179214518646,-0.9712179214518646,0,0,,-188.03088803088804,0.9712179214518646,,1.8803088803088803,-456.0,974.0,518.0,1,1,1,0,0,1,0,0,0,0
618124,2026-04-01,Uttar Pradesh,343.54,343.54,75.71,65.0,MoRTH,False,790.0,761.0,22.038190603714266,22.038190603714266,42.96180939628573,0,1,,-38.8107752956636,-42.96180939628573,,1.038107752956636,-29.0,790.0,761.0,1,1,1,0,0,0,0,0,0,1
618125,2026-04-01,Andhra Pradesh,228.32,228.32,44.45,100.0,MoRTH,False,2769.0,184.0,19.468290119131044,19.468290119131044,80.53170988086896,0,1,,-100.0,-80.53170988086896,,2.0,-2585.0,2769.0,184.0,1,1,1,0,0,0,0,0,0,0
618126,2026-04-01,Bihar,479.37,479.37,0.0,58.0,MoRTH,False,486.0,761.0,0.0,0.0,58.0,0,1,,-5.863337713534818,-58.0,,0.6386333771353482,275.0,486.0,761.0,0,0,0,0,0,0,0,0,0,1
618127,2026-04-01,Jharkhand,255.73,255.73,0.0,8.5,MoRTH,False,151.0,976.0,0.0,0.0,8.5,0,1,,-6.971311475409836,-8.5,,0.1547131147540983,825.0,151.0,976.0,0,0,0,0,0,0,0,0,0,1
618129,2026-04-01,Madhya Pradesh,467.93,467.93,0.0,86.03,MoRTH,False,486.0,641.0,0.0,0.0,86.03,0,1,,10.210967238689548,-86.03,,0.7581903276131046,155.0,486.0,641.0,0,0,0,0,0,0,0,0,0,0
618130,2026-04-01,Telangana,490.92,490.92,0.0,75.38,MoRTH,False,700.0,578.0,0.0,0.0,75.38,0,1,,-45.72726643598615,-75.38,,1.2110726643598615,-122.0,700.0,578.0,1,1,1,0,0,0,0,0,0,1
618132,2026-04-01,Telangana,206.13,206.13,152.77,98.57,MoRTH,False,2861.0,120.0,74.1134235676515,74.1134235676515,24.4565764323485,0,0,,-101.43,-24.4565764323485,,2.0,-2741.0,2861.0,120.0,1,1,1,0,0,0,0,0,0,0
618133,2026-04-01,Maharashtra,280.57,280.57,0.0,61.61,MoRTH,False,1400.0,457.0,0.0,0.0,61.61,0,1,,-138.39,-61.61,,2.0,-943.0,1400.0,457.0,1,1,1,0,0,0,0,0,0,1
618134,2026-04-01,Maharashtra,459.39,459.39,0.0,69.15,MoRTH,False,577.0,578.0,0.0,0.0,69.15,0,1,,-30.676989619377157,-69.15,,0.9982698961937716,1.0,577.0,578.0,1,1,1,0,0,0,0,0,0,0
618136,2026-04-01,Maharashtra,224.44,224.44,0.0,91.0,MoRTH,False,1520.0,337.0,0.0,0.0,91.0,0,1,,-109.0,-91.0,,2.0,-1183.0,1520.0,337.0,1,1,1,0,0,0,0,0,0,0
618137,2026-04-01,Maharashtra,540.35,540.35,95.57,49.89,MoRTH,False,335.0,426.0,17.686684556306094,17.686684556306094,32.20331544369391,0,1,,-28.74849765258216,-32.20331544369391,,0.7863849765258216,91.0,335.0,426.0,1,1,0,0,0,0,0,0,0,1
618138,2026-04-01,Maharashtra,349.57,349.57,0.0,41.13,MoRTH,False,335.0,426.0,0.0,0.0,41.13,0,1,,-37.50849765258216,-41.13,,0.7863849765258216,91.0,335.0,426.0,1,1,1,0,0,0,0,0,0,0
618139,2026-04-01,Maharashtra,355.12,355.12,0.0,43.46,MoRTH,False,365.0,396.0,0.0,0.0,43.46,0,1,,-48.711717171717176,-43.46,,0.9217171717171716,31.0,365.0,396.0,1,1,1,0,0,0,0,0,0,0
618140,2026-04-01,Telangana,445.76,445.76,18.32,10.8,MoRTH,False,424.0,854.0,4.109834888729361,4.109834888729361,6.690165111270639,0,1,,-38.84871194379392,-6.690165111270639,,0.4964871194379391,430.0,424.0,854.0,1,1,1,0,0,0,0,0,0,1
618141,2026-04-01,Telangana,423.48,423.48,160.07,76.92,MoRTH,False,1217.0,334.0,37.79871540568622,37.79871540568622,39.121284594313785,0,1,,-123.08,-39.121284594313785,,2.0,-883.0,1217.0,334.0,1,1,1,0,0,0,0,0,0,1
618142,2026-04-01,Telangana,244.54,244.54,0.0,99.96,MoRTH,False,3257.0,120.0,0.0,0.0,99.96,0,1,,-100.04,-99.96,,2.0,-3137.0,3257.0,120.0,1,1,1,0,0,0,0,0,0,0
618143,2026-04-01,Telangana,197.0,197.0,0.0,92.74,MoRTH,False,3073.0,245.0,0.0,0.0,92.74,0,1,,-107.26,-92.74,,2.0,-2828.0,3073.0,245.0,1,1,1,0,0,0,0,0,0,0
618144,2026-04-01,Karnataka,423.15,423.15,0.0,0.0,MoRTH,False,2313.0,275.0,0.0,0.0,0.0,0,0,,-200.0,0.0,,2.0,-2038.0,2313.0,275.0,1,1,1,0,0,1,0,0,0,0
618145,2026-04-01,Andhra Pradesh,568.12,568.12,303.13,98.63,MoRTH,False,1186.0,306.0,53.356685207350566,53.356685207350566,45.27331479264943,0,1,,-101.37,-45.27331479264943,,2.0,-880.0,1186.0,306.0,1,1,1,0,0,0,0,0,0,0
618146,2026-04-01,Bihar,495.16,495.16,0.0,33.0,MoRTH,False,547.0,1004.0,0.0,0.0,33.0,0,1,,-21.482071713147405,-33.0,,0.5448207171314741,457.0,547.0,1004.0,1,1,0,0,0,0,0,0,0,0
618147,2026-04-01,Karnataka,166.58,166.58,35.33,40.0,MoRTH,False,761.0,425.0,21.209028694921354,21.209028694921354,18.790971305078646,0,1,,-139.05882352941177,-18.79097130507865,,1.7905882352941176,-336.0,761.0,425.0,1,1,1,0,0,1,0,0,0,0
618149,2026-04-01,Karnataka,957.09,957.09,248.13,0.0,MoRTH,False,455.0,700.0,25.925461555339623,25.925461555339623,-25.925461555339623,0,1,,-65.0,25.925461555339623,,0.65,245.0,455.0,700.0,1,1,1,0,0,0,1,1,0,0
618150,2026-04-01,Maharashtra,761.83,761.83,0.0,15.0,MoRTH,False,335.0,426.0,0.0,0.0,15.0,0,1,,-63.63849765258216,-15.0,,0.7863849765258216,91.0,335.0,426.0,1,1,1,0,0,0,0,0,0,0
618152,2026-04-01,Maharashtra,488.6,488.6,0.0,96.19,MoRTH,False,3165.0,212.0,0.0,0.0,96.19,0,1,,-103.81,-96.19,,2.0,-2953.0,3165.0,212.0,1,1,1,0,0,0,0,0,0,0
618153,2026-04-01,Maharashtra,653.46,653.46,7.33,98.08,MoRTH,False,3165.0,212.0,1.1217212989318397,1.1217212989318397,96.95827870106815,0,1,,-101.92,-96.95827870106817,,2.0,-2953.0,3165.0,212.0,1,1,1,0,0,0,0,0,0,0
618154,2026-04-01,Maharashtra,157.62,157.62,0.0,68.93,MoRTH,False,1186.0,306.0,0.0,0.0,68.93,0,1,,-131.07,-68.93,,2.0,-880.0,1186.0,306.0,1,1,1,0,0,0,0,0,0,0
618155,2026-04-01,Maharashtra,396.17,396.17,85.57,70.8,MoRTH,False,455.0,306.0,21.59931342605447,21.59931342605447,49.20068657394553,0,1,,-77.89281045751635,-49.20068657394553,,1.4869281045751634,-149.0,455.0,306.0,1,1,1,0,0,0,0,0,0,0
618156,2026-04-01,Madhya Pradesh,492.66,492.66,0.0,69.25,MoRTH,False,547.0,608.0,0.0,0.0,69.25,0,1,,-20.717105263157904,-69.25,,0.899671052631579,61.0,547.0,608.0,1,1,0,0,0,0,0,0,0,0
618157,2026-04-01,Madhya Pradesh,348.06,348.06,0.0,68.41,MoRTH,False,486.0,641.0,0.0,0.0,68.41,0,1,,-7.409032761310456,-68.41,,0.7581903276131046,155.0,486.0,641.0,0,0,0,0,0,0,0,0,0,0
618158,2026-04-01,Madhya Pradesh,416.96,416.96,0.0,13.11,MoRTH,False,486.0,641.0,0.0,0.0,13.11,0,1,,-62.70903276131045,-13.11,,0.7581903276131046,155.0,486.0,641.0,1,1,1,0,0,0,0,0,0,0
618159,2026-04-01,Assam,382.1,382.1,25.58,0.0,MoRTH,False,212.0,578.0,6.694582570007851,6.694582570007851,-6.694582570007851,0,1,,-36.67820069204152,6.694582570007851,,0.3667820069204152,366.0,212.0,578.0,1,1,1,0,0,0,0,0,0,0
618160,2026-04-01,Assam,1019.17,1019.17,0.0,1.82,MoRTH,False,121.0,275.0,0.0,0.0,1.82,0,1,,-42.18,-1.82,,0.44,154.0,121.0,275.0,1,1,1,0,0,0,0,0,0,0
618161,2026-04-01,Andhra Pradesh,839.98,839.98,355.56,99.45,MoRTH,False,943.0,549.0,42.329579275697036,42.329579275697036,57.12042072430297,0,1,,-72.31684881602915,-57.12042072430297,,1.7176684881602915,-394.0,943.0,549.0,1,1,1,0,0,0,0,0,0,0
618162,2026-04-01,Uttar Pradesh,2008.7,2008.7,0.0,5.0,MoRTH,False,90.0,976.0,0.0,0.0,5.0,0,1,,-4.221311475409836,-5.0,,0.0922131147540983,886.0,90.0,976.0,0,0,0,0,0,0,0,0,0,0
618163,2026-04-01,Uttar Pradesh,809.25,603.19,0.0,58.0,MoRTH,False,669.0,458.0,0.0,0.0,58.0,1,1,,-88.06986899563319,-58.0,,1.460698689956332,-211.0,669.0,458.0,1,1,1,0,0,0,0,0,0,0
618164,2026-04-01,Uttar Pradesh,1141.67,1157.31,0.0,85.0,MoRTH,False,669.0,823.0,0.0,0.0,85.0,1,1,,3.712029161603894,-85.0,,0.8128797083839611,154.0,669.0,823.0,0,0,0,0,0,0,0,0,0,1
618165,2026-04-01,Uttar Pradesh,1156.72,1156.72,0.0,98.0,MoRTH,False,790.0,761.0,0.0,0.0,98.0,0,1,,-5.810775295663603,-98.0,,1.038107752956636,-29.0,790.0,761.0,0,0,0,0,0,0,0,0,0,0
618166,2026-04-01,Uttar Pradesh,697.66,697.66,0.04,99.0,MoRTH,False,913.0,638.0,0.005733451824671044,0.005733451824671044,98.99426654817533,0,1,,-44.103448275862064,-98.99426654817532,,1.4310344827586208,-275.0,913.0,638.0,1,1,1,0,0,0,0,0,0,0
618167,2026-04-01,Uttar Pradesh,264.86,264.86,0.0,93.0,MoRTH,False,1339.0,518.0,0.0,0.0,93.0,0,1,,-107.0,-93.0,,2.0,-821.0,1339.0,518.0,1,1,1,0,0,0,0,0,0,1
618168,2026-04-01,Uttar Pradesh,917.91,965.3,128.0,56.0,MoRTH,False,821.0,671.0,13.260126385579612,13.260126385579612,42.73987361442039,1,1,,-66.35469448584202,-42.73987361442039,,1.2235469448584202,-150.0,821.0,671.0,1,1,1,0,0,0,0,0,0,0
618169,2026-04-01,Uttar Pradesh,640.18,602.76,239.2,95.98,MoRTH,False,882.0,610.0,39.68411971597319,39.68411971597319,56.295880284026815,1,1,,-48.61016393442624,-56.295880284026815,,1.4459016393442623,-272.0,882.0,610.0,1,1,1,0,0,0,0,0,0,0
618170,2026-04-01,Madhya Pradesh,214.07,214.07,0.0,40.3,MoRTH,False,761.0,366.0,0.0,0.0,40.3,0,1,,-159.7,-40.3,,2.0,-395.0,761.0,366.0,1,1,1,0,0,1,0,0,0,0
618171,2026-04-01,Madhya Pradesh,352.69,352.69,0.0,47.29,MoRTH,False,821.0,671.0,0.0,0.0,47.29,0,1,,-75.06469448584201,-47.29,,1.2235469448584202,-150.0,821.0,671.0,1,1,1,0,0,1,0,0,0,0
618172,2026-04-01,Maharashtra,341.8,341.8,0.0,82.0,MoRTH,False,3226.0,92.0,0.0,0.0,82.0,0,1,,-118.0,-82.0,,2.0,-3134.0,3226.0,92.0,1,1,1,0,0,0,0,0,0,0
618173,2026-04-01,Maharashtra,381.77,381.77,0.0,83.93,MoRTH,False,3226.0,120.0,0.0,0.0,83.93,0,1,,-116.07,-83.93,,2.0,-3106.0,3226.0,120.0,1,1,1,0,0,0,0,0,0,0
618174,2026-04-01,Maharashtra,226.58,226.58,0.0,100.0,MoRTH,False,365.0,396.0,0.0,0.0,100.0,0,1,,7.828282828282823,-100.0,,0.9217171717171716,31.0,365.0,396.0,0,0,0,0,0,0,0,0,0,0
618175,2026-04-01,Maharashtra,428.8,428.8,0.0,93.46,MoRTH,False,1066.0,426.0,0.0,0.0,93.46,0,1,,-106.54,-93.46,,2.0,-640.0,1066.0,426.0,1,1,1,0,0,0,0,0,0,0
618176,2026-04-01,Maharashtra,349.08,349.08,0.0,21.6,MoRTH,False,90.0,306.0,0.0,0.0,21.6,0,0,,-7.811764705882354,-21.6,,0.2941176470588235,216.0,90.0,306.0,0,0,0,0,0,0,0,0,0,0
618177,2026-04-01,Maharashtra,227.19,227.19,0.0,99.15,MoRTH,False,2861.0,92.0,0.0,0.0,99.15,0,1,,-100.85,-99.15,,2.0,-2769.0,2861.0,92.0,1,1,1,0,0,0,0,0,0,1
618178,2026-04-01,Maharashtra,162.67,162.67,0.0,72.0,MoRTH,True,486.0,304.0,0.0,0.0,72.0,0,1,,-87.86842105263156,-72.0,,1.5986842105263157,-182.0,486.0,304.0,1,1,1,0,0,0,0,0,0,0
618179,2026-04-01,Maharashtra,181.58,181.58,0.0,93.01,MoRTH,False,608.0,153.0,0.0,0.0,93.01,0,1,,-106.99,-93.01,,2.0,-455.0,608.0,153.0,1,1,1,0,0,0,0,0,0,0
618180,2026-04-01,Maharashtra,223.46,223.46,0.0,89.08,MoRTH,False,2861.0,92.0,0.0,0.0,89.08,0,1,,-110.92,-89.08,,2.0,-2769.0,2861.0,92.0,1,1,1,0,0,0,0,0,0,0
618181,2026-04-01,Maharashtra,153.79,153.79,0.0,98.0,MoRTH,True,821.0,306.0,0.0,0.0,98.0,0,1,,-102.0,-98.0,,2.0,-515.0,821.0,306.0,1,1,1,0,0,0,0,0,0,0
618182,2026-04-01,Telangana,499.88,499.88,187.35,63.44,MoRTH,False,639.0,639.0,37.47899495879011,37.47899495879011,25.961005041209887,0,1,,-36.56,-25.961005041209887,,1.0,0.0,639.0,639.0,1,1,1,0,0,0,0,0,0,0
618183,2026-04-01,Telangana,399.01,399.01,0.0,66.04,MoRTH,False,608.0,670.0,0.0,0.0,66.04,0,1,,-24.706268656716414,-66.04,,0.9074626865671642,62.0,608.0,670.0,1,1,0,0,0,0,0,0,0,0
618184,2026-04-01,Karnataka,313.56,313.56,0.0,46.52,MoRTH,False,790.0,396.0,0.0,0.0,46.52,0,1,,-152.9749494949495,-46.52,,1.994949494949495,-394.0,790.0,396.0,1,1,1,0,0,1,0,0,0,0
618185,2026-04-01,Karnataka,394.95,394.95,0.0,0.0,MoRTH,False,243.0,974.0,0.0,0.0,0.0,0,1,,-24.948665297741275,0.0,,0.2494866529774127,731.0,243.0,974.0,1,1,0,0,0,0,0,0,0,0
618186,2026-04-01,Telangana,549.28,549.28,296.89,94.01,MoRTH,False,1217.0,334.0,54.05075735508302,54.05075735508302,39.95924264491698,0,1,,-105.99,-39.95924264491698,,2.0,-883.0,1217.0,334.0,1,1,1,0,0,0,0,0,0,1
618187,2026-04-01,Uttar Pradesh,947.15,947.15,0.0,4.0,MoRTH,False,182.0,884.0,0.0,0.0,4.0,0,1,,-16.588235294117645,-4.0,,0.2058823529411764,702.0,182.0,884.0,1,0,0,0,0,0,0,0,0,0
618188,2026-04-01,Maharashtra,253.78,253.78,0.0,99.75,MoRTH,False,882.0,273.0,0.0,0.0,99.75,0,1,,-100.25,-99.75,,2.0,-609.0,882.0,273.0,1,1,1,0,0,0,0,0,0,0
618189,2026-04-01,Karnataka,613.65,613.65,0.0,0.0,MoRTH,False,151.0,670.0,0.0,0.0,0.0,0,0,,-22.53731343283582,0.0,,0.2253731343283582,519.0,151.0,670.0,1,1,0,0,0,0,0,0,0,0
618190,2026-04-01,Telangana,644.45,644.45,349.38,98.6,MoRTH,False,1127.0,365.0,54.21367057180541,54.21367057180541,44.386329428194585,0,1,,-101.4,-44.386329428194585,,2.0,-762.0,1127.0,365.0,1,1,1,0,0,0,0,0,0,1
618191,2026-04-01,Andhra Pradesh,403.22,403.22,227.13,99.06,MoRTH,False,1186.0,365.0,56.32905113833638,56.32905113833638,42.73094886166362,0,1,,-100.94,-42.73094886166362,,2.0,-821.0,1186.0,365.0,1,1,1,0,0,0,0,0,0,0
618192,2026-04-01,Andhra Pradesh,423.67,423.67,0.0,94.65,MoRTH,False,1370.0,487.0,0.0,0.0,94.65,0,1,,-105.35,-94.65,,2.0,-883.0,1370.0,487.0,1,1,1,0,0,0,0,0,0,0
618193,2026-04-01,Andhra Pradesh,368.63,368.63,37.37,22.55,MoRTH,False,365.0,456.0,10.137536282993787,10.137536282993787,12.412463717006213,0,1,,-57.49385964912281,-12.412463717006212,,0.8004385964912281,91.0,365.0,456.0,1,1,1,0,0,0,0,0,0,0
618194,2026-04-01,Andhra Pradesh,294.13,285.29,312.39,98.52,MoRTH,False,2800.0,153.0,109.4991061726664,100.0,-1.480000000000004,1,1,,-101.48,10.979106172666404,,2.0,-2647.0,2800.0,153.0,1,1,1,0,0,0,1,0,0,0
618196,2026-04-01,Telangana,578.85,578.85,0.0,85.0,MoRTH,False,1217.0,334.0,0.0,0.0,85.0,0,1,,-115.0,-85.0,,2.0,-883.0,1217.0,334.0,1,1,1,0,0,0,0,0,0,0
618197,2026-04-01,Telangana,882.18,882.18,347.73,74.06,MoRTH,False,1186.0,365.0,39.41712575664831,39.41712575664831,34.64287424335169,0,1,,-125.94,-34.64287424335169,,2.0,-821.0,1186.0,365.0,1,1,1,0,0,0,0,0,0,1
618198,2026-04-01,Maharashtra,388.93,341.69,0.0,93.0,MoRTH,False,1551.0,1402.0,0.0,0.0,93.0,1,1,,-17.627674750356647,-93.0,,1.1062767475035664,-149.0,1551.0,1402.0,1,0,0,0,0,0,0,0,0,0
618199,2026-04-01,Maharashtra,723.13,723.13,0.0,48.5,MoRTH,False,639.0,516.0,0.0,0.0,48.5,0,1,,-75.33720930232558,-48.5,,1.2383720930232558,-123.0,639.0,516.0,1,1,1,0,0,1,0,0,0,0
618200,2026-04-01,Rajasthan,317.74,317.74,6.07,36.87,MoRTH,False,913.0,579.0,1.9103669667023353,1.9103669667023353,34.95963303329766,0,1,,-120.81566493955094,-34.95963303329766,,1.5768566493955094,-334.0,913.0,579.0,1,1,1,0,0,1,0,0,0,0
618201,2026-04-01,"Jammu andKashmir",702.1,702.1,0.0,45.0,MoRTH,False,516.0,427.0,0.0,0.0,45.0,0,0,,-75.84309133489461,-45.0,,1.208430913348946,-89.0,516.0,427.0,1,1,1,0,0,1,0,0,0,1
618202,2026-04-01,"Jammu andKashmir",992.43,992.43,34.01,39.84,MoRTH,False,577.0,550.0,3.426941950565783,3.426941950565783,36.41305804943422,0,0,,-65.0690909090909,-36.41305804943422,,1.049090909090909,-27.0,577.0,550.0,1,1,1,0,0,1,0,0,0,1
618203,2026-04-01,"Jammu andKashmir",980.21,980.21,0.27,50.01,MoRTH,False,608.0,519.0,0.02754511788290264,0.02754511788290264,49.982454882117096,0,0,,-67.13836223506743,-49.982454882117096,,1.1714836223506744,-89.0,608.0,519.0,1,1,1,0,0,0,0,0,0,1
618204,2026-04-01,"Jammu andKashmir",426.15,426.15,97.91,54.89,MoRTH,False,1035.0,577.0,22.975478118033557,22.975478118033557,31.914521881966444,0,1,,-124.48608318890815,-31.914521881966444,,1.7937608318890814,-458.0,1035.0,577.0,1,1,1,0,0,0,0,0,0,1
618205,2026-04-01,"Jammu andKashmir",823.46,823.46,262.57,83.0,MoRTH,False,974.0,426.0,31.886187550093503,31.886187550093503,51.1138124499065,0,1,,-117.0,-51.1138124499065,,2.0,-548.0,974.0,426.0,1,1,1,0,0,0,0,0,0,1
618206,2026-04-01,"Jammu andKashmir",1404.94,1404.94,118.37,36.5,MoRTH,False,516.0,245.0,8.425270830071035,8.425270830071035,28.074729169928965,0,0,,-163.5,-28.074729169928965,,2.0,-271.0,516.0,245.0,1,1,1,0,0,1,0,0,0,0
618207,2026-04-01,Uttarakhand,573.96,573.96,0.0,20.78,MoRTH,False,913.0,365.0,0.0,0.0,20.78,0,1,,-179.22,-20.78,,2.0,-548.0,913.0,365.0,1,1,1,0,0,1,0,0,0,0
618208,2026-04-01,Uttarakhand,180.1,180.1,0.0,95.0,MoRTH,False,2343.0,273.0,0.0,0.0,95.0,0,0,,-105.0,-95.0,,2.0,-2070.0,2343.0,273.0,1,1,1,0,0,0,0,0,0,0
618209,2026-04-01,Uttarakhand,258.85,258.85,0.0,35.6,MoRTH,False,1308.0,184.0,0.0,0.0,35.6,0,1,,-164.4,-35.6,,2.0,-1124.0,1308.0,184.0,1,1,1,0,0,1,0,0,0,0
618210,2026-04-01,Uttarakhand,603.92,603.92,0.0,81.17,MoRTH,False,1582.0,456.0,0.0,0.0,81.17,0,1,,-118.83,-81.17,,2.0,-1126.0,1582.0,456.0,1,1,1,0,0,0,0,0,0,0
618211,2026-04-01,Uttarakhand,649.6,649.6,0.0,29.72,MoRTH,False,516.0,915.0,0.0,0.0,29.72,0,1,,-26.673442622950816,-29.72,,0.5639344262295082,399.0,516.0,915.0,1,1,0,0,0,0,0,0,0,0
618212,2026-04-01,Uttarakhand,197.26,197.26,0.0,15.06,MoRTH,False,182.0,639.0,0.0,0.0,15.06,0,0,,-13.422003129890454,-15.06,,0.2848200312989045,457.0,182.0,639.0,1,0,0,0,0,0,0,0,0,0
618213,2026-04-01,Uttarakhand,273.76,273.76,0.0,96.46,MoRTH,False,2647.0,306.0,0.0,0.0,96.46,0,1,,-103.54,-96.46,,2.0,-2341.0,2647.0,306.0,1,1,1,0,0,0,0,0,0,0
618214,2026-04-01,Uttarakhand,346.5,346.5,0.0,100.0,MoRTH,False,2647.0,306.0,0.0,0.0,100.0,0,1,,-100.0,-100.0,,2.0,-2341.0,2647.0,306.0,1,1,1,0,0,0,0,0,0,0
618215,2026-04-01,Himachal Pradesh,274.36,194.0,0.0,22.26,MoRTH,False,669.0,1096.0,0.0,0.0,22.26,1,1,,-38.78014598540146,-22.26,,0.6104014598540146,427.0,669.0,1096.0,1,1,1,0,0,0,0,0,0,0
618216,2026-04-01,Himachal Pradesh,230.55,203.15,15.16,23.24,MoRTH,False,1005.0,852.0,7.462466158011321,7.462466158011321,15.777533841988678,1,1,,-94.71774647887324,-15.777533841988678,,1.1795774647887325,-153.0,1005.0,852.0,1,1,1,0,0,1,0,0,0,0
618217,2026-04-01,Himachal Pradesh,314.67,244.15,76.97,60.02,MoRTH,False,1066.0,791.0,31.525701413065736,31.525701413065736,28.494298586934267,1,1,,-74.74611883691529,-28.494298586934267,,1.347661188369153,-275.0,1066.0,791.0,1,1,1,0,0,0,0,0,0,0
618218,2026-04-01,Uttarakhand,338.38,338.38,0.0,78.2,MoRTH,False,1066.0,212.0,0.0,0.0,78.2,0,1,,-121.8,-78.2,,2.0,-854.0,1066.0,212.0,1,1,1,0,0,0,0,0,0,0
618219,2026-04-01,Uttarakhand,292.76,292.76,0.0,72.5,MoRTH,False,700.0,578.0,0.0,0.0,72.5,0,1,,-48.60726643598615,-72.5,,1.2110726643598615,-122.0,700.0,578.0,1,1,1,0,0,0,0,0,0,0
618220,2026-04-01,"Jammu andKashmir",642.24,572.51,0.0,100.0,MoRTH,False,1370.0,487.0,0.0,0.0,100.0,1,1,,-100.0,-100.0,,2.0,-883.0,1370.0,487.0,1,1,1,0,0,0,0,0,0,0
618221,2026-04-01,"Jammu andKashmir",734.64,734.64,0.0,45.41,MoRTH,False,639.0,1034.0,0.0,0.0,45.41,0,0,,-16.388839458413926,-45.41,,0.6179883945841392,395.0,639.0,1034.0,1,0,0,0,0,0,0,0,0,1
618222,2026-04-01,"Jammu andKashmir",562.45,562.45,137.07,70.03,MoRTH,False,821.0,457.0,24.37016623699884,24.37016623699884,45.65983376300116,0,1,,-109.61989059080965,-45.65983376300116,,1.7964989059080962,-364.0,821.0,457.0,1,1,1,0,0,0,0,0,0,1
618223,2026-04-01,"Jammu andKashmir",152.93,152.93,75.64,88.94,MoRTH,False,1673.0,549.0,49.46053750081737,49.46053750081737,39.47946249918263,0,1,,-111.06,-39.47946249918263,,2.0,-1124.0,1673.0,549.0,1,1,1,0,0,0,0,0,0,1
618224,2026-04-01,"Jammu andKashmir",796.97,796.97,432.45,92.01,MoRTH,False,1704.0,518.0,54.26176644039299,54.26176644039299,37.748233559607016,0,1,,-107.99,-37.748233559607016,,2.0,-1186.0,1704.0,518.0,1,1,1,0,0,0,0,0,0,1
618225,2026-04-01,"Jammu andKashmir",395.25,395.25,144.04,89.05,MoRTH,False,1370.0,365.0,36.44275774826059,36.44275774826059,52.60724225173941,0,1,,-110.95,-52.60724225173941,,2.0,-1005.0,1370.0,365.0,1,1,1,0,0,0,0,0,0,1
618226,2026-04-01,"Jammu andKashmir",272.49,272.49,157.74,94.0,MoRTH,False,1247.0,853.0,57.88836287570186,57.88836287570186,36.11163712429814,0,1,,-52.18991793669403,-36.11163712429814,,1.4618991793669402,-394.0,1247.0,853.0,1,1,1,0,0,0,0,0,0,1
618227,2026-04-01,West Bengal,995.04,1059.2,456.48,71.03,MoRTH,False,1127.0,365.0,43.096676737160124,43.096676737160124,27.933323262839878,1,1,,-128.97,-27.93332326283988,,2.0,-762.0,1127.0,365.0,1,1,1,0,0,0,0,0,0,1
618228,2026-04-01,Bihar,2926.42,2926.42,0.0,72.51,MoRTH,False,1857.0,759.0,0.0,0.0,72.51,0,1,,-127.49,-72.51,,2.0,-1098.0,1857.0,759.0,1,1,1,0,0,0,0,0,0,1
618229,2026-04-01,Uttar Pradesh,211.09,206.56,0.0,100.0,MoRTH,False,1339.0,852.0,0.0,0.0,100.0,1,1,,-57.159624413145536,-100.0,,1.5715962441314557,-487.0,1339.0,852.0,1,1,1,0,0,0,0,0,0,0
618230,2026-04-01,Himachal Pradesh,314.32,314.32,0.0,67.92,MoRTH,False,1278.0,791.0,0.0,0.0,67.92,0,1,,-93.6476359039191,-67.92,,1.615676359039191,-487.0,1278.0,791.0,1,1,1,0,0,0,0,0,0,0
618231,2026-04-01,Himachal Pradesh,371.93,371.93,198.34,91.49,MoRTH,False,1400.0,669.0,53.32723899658538,53.32723899658538,38.162761003414616,0,1,,-108.51,-38.162761003414616,,2.0,-731.0,1400.0,669.0,1,1,1,0,0,0,0,0,0,1
618232,2026-04-01,Himachal Pradesh,251.62,190.02,74.12,55.85,MoRTH,False,882.0,1187.0,39.00642037680244,39.00642037680244,16.843579623197563,1,1,,-18.4549705139006,-16.843579623197563,,0.7430497051390059,305.0,882.0,1187.0,1,0,0,0,0,0,0,0,0,0
618233,2026-04-01,Uttar Pradesh,1948.25,1465.41,0.0,87.91,MoRTH,False,1885.0,946.0,0.0,0.0,87.91,1,1,,-111.35004228329812,-87.91,,1.992600422832981,-939.0,1885.0,946.0,1,1,1,0,0,0,0,0,0,0
618234,2026-04-01,Bihar,1478.4,1478.4,823.93,94.2,MoRTH,False,1765.0,1004.0,55.731195887445885,55.731195887445885,38.46880411255412,0,1,,-81.59681274900397,-38.46880411255412,,1.7579681274900398,-761.0,1765.0,1004.0,1,1,1,0,0,0,0,0,0,0
618235,2026-04-01,Rajasthan,278.1,278.1,28.57,37.16,MoRTH,False,304.0,151.0,10.273282991729593,10.273282991729593,26.886717008270402,0,1,,-162.84,-26.8867170082704,,2.0,-153.0,304.0,151.0,1,1,1,0,0,1,0,0,0,0
618236,2026-04-01,Andhra Pradesh,316.06,288.76,220.75,100.0,MoRTH,False,3622.0,90.0,76.44756891536224,76.44756891536224,23.55243108463776,1,1,,-100.0,-23.55243108463776,,2.0,-3532.0,3622.0,90.0,1,1,1,0,0,0,0,0,0,0
618237,2026-04-01,Andhra Pradesh,263.45,263.45,151.56,98.4,MoRTH,False,3134.0,184.0,57.528942873410514,57.528942873410514,40.87105712658949,0,1,,-101.6,-40.87105712658949,,2.0,-2950.0,3134.0,184.0,1,1,1,0,0,0,0,0,0,0
618238,2026-04-01,Andhra Pradesh,350.61,432.91,233.92,98.2,MoRTH,False,3377.0,153.0,54.0343258413989,54.0343258413989,44.1656741586011,1,1,,-101.8,-44.1656741586011,,2.0,-3224.0,3377.0,153.0,1,1,1,0,0,0,0,0,0,0
618239,2026-04-01,Andhra Pradesh,445.22,459.37,0.0,98.6,MoRTH,False,3499.0,184.0,0.0,0.0,98.6,1,1,,-101.4,-98.6,,2.0,-3315.0,3499.0,184.0,1,1,1,0,0,0,0,0,0,0
618240,2026-04-01,Uttar Pradesh,236.47,236.47,0.0,90.0,MoRTH,False,1308.0,883.0,0.0,0.0,90.0,0,1,,-58.13137032842582,-90.0,,1.4813137032842585,-425.0,1308.0,883.0,1,1,1,0,0,0,0,0,0,1
618242,2026-04-01,Jharkhand,300.46,300.46,76.93,46.22,MoRTH,False,821.0,610.0,25.60407375357785,25.60407375357785,20.61592624642215,0,1,,-88.37016393442622,-20.61592624642215,,1.3459016393442622,-211.0,821.0,610.0,1,1,1,0,0,1,0,0,0,0
618243,2026-04-01,Uttar Pradesh,1138.72,1138.72,0.0,27.0,MoRTH,False,304.0,913.0,0.0,0.0,27.0,0,1,,-6.296823658269439,-27.0,,0.3329682365826944,609.0,304.0,913.0,0,0,0,0,0,0,0,0,0,0
618244,2026-04-01,Uttar Pradesh,1273.72,1273.72,0.0,44.37,MoRTH,False,335.0,1157.0,0.0,0.0,44.37,0,1,,15.415808124459804,-44.37,,0.2895419187554019,822.0,335.0,1157.0,0,0,0,0,0,0,0,0,0,0
618246,2026-04-01,Bihar,1110.23,1110.23,0.0,49.78,MoRTH,False,1066.0,1034.0,0.0,0.0,49.78,0,1,,-53.31477756286267,-49.78,,1.0309477756286267,-32.0,1066.0,1034.0,1,1,1,0,0,1,0,0,0,0
618247,2026-04-01,Uttar Pradesh,1708.62,1708.62,0.0,2.0,MoRTH,False,90.0,671.0,0.0,0.0,2.0,0,1,,-11.412816691505215,-2.0,,0.1341281669150521,581.0,90.0,671.0,1,0,0,0,0,0,0,0,0,0
618248,2026-04-01,Uttar Pradesh,1653.15,1653.15,0.0,10.0,MoRTH,False,90.0,976.0,0.0,0.0,10.0,0,1,,0.778688524590164,-10.0,,0.0922131147540983,886.0,90.0,976.0,0,0,0,0,0,0,0,0,0,0
618249,2026-04-01,Uttar Pradesh,1511.57,1511.57,0.0,32.0,MoRTH,False,396.0,731.0,0.0,0.0,32.0,0,1,,-22.172366621067034,-32.0,,0.5417236662106704,335.0,396.0,731.0,1,1,0,0,0,0,0,0,0,0
618250,2026-04-01,Bihar,3064.45,3064.45,0.0,10.69,MoRTH,False,700.0,121.0,0.0,0.0,10.69,0,1,,-189.31,-10.69,,2.0,-579.0,700.0,121.0,1,1,1,0,0,1,0,0,0,0
618251,2026-04-01,Bihar,1661.25,1661.25,0.0,5.52,MoRTH,False,212.0,915.0,0.0,0.0,5.52,0,1,,-17.649398907103826,-5.52,,0.2316939890710382,703.0,212.0,915.0,1,0,0,0,0,0,0,0,0,0
618252,2026-04-01,Uttar Pradesh,974.19,1344.61,0.82,48.0,MoRTH,False,516.0,1035.0,0.06098422590937149,0.06098422590937149,47.93901577409063,1,1,,-1.855072463768117,-47.93901577409063,,0.4985507246376812,519.0,516.0,1035.0,0,0,0,0,0,0,0,0,0,0
618253,2026-04-01,Himachal Pradesh,870.95,896.86,0.0,0.0,MoRTH,False,31.0,1004.0,0.0,0.0,0.0,1,1,,-3.087649402390438,0.0,,0.0308764940239043,973.0,31.0,1004.0,0,0,0,0,0,0,0,0,0,0
618254,2026-04-01,Andhra Pradesh,244.43,244.43,11.67,13.0,MoRTH,False,455.0,672.0,4.774373031133658,4.774373031133658,8.225626968866342,0,1,,-54.70833333333334,-8.225626968866342,,0.6770833333333334,217.0,455.0,672.0,1,1,1,0,0,0,0,0,0,1
618255,2026-04-01,Andhra Pradesh,361.24,358.05,109.5,43.22,MoRTH,False,882.0,1309.0,30.58232090490155,30.58232090490155,12.637679095098449,1,1,,-24.159679144385024,-12.637679095098449,,0.6737967914438503,427.0,882.0,1309.0,1,1,0,0,0,0,0,0,0,1
618256,2026-04-01,Andhra Pradesh,311.22,311.22,195.13,91.25,MoRTH,False,1278.0,791.0,62.69841269841269,62.69841269841269,28.55158730158731,0,1,,-70.3176359039191,-28.55158730158731,,1.615676359039191,-487.0,1278.0,791.0,1,1,1,0,0,0,0,0,0,0
618257,2026-04-01,Andhra Pradesh,349.29,349.29,242.02,100.0,MoRTH,False,1370.0,699.0,69.28912937673566,69.28912937673566,30.71087062326434,0,1,,-95.99427753934192,-30.71087062326434,,1.959942775393419,-671.0,1370.0,699.0,1,1,1,0,0,0,0,0,0,0
618258,2026-04-01,Andhra Pradesh,296.66,289.11,237.52,91.5,MoRTH,False,1673.0,396.0,82.1555809207568,82.1555809207568,9.344419079243195,1,1,,-108.5,-9.344419079243195,,2.0,-1277.0,1673.0,396.0,1,1,1,0,0,0,0,0,0,0
618259,2026-04-01,Andhra Pradesh,222.61,222.61,122.52,100.0,MoRTH,False,1857.0,212.0,55.03795876196037,55.03795876196037,44.96204123803963,0,1,,-100.0,-44.96204123803963,,2.0,-1645.0,1857.0,212.0,1,1,1,0,0,0,0,0,0,0
618260,2026-04-01,Uttar Pradesh,1348.06,1348.06,0.0,25.0,MoRTH,False,151.0,1341.0,0.0,0.0,25.0,0,1,,13.739746457867264,-25.0,,0.1126025354213273,1190.0,151.0,1341.0,0,0,0,0,0,0,0,0,0,0
618262,2026-04-01,Uttar Pradesh,1734.7,1734.7,0.0,10.0,MoRTH,False,243.0,884.0,0.0,0.0,10.0,0,1,,-17.48868778280543,-10.0,,0.2748868778280543,641.0,243.0,884.0,1,0,0,0,0,0,0,0,0,0
618263,2026-04-01,Uttar Pradesh,701.02,701.02,0.0,81.18,MoRTH,False,455.0,672.0,0.0,0.0,81.18,0,1,,13.471666666666664,-81.18,,0.6770833333333334,217.0,455.0,672.0,0,0,0,0,0,0,0,0,0,0
618264,2026-04-01,Uttar Pradesh,2061.86,2061.86,0.0,25.0,MoRTH,False,121.0,945.0,0.0,0.0,25.0,0,1,,12.195767195767196,-25.0,,0.128042328042328,824.0,121.0,945.0,0,0,0,0,0,0,0,0,0,0
618265,2026-04-01,Uttar Pradesh,172.5,169.56,0.0,89.0,MoRTH,False,1370.0,821.0,0.0,0.0,89.0,1,1,,-77.86967113276492,-89.0,,1.6686967113276492,-549.0,1370.0,821.0,1,1,1,0,0,0,0,0,0,1
618266,2026-04-01,Uttar Pradesh,325.24,340.16,0.0,98.0,MoRTH,False,1247.0,944.0,0.0,0.0,98.0,1,1,,-34.097457627118644,-98.0,,1.3209745762711864,-303.0,1247.0,944.0,1,1,1,0,0,0,0,0,0,1
618282,2026-04-01,Assam,1264.9,1264.9,469.24,56.91,NHIDCL,False,852.0,275.0,37.09700371570875,37.09700371570875,19.812996284291245,0,1,,-143.09,-19.812996284291245,,2.0,-577.0,852.0,275.0,1,1,1,0,0,0,0,0,0,0
618283,2026-04-01,Assam,1000.27,1000.27,416.11,50.92,NHIDCL,False,852.0,275.0,41.59976806262309,41.59976806262309,9.32023193737691,0,1,,-149.07999999999998,-9.32023193737691,,2.0,-577.0,852.0,275.0,1,1,1,0,0,0,0,0,0,0
618284,2026-04-01,Assam,1457.59,1457.59,793.68,79.46,NHIDCL,False,852.0,275.0,54.451526149328686,54.451526149328686,25.008473850671308,0,1,,-120.54,-25.008473850671308,,2.0,-577.0,852.0,275.0,1,1,1,0,0,0,0,0,0,1
618285,2026-04-01,Assam,286.72,286.72,186.64,100.0,NHIDCL,False,913.0,944.0,65.09486607142856,65.09486607142856,34.905133928571445,0,1,,3.2838983050847474,-34.905133928571445,,0.9671610169491526,31.0,913.0,944.0,0,0,0,0,0,0,0,0,0,0
618286,2026-04-01,Assam,746.76,746.76,410.28,76.47,NHIDCL,False,1612.0,61.0,54.94134661738711,54.94134661738711,21.528653382612887,0,1,,-123.53,-21.528653382612887,,2.0,-1551.0,1612.0,61.0,1,1,1,0,0,0,0,0,0,0
618287,2026-04-01,Assam,1338.61,1338.61,0.0,12.45,NHIDCL,False,486.0,396.0,0.0,0.0,12.45,0,1,,-110.27727272727272,-12.45,,1.2272727272727273,-90.0,486.0,396.0,1,1,1,0,0,1,0,0,0,0
618288,2026-04-01,Assam,1081.15,1081.15,0.0,28.74,NHIDCL,False,424.0,366.0,0.0,0.0,28.74,0,1,,-87.10699453551912,-28.74,,1.1584699453551912,-58.0,424.0,366.0,1,1,1,0,0,1,0,0,0,0
618289,2026-04-01,Assam,224.85,224.85,204.31,97.76,NHIDCL,False,2130.0,92.0,90.86502112519457,90.86502112519457,6.894978874805432,0,1,,-102.24,-6.894978874805432,,2.0,-2038.0,2130.0,92.0,1,1,1,0,0,0,0,0,0,0
618290,2026-04-01,Nagaland,202.36,202.36,94.2,45.52,NHIDCL,False,2008.0,92.0,46.55070171970745,46.55070171970745,-1.0307017197074444,0,1,,-154.48,1.0307017197074444,,2.0,-1916.0,2008.0,92.0,1,1,1,0,0,1,0,0,0,0
618291,2026-04-01,Nagaland,159.85,342.29,84.22,37.38,NHIDCL,False,1035.0,1065.0,24.604867217856203,24.604867217856203,12.7751327821438,1,1,,-59.80309859154929,-12.7751327821438,,0.971830985915493,30.0,1035.0,1065.0,1,1,1,0,0,0,0,0,0,0
618292,2026-04-01,Nagaland,277.44,277.44,192.45,69.82,NHIDCL,False,2008.0,92.0,69.36634948096886,69.36634948096886,0.45365051903112885,0,1,,-130.18,-0.4536505190311288,,2.0,-1916.0,2008.0,92.0,1,1,1,0,0,0,0,0,0,0
618293,2026-04-01,Nagaland,232.29,350.88,12.48,25.61,NHIDCL,False,882.0,1218.0,3.556771545827633,3.556771545827633,22.053228454172366,1,1,,-46.80379310344827,-22.05322845417237,,0.7241379310344828,336.0,882.0,1218.0,1,1,1,0,0,0,0,0,0,1
618294,2026-04-01,Meghalaya,801.07,801.07,64.53,24.13,NHIDCL,False,212.0,915.0,8.055475801116007,8.055475801116007,16.074524198883992,0,1,,0.960601092896173,-16.074524198883992,,0.2316939890710382,703.0,212.0,915.0,0,0,0,0,0,0,0,0,0,0
618295,2026-04-01,Meghalaya,705.83,705.83,0.0,38.75,NHIDCL,False,396.0,731.0,0.0,0.0,38.75,0,1,,-15.422366621067034,-38.75,,0.5417236662106704,335.0,396.0,731.0,1,0,0,0,0,0,0,0,0,0
618296,2026-04-01,Nagaland,330.8,330.8,0.0,93.04,NHIDCL,False,882.0,1340.0,0.0,0.0,93.04,0,1,,27.21910447761195,-93.04,,0.6582089552238806,458.0,882.0,1340.0,0,0,0,0,0,0,0,0,0,1
618297,2026-04-01,Nagaland,355.79,355.79,0.0,40.88,NHIDCL,False,821.0,1401.0,0.0,0.0,40.88,0,1,,-17.72099928622412,-40.88,,0.5860099928622412,580.0,821.0,1401.0,1,0,0,0,0,0,0,0,0,0
618298,2026-04-01,Manipur,211.7,211.7,227.95,90.96,NHIDCL,False,1735.0,122.0,107.6759565422768,100.0,-9.040000000000006,0,1,,-109.04,16.7159565422768,,2.0,-1613.0,1735.0,122.0,1,1,1,0,0,0,1,0,0,0
618299,2026-04-01,Manipur,268.98,268.98,0.0,55.15,NHIDCL,False,486.0,1552.0,0.0,0.0,55.15,0,1,,23.83556701030928,-55.15,,0.3131443298969072,1066.0,486.0,1552.0,0,0,0,0,0,0,0,0,0,1
618300,2026-04-01,Manipur,379.39,379.39,301.89,91.31,NHIDCL,False,2008.0,30.0,79.572471599146,79.572471599146,11.737528400854004,0,1,,-108.69,-11.737528400854004,,2.0,-1978.0,2008.0,30.0,1,1,1,0,0,0,0,0,0,0
618301,2026-04-01,Manipur,228.97,228.97,33.76,48.16,NHIDCL,False,424.0,1614.0,14.74428964493165,14.74428964493165,33.41571035506835,0,1,,21.88986369268897,-33.41571035506835,,0.2627013630731102,1190.0,424.0,1614.0,0,0,0,0,0,0,0,0,0,0
618302,2026-04-01,Manipur,256.04,256.04,0.0,97.12,NHIDCL,False,2100.0,122.0,0.0,0.0,97.12,0,1,,-102.88,-97.12,,2.0,-1978.0,2100.0,122.0,1,1,1,0,0,0,0,0,0,0
618303,2026-04-01,Manipur,222.77,222.77,0.0,88.85,NHIDCL,False,2100.0,122.0,0.0,0.0,88.85,0,1,,-111.15,-88.85,,2.0,-1978.0,2100.0,122.0,1,1,1,0,0,0,0,0,0,0
618304,2026-04-01,Manipur,164.89,164.89,125.76,23.56,NHIDCL,False,486.0,641.0,76.26902783673965,76.26902783673965,-52.70902783673965,0,1,,-52.25903276131045,52.70902783673965,,0.7581903276131046,155.0,486.0,641.0,1,1,1,0,0,0,1,1,1,0
618305,2026-04-01,Manipur,554.66,554.66,201.52,22.55,NHIDCL,False,486.0,641.0,36.332167453935746,36.332167453935746,-13.782167453935745,0,1,,-53.269032761310456,13.782167453935743,,0.7581903276131046,155.0,486.0,641.0,1,1,1,0,0,0,1,0,0,0
618306,2026-04-01,Manipur,564.05,564.05,72.58,14.08,NHIDCL,False,335.0,792.0,12.867653576810568,12.867653576810568,1.212346423189432,0,1,,-28.217979797979797,-1.212346423189432,,0.4229797979797979,457.0,335.0,792.0,1,1,0,0,0,0,0,0,0,0
618308,2026-04-01,Assam,676.18,728.97,0.0,57.17,NHIDCL,False,608.0,519.0,0.0,0.0,57.17,1,1,,-59.97836223506744,-57.17,,1.1714836223506744,-89.0,608.0,519.0,1,1,1,0,0,0,0,0,0,0
618309,2026-04-01,Assam,1319.55,1319.55,0.0,14.6,NHIDCL,False,243.0,547.0,0.0,0.0,14.6,0,1,,-29.824131627056676,-14.6,,0.4442413162705667,304.0,243.0,547.0,1,1,0,0,0,0,0,0,0,0
618310,2026-04-01,Assam,791.79,791.79,0.06,40.4,NHIDCL,False,424.0,366.0,0.007577766832114576,0.007577766832114576,40.392422233167885,0,1,,-75.44699453551911,-40.392422233167885,,1.1584699453551912,-58.0,424.0,366.0,1,1,1,0,0,1,0,0,0,0
618311,2026-04-01,Assam,870.0,870.0,0.0,31.83,NHIDCL,False,396.0,365.0,0.0,0.0,31.83,0,1,,-76.66315068493151,-31.83,,1.084931506849315,-31.0,396.0,365.0,1,1,1,0,0,1,0,0,0,0
618312,2026-04-01,Assam,1258.13,1258.13,0.0,11.0,NHIDCL,False,365.0,425.0,0.0,0.0,11.0,0,1,,-74.88235294117646,-11.0,,0.8588235294117647,60.0,365.0,425.0,1,1,1,0,0,0,0,0,0,0
618313,2026-04-01,Assam,1181.55,1181.55,0.0,0.0,NHIDCL,False,212.0,549.0,0.0,0.0,0.0,0,1,,-38.61566484517304,0.0,,0.3861566484517304,337.0,212.0,549.0,1,1,1,0,0,0,0,0,0,0
618314,2026-04-01,Assam,1716.21,1716.21,918.32,79.34,NHIDCL,False,790.0,337.0,53.50860325950787,53.50860325950787,25.83139674049213,0,1,,-120.66,-25.83139674049213,,2.0,-453.0,790.0,337.0,1,1,1,0,0,0,0,0,0,1
618315,2026-04-01,Assam,1256.9,1256.9,550.91,55.46,NHIDCL,False,821.0,334.0,43.8308536876442,43.8308536876442,11.6291463123558,0,1,,-144.54,-11.6291463123558,,2.0,-487.0,821.0,334.0,1,1,1,0,0,0,0,0,0,0
618316,2026-04-01,Mizoram,491.39,491.39,32.46,17.86,NHIDCL,True,274.0,1308.0,6.60575103278455,6.60575103278455,11.25424896721545,0,1,,-3.0880122324159025,-11.25424896721545,,0.209480122324159,1034.0,274.0,1308.0,0,0,0,0,0,0,0,0,0,0
618317,2026-04-01,Mizoram,561.91,561.91,0.0,17.12,NHIDCL,True,274.0,1308.0,0.0,0.0,17.12,0,1,,-3.828012232415901,-17.12,,0.209480122324159,1034.0,274.0,1308.0,0,0,0,0,0,0,0,0,0,0
618318,2026-04-01,Mizoram,720.4,720.4,40.29,11.86,NHIDCL,True,274.0,1338.0,5.592726263187118,5.592726263187118,6.267273736812881,0,1,,-8.61832585949178,-6.267273736812881,,0.2047832585949177,1064.0,274.0,1338.0,0,0,0,0,0,0,0,0,0,0
618319,2026-04-01,Mizoram,595.65,595.65,21.02,6.72,NHIDCL,True,274.0,1308.0,3.5289179887517843,3.5289179887517843,3.1910820112482154,0,1,,-14.228012232415905,-3.1910820112482154,,0.209480122324159,1034.0,274.0,1308.0,1,0,0,0,0,0,0,0,0,0
618320,2026-04-01,Mizoram,866.32,866.32,0.0,18.9,NHIDCL,False,182.0,608.0,0.0,0.0,18.9,0,0,,-11.034210526315793,-18.9,,0.2993421052631579,426.0,182.0,608.0,1,0,0,0,0,0,0,0,0,0
618321,2026-04-01,Mizoram,875.79,875.79,0.0,13.95,NHIDCL,False,151.0,639.0,0.0,0.0,13.95,0,0,,-9.680672926447574,-13.95,,0.2363067292644757,488.0,151.0,639.0,0,0,0,0,0,0,0,0,0,0
618323,2026-04-01,Mizoram,1313.28,1313.28,0.0,0.0,NHIDCL,False,121.0,700.0,0.0,0.0,0.0,0,0,,-17.285714285714285,0.0,,0.1728571428571428,579.0,121.0,700.0,1,0,0,0,0,0,0,0,0,0
618324,2026-04-01,Mizoram,720.72,720.72,0.0,15.1,NHIDCL,False,182.0,973.0,0.0,0.0,15.1,0,0,,-3.605035971223023,-15.1,,0.1870503597122302,791.0,182.0,973.0,0,0,0,0,0,0,0,0,0,0
618325,2026-04-01,Assam,204.1,204.1,0.0,0.0,NHIDCL,False,1186.0,426.0,0.0,0.0,0.0,0,1,,-200.0,0.0,,2.0,-760.0,1186.0,426.0,1,1,1,0,0,1,0,0,0,0
618326,2026-04-01,Assam,516.88,516.88,0.0,97.96,NHIDCL,False,882.0,304.0,0.0,0.0,97.96,0,1,,-102.04,-97.96,,2.0,-578.0,882.0,304.0,1,1,1,0,0,0,0,0,0,1
618327,2026-04-01,Assam,625.64,625.64,0.0,0.0,NHIDCL,False,1370.0,303.0,0.0,0.0,0.0,0,1,,-200.0,0.0,,2.0,-1067.0,1370.0,303.0,1,1,1,0,0,1,0,0,0,0
618328,2026-04-01,Nagaland,562.98,794.75,119.71,82.59,NHIDCL,False,943.0,2740.0,15.062598301352626,15.062598301352626,67.52740169864738,1,0,,48.173941605839424,-67.52740169864738,,0.3441605839416058,1797.0,943.0,2740.0,0,0,0,0,0,0,0,0,0,0
618329,2026-04-01,Nagaland,819.39,819.39,0.0,0.0,NHIDCL,False,3134.0,212.0,0.0,0.0,0.0,0,1,,-200.0,0.0,,2.0,-2922.0,3134.0,212.0,1,1,1,0,0,1,0,0,0,0
618330,2026-04-01,Assam,511.02,511.02,647.21,100.0,NHIDCL,False,2343.0,610.0,126.65062032797152,100.0,0.0,0,1,,-100.0,26.650620327971524,,2.0,-1733.0,2343.0,610.0,1,1,1,0,0,0,1,1,0,0
618331,2026-04-01,Assam,957.95,957.95,149.51,36.56,NHIDCL,False,455.0,366.0,15.607286392817995,15.607286392817995,20.952713607182005,0,1,,-87.75693989071037,-20.952713607182005,,1.2431693989071038,-89.0,455.0,366.0,1,1,1,0,0,1,0,0,0,0
618333,2026-04-01,Manipur,760.16,760.16,414.38,90.52,NHIDCL,False,852.0,334.0,54.51220795621975,54.51220795621975,36.00779204378025,0,1,,-109.48,-36.00779204378025,,2.0,-518.0,852.0,334.0,1,1,1,0,0,0,0,0,0,0
618334,2026-04-01,Manipur,504.76,504.76,308.06,95.0,NHIDCL,False,1155.0,427.0,61.03098502258499,61.03098502258499,33.96901497741501,0,1,,-105.0,-33.96901497741501,,2.0,-728.0,1155.0,427.0,1,1,1,0,0,0,0,0,0,1
618335,2026-04-01,Manipur,410.68,410.68,339.14,89.95,NHIDCL,False,1247.0,335.0,82.58011103535598,82.58011103535598,7.369888964644019,0,1,,-110.05,-7.369888964644019,,2.0,-912.0,1247.0,335.0,1,1,1,0,0,0,0,0,0,0
618336,2026-04-01,Manipur,579.63,579.63,377.13,84.86,NHIDCL,False,1400.0,273.0,65.06392008695202,65.06392008695202,19.796079913047976,0,1,,-115.14,-19.796079913047976,,2.0,-1127.0,1400.0,273.0,1,1,1,0,0,0,0,0,0,0
618337,2026-04-01,Manipur,467.0,467.0,568.72,86.33,NHIDCL,False,1673.0,184.0,121.78158458244113,100.0,-13.670000000000002,0,1,,-113.67,35.45158458244113,,2.0,-1489.0,1673.0,184.0,1,1,1,0,0,0,1,1,1,0
618338,2026-04-01,Manipur,195.14,195.14,0.0,76.18,NHIDCL,False,396.0,1461.0,0.0,0.0,76.18,0,1,,49.075277207392205,-76.18,,0.271047227926078,1065.0,396.0,1461.0,0,0,0,0,0,0,0,0,0,1
618339,2026-04-01,Assam,356.65,356.65,0.0,20.45,NHIDCL,False,852.0,334.0,0.0,0.0,20.45,0,0,,-179.55,-20.45,,2.0,-518.0,852.0,334.0,1,1,1,0,0,1,0,0,0,0
618340,2026-04-01,Assam,458.59,458.59,217.2,83.39,NHIDCL,False,1066.0,120.0,47.3625678710831,47.3625678710831,36.0274321289169,0,1,,-116.61,-36.0274321289169,,2.0,-946.0,1066.0,120.0,1,1,1,0,0,0,0,0,0,1
618341,2026-04-01,Mizoram,523.78,523.78,394.29,95.31,NHIDCL,False,943.0,730.0,75.27778838443622,75.27778838443622,20.03221161556378,0,1,,-33.868082191780815,-20.03221161556378,,1.2917808219178082,-213.0,943.0,730.0,1,1,1,0,0,0,0,0,0,0
618342,2026-04-01,Mizoram,206.9,206.9,0.0,0.0,NHIDCL,False,2100.0,122.0,0.0,0.0,0.0,0,1,,-200.0,0.0,,2.0,-1978.0,2100.0,122.0,1,1,1,0,0,1,0,0,0,0
618343,2026-04-01,Mizoram,292.23,292.23,0.0,0.0,NHIDCL,False,2100.0,122.0,0.0,0.0,0.0,0,1,,-200.0,0.0,,2.0,-1978.0,2100.0,122.0,1,1,1,0,0,1,0,0,0,0
618344,2026-04-01,Manipur,673.27,673.27,500.96,82.93,NHIDCL,False,1704.0,153.0,74.40699867809349,74.40699867809349,8.52300132190652,0,1,,-117.07,-8.52300132190652,,2.0,-1551.0,1704.0,153.0,1,1,1,0,0,0,0,0,0,0
618345,2026-04-01,Manipur,365.53,365.53,187.39,85.09,NHIDCL,False,2069.0,61.0,51.26528602303505,51.26528602303505,33.82471397696495,0,1,,-114.91,-33.82471397696495,,2.0,-2008.0,2069.0,61.0,1,1,1,0,0,0,0,0,0,1
618346,2026-04-01,Manipur,232.99,232.99,149.21,96.35,NHIDCL,False,2100.0,91.0,64.04137516631614,64.04137516631614,32.30862483368385,0,1,,-103.65,-32.30862483368385,,2.0,-2009.0,2100.0,91.0,1,1,1,0,0,0,0,0,0,0
618347,2026-04-01,Manipur,241.52,241.52,152.85,96.54,NHIDCL,False,2100.0,91.0,63.28668433256045,63.28668433256045,33.25331566743956,0,1,,-103.46,-33.25331566743956,,2.0,-2009.0,2100.0,91.0,1,1,1,0,0,0,0,0,0,0
618348,2026-04-01,Manipur,177.76,177.76,1.41,0.97,NHIDCL,False,151.0,1979.0,0.7932043204320431,0.7932043204320431,0.17679567956795683,0,1,,-6.66011622031329,-0.1767956795679568,,0.0763011622031328,1828.0,151.0,1979.0,0,0,0,0,0,0,0,0,0,0
618349,2026-04-01,Manipur,204.12,204.12,0.0,21.39,NHIDCL,False,243.0,1948.0,0.0,0.0,21.39,0,1,,8.915667351129363,-21.39,,0.1247433264887063,1705.0,243.0,1948.0,0,0,0,0,0,0,0,0,0,0
618350,2026-04-01,Tripura,920.66,920.66,0.0,43.8,NHIDCL,False,577.0,275.0,0.0,0.0,43.8,0,1,,-156.2,-43.8,,2.0,-302.0,577.0,275.0,1,1,1,0,0,1,0,0,0,0
618351,2026-04-01,Assam,890.33,693.15,569.61,81.9,NHIDCL,False,974.0,153.0,82.1770179614802,82.1770179614802,-0.2770179614801975,1,1,,-118.1,0.2770179614801975,,2.0,-821.0,974.0,153.0,1,1,1,0,0,0,0,0,0,1
618352,2026-04-01,Assam,860.37,614.43,528.46,87.5,NHIDCL,False,974.0,153.0,86.0081701739824,86.0081701739824,1.491829826017593,1,1,,-112.5,-1.491829826017593,,2.0,-821.0,974.0,153.0,1,1,1,0,0,0,0,0,0,1
618353,2026-04-01,Assam,904.04,904.04,520.05,85.2,NHIDCL,False,974.0,153.0,57.52510950842883,57.52510950842883,27.674890491571176,0,1,,-114.8,-27.674890491571176,,2.0,-821.0,974.0,153.0,1,1,1,0,0,0,0,0,0,1
618354,2026-04-01,Assam,846.82,846.82,0.0,85.29,NHIDCL,False,761.0,91.0,0.0,0.0,85.29,0,1,,-114.71,-85.29,,2.0,-670.0,761.0,91.0,1,1,1,0,0,0,0,0,0,1
618355,2026-04-01,Manipur,483.87,483.87,361.96,95.28,NHIDCL,False,1673.0,62.0,74.80521627709922,74.80521627709922,20.47478372290078,0,1,,-104.72,-20.47478372290078,,2.0,-1611.0,1673.0,62.0,1,1,1,0,0,0,0,0,0,0
618356,2026-04-01,Manipur,234.08,234.08,196.29,100.0,NHIDCL,False,1765.0,92.0,83.85594668489405,83.85594668489405,16.14405331510595,0,1,,-100.0,-16.14405331510595,,2.0,-1673.0,1765.0,92.0,1,1,1,0,0,0,0,0,0,0
618357,2026-04-01,Manipur,477.86,477.86,330.1,84.87,NHIDCL,False,1612.0,61.0,69.07880969321559,69.07880969321559,15.791190306784415,0,1,,-115.13,-15.791190306784417,,2.0,-1551.0,1612.0,61.0,1,1,1,0,0,0,0,0,0,0
618358,2026-04-01,Manipur,311.18,311.18,230.69,86.73,NHIDCL,False,1612.0,61.0,74.13394177003664,74.13394177003664,12.596058229963361,0,1,,-113.27,-12.59605822996336,,2.0,-1551.0,1612.0,61.0,1,1,1,0,0,0,0,0,0,0
618359,2026-04-01,"Multi-States(ArunachalPradesh, Assam)",665.47,665.47,295.3,96.7,NHIDCL,False,577.0,550.0,44.37465250123972,44.37465250123972,52.32534749876028,0,1,,-8.209090909090904,-52.32534749876028,,1.049090909090909,-27.0,577.0,550.0,0,0,0,0,0,0,0,0,0,1
618362,2026-04-01,Mizoram,698.45,698.45,556.91,64.78,NHIDCL,False,1765.0,92.0,79.73512778294794,79.73512778294794,-14.95512778294794,0,1,,-135.22,14.95512778294794,,2.0,-1673.0,1765.0,92.0,1,1,1,0,0,0,1,0,0,0
618363,2026-04-01,Mizoram,740.58,740.58,430.45,61.34,NHIDCL,False,1735.0,30.0,58.12336276972102,58.12336276972102,3.216637230278984,0,1,,-138.66,-3.216637230278984,,2.0,-1705.0,1735.0,30.0,1,1,1,0,0,0,0,0,0,0
618364,2026-04-01,Nagaland,430.24,430.24,0.0,87.0,NHIDCL,False,974.0,243.0,0.0,0.0,87.0,0,1,,-113.0,-87.0,,2.0,-731.0,974.0,243.0,1,1,1,0,0,0,0,0,0,0
618365,2026-04-01,Nagaland,497.18,497.18,0.0,85.67,NHIDCL,False,974.0,243.0,0.0,0.0,85.67,0,1,,-114.33,-85.67,,2.0,-731.0,974.0,243.0,1,1,1,0,0,0,0,0,0,0
618366,2026-04-01,Nagaland,442.54,442.54,0.0,54.66,NHIDCL,False,974.0,243.0,0.0,0.0,54.66,0,1,,-145.34,-54.66,,2.0,-731.0,974.0,243.0,1,1,1,0,0,0,0,0,0,0
618367,2026-04-01,Tripura,726.9,726.9,194.74,8.65,NHIDCL,False,486.0,335.0,26.79048012106205,26.79048012106205,-18.140480121062048,0,1,,-136.42462686567166,18.140480121062048,,1.4507462686567163,-151.0,486.0,335.0,1,1,1,0,0,1,1,0,0,1
618368,2026-04-01,Tripura,670.9,670.9,0.0,14.0,NHIDCL,False,577.0,244.0,0.0,0.0,14.0,0,1,,-186.0,-14.0,,2.0,-333.0,577.0,244.0,1,1,1,0,0,1,0,0,0,1
618369,2026-04-01,Tripura,657.21,657.21,0.0,57.95,NHIDCL,False,577.0,244.0,0.0,0.0,57.95,0,1,,-142.05,-57.95,,2.0,-333.0,577.0,244.0,1,1,1,0,0,0,0,0,0,1
618370,2026-04-01,Tripura,431.78,431.78,0.0,58.12,NHIDCL,False,639.0,182.0,0.0,0.0,58.12,0,1,,-141.88,-58.12,,2.0,-457.0,639.0,182.0,1,1,1,0,0,0,0,0,0,0
618371,2026-04-01,Assam,613.89,613.89,260.02,78.09,NHIDCL,False,516.0,976.0,42.35612243235759,42.35612243235759,35.733877567642416,0,1,,25.221147540983612,-35.733877567642416,,0.5286885245901639,460.0,516.0,976.0,0,0,0,0,0,0,0,0,0,0
618372,2026-04-01,Assam,909.02,909.02,638.5,100.0,NHIDCL,False,1186.0,306.0,70.24047875734307,70.24047875734307,29.75952124265693,0,1,,-100.0,-29.75952124265693,,2.0,-880.0,1186.0,306.0,1,1,1,0,0,0,0,0,0,0
618373,2026-04-01,Assam,4997.04,4997.04,2808.4,74.36,NHIDCL,False,1947.0,580.0,56.201271152522295,56.201271152522295,18.158728847477704,0,1,,-125.64,-18.158728847477704,,2.0,-1367.0,1947.0,580.0,1,1,1,0,0,0,0,0,0,0
618374,2026-04-01,Meghalaya,284.21,284.21,0.0,38.77,NHIDCL,False,700.0,1400.0,0.0,0.0,38.77,0,1,,-11.229999999999997,-38.77,,0.5,700.0,700.0,1400.0,1,0,0,0,0,0,0,0,0,0
618375,2026-04-01,Meghalaya,445.51,445.51,42.32,49.05,NHIDCL,False,730.0,1370.0,9.499225606608157,9.499225606608157,39.55077439339184,0,1,,-4.234671532846718,-39.55077439339184,,0.5328467153284672,640.0,730.0,1370.0,0,0,0,0,0,0,0,0,0,0
618376,2026-04-01,Meghalaya,525.67,525.67,0.0,49.31,NHIDCL,False,790.0,1310.0,0.0,0.0,49.31,0,1,,-10.99534351145038,-49.31,,0.6030534351145038,520.0,790.0,1310.0,1,0,0,0,0,0,0,0,0,0
618377,2026-04-01,Meghalaya,351.12,351.12,0.0,93.06,NHIDCL,False,913.0,1187.0,0.0,0.0,93.06,0,1,,16.143403538331924,-93.06,,0.7691659646166807,274.0,913.0,1187.0,0,0,0,0,0,0,0,0,0,1
618379,2026-04-01,Mizoram,752.89,752.89,125.62,95.35,NHIDCL,False,2374.0,30.0,16.685040311333662,16.685040311333662,78.66495968866633,0,0,,-104.65,-78.66495968866633,,2.0,-2344.0,2374.0,30.0,1,1,1,0,0,0,0,0,0,1
618380,2026-04-01,Mizoram,867.09,867.09,159.47,97.51,NHIDCL,False,2374.0,30.0,18.391401123297467,18.391401123297467,79.11859887670253,0,1,,-102.49,-79.11859887670253,,2.0,-2344.0,2374.0,30.0,1,1,1,0,0,0,0,0,0,1
618381,2026-04-01,Mizoram,768.76,768.76,168.78,98.73,NHIDCL,False,2313.0,91.0,21.95483635985223,21.95483635985223,76.77516364014778,0,1,,-101.27,-76.77516364014778,,2.0,-2222.0,2313.0,91.0,1,1,1,0,0,0,0,0,0,0
618382,2026-04-01,Mizoram,605.76,750.32,0.01,100.0,NHIDCL,False,2008.0,396.0,0.0013327646870668515,0.0013327646870668515,99.99866723531294,1,1,,-100.0,-99.99866723531294,,2.0,-1612.0,2008.0,396.0,1,1,1,0,0,0,0,0,0,0
618383,2026-04-01,Mizoram,637.06,637.06,101.89,99.82,NHIDCL,False,2222.0,182.0,15.993783944997334,15.993783944997334,83.82621605500266,0,1,,-100.18,-83.82621605500266,,2.0,-2040.0,2222.0,182.0,1,1,1,0,0,0,0,0,0,1
618384,2026-04-01,Mizoram,899.45,899.45,191.59,99.88,NHIDCL,False,2374.0,30.0,21.300794930235142,21.300794930235142,78.57920506976485,0,1,,-100.12,-78.57920506976485,,2.0,-2344.0,2374.0,30.0,1,1,1,0,0,0,0,0,0,0
618385,2026-04-01,Tripura,174.43,174.43,0.0,41.9,NHIDCL,False,577.0,1674.0,0.0,0.0,41.9,0,1,,7.431660692951013,-41.9,,0.3446833930704898,1097.0,577.0,1674.0,0,0,0,0,0,0,0,0,0,0
618386,2026-04-01,Tripura,277.5,302.03,0.0,0.0,NHIDCL,False,2100.0,151.0,0.0,0.0,0.0,1,1,,-200.0,0.0,,2.0,-1949.0,2100.0,151.0,1,1,1,0,0,1,0,0,0,0
618387,2026-04-01,Manipur,578.98,578.98,249.29,79.5,NHIDCL,False,761.0,366.0,43.05675498290096,43.05675498290096,36.44324501709904,0,1,,-120.5,-36.44324501709904,,2.0,-395.0,761.0,366.0,1,1,1,0,0,0,0,0,0,1
618388,2026-04-01,Manipur,315.56,315.56,227.98,90.91,NHIDCL,False,1005.0,668.0,72.24616554696412,72.24616554696412,18.663834453035875,0,1,,-59.53910179640718,-18.663834453035875,,1.5044910179640718,-337.0,1005.0,668.0,1,1,1,0,0,0,0,0,0,0
618389,2026-04-01,Manipur,310.76,310.76,247.28,96.8,NHIDCL,False,1339.0,334.0,79.57266057407647,79.57266057407647,17.22733942592353,0,1,,-103.2,-17.22733942592353,,2.0,-1005.0,1339.0,334.0,1,1,1,0,0,0,0,0,0,1
618390,2026-04-01,Uttarakhand,1383.78,1383.78,688.93,70.64,NHIDCL,False,2831.0,122.0,49.78609316509849,49.78609316509849,20.853906834901508,0,1,,-129.36,-20.853906834901508,,2.0,-2709.0,2831.0,122.0,1,1,1,0,0,0,0,0,0,0
618391,2026-04-01,Uttarakhand,250.33,250.33,0.0,82.25,NHIDCL,False,669.0,183.0,0.0,0.0,82.25,0,1,,-117.75,-82.25,,2.0,-486.0,669.0,183.0,1,1,1,0,0,0,0,0,0,1
618392,2026-04-01,Uttarakhand,259.64,259.64,0.0,59.75,NHIDCL,False,486.0,366.0,0.0,0.0,59.75,0,1,,-73.03688524590163,-59.75,,1.3278688524590163,-120.0,486.0,366.0,1,1,1,0,0,0,0,0,0,1
618393,2026-04-01,Uttarakhand,216.68,216.68,107.69,96.0,NHIDCL,False,669.0,183.0,49.70001846040243,49.70001846040243,46.29998153959757,0,0,,-104.0,-46.29998153959757,,2.0,-486.0,669.0,183.0,1,1,1,0,0,0,0,0,0,0
618394,2026-04-01,"Jammu andKashmir",228.39,225.37,163.81,94.26,NHIDCL,False,2008.0,92.0,72.68491813462306,72.68491813462306,21.575081865376944,1,1,,-105.74,-21.575081865376944,,2.0,-1916.0,2008.0,92.0,1,1,1,0,0,0,0,0,0,0
618395,2026-04-01,"Jammu andKashmir",512.43,512.43,155.69,53.49,NHIDCL,False,1704.0,153.0,30.382686415705564,30.382686415705564,23.107313584294438,0,1,,-146.51,-23.10731358429444,,2.0,-1551.0,1704.0,153.0,1,1,1,0,0,0,0,0,0,0
618396,2026-04-01,"Jammu andKashmir",486.45,486.45,0.0,0.0,NHIDCL,False,1857.0,28.0,0.0,0.0,0.0,0,1,,-200.0,0.0,,2.0,-1829.0,1857.0,28.0,1,1,1,0,0,1,0,0,0,0
618397,2026-04-01,"Jammu andKashmir",255.9,255.9,0.0,0.0,NHIDCL,False,2708.0,245.0,0.0,0.0,0.0,0,1,,-200.0,0.0,,2.0,-2463.0,2708.0,245.0,1,1,1,0,0,1,0,0,0,0
618398,2026-04-01,"Jammu andKashmir",210.79,210.79,174.92,96.95,NHIDCL,False,2008.0,92.0,82.98306371269985,82.98306371269985,13.966936287300157,0,1,,-103.05,-13.966936287300156,,2.0,-1916.0,2008.0,92.0,1,1,1,0,0,0,0,0,0,0
618399,2026-04-01,"Jammu andKashmir",859.67,859.67,308.95,50.05,NHIDCL,False,1704.0,153.0,35.93820884758105,35.93820884758105,14.111791152418945,0,1,,-149.95,-14.111791152418943,,2.0,-1551.0,1704.0,153.0,1,1,1,0,0,0,0,0,0,0
618400,2026-04-01,"Jammu andKashmir",398.51,398.51,99.35,98.55,NHIDCL,False,1735.0,122.0,24.930365611904342,24.930365611904342,73.61963438809565,0,1,,-101.45,-73.61963438809565,,2.0,-1613.0,1735.0,122.0,1,1,1,0,0,0,0,0,0,0
618401,2026-04-01,Arunachal Pradesh,1418.67,1418.67,0.0,1.7,NHIDCL,False,274.0,516.0,0.0,0.0,1.7,0,1,,-51.40077519379845,-1.7,,0.5310077519379846,242.0,274.0,516.0,1,1,1,0,0,0,0,0,0,0
618402,2026-04-01,Arunachal Pradesh,1262.43,1262.43,233.81,16.75,NHIDCL,False,396.0,394.0,18.520630846858836,18.520630846858836,-1.770630846858836,0,1,,-83.75761421319795,1.770630846858836,,1.0050761421319796,-2.0,396.0,394.0,1,1,1,0,0,1,0,0,0,0
618403,2026-04-01,Arunachal Pradesh,275.5,275.5,0.0,49.23,NHIDCL,False,455.0,335.0,0.0,0.0,49.23,0,1,,-86.59089552238805,-49.23,,1.3582089552238803,-120.0,455.0,335.0,1,1,1,0,0,1,0,0,0,0
618404,2026-04-01,Arunachal Pradesh,625.61,625.61,0.0,21.37,NHIDCL,False,335.0,517.0,0.0,0.0,21.37,0,1,,-43.42690522243714,-21.37,,0.6479690522243714,182.0,335.0,517.0,1,1,1,0,0,0,0,0,0,0
618405,2026-04-01,Arunachal Pradesh,898.19,898.19,0.0,39.1,NHIDCL,False,455.0,366.0,0.0,0.0,39.1,0,1,,-85.21693989071036,-39.1,,1.2431693989071038,-89.0,455.0,366.0,1,1,1,0,0,1,0,0,0,0
618406,2026-04-01,"Jammu andKashmir",322.49,322.49,0.0,0.0,NHIDCL,False,2466.0,487.0,0.0,0.0,0.0,0,1,,-200.0,0.0,,2.0,-1979.0,2466.0,487.0,1,1,1,0,0,1,0,0,0,0
618407,2026-04-01,"Jammu andKashmir",245.3,245.3,82.06,68.07,NHIDCL,False,1186.0,1767.0,33.45291479820628,33.45291479820628,34.617085201793714,0,1,,0.9505885681946752,-34.617085201793714,,0.6711941143180532,581.0,1186.0,1767.0,0,0,0,0,0,0,0,0,0,1
618408,2026-04-01,Ladakh,398.37,398.37,282.19,90.59,NHIDCL,False,1735.0,122.0,70.83615734116525,70.83615734116525,19.753842658834756,0,1,,-109.41,-19.75384265883476,,2.0,-1613.0,1735.0,122.0,1,1,1,0,0,0,0,0,0,1
618409,2026-04-01,Ladakh,381.01,381.01,221.62,82.74,NHIDCL,False,1735.0,122.0,58.16645232408598,58.16645232408598,24.573547675914014,0,1,,-117.26,-24.57354767591401,,2.0,-1613.0,1735.0,122.0,1,1,1,0,0,0,0,0,0,1
618410,2026-04-01,Ladakh,404.89,404.89,321.28,75.38,NHIDCL,False,1735.0,122.0,79.3499468991578,79.3499468991578,-3.9699468991578044,0,1,,-124.62,3.969946899157805,,2.0,-1613.0,1735.0,122.0,1,1,1,0,0,0,0,0,0,0
618411,2026-04-01,Tripura,195.95,195.95,86.26,69.78,NHIDCL,False,1066.0,120.0,44.02143403929574,44.02143403929574,25.75856596070426,0,1,,-130.22,-25.75856596070426,,2.0,-946.0,1066.0,120.0,1,1,1,0,0,0,0,0,0,0
618412,2026-04-01,Andhra Pradesh,6808.69,6808.69,3214.27,66.05,NHIDCL,False,2008.0,1004.0,47.20834698010925,47.20834698010925,18.84165301989075,0,1,,-133.95,-18.84165301989075,,2.0,-1004.0,2008.0,1004.0,1,1,1,0,0,0,0,0,0,0
618413,2026-04-01,Nagaland,177.77,199.02,0.0,93.37,NHIDCL,False,1035.0,850.0,0.0,0.0,93.37,1,1,,-28.394705882352923,-93.37,,1.2176470588235293,-185.0,1035.0,850.0,1,1,0,0,0,0,0,0,0,0
618414,2026-04-01,Nagaland,258.52,258.52,60.72,96.53,NHIDCL,False,943.0,973.0,23.48754448398577,23.48754448398577,73.04245551601423,0,1,,-0.3867523124357603,-73.04245551601423,,0.9691675231243576,30.0,943.0,973.0,0,0,0,0,0,0,0,0,0,1
618415,2026-04-01,Manipur,188.36,188.36,0.0,100.0,NHIDCL,False,1765.0,120.0,0.0,0.0,100.0,0,1,,-100.0,-100.0,,2.0,-1645.0,1765.0,120.0,1,1,1,0,0,0,0,0,0,0
618416,2026-04-01,Manipur,226.32,226.32,179.09,74.58,NHIDCL,False,1765.0,120.0,79.13131848709793,79.13131848709793,-4.55131848709793,0,1,,-125.42,4.55131848709793,,2.0,-1645.0,1765.0,120.0,1,1,1,0,0,0,0,0,0,0
618417,2026-04-01,Tripura,2026.05,2026.05,292.55,9.2,NHIDCL,False,761.0,366.0,14.439426470225317,14.439426470225317,-5.239426470225318,0,1,,-190.8,5.239426470225318,,2.0,-395.0,761.0,366.0,1,1,1,0,0,1,0,0,0,1
618418,2026-04-01,Meghalaya,359.86,359.86,214.12,80.49,NHIDCL,False,1431.0,242.0,59.50091702328684,59.50091702328684,20.989082976713156,0,1,,-119.51,-20.98908297671316,,2.0,-1189.0,1431.0,242.0,1,1,1,0,0,0,0,0,0,1
618419,2026-04-01,Meghalaya,562.48,562.48,85.88,50.91,NHIDCL,False,577.0,550.0,15.268098421277198,15.268098421277198,35.641901578722795,0,1,,-53.99909090909091,-35.641901578722795,,1.049090909090909,-27.0,577.0,550.0,1,1,1,0,0,0,0,0,0,0
618420,2026-04-01,Meghalaya,686.03,686.03,228.79,46.51,NHIDCL,False,577.0,550.0,33.34985350494876,33.34985350494876,13.160146495051237,0,1,,-58.39909090909091,-13.160146495051237,,1.049090909090909,-27.0,577.0,550.0,1,1,1,0,0,1,0,0,0,0
618421,2026-04-01,Meghalaya,620.3,620.3,215.93,68.85,NHIDCL,False,577.0,550.0,34.810575527970336,34.810575527970336,34.03942447202966,0,1,,-36.05909090909091,-34.03942447202966,,1.049090909090909,-27.0,577.0,550.0,1,1,1,0,0,0,0,0,0,0
618422,2026-04-01,Nagaland,161.73,161.73,14.12,99.5,NHIDCL,False,943.0,914.0,8.730600383354975,8.730600383354975,90.76939961664502,0,1,,-3.6728665207877498,-90.76939961664502,,1.0317286652078774,-29.0,943.0,914.0,0,0,0,0,0,0,0,0,0,0
618423,2026-04-01,Nagaland,215.79,215.79,28.64,100.0,NHIDCL,False,974.0,1979.0,13.272162750822561,13.272162750822561,86.72783724917744,0,1,,50.78322385042951,-86.72783724917744,,0.4921677614957049,1005.0,974.0,1979.0,0,0,0,0,0,0,0,0,0,0
618426,2026-04-01,Sikkim,264.84,380.94,0.0,85.15,NHIDCL,False,1186.0,1767.0,0.0,0.0,85.15,1,1,,18.030588568194688,-85.15,,0.6711941143180532,581.0,1186.0,1767.0,0,0,0,0,0,0,0,0,0,0
618427,2026-04-01,West Bengal,311.02,273.78,6.11,95.6,NHIDCL,False,2008.0,122.0,2.2317188983855654,2.2317188983855654,93.36828110161443,1,1,,-104.4,-93.36828110161444,,2.0,-1886.0,2008.0,122.0,1,1,1,0,0,0,0,0,0,1
618428,2026-04-01,Sikkim,264.84,380.94,61.11,97.57,NHIDCL,False,1826.0,90.0,16.041896361631753,16.041896361631753,81.52810363836824,1,1,,-102.43,-81.52810363836824,,2.0,-1736.0,1826.0,90.0,1,1,1,0,0,0,0,0,0,0
618429,2026-04-01,West Bengal,345.38,395.59,395.8,94.71,NHIDCL,False,2008.0,122.0,100.05308526504714,100.0,-5.290000000000006,1,1,,-105.29,5.343085265047151,,2.0,-1886.0,2008.0,122.0,1,1,1,0,0,0,0,0,0,1
618430,2026-04-01,West Bengal,402.94,402.94,0.0,98.54,NHIDCL,False,2374.0,579.0,0.0,0.0,98.54,0,1,,-101.46,-98.54,,2.0,-1795.0,2374.0,579.0,1,1,1,0,0,0,0,0,0,1
618431,2026-04-01,West Bengal,295.97,295.97,0.39,96.91,NHIDCL,False,2008.0,945.0,0.131770111835659,0.131770111835659,96.77822988816433,0,1,,-103.09,-96.77822988816432,,2.0,-1063.0,2008.0,945.0,1,1,1,0,0,0,0,0,0,1
618432,2026-04-01,Arunachal Pradesh,228.72,228.72,0.0,99.52,NHIDCL,False,2008.0,1338.0,0.0,0.0,99.52,0,1,,-50.5547384155456,-99.52,,1.500747384155456,-670.0,2008.0,1338.0,1,1,1,0,0,0,0,0,0,0
618433,2026-04-01,Arunachal Pradesh,184.89,184.89,0.0,99.69,NHIDCL,False,2008.0,1338.0,0.0,0.0,99.69,0,1,,-50.3847384155456,-99.69,,1.500747384155456,-670.0,2008.0,1338.0,1,1,1,0,0,0,0,0,0,0
618434,2026-04-01,Arunachal Pradesh,1718.59,1718.59,178.83,82.04,NHIDCL,False,2953.0,393.0,10.405623214379231,10.405623214379231,71.63437678562077,0,1,,-117.96,-71.63437678562077,,2.0,-2560.0,2953.0,393.0,1,1,1,0,0,0,0,0,0,0
618435,2026-04-01,Assam,386.51,386.51,352.16,97.13,NHIDCL,False,3104.0,639.0,91.11277845333886,91.11277845333886,6.017221546661133,0,1,,-102.87,-6.017221546661133,,2.0,-2465.0,3104.0,639.0,1,1,1,0,0,0,0,0,0,0
618436,2026-04-01,Assam,599.0,599.0,405.02,100.0,NHIDCL,False,3408.0,641.0,67.61602671118531,67.61602671118531,32.38397328881469,0,1,,-100.0,-32.38397328881469,,2.0,-2767.0,3408.0,641.0,1,1,1,0,0,0,0,0,0,0
618437,2026-04-01,Assam,274.34,274.34,90.6,100.0,NHIDCL,False,577.0,3166.0,33.024713858715465,33.024713858715465,66.97528614128453,0,1,,81.77511054958939,-66.97528614128453,,0.1822488945041061,2589.0,577.0,3166.0,0,0,0,0,0,0,0,0,0,1
618438,2026-04-01,Assam,385.57,385.57,145.89,100.0,NHIDCL,False,1186.0,2557.0,37.83748735638146,37.83748735638146,62.16251264361854,0,1,,53.61752053187329,-62.16251264361854,,0.4638247946812671,1371.0,1186.0,2557.0,0,0,0,0,0,0,0,0,0,0
618439,2026-04-01,Assam,478.3,478.3,0.0,96.79,NHIDCL,False,790.0,31.0,0.0,0.0,96.79,0,0,,-103.21,-96.79,,2.0,-759.0,790.0,31.0,1,1,1,0,0,0,0,0,0,0
618440,2026-04-01,Assam,187.09,100.22,0.0,0.0,NHIDCL,False,547.0,3196.0,0.0,0.0,0.0,1,0,,-17.115143929912392,0.0,,0.1711514392991239,2649.0,547.0,3196.0,1,0,0,0,0,0,0,0,0,0
618441,2026-04-01,Assam,467.79,476.5,72.13,0.0,NHIDCL,False,547.0,3196.0,15.137460650577122,15.137460650577122,-15.137460650577122,1,0,,-17.115143929912392,15.137460650577122,,0.1711514392991239,2649.0,547.0,3196.0,1,0,0,0,0,0,1,0,0,0
618442,2026-04-01,Assam,358.72,358.72,0.07,99.05,NHIDCL,False,790.0,31.0,0.019513826940231935,0.019513826940231935,99.03048617305977,0,0,,-100.95,-99.03048617305976,,2.0,-759.0,790.0,31.0,1,1,1,0,0,0,0,0,0,0
618443,2026-04-01,Assam,438.44,438.44,0.0,95.86,NHIDCL,False,790.0,31.0,0.0,0.0,95.86,0,0,,-104.14,-95.86,,2.0,-759.0,790.0,31.0,1,1,1,0,0,0,0,0,0,0
618444,2026-04-01,Assam,279.01,279.01,0.0,94.73,NHIDCL,False,790.0,31.0,0.0,0.0,94.73,0,0,,-105.27,-94.73,,2.0,-759.0,790.0,31.0,1,1,1,0,0,0,0,0,0,0
618445,2026-04-01,Arunachal Pradesh,353.9,353.9,0.0,17.91,NHIDCL,False,304.0,1765.0,0.0,0.0,17.91,0,1,,0.6862039660056638,-17.91,,0.1722379603399433,1461.0,304.0,1765.0,0,0,0,0,0,0,0,0,0,0
618446,2026-04-01,Sikkim,493.42,478.79,0.0,77.07,NHIDCL,False,1796.0,212.0,0.0,0.0,77.07,1,1,,-122.93,-77.07,,2.0,-1584.0,1796.0,212.0,1,1,1,0,0,0,0,0,0,1
618447,2026-04-01,Sikkim,410.6,379.3,0.0,81.83,NHIDCL,False,1885.0,31.0,0.0,0.0,81.83,1,1,,-118.17,-81.83,,2.0,-1854.0,1885.0,31.0,1,1,1,0,0,0,0,0,0,1
618448,2026-04-01,Sikkim,816.79,786.6,32.28,60.88,NHIDCL,False,1947.0,61.0,4.103737604881769,4.103737604881769,56.77626239511823,1,1,,-139.12,-56.77626239511823,,2.0,-1886.0,1947.0,61.0,1,1,1,0,0,0,0,0,0,1
618449,2026-04-01,Sikkim,230.45,244.91,0.0,80.46,NHIDCL,False,2008.0,92.0,0.0,0.0,80.46,1,1,,-119.54,-80.46,,2.0,-1916.0,2008.0,92.0,1,1,1,0,0,0,0,0,0,0
618450,2026-04-01,Sikkim,292.8,292.8,1.91,65.1,NHIDCL,False,2008.0,92.0,0.6523224043715846,0.6523224043715846,64.4476775956284,0,1,,-134.9,-64.4476775956284,,2.0,-1916.0,2008.0,92.0,1,1,1,0,0,0,0,0,0,1
618452,2026-04-01,Mizoram,781.85,781.85,20.64,4.71,NHIDCL,False,486.0,669.0,2.639892562511991,2.639892562511991,2.070107437488009,0,1,,-67.93573991031391,-2.070107437488009,,0.726457399103139,183.0,486.0,669.0,1,1,1,0,0,0,0,0,0,0
618454,2026-04-01,Assam,693.97,693.97,37.6,93.23,NHIDCL,False,1947.0,304.0,5.418101647045261,5.418101647045261,87.81189835295474,0,1,,-106.77,-87.81189835295474,,2.0,-1643.0,1947.0,304.0,1,1,1,0,0,0,0,0,0,0
618455,2026-04-01,Assam,693.97,693.97,296.96,100.0,NHIDCL,False,2038.0,213.0,42.79147513581278,42.79147513581278,57.20852486418722,0,1,,-100.0,-57.20852486418722,,2.0,-1825.0,2038.0,213.0,1,1,1,0,0,0,0,0,0,0
618456,2026-04-01,Rajasthan,1119.35,1194.17,975.7,99.8,National Highways Authority of India [NHAI],False,1796.0,547.0,81.70528484219165,81.70528484219165,18.094715157808352,1,1,,-100.2,-18.094715157808352,,2.0,-1249.0,1796.0,547.0,1,1,1,0,0,0,0,0,0,0
618457,2026-04-01,Rajasthan,1272.97,1265.16,1091.66,95.25,National Highways Authority of India [NHAI],False,1796.0,547.0,86.28631951689904,86.28631951689904,8.963680483100958,1,1,,-104.75,-8.963680483100958,,2.0,-1249.0,1796.0,547.0,1,1,1,0,0,0,0,0,0,0
618458,2026-04-01,Rajasthan,1854.68,1854.68,1386.51,93.44,National Highways Authority of India [NHAI],False,1735.0,365.0,74.75737054370565,74.75737054370565,18.68262945629435,0,1,,-106.56,-18.68262945629435,,2.0,-1370.0,1735.0,365.0,1,1,1,0,0,0,0,0,0,0
618459,2026-04-01,Gujarat,1555.2,1556.4,1084.2,77.2,National Highways Authority of India [NHAI],False,1217.0,821.0,69.66075558982267,69.66075558982267,7.539244410177332,1,1,,-71.03386114494519,-7.539244410177332,,1.482338611449452,-396.0,1217.0,821.0,1,1,1,0,0,0,0,0,0,1
618460,2026-04-01,Gujarat,1263.38,1266.98,865.87,100.0,National Highways Authority of India [NHAI],False,1612.0,426.0,68.34125242703121,68.34125242703121,31.658747572968792,1,1,,-100.0,-31.658747572968792,,2.0,-1186.0,1612.0,426.0,1,1,1,0,0,0,0,0,0,0
618462,2026-04-01,Gujarat,1644.85,1651.14,963.66,100.0,National Highways Authority of India [NHAI],False,1796.0,547.0,58.363312620371374,58.363312620371374,41.636687379628626,1,1,,-100.0,-41.63668737962863,,2.0,-1249.0,1796.0,547.0,1,1,1,0,0,0,0,0,0,1
618463,2026-04-01,Gujarat,1324.84,2807.48,1248.75,91.34,National Highways Authority of India [NHAI],False,2343.0,638.0,44.47939077037058,44.47939077037058,46.860609229629425,1,1,,-108.66,-46.86060922962943,,2.0,-1705.0,2343.0,638.0,1,1,1,0,0,0,0,0,0,1
618464,2026-04-01,Gujarat,2271.86,4297.28,2574.42,98.9,National Highways Authority of India [NHAI],False,1582.0,579.0,59.908127932087275,59.908127932087275,38.99187206791273,1,1,,-101.1,-38.99187206791273,,2.0,-1003.0,1582.0,579.0,1,1,1,0,0,0,0,0,0,0
618465,2026-04-01,Gujarat,1710.3,3392.21,2158.87,97.05,National Highways Authority of India [NHAI],False,1612.0,488.0,63.641991504063725,63.641991504063725,33.40800849593627,1,1,,-102.95,-33.40800849593627,,2.0,-1124.0,1612.0,488.0,1,1,1,0,0,0,0,0,0,0
618466,2026-04-01,Gujarat,3834.24,3820.2,197.13,4.85,National Highways Authority of India [NHAI],False,608.0,397.0,5.160201036594943,5.160201036594943,-0.31020103659494325,1,1,,-148.2986146095718,0.3102010365949432,,1.531486146095718,-211.0,608.0,397.0,1,1,1,0,0,1,0,0,0,0
618467,2026-04-01,Gujarat,2594.17,2587.04,212.76,21.75,National Highways Authority of India [NHAI],False,730.0,275.0,8.224070752674871,8.224070752674871,13.525929247325129,1,1,,-178.25,-13.525929247325127,,2.0,-455.0,730.0,275.0,1,1,1,0,0,1,0,0,0,1
618468,2026-04-01,Maharashtra,1524.71,1913.95,813.35,99.76,National Highways Authority of India [NHAI],False,1431.0,699.0,42.49588547245226,42.49588547245226,57.26411452754775,1,1,,-100.24,-57.26411452754775,,2.0,-732.0,1431.0,699.0,1,1,1,0,0,0,0,0,0,0
618469,2026-04-01,Maharashtra,3536.9,4679.54,1792.74,90.86,National Highways Authority of India [NHAI],False,1520.0,610.0,38.310175786508935,38.310175786508935,52.549824213491064,1,1,,-109.14,-52.54982421349106,,2.0,-910.0,1520.0,610.0,1,1,1,0,0,0,0,0,0,0
618470,2026-04-01,Maharashtra,2058.79,2324.72,629.88,86.0,National Highways Authority of India [NHAI],False,1247.0,549.0,27.094875942048937,27.094875942048937,58.90512405795106,1,1,,-114.0,-58.90512405795106,,2.0,-698.0,1247.0,549.0,1,1,1,0,0,0,0,0,0,1
618471,2026-04-01,Maharashtra,2610.88,2918.39,621.7,91.5,National Highways Authority of India [NHAI],False,1247.0,549.0,21.302841635285212,21.302841635285212,70.1971583647148,1,1,,-108.5,-70.1971583647148,,2.0,-698.0,1247.0,549.0,1,1,1,0,0,0,0,0,0,0
618472,2026-04-01,Maharashtra,4051.8,4315.56,905.74,90.7,National Highways Authority of India [NHAI],False,1247.0,518.0,20.987774471910946,20.987774471910946,69.71222552808905,1,1,,-109.3,-69.71222552808905,,2.0,-729.0,1247.0,518.0,1,1,1,0,0,0,0,0,0,0
618473,2026-04-01,Maharashtra,2208.68,2463.02,827.11,84.25,National Highways Authority of India [NHAI],False,1186.0,487.0,33.58113210611363,33.58113210611363,50.66886789388637,1,1,,-115.75,-50.66886789388637,,2.0,-699.0,1186.0,487.0,1,1,1,0,0,0,0,0,0,0
618475,2026-04-01,Andhra Pradesh,2548.04,2548.04,1226.85,92.14,National Highways Authority of India [NHAI],False,1035.0,850.0,48.14877317467543,48.14877317467543,43.99122682532457,0,1,,-29.624705882352927,-43.99122682532457,,1.2176470588235293,-185.0,1035.0,850.0,1,1,0,0,0,0,0,0,0,1
618476,2026-04-01,Andhra Pradesh,1407.33,1407.33,689.49,99.46,National Highways Authority of India [NHAI],False,1278.0,699.0,48.99277354991367,48.99277354991367,50.46722645008632,0,1,,-83.3726180257511,-50.46722645008632,,1.8283261802575108,-579.0,1278.0,699.0,1,1,1,0,0,0,0,0,0,1
618477,2026-04-01,"Multi-States(Andhra Pradesh,Tamil Nadu)",1481.87,1481.87,711.04,99.02,National Highways Authority of India [NHAI],False,1431.0,577.0,47.98261655880746,47.98261655880746,51.03738344119254,0,1,,-100.98,-51.03738344119254,,2.0,-854.0,1431.0,577.0,1,1,1,0,0,0,0,0,0,0
618478,2026-04-01,Tamil Nadu,1106.65,1106.65,590.04,93.04,National Highways Authority of India [NHAI],False,1370.0,546.0,53.31767044684407,53.31767044684407,39.72232955315594,0,1,,-106.96,-39.72232955315594,,2.0,-824.0,1370.0,546.0,1,1,1,0,0,0,0,0,0,0
618479,2026-04-01,Tamil Nadu,1525.1,1525.1,360.29,53.56,National Highways Authority of India [NHAI],False,1339.0,608.0,23.624024654121044,23.624024654121044,29.93597534587896,0,1,,-146.44,-29.93597534587896,,2.0,-731.0,1339.0,608.0,1,1,1,0,0,0,0,0,0,1
618480,2026-04-01,Tamil Nadu,162.55,162.56,43.1,24.13,National Highways Authority of India [NHAI],False,790.0,276.0,26.513287401574804,26.513287401574804,-2.3832874015748047,1,1,,-175.87,2.3832874015748047,,2.0,-514.0,790.0,276.0,1,1,1,0,0,1,0,0,0,0
618481,2026-04-01,Tamil Nadu,3605.73,3605.73,903.19,83.45,National Highways Authority of India [NHAI],False,1370.0,515.0,25.048741863644814,25.048741863644814,58.40125813635519,0,1,,-116.55,-58.40125813635519,,2.0,-855.0,1370.0,515.0,1,1,1,0,0,0,0,0,0,0
618482,2026-04-01,Haryana,1866.49,2429.9,1081.52,99.91,National Highways Authority of India [NHAI],False,1582.0,365.0,44.508827523766406,44.508827523766406,55.40117247623359,1,1,,-100.09,-55.40117247623359,,2.0,-1217.0,1582.0,365.0,1,1,1,0,0,0,0,0,0,1
618483,2026-04-01,Haryana,1533.87,1792.53,971.07,99.89,National Highways Authority of India [NHAI],False,1551.0,396.0,54.173151913775506,54.173151913775506,45.716848086224495,1,1,,-100.11,-45.716848086224495,,2.0,-1155.0,1551.0,396.0,1,1,1,0,0,0,0,0,0,1
618484,2026-04-01,Haryana,1606.27,1813.91,631.62,79.08,National Highways Authority of India [NHAI],False,1582.0,365.0,34.8209117321146,34.8209117321146,44.259088267885396,1,1,,-120.92,-44.2590882678854,,2.0,-1217.0,1582.0,365.0,1,1,1,0,0,0,0,0,0,0
618485,2026-04-01,Haryana,1306.95,1578.66,563.2,76.13,National Highways Authority of India [NHAI],False,1582.0,334.0,35.67582633372607,35.67582633372607,40.454173666273924,1,1,,-123.87,-40.45417366627392,,2.0,-1248.0,1582.0,334.0,1,1,1,0,0,0,0,0,0,0
618486,2026-04-01,"Multi-States(Haryana, Punjab)",1741.86,2281.02,924.51,98.7,National Highways Authority of India [NHAI],False,1431.0,485.0,40.53055212141937,40.53055212141937,58.169447878580634,1,1,,-101.3,-58.16944787858064,,2.0,-946.0,1431.0,485.0,1,1,1,0,0,0,0,0,0,1
618487,2026-04-01,Punjab,1759.82,1774.32,1250.45,95.8,National Highways Authority of India [NHAI],False,1370.0,577.0,70.47488615356869,70.47488615356869,25.325113846431307,1,1,,-104.2,-25.325113846431307,,2.0,-793.0,1370.0,577.0,1,1,1,0,0,0,0,0,0,0
618488,2026-04-01,Punjab,1895.74,2034.94,751.95,31.08,National Highways Authority of India [NHAI],False,1127.0,820.0,36.95194944322683,36.95194944322683,-5.871949443226832,1,0,,-106.3590243902439,5.871949443226832,,1.3743902439024391,-307.0,1127.0,820.0,1,1,1,0,0,1,0,0,0,0
618489,2026-04-01,Punjab,1851.47,2407.14,1348.9,73.26,National Highways Authority of India [NHAI],False,1370.0,577.0,56.0374552373356,56.0374552373356,17.222544762664405,1,1,,-126.74,-17.222544762664405,,2.0,-793.0,1370.0,577.0,1,1,1,0,0,0,0,0,0,0
618490,2026-04-01,Punjab,2177.54,2062.74,1004.28,62.99,National Highways Authority of India [NHAI],False,1370.0,577.0,48.686698275109805,48.686698275109805,14.303301724890197,1,1,,-137.01,-14.303301724890195,,2.0,-793.0,1370.0,577.0,1,1,1,0,0,0,0,0,0,0
618491,2026-04-01,Punjab,2175.35,2206.71,941.19,43.45,National Highways Authority of India [NHAI],False,1247.0,610.0,42.651277240779265,42.651277240779265,0.7987227592207375,1,0,,-156.55,-0.7987227592207375,,2.0,-637.0,1247.0,610.0,1,1,1,0,0,1,0,0,0,0
618492,2026-04-01,Punjab,1734.18,1538.47,470.92,27.05,National Highways Authority of India [NHAI],False,821.0,1036.0,30.609631647025942,30.609631647025942,-3.5596316470259417,1,1,,-52.19710424710425,3.5596316470259417,,0.7924710424710425,215.0,821.0,1036.0,1,1,1,0,0,0,0,0,0,0
618493,2026-04-01,Punjab,2165.23,1519.6,396.24,31.77,National Highways Authority of India [NHAI],False,1096.0,486.0,26.075282969202423,26.075282969202423,5.694717030797577,1,1,,-168.23,-5.694717030797577,,2.0,-610.0,1096.0,486.0,1,1,1,0,0,1,0,0,0,0
618494,2026-04-01,"Jammu andKashmir",2714.95,3716.56,1653.54,88.87,National Highways Authority of India [NHAI],False,1308.0,335.0,44.49114234668618,44.49114234668618,44.37885765331382,1,1,,-111.13,-44.37885765331382,,2.0,-973.0,1308.0,335.0,1,1,1,0,0,0,0,0,0,0
618495,2026-04-01,"Jammu andKashmir",2894.74,2894.74,810.99,62.0,National Highways Authority of India [NHAI],False,1035.0,365.0,28.0159876189226,28.0159876189226,33.9840123810774,0,1,,-138.0,-33.9840123810774,,2.0,-670.0,1035.0,365.0,1,1,1,0,0,0,0,0,0,1
618496,2026-04-01,"Jammu andKashmir",1821.72,2522.56,1174.58,94.14,National Highways Authority of India [NHAI],False,1308.0,365.0,46.563015349486236,46.563015349486236,47.576984650513765,1,1,,-105.86,-47.576984650513765,,2.0,-943.0,1308.0,365.0,1,1,1,0,0,0,0,0,0,0
618497,2026-04-01,"Jammu andKashmir",975.38,975.38,564.21,62.41,National Highways Authority of India [NHAI],False,882.0,335.0,57.84514753224384,57.84514753224384,4.564852467756154,0,1,,-137.59,-4.564852467756154,,2.0,-547.0,882.0,335.0,1,1,1,0,0,0,0,0,0,1
618498,2026-04-01,Uttar Pradesh,2471.56,2489.0,1178.84,99.8,National Highways Authority of India [NHAI],False,1247.0,335.0,47.36199276817999,47.36199276817999,52.43800723182001,1,1,,-100.2,-52.43800723182001,,2.0,-912.0,1247.0,335.0,1,1,1,0,0,0,0,0,0,0
618499,2026-04-01,Uttar Pradesh,1972.94,1943.27,766.29,94.14,National Highways Authority of India [NHAI],False,1155.0,427.0,39.43301754259573,39.43301754259573,54.70698245740427,1,1,,-105.86,-54.70698245740427,,2.0,-728.0,1155.0,427.0,1,1,1,0,0,0,0,0,0,1
618500,2026-04-01,Uttar Pradesh,1081.39,1116.19,419.14,76.0,National Highways Authority of India [NHAI],False,1492.0,181.0,37.550954586584716,37.550954586584716,38.449045413415284,1,1,,-124.0,-38.44904541341528,,2.0,-1311.0,1492.0,181.0,1,1,1,0,0,0,0,0,0,1
618501,2026-04-01,Gujarat,1298.0,1421.05,1012.45,100.0,National Highways Authority of India [NHAI],False,1551.0,610.0,71.24661341965448,71.24661341965448,28.75338658034552,1,1,,-100.0,-28.75338658034552,,2.0,-941.0,1551.0,610.0,1,1,1,0,0,0,0,0,0,1
618502,2026-04-01,Gujarat,1415.34,1729.69,1354.93,100.0,National Highways Authority of India [NHAI],False,1551.0,610.0,78.33368985193879,78.33368985193879,21.666310148061214,1,1,,-100.0,-21.66631014806121,,2.0,-941.0,1551.0,610.0,1,1,1,0,0,0,0,0,0,1
618503,2026-04-01,Gujarat,1034.04,1155.41,955.74,100.0,National Highways Authority of India [NHAI],False,1735.0,426.0,82.71868860404531,82.71868860404531,17.28131139595469,1,1,,-100.0,-17.28131139595469,,2.0,-1309.0,1735.0,426.0,1,1,1,0,0,0,0,0,0,1
618504,2026-04-01,Gujarat,1181.76,1358.73,1204.33,97.92,National Highways Authority of India [NHAI],False,1582.0,579.0,88.63644727061299,88.63644727061299,9.283552729387011,1,1,,-102.08,-9.283552729387011,,2.0,-1003.0,1582.0,579.0,1,1,1,0,0,0,0,0,0,1
618505,2026-04-01,"Multi-States(Haryana,Rajasthan)",409.64,290.64,195.8,87.14,National Highways Authority of India [NHAI],False,1217.0,122.0,67.36856592347922,67.36856592347922,19.771434076520777,1,1,,-112.86,-19.771434076520777,,2.0,-1095.0,1217.0,122.0,1,1,1,0,0,0,0,0,0,0
618507,2026-04-01,Gujarat,466.8,501.48,553.93,84.15,National Highways Authority of India [NHAI],False,608.0,61.0,110.45904123793571,100.0,-15.849999999999994,1,1,,-115.85,26.309041237935705,,2.0,-547.0,608.0,61.0,1,1,1,0,0,0,1,1,0,1
618508,2026-04-01,Gujarat,907.39,907.39,345.87,46.39,National Highways Authority of India [NHAI],False,455.0,306.0,38.117016938692295,38.117016938692295,8.272983061307706,0,1,,-102.30281045751634,-8.272983061307706,,1.4869281045751634,-149.0,455.0,306.0,1,1,1,0,0,1,0,0,0,1
618509,2026-04-01,Delhi,2089.94,2203.45,1803.73,99.99,National Highways Authority of India [NHAI],False,1643.0,457.0,81.85935691756112,81.85935691756112,18.13064308243888,1,1,,-100.01,-18.13064308243888,,2.0,-1186.0,1643.0,457.0,1,1,1,0,0,0,0,0,0,1
618511,2026-04-01,Maharashtra,604.59,388.78,44.03,14.7,National Highways Authority of India [NHAI],False,304.0,151.0,11.325171047893411,11.325171047893411,3.374828952106588,1,1,,-185.3,-3.374828952106588,,2.0,-153.0,304.0,151.0,1,1,1,0,0,1,0,0,0,0
618512,2026-04-01,Maharashtra,907.03,816.12,538.76,87.27,National Highways Authority of India [NHAI],False,2616.0,457.0,66.01480174484145,66.01480174484145,21.255198255158547,1,1,,-112.73,-21.255198255158547,,2.0,-2159.0,2616.0,457.0,1,1,1,0,0,0,0,0,0,0
618513,2026-04-01,Maharashtra,2111.95,1435.46,631.63,49.88,National Highways Authority of India [NHAI],False,1186.0,396.0,44.00192272860268,44.00192272860268,5.8780772713973235,1,1,,-150.12,-5.878077271397324,,2.0,-790.0,1186.0,396.0,1,1,1,0,0,1,0,0,0,1
618514,2026-04-01,Maharashtra,2330.71,317.4,196.85,73.96,National Highways Authority of India [NHAI],False,1217.0,365.0,62.019533711405174,62.019533711405174,11.94046628859482,1,1,,-126.04,-11.94046628859482,,2.0,-852.0,1217.0,365.0,1,1,1,0,0,0,0,0,0,0
618515,2026-04-01,"Multi-States(Karnataka,Maharashtra)",1479.3,1237.04,1178.11,100.0,National Highways Authority of India [NHAI],False,1278.0,334.0,95.23620901506821,95.23620901506821,4.763790984931788,1,1,,-100.0,-4.763790984931788,,2.0,-944.0,1278.0,334.0,1,1,1,0,0,0,0,0,0,1
618516,2026-04-01,"Multi-States(Karnataka,Maharashtra)",1388.7,1066.86,1130.54,83.5,National Highways Authority of India [NHAI],False,1278.0,273.0,105.96891813358829,100.0,-16.5,1,1,,-116.5,22.46891813358829,,2.0,-1005.0,1278.0,273.0,1,1,1,0,0,0,1,1,0,0
618517,2026-04-01,Karnataka,1135.39,763.36,732.44,82.89,National Highways Authority of India [NHAI],False,1127.0,455.0,95.94948648082163,95.94948648082163,-13.059486480821633,1,1,,-117.11,13.059486480821633,,2.0,-672.0,1127.0,455.0,1,1,1,0,0,0,1,0,0,0
618518,2026-04-01,Karnataka,1454.67,1805.84,690.56,98.87,National Highways Authority of India [NHAI],False,3012.0,365.0,38.24037567004829,38.24037567004829,60.62962432995172,1,1,,-101.13,-60.62962432995172,,2.0,-2647.0,3012.0,365.0,1,1,1,0,0,0,0,0,0,0
618519,2026-04-01,"Multi-States(Karnataka, TamilNadu)",1260.74,1218.47,611.1,75.76,National Highways Authority of India [NHAI],False,1066.0,426.0,50.1530608057646,50.1530608057646,25.6069391942354,1,1,,-124.24,-25.6069391942354,,2.0,-640.0,1066.0,426.0,1,1,1,0,0,0,0,0,0,1
618520,2026-04-01,Karnataka,1438.74,1786.57,1051.89,99.2,National Highways Authority of India [NHAI],False,1826.0,243.0,58.87762584169667,58.87762584169667,40.32237415830333,1,1,,-100.8,-40.32237415830333,,2.0,-1583.0,1826.0,243.0,1,1,1,0,0,0,0,0,0,1
618521,2026-04-01,Tamil Nadu,766.51,766.51,439.37,93.55,National Highways Authority of India [NHAI],False,2616.0,184.0,57.320843824607635,57.320843824607635,36.22915617539236,0,1,,-106.45,-36.22915617539236,,2.0,-2432.0,2616.0,184.0,1,1,1,0,0,0,0,0,0,1
618522,2026-04-01,Tamil Nadu,411.16,411.16,81.11,31.16,National Highways Authority of India [NHAI],False,455.0,214.0,19.72711353244479,19.72711353244479,11.43288646755521,0,1,,-168.84,-11.43288646755521,,2.0,-241.0,455.0,214.0,1,1,1,0,0,1,0,0,0,1
618523,2026-04-01,Odisha,844.67,1394.82,538.51,91.32,National Highways Authority of India [NHAI],False,2588.0,1581.0,38.60784904145338,38.60784904145338,52.712150958546616,1,1,,-72.37386464263125,-52.712150958546616,,1.6369386464263125,-1007.0,2588.0,1581.0,1,1,1,0,0,0,0,0,0,1
618524,2026-04-01,Andhra Pradesh,257.98,192.85,46.41,34.5,National Highways Authority of India [NHAI],False,396.0,243.0,24.065335753176043,24.065335753176043,10.434664246823957,1,1,,-128.46296296296296,-10.434664246823957,,1.6296296296296295,-153.0,396.0,243.0,1,1,1,0,0,1,0,0,0,1
618525,2026-04-01,Andhra Pradesh,326.61,223.29,13.18,8.8,National Highways Authority of India [NHAI],False,182.0,214.0,5.902637825249676,5.902637825249676,2.8973621747503246,1,1,,-76.24672897196261,-2.8973621747503246,,0.8504672897196262,32.0,182.0,214.0,1,1,1,0,0,0,0,0,0,1
618526,2026-04-01,Andhra Pradesh,665.59,665.59,512.09,95.73,National Highways Authority of India [NHAI],False,2282.0,457.0,76.93775447347466,76.93775447347466,18.79224552652535,0,1,,-104.27,-18.79224552652535,,2.0,-1825.0,2282.0,457.0,1,1,1,0,0,0,0,0,0,1
618527,2026-04-01,Andhra Pradesh,1194.57,1757.82,853.14,99.92,National Highways Authority of India [NHAI],False,1735.0,547.0,48.53397958835376,48.53397958835376,51.38602041164624,1,1,,-100.08,-51.38602041164624,,2.0,-1188.0,1735.0,547.0,1,1,1,0,0,0,0,0,0,1
618529,2026-04-01,Uttar Pradesh,1991.71,1832.66,1008.02,94.79,National Highways Authority of India [NHAI],False,2616.0,427.0,55.00311023321293,55.00311023321293,39.78688976678708,1,1,,-105.21,-39.78688976678708,,2.0,-2189.0,2616.0,427.0,1,1,1,0,0,0,0,0,0,0
618530,2026-04-01,"Multi-States(Bihar, UttarPradesh)",3241.56,3241.56,1248.48,95.58,National Highways Authority of India [NHAI],False,5326.0,942.0,38.51478917558212,38.51478917558212,57.065210824417875,0,1,,-104.42,-57.06521082441788,,2.0,-4384.0,5326.0,942.0,1,1,1,0,0,0,0,0,0,1
618531,2026-04-01,"Multi-States(Bihar, Jharkhand)",1054.46,786.81,110.8,20.88,National Highways Authority of India [NHAI],False,486.0,1399.0,14.082179941790269,14.082179941790269,6.79782005820973,1,1,,-13.859099356683348,-6.79782005820973,,0.3473909935668334,913.0,486.0,1399.0,1,0,0,0,0,0,0,0,0,0
618532,2026-04-01,"Multi-States(Bihar, Jharkhand)",1822.46,738.11,605.5,97.92,National Highways Authority of India [NHAI],False,1492.0,273.0,82.03384319410387,82.03384319410387,15.886156805896135,1,1,,-102.08,-15.886156805896135,,2.0,-1219.0,1492.0,273.0,1,1,1,0,0,0,0,0,0,0
618533,2026-04-01,"Multi-States(Jharkhand, WestBengal)",1560.39,1568.22,91.41,100.0,National Highways Authority of India [NHAI],False,4383.0,1339.0,5.828901557179477,5.828901557179477,94.17109844282052,1,1,,-100.0,-94.17109844282052,,2.0,-3044.0,4383.0,1339.0,1,1,1,0,0,0,0,0,0,1
618535,2026-04-01,Jharkhand,687.77,442.52,33.97,11.8,National Highways Authority of India [NHAI],False,212.0,243.0,7.676489198228328,7.676489198228328,4.123510801771673,1,1,,-75.44279835390947,-4.123510801771673,,0.8724279835390947,31.0,212.0,243.0,1,1,1,0,0,0,0,0,0,0
618536,2026-04-01,Uttar Pradesh,1603.53,1192.16,196.64,32.83,National Highways Authority of India [NHAI],False,486.0,669.0,16.494430277815056,16.494430277815056,16.335569722184943,1,1,,-39.81573991031391,-16.335569722184943,,0.726457399103139,183.0,486.0,669.0,1,1,1,0,0,0,0,0,0,0
618537,2026-04-01,Uttar Pradesh,1753.75,1311.7,392.07,55.72,National Highways Authority of India [NHAI],False,852.0,334.0,29.890218800030492,29.890218800030492,25.829781199969506,1,1,,-144.28,-25.829781199969503,,2.0,-518.0,852.0,334.0,1,1,1,0,0,0,0,0,0,1
618538,2026-04-01,Uttar Pradesh,1792.68,1126.75,193.85,22.81,National Highways Authority of India [NHAI],False,455.0,488.0,17.204348790769913,17.204348790769913,5.605651209230086,1,1,,-70.42770491803277,-5.605651209230086,,0.9323770491803278,33.0,455.0,488.0,1,1,1,0,0,0,0,0,0,0
618539,2026-04-01,Uttar Pradesh,1089.41,1106.92,38.74,13.67,National Highways Authority of India [NHAI],False,396.0,212.0,3.4998012503161924,3.4998012503161924,10.170198749683808,1,1,,-173.1224528301887,-10.170198749683808,,1.8679245283018868,-184.0,396.0,212.0,1,1,1,0,0,1,0,0,0,0
618540,2026-04-01,Uttar Pradesh,1089.41,977.45,190.16,42.85,National Highways Authority of India [NHAI],False,151.0,457.0,19.454703565399765,19.454703565399765,23.395296434600237,1,1,,9.808424507658644,-23.39529643460024,,0.3304157549234136,306.0,151.0,457.0,0,0,0,0,0,0,0,0,0,1
618541,2026-04-01,"Jammu andKashmir",2919.96,2604.76,1770.97,87.0,National Highways Authority of India [NHAI],False,1704.0,153.0,67.98975721371642,67.98975721371642,19.010242786283584,1,1,,-113.0,-19.010242786283584,,2.0,-1551.0,1704.0,153.0,1,1,1,0,0,0,0,0,0,1
618543,2026-04-01,"Jammu andKashmir",1912.17,1034.3,357.42,27.0,National Highways Authority of India [NHAI],False,1339.0,396.0,34.55670501788649,34.55670501788649,-7.556705017886493,1,1,,-173.0,7.556705017886493,,2.0,-943.0,1339.0,396.0,1,1,1,0,0,1,0,0,0,0
618544,2026-04-01,"Jammu andKashmir",1401.87,1020.99,989.45,87.1,National Highways Authority of India [NHAI],False,1520.0,215.0,96.91084143821193,96.91084143821193,-9.810841438211938,1,1,,-112.9,9.810841438211938,,2.0,-1305.0,1520.0,215.0,1,1,1,0,0,0,0,0,0,1
618545,2026-04-01,"Jammu andKashmir",614.48,444.76,257.32,42.8,National Highways Authority of India [NHAI],False,1520.0,215.0,57.85592229517042,57.85592229517042,-15.055922295170426,1,1,,-157.2,15.055922295170426,,2.0,-1305.0,1520.0,215.0,1,1,1,0,0,1,1,0,0,1
618547,2026-04-01,"Jammu andKashmir",961.0,643.64,412.37,48.8,National Highways Authority of India [NHAI],False,852.0,395.0,64.068423342241,64.068423342241,-15.268423342241007,1,1,,-151.2,15.268423342241007,,2.0,-457.0,852.0,395.0,1,1,1,0,0,1,1,0,0,1
618549,2026-04-01,"Jammu andKashmir",242.65,731.59,655.27,83.87,National Highways Authority of India [NHAI],False,1035.0,212.0,89.56792739102502,89.56792739102502,-5.6979273910250186,1,1,,-116.13,5.6979273910250186,,2.0,-823.0,1035.0,212.0,1,1,1,0,0,0,0,0,0,1
618550,2026-04-01,"Jammu andKashmir",855.74,215.68,197.46,74.63,National Highways Authority of India [NHAI],False,1217.0,183.0,91.5522997032641,91.5522997032641,-16.922299703264102,1,1,,-125.37,16.922299703264102,,2.0,-1034.0,1217.0,183.0,1,1,1,0,0,0,1,0,0,1
618551,2026-04-01,Punjab,666.81,690.47,48.07,24.75,National Highways Authority of India [NHAI],False,274.0,242.0,6.961924486219531,6.961924486219531,17.78807551378047,1,1,,-88.47314049586777,-17.78807551378047,,1.1322314049586777,-32.0,274.0,242.0,1,1,1,0,0,1,0,0,0,0
618552,2026-04-01,Punjab,1754.84,2167.39,800.1,48.2,National Highways Authority of India [NHAI],False,1186.0,671.0,36.915368253982905,36.915368253982905,11.284631746017098,1,1,,-128.5511177347243,-11.284631746017098,,1.767511177347243,-515.0,1186.0,671.0,1,1,1,0,0,1,0,0,0,1
618553,2026-04-01,Uttar Pradesh,957.62,1034.42,758.4,99.7,National Highways Authority of India [NHAI],False,1155.0,396.0,73.31644786450377,73.31644786450377,26.38355213549623,1,1,,-100.3,-26.38355213549623,,2.0,-759.0,1155.0,396.0,1,1,1,0,0,0,0,0,0,1
618554,2026-04-01,Uttar Pradesh,879.26,787.58,623.64,91.7,National Highways Authority of India [NHAI],False,1127.0,243.0,79.18433682927449,79.18433682927449,12.515663170725517,1,1,,-108.3,-12.515663170725515,,2.0,-884.0,1127.0,243.0,1,1,1,0,0,0,0,0,0,1
618556,2026-04-01,"Multi-States(Madhya Pradesh,Uttar Pradesh)",665.91,665.91,507.56,95.19,National Highways Authority of India [NHAI],False,761.0,394.0,76.22051027916686,76.22051027916686,18.96948972083314,0,1,,-97.95720812182742,-18.96948972083314,,1.9314720812182744,-367.0,761.0,394.0,1,1,1,0,0,0,0,0,0,1
618557,2026-04-01,Maharashtra,1038.84,918.53,658.44,81.77,National Highways Authority of India [NHAI],False,1005.0,122.0,71.68410394870065,71.68410394870065,10.085896051299343,1,1,,-118.23,-10.085896051299343,,2.0,-883.0,1005.0,122.0,1,1,1,0,0,0,0,0,0,0
618558,2026-04-01,Telangana,955.49,903.17,427.43,35.96,National Highways Authority of India [NHAI],False,1186.0,306.0,47.32553118460533,47.32553118460533,-11.36553118460533,1,1,,-164.04,11.36553118460533,,2.0,-880.0,1186.0,306.0,1,1,1,0,0,1,1,0,0,0
618559,2026-04-01,Telangana,521.53,528.21,256.53,50.5,National Highways Authority of India [NHAI],False,1339.0,243.0,48.56591128528425,48.56591128528425,1.9340887147157488,1,1,,-149.5,-1.9340887147157488,,2.0,-1096.0,1339.0,243.0,1,1,1,0,0,0,0,0,0,0
618560,2026-04-01,Telangana,541.58,527.43,72.23,17.05,National Highways Authority of India [NHAI],False,1127.0,365.0,13.694708302523559,13.694708302523559,3.355291697476442,1,0,,-182.95,-3.355291697476442,,2.0,-762.0,1127.0,365.0,1,1,1,0,0,1,0,0,0,0
618561,2026-04-01,Tamil Nadu,904.99,731.09,165.29,35.62,National Highways Authority of India [NHAI],False,396.0,365.0,22.608707546266533,22.608707546266533,13.011292453733464,1,1,,-72.87315068493152,-13.011292453733464,,1.084931506849315,-31.0,396.0,365.0,1,1,1,0,0,1,0,0,0,0
618562,2026-04-01,Tamil Nadu,579.0,295.5,1.4,100.0,National Highways Authority of India [NHAI],False,7214.0,395.0,0.47377326565143824,0.47377326565143824,99.52622673434855,1,0,,-100.0,-99.52622673434855,,2.0,-6819.0,7214.0,395.0,1,1,1,0,0,0,0,0,0,0
618563,2026-04-01,Tamil Nadu,900.05,900.05,669.19,97.8,National Highways Authority of India [NHAI],False,2222.0,456.0,74.3503138714516,74.3503138714516,23.449686128548393,0,1,,-102.2,-23.449686128548397,,2.0,-1766.0,2222.0,456.0,1,1,1,0,0,0,0,0,0,0
618564,2026-04-01,Gujarat,1553.76,34.34,28.18,57.59,National Highways Authority of India [NHAI],False,852.0,334.0,82.06173558532322,82.06173558532322,-24.471735585323216,1,1,,-142.41,24.471735585323216,,2.0,-518.0,852.0,334.0,1,1,1,0,0,0,1,1,0,1
618565,2026-04-01,Uttar Pradesh,526.45,281.13,259.66,81.85,NHAI,False,943.0,184.0,92.36296375342368,92.36296375342368,-10.51296375342369,1,1,,-118.15,10.51296375342369,,2.0,-759.0,943.0,184.0,1,1,1,0,0,0,1,0,0,0
618566,2026-04-01,Uttar Pradesh,1973.98,1244.44,955.14,68.95,National Highways Authority of India [NHAI],False,821.0,334.0,76.75259554498408,76.75259554498408,-7.802595544984072,1,1,,-131.05,7.802595544984072,,2.0,-487.0,821.0,334.0,1,1,1,0,0,0,0,0,0,1
618567,2026-04-01,Uttar Pradesh,2289.34,1834.25,198.35,26.13,NHAI,False,274.0,334.0,10.81368406705738,10.81368406705738,15.316315932942619,1,1,,-55.905928143712586,-15.31631593294262,,0.8203592814371258,60.0,274.0,334.0,1,1,1,0,0,0,0,0,0,0
618568,2026-04-01,Uttar Pradesh,2541.13,1983.05,265.58,35.14,NHAI,False,396.0,212.0,13.392501449786945,13.392501449786945,21.747498550213056,1,1,,-151.65245283018868,-21.747498550213056,,1.8679245283018868,-184.0,396.0,212.0,1,1,1,0,0,1,0,0,0,0
618569,2026-04-01,Bihar,210.05,358.3,116.29,64.05,National Highways Authority of India [NHAI],False,1370.0,242.0,32.45604242255094,32.45604242255094,31.59395757744906,1,1,,-135.95,-31.59395757744906,,2.0,-1128.0,1370.0,242.0,1,1,1,0,0,0,0,0,0,1
618570,2026-04-01,Bihar,325.57,248.92,225.44,99.78,National Highways Authority of India [NHAI],False,1492.0,151.0,90.56725052225615,90.56725052225615,9.212749477743856,1,1,,-100.22,-9.212749477743856,,2.0,-1341.0,1492.0,151.0,1,1,1,0,0,0,0,0,0,0
618571,2026-04-01,Bihar,227.25,321.23,224.1,80.46,National Highways Authority of India [NHAI],False,852.0,609.0,69.76309809170999,69.76309809170999,10.696901908290002,1,1,,-59.44147783251232,-10.696901908290002,,1.3990147783251232,-243.0,852.0,609.0,1,1,1,0,0,0,0,0,0,1
618572,2026-04-01,West Bengal,309.99,306.02,0.4,1.07,National Highways Authority of India [NHAI],False,151.0,245.0,0.13071041108424286,0.13071041108424286,0.9392895889157572,1,1,,-60.56265306122449,-0.9392895889157572,,0.6163265306122448,94.0,151.0,245.0,1,1,1,0,0,0,0,0,0,0
618574,2026-04-01,West Bengal,1818.46,962.31,426.06,55.2,National Highways Authority of India [NHAI],False,486.0,396.0,44.27471396951086,44.27471396951086,10.92528603048914,1,1,,-67.52727272727273,-10.92528603048914,,1.2272727272727273,-90.0,486.0,396.0,1,1,1,0,0,0,0,0,0,1
618576,2026-04-01,Assam,280.75,255.53,211.79,99.04,National Highways Authority of India [NHAI],False,1217.0,275.0,82.88263608969592,82.88263608969592,16.157363910304085,1,0,,-100.96,-16.157363910304085,,2.0,-942.0,1217.0,275.0,1,1,1,0,0,0,0,0,0,0
618577,2026-04-01,"Multi-States (Delhi,Haryana)",2228.26,2298.37,991.43,100.0,National Highways Authority of India [NHAI],False,2708.0,304.0,43.136222627340246,43.136222627340246,56.863777372659754,1,1,,-100.0,-56.86377737265976,,2.0,-2404.0,2708.0,304.0,1,1,1,0,0,0,0,0,0,1
618578,2026-04-01,Delhi,1467.44,2510.34,1615.84,98.25,National Highways Authority of India [NHAI],False,1551.0,549.0,64.36737653066913,64.36737653066913,33.882623469330866,1,1,,-101.75,-33.882623469330866,,2.0,-1002.0,1551.0,549.0,1,1,1,0,0,0,0,0,0,1
618579,2026-04-01,Andhra Pradesh,2527.0,2957.25,994.53,100.0,National Highways Authority of India [NHAI],False,2647.0,365.0,33.63023078873954,33.63023078873954,66.36976921126046,1,1,,-100.0,-66.36976921126046,,2.0,-2282.0,2647.0,365.0,1,1,1,0,0,0,0,0,0,1
618580,2026-04-01,Haryana,1275.31,1957.44,734.08,97.86,National Highways Authority of India [NHAI],False,2100.0,547.0,37.502043485368645,37.502043485368645,60.357956514631354,1,1,,-102.14,-60.35795651463136,,2.0,-1553.0,2100.0,547.0,1,1,1,0,0,0,0,0,0,1
618581,2026-04-01,"Multi-States(Karnataka, TamilNadu)",1757.27,1828.66,927.75,78.7,National Highways Authority of India [NHAI],False,1278.0,365.0,50.73387070313782,50.73387070313782,27.966129296862185,1,1,,-121.3,-27.966129296862185,,2.0,-913.0,1278.0,365.0,1,1,1,0,0,0,0,0,0,0
618582,2026-04-01,Bihar,1282.97,1282.97,599.36,100.0,National Highways Authority of India [NHAI],False,1551.0,365.0,46.71660288237449,46.71660288237449,53.28339711762551,0,0,,-100.0,-53.28339711762551,,2.0,-1186.0,1551.0,365.0,1,1,1,0,0,0,0,0,0,0
618583,2026-04-01,Bihar,1358.77,1358.77,713.95,100.0,National Highways Authority of India [NHAI],False,1551.0,365.0,52.5438448008125,52.5438448008125,47.4561551991875,0,1,,-100.0,-47.4561551991875,,2.0,-1186.0,1551.0,365.0,1,1,1,0,0,0,0,0,0,0
618584,2026-04-01,"Multi-States(Bihar, WestBengal)",962.84,855.56,60.94,9.21,National Highways Authority of India [NHAI],False,121.0,334.0,7.122820141194072,7.122820141194072,2.0871798588059285,1,1,,-27.017544910179645,-2.0871798588059285,,0.3622754491017964,213.0,121.0,334.0,1,1,0,0,0,0,0,0,0,1
618585,2026-04-01,Maharashtra,856.93,718.84,123.7,31.5,National Highways Authority of India [NHAI],False,547.0,243.0,17.208280006677423,17.208280006677423,14.291719993322577,1,1,,-168.5,-14.291719993322577,,2.0,-304.0,547.0,243.0,1,1,1,0,0,1,0,0,0,0
618586,2026-04-01,Maharashtra,254.78,147.64,99.89,76.0,National Highways Authority of India [NHAI],False,304.0,92.0,67.65781630994312,67.65781630994312,8.342183690056885,1,1,,-124.0,-8.342183690056885,,2.0,-212.0,304.0,92.0,1,1,1,0,0,0,0,0,0,1
618588,2026-04-01,Maharashtra,540.24,468.92,464.26,99.79,National Highways Authority of India [NHAI],False,1612.0,273.0,99.0062270749808,99.0062270749808,0.7837729250192069,1,1,,-100.21,-0.7837729250192069,,2.0,-1339.0,1612.0,273.0,1,1,1,0,0,0,0,0,0,1
618589,2026-04-01,Chhattisgarh,1828.0,1656.73,690.27,69.87,National Highways Authority of India [NHAI],False,1005.0,395.0,41.66460437126146,41.66460437126146,28.205395628738543,1,1,,-130.13,-28.205395628738543,,2.0,-610.0,1005.0,395.0,1,1,1,0,0,0,0,0,0,1
618590,2026-04-01,Chhattisgarh,1958.9,1561.97,583.62,68.7,National Highways Authority of India [NHAI],False,1035.0,365.0,37.36435398887303,37.36435398887303,31.335646011126975,1,1,,-131.3,-31.335646011126972,,2.0,-670.0,1035.0,365.0,1,1,1,0,0,0,0,0,0,1
618591,2026-04-01,Odisha,374.17,211.74,97.05,50.0,National Highways Authority of India [NHAI],False,669.0,92.0,45.834514026636434,45.834514026636434,4.165485973363566,1,1,,-150.0,-4.165485973363566,,2.0,-577.0,669.0,92.0,1,1,1,0,0,0,0,0,0,1
618592,2026-04-01,Odisha,320.64,244.85,33.71,18.0,National Highways Authority of India [NHAI],False,516.0,427.0,13.76761282417807,13.76761282417807,4.2323871758219305,1,1,,-102.8430913348946,-4.2323871758219305,,1.208430913348946,-89.0,516.0,427.0,1,1,1,0,0,1,0,0,0,1
618593,2026-04-01,Odisha,263.32,163.07,8.76,8.8,National Highways Authority of India [NHAI],False,335.0,61.0,5.371926166676888,5.371926166676888,3.428073833323113,1,1,,-191.2,-3.428073833323113,,2.0,-274.0,335.0,61.0,1,1,1,0,0,1,0,0,0,0
618594,2026-04-01,Maharashtra,329.82,196.87,185.0,96.89,National Highways Authority of India [NHAI],False,1127.0,90.0,93.97064052420379,93.97064052420379,2.919359475796213,1,1,,-103.11,-2.919359475796213,,2.0,-1037.0,1127.0,90.0,1,1,1,0,0,0,0,0,0,1
618595,2026-04-01,Kerala,1746.45,2538.06,943.25,90.18,National Highways Authority of India [NHAI],False,1643.0,487.0,37.164212035964475,37.164212035964475,53.01578796403553,1,1,,-109.82,-53.01578796403553,,2.0,-1156.0,1643.0,487.0,1,1,1,0,0,0,0,0,0,0
618596,2026-04-01,Kerala,2714.6,3557.65,1040.02,82.87,National Highways Authority of India [NHAI],False,1612.0,457.0,29.233342234340082,29.233342234340082,53.63665776565992,1,1,,-117.13,-53.63665776565992,,2.0,-1155.0,1612.0,457.0,1,1,1,0,0,0,0,0,0,0
618597,2026-04-01,Kerala,3205.77,3898.46,776.8,60.07,National Highways Authority of India [NHAI],False,1643.0,365.0,19.925816861016912,19.925816861016912,40.14418313898309,1,1,,-139.93,-40.14418313898309,,2.0,-1278.0,1643.0,365.0,1,1,1,0,0,0,0,0,0,0
618598,2026-04-01,Kerala,210.0,216.94,77.9,100.0,National Highways Authority of India [NHAI],False,1947.0,275.0,35.90854614179036,35.90854614179036,64.09145385820963,1,1,,-100.0,-64.09145385820963,,2.0,-1672.0,1947.0,275.0,1,1,1,0,0,0,0,0,0,1
618599,2026-04-01,Kerala,4924.11,4919.46,1815.81,99.75,National Highways Authority of India [NHAI],False,1551.0,365.0,36.91075849788391,36.91075849788391,62.83924150211609,1,1,,-100.25,-62.83924150211609,,2.0,-1186.0,1551.0,365.0,1,1,1,0,0,0,0,0,0,0
618600,2026-04-01,Kerala,4023.94,4023.94,1497.69,98.84,National Highways Authority of India [NHAI],False,1551.0,334.0,37.21949134430434,37.21949134430434,61.620508655695666,0,1,,-101.16,-61.62050865569567,,2.0,-1217.0,1551.0,334.0,1,1,1,0,0,0,0,0,0,1
618601,2026-04-01,Kerala,4225.59,4225.59,708.02,88.2,National Highways Authority of India [NHAI],False,1308.0,457.0,16.7555299969945,16.7555299969945,71.4444700030055,0,1,,-111.8,-71.4444700030055,,2.0,-851.0,1308.0,457.0,1,1,1,0,0,0,0,0,0,1
618602,2026-04-01,Kerala,4302.06,4302.06,772.89,84.18,National Highways Authority of India [NHAI],False,1308.0,457.0,17.9655792806237,17.9655792806237,66.2144207193763,0,1,,-115.82,-66.2144207193763,,2.0,-851.0,1308.0,457.0,1,1,1,0,0,0,0,0,0,1
618603,2026-04-01,Kerala,3465.82,3606.2,768.14,64.93,National Highways Authority of India [NHAI],False,1278.0,334.0,21.300537962398092,21.300537962398092,43.62946203760191,1,1,,-135.07,-43.62946203760191,,2.0,-944.0,1278.0,334.0,1,1,1,0,0,0,0,0,0,1
618604,2026-04-01,Kerala,2429.52,2382.83,1760.92,83.93,National Highways Authority of India [NHAI],False,1155.0,184.0,73.90036217438927,73.90036217438927,10.029637825610735,1,1,,-116.07,-10.029637825610736,,2.0,-971.0,1155.0,184.0,1,1,1,0,0,0,0,0,0,0
618605,2026-04-01,Kerala,2878.97,2638.67,2120.87,78.28,National Highways Authority of India [NHAI],False,1492.0,181.0,80.37647754361097,80.37647754361097,-2.0964775436109733,1,1,,-121.72,2.0964775436109733,,2.0,-1311.0,1492.0,181.0,1,1,1,0,0,0,0,0,0,1
618606,2026-04-01,Kerala,3273.61,3200.24,1226.55,71.2,National Highways Authority of India [NHAI],False,1339.0,243.0,38.326812989025825,38.326812989025825,32.87318701097418,1,1,,-128.8,-32.87318701097418,,2.0,-1096.0,1339.0,243.0,1,1,1,0,0,0,0,0,0,1
618607,2026-04-01,Kerala,2842.14,3680.49,895.86,73.89,National Highways Authority of India [NHAI],False,1461.0,304.0,24.34078071126399,24.34078071126399,49.54921928873601,1,1,,-126.11,-49.54921928873601,,2.0,-1157.0,1461.0,304.0,1,1,1,0,0,0,0,0,0,0
618608,2026-04-01,Tamil Nadu,1564.23,1263.42,907.2,76.1,National Highways Authority of India [NHAI],False,974.0,273.0,71.80510044165835,71.80510044165835,4.2948995583416405,1,1,,-123.9,-4.2948995583416405,,2.0,-701.0,974.0,273.0,1,1,1,0,0,0,0,0,0,1
618609,2026-04-01,Goa,463.08,316.28,127.09,43.75,National Highways Authority of India [NHAI],False,608.0,213.0,40.18274946250159,40.18274946250159,3.56725053749841,1,1,,-156.25,-3.56725053749841,,2.0,-395.0,608.0,213.0,1,1,1,0,0,1,0,0,0,0
618610,2026-04-01,Punjab,789.26,1318.91,518.65,99.0,National Highways Authority of India [NHAI],False,974.0,1187.0,39.32413887225057,39.32413887225057,59.67586112774943,1,1,,16.944397641112047,-59.67586112774943,,0.8205560235888796,213.0,974.0,1187.0,0,0,0,0,0,0,0,0,0,1
618611,2026-04-01,Rajasthan,520.63,548.42,426.0,100.0,National Highways Authority of India [NHAI],False,1765.0,851.0,77.6776922796397,77.6776922796397,22.3223077203603,1,1,,-100.0,-22.3223077203603,,2.0,-914.0,1765.0,851.0,1,1,1,0,0,0,0,0,0,1
618612,2026-04-01,Rajasthan,846.59,740.62,676.17,100.0,National Highways Authority of India [NHAI],False,1704.0,670.0,91.29783154654208,91.29783154654208,8.702168453457915,1,1,,-100.0,-8.702168453457915,,2.0,-1034.0,1704.0,670.0,1,1,1,0,0,0,0,0,0,1
618613,2026-04-01,Rajasthan,662.08,597.77,508.83,99.2,National Highways Authority of India [NHAI],False,1735.0,639.0,85.121367750138,85.121367750138,14.078632249861997,1,1,,-100.8,-14.078632249861997,,2.0,-1096.0,1735.0,639.0,1,1,1,0,0,0,0,0,0,1
618614,2026-04-01,Gujarat,752.3,765.25,569.43,99.0,National Highways Authority of India [NHAI],False,1704.0,547.0,74.41097680496569,74.41097680496569,24.589023195034315,1,1,,-101.0,-24.589023195034315,,2.0,-1157.0,1704.0,547.0,1,1,1,0,0,0,0,0,0,1
618615,2026-04-01,Gujarat,778.15,835.55,663.38,99.7,National Highways Authority of India [NHAI],False,1857.0,394.0,79.39441086709354,79.39441086709354,20.305589132906462,1,1,,-100.3,-20.305589132906466,,2.0,-1463.0,1857.0,394.0,1,1,1,0,0,0,0,0,0,1
618616,2026-04-01,Gujarat,625.58,455.54,113.54,26.0,National Highways Authority of India [NHAI],False,424.0,337.0,24.924265706633886,24.924265706633886,1.0757342933661143,1,1,,-99.8160237388724,-1.0757342933661145,,1.258160237388724,-87.0,424.0,337.0,1,1,1,0,0,1,0,0,0,0
618617,2026-04-01,Punjab,1229.38,1549.32,772.73,70.28,National Highways Authority of India [NHAI],False,1247.0,610.0,49.87542922056128,49.87542922056128,20.40457077943872,1,1,,-129.72,-20.40457077943872,,2.0,-637.0,1247.0,610.0,1,1,1,0,0,0,0,0,0,0
618618,2026-04-01,Punjab,2029.17,2677.23,513.42,72.0,National Highways Authority of India [NHAI],False,669.0,1188.0,19.177283983819095,19.177283983819095,52.822716016180905,1,1,,15.686868686868683,-52.822716016180905,,0.5631313131313131,519.0,669.0,1188.0,0,0,0,0,0,0,0,0,0,1
618619,2026-04-01,Madhya Pradesh,998.95,998.95,20.06,0.0,National Highways Authority of India [NHAI],False,90.0,306.0,2.0081085139396366,2.0081085139396366,-2.0081085139396366,0,1,,-29.411764705882355,2.0081085139396366,,0.2941176470588235,216.0,90.0,306.0,1,1,0,0,0,0,0,0,0,0
618620,2026-04-01,Madhya Pradesh,207.77,211.27,122.83,76.77,National Highways Authority of India [NHAI],False,1186.0,153.0,58.138874426089835,58.138874426089835,18.63112557391016,1,1,,-123.23,-18.63112557391016,,2.0,-1033.0,1186.0,153.0,1,1,1,0,0,0,0,0,0,1
618621,2026-04-01,Madhya Pradesh,1162.8,1530.82,527.99,84.8,National Highways Authority of India [NHAI],False,1186.0,306.0,34.49066513371918,34.49066513371918,50.309334866280814,1,1,,-115.2,-50.309334866280814,,2.0,-880.0,1186.0,306.0,1,1,1,0,0,0,0,0,0,0
618622,2026-04-01,Madhya Pradesh,1001.69,888.81,698.97,89.0,National Highways Authority of India [NHAI],False,1461.0,455.0,78.64110439801533,78.64110439801533,10.35889560198467,1,1,,-111.0,-10.35889560198467,,2.0,-1006.0,1461.0,455.0,1,1,1,0,0,0,0,0,0,1
618623,2026-04-01,Madhya Pradesh,1504.37,1132.34,501.44,86.2,National Highways Authority of India [NHAI],False,790.0,457.0,44.28351908437396,44.28351908437396,41.916480915626046,1,1,,-86.66652078774617,-41.916480915626046,,1.7286652078774618,-333.0,790.0,457.0,1,1,1,0,0,0,0,0,0,1
618624,2026-04-01,"Multi-States(Maharashtra,Telangana)",1082.65,1323.12,180.13,96.02,National Highways Authority of India [NHAI],True,2557.0,396.0,13.614033496583833,13.614033496583833,82.40596650341617,1,1,,-103.98,-82.40596650341617,,2.0,-2161.0,2557.0,396.0,1,1,1,0,0,0,0,0,0,0
618625,2026-04-01,Madhya Pradesh,1175.0,217.22,14.04,99.93,National Highways Authority of India [NHAI],False,5722.0,243.0,6.463493232667342,6.463493232667342,93.46650676733266,1,1,,-100.07,-93.46650676733266,,2.0,-5479.0,5722.0,243.0,1,1,1,0,0,0,0,0,0,0
618626,2026-04-01,Maharashtra,819.52,400.0,121.02,62.03,National Highways Authority of India [NHAI],False,547.0,305.0,30.255,30.255,31.775000000000002,1,1,,-117.31426229508196,-31.775,,1.7934426229508196,-242.0,547.0,305.0,1,1,1,0,0,0,0,0,0,0
618627,2026-04-01,Maharashtra,168.52,112.03,10.11,26.37,National Highways Authority of India [NHAI],False,274.0,181.0,9.024368472730519,9.024368472730519,17.345631527269482,1,1,,-125.01121546961323,-17.345631527269482,,1.5138121546961325,-93.0,274.0,181.0,1,1,1,0,0,1,0,0,0,1
618628,2026-04-01,Maharashtra,150.21,87.59,58.75,48.0,National Highways Authority of India [NHAI],False,882.0,457.0,67.0738668797808,67.0738668797808,-19.073866879780795,1,1,,-144.99781181619255,19.073866879780795,,1.929978118161925,-425.0,882.0,457.0,1,1,1,0,0,1,1,0,0,1
618629,2026-04-01,Andhra Pradesh,416.07,444.58,110.65,98.47,National Highways Authority of India [NHAI],False,2953.0,120.0,24.8886589590175,24.8886589590175,73.5813410409825,1,1,,-101.53,-73.5813410409825,,2.0,-2833.0,2953.0,120.0,1,1,1,0,0,0,0,0,0,1
618630,2026-04-01,Karnataka,2355.56,1923.3,868.81,76.12,National Highways Authority of India [NHAI],False,1217.0,303.0,45.17287994592627,45.17287994592627,30.947120054073736,1,1,,-123.88,-30.947120054073736,,2.0,-914.0,1217.0,303.0,1,1,1,0,0,0,0,0,0,0
618631,2026-04-01,"Multi-States(Karnataka,Telangana)",1499.73,1457.48,829.47,99.51,National Highways Authority of India [NHAI],False,1247.0,245.0,56.911244065098664,56.911244065098664,42.59875593490134,1,1,,-100.49,-42.59875593490134,,2.0,-1002.0,1247.0,245.0,1,1,1,0,0,0,0,0,0,0
618632,2026-04-01,"Multi-States(Karnataka,Telangana)",972.06,1044.06,408.4,90.13,National Highways Authority of India [NHAI],False,1186.0,334.0,39.116525870160714,39.116525870160714,51.01347412983928,1,1,,-109.87,-51.01347412983928,,2.0,-852.0,1186.0,334.0,1,1,1,0,0,0,0,0,0,1
618633,2026-04-01,Andhra Pradesh,1732.66,1732.66,0.03,0.0,National Highways Authority of India [NHAI],False,31.0,1186.0,0.0017314418293260074,0.0017314418293260074,-0.0017314418293260074,0,1,,-2.6138279932546373,0.001731441829326,,0.0261382799325463,1155.0,31.0,1186.0,0,0,0,0,0,0,0,0,0,0
618634,2026-04-01,"Multi-States(Andhra Pradesh,Tamil Nadu)",1439.77,1439.77,734.85,98.89,National Highways Authority of India [NHAI],False,1186.0,671.0,51.039402126728575,51.039402126728575,47.850597873271425,0,1,,-77.86111773472429,-47.85059787327143,,1.767511177347243,-515.0,1186.0,671.0,1,1,1,0,0,0,0,0,0,1
618635,2026-04-01,Tamil Nadu,1359.81,1359.81,335.27,37.44,National Highways Authority of India [NHAI],False,1186.0,699.0,24.655650421750096,24.655650421750096,12.784349578249902,0,1,,-132.23095851216024,-12.784349578249902,,1.6967095851216023,-487.0,1186.0,699.0,1,1,1,0,0,1,0,0,0,1
618636,2026-04-01,"Multi-States(Karnataka,Maharashtra)",1370.75,1403.49,275.76,47.0,National Highways Authority of India [NHAI],False,547.0,580.0,19.64816279417737,19.64816279417737,27.35183720582263,1,1,,-47.310344827586206,-27.35183720582263,,0.943103448275862,33.0,547.0,580.0,1,1,1,0,0,0,0,0,0,0
618637,2026-04-01,"Multi-States(Gujarat,Maharashtra)",1654.07,1672.89,1356.95,97.66,National Highways Authority of India [NHAI],False,2038.0,275.0,81.11411987638158,81.11411987638158,16.545880123618417,1,1,,-102.34,-16.545880123618417,,2.0,-1763.0,2038.0,275.0,1,1,1,0,0,0,0,0,0,0
618638,2026-04-01,Maharashtra,2267.99,2560.5,990.0,98.84,National Highways Authority of India [NHAI],False,2647.0,944.0,38.664323374340945,38.664323374340945,60.17567662565906,1,1,,-101.16,-60.17567662565906,,2.0,-1703.0,2647.0,944.0,1,1,1,0,0,0,0,0,0,0
618639,2026-04-01,Chhattisgarh,1855.59,2523.86,1290.88,94.81,National Highways Authority of India [NHAI],False,1492.0,699.0,51.1470525306475,51.1470525306475,43.6629474693525,1,1,,-105.19,-43.6629474693525,,2.0,-793.0,1492.0,699.0,1,1,1,0,0,0,0,0,0,0
618640,2026-04-01,Chhattisgarh,2261.3,2860.36,939.34,72.77,National Highways Authority of India [NHAI],False,790.0,702.0,32.83992224754926,32.83992224754926,39.930077752450735,1,1,,-39.76561253561253,-39.930077752450735,,1.1253561253561253,-88.0,790.0,702.0,1,1,1,0,0,0,0,0,0,0
618641,2026-04-01,Jharkhand,1325.8,1325.8,13.83,1.0,National Highways Authority of India [NHAI],False,59.0,549.0,1.0431437622567505,1.0431437622567505,-0.04314376225675054,0,1,,-9.746812386156648,0.0431437622567505,,0.1074681238615664,490.0,59.0,549.0,0,0,0,0,0,0,0,0,0,0
618642,2026-04-01,Jharkhand,1882.93,1895.75,891.94,98.96,National Highways Authority of India [NHAI],False,1461.0,761.0,47.04945272319663,47.04945272319663,51.910547276803364,1,1,,-93.02423127463864,-51.91054727680336,,1.9198423127463864,-700.0,1461.0,761.0,1,1,1,0,0,0,0,0,0,1
618644,2026-04-01,Jharkhand,1214.93,1462.19,837.8,86.57,National Highways Authority of India [NHAI],False,1035.0,485.0,57.29761522100411,57.29761522100411,29.272384778995885,1,1,,-113.43,-29.272384778995885,,2.0,-550.0,1035.0,485.0,1,1,1,0,0,0,0,0,0,1
618645,2026-04-01,Jharkhand,1007.97,1030.64,437.79,78.1,National Highways Authority of India [NHAI],False,1035.0,485.0,42.47748971512846,42.47748971512846,35.62251028487153,1,1,,-121.9,-35.62251028487153,,2.0,-550.0,1035.0,485.0,1,1,1,0,0,0,0,0,0,1
618647,2026-04-01,Punjab,906.51,1020.52,490.17,81.5,National Highways Authority of India [NHAI],False,943.0,822.0,48.03139575902481,48.03139575902481,33.46860424097519,1,1,,-33.22019464720195,-33.46860424097519,,1.1472019464720196,-121.0,943.0,822.0,1,1,1,0,0,0,0,0,0,1
618649,2026-04-01,Karnataka,1246.15,1012.78,241.66,45.8,National Highways Authority of India [NHAI],False,516.0,611.0,23.861055708051108,23.861055708051108,21.93894429194889,1,1,,-38.65171849427169,-21.93894429194889,,0.8445171849427169,95.0,516.0,611.0,1,1,1,0,0,0,0,0,0,0
618650,2026-04-01,Karnataka,1363.9,1219.62,115.76,19.25,National Highways Authority of India [NHAI],False,365.0,456.0,9.491480953083748,9.491480953083748,9.758519046916252,1,1,,-60.79385964912281,-9.758519046916252,,0.8004385964912281,91.0,365.0,456.0,1,1,1,0,0,0,0,0,0,0
618651,2026-04-01,Karnataka,1427.88,1293.94,444.62,42.04,National Highways Authority of India [NHAI],False,396.0,394.0,34.36171692659629,34.36171692659629,7.678283073403712,1,1,,-58.46761421319796,-7.678283073403712,,1.0050761421319796,-2.0,396.0,394.0,1,1,1,0,0,1,0,0,0,0
618652,2026-04-01,Maharashtra,1241.38,3342.11,785.13,100.0,National Highways Authority of India [NHAI],False,2588.0,365.0,23.492045444345038,23.492045444345038,76.50795455565496,1,1,,-100.0,-76.50795455565496,,2.0,-2223.0,2588.0,365.0,1,1,1,0,0,0,0,0,0,0
618653,2026-04-01,Maharashtra,1236.08,3466.58,899.6,96.2,National Highways Authority of India [NHAI],False,2588.0,365.0,25.95064876621916,25.95064876621916,70.24935123378084,1,1,,-103.8,-70.24935123378084,,2.0,-2223.0,2588.0,365.0,1,1,1,0,0,0,0,0,0,0
618654,2026-04-01,Madhya Pradesh,521.21,469.68,196.17,63.62,National Highways Authority of India [NHAI],False,913.0,334.0,41.76673479816045,41.76673479816045,21.853265201839548,1,1,,-136.38,-21.853265201839548,,2.0,-579.0,913.0,334.0,1,1,1,0,0,0,0,0,0,1
618655,2026-04-01,Madhya Pradesh,200.99,120.75,109.85,85.42,National Highways Authority of India [NHAI],False,608.0,153.0,90.97308488612836,90.97308488612836,-5.55308488612836,1,1,,-114.58,5.55308488612836,,2.0,-455.0,608.0,153.0,1,1,1,0,0,0,0,0,0,0
618661,2026-04-01,Madhya Pradesh,1032.3,1038.18,44.78,8.96,National Highways Authority of India [NHAI],False,151.0,396.0,4.313317536458032,4.313317536458032,4.646682463541969,1,1,,-29.17131313131313,-4.646682463541969,,0.3813131313131313,245.0,151.0,396.0,1,1,0,0,0,0,0,0,0,0
618662,2026-04-01,Madhya Pradesh,980.2,980.2,0.81,1.7,National Highways Authority of India [NHAI],False,31.0,516.0,0.08263619669455213,0.08263619669455213,1.6173638033054478,0,1,,-4.307751937984496,-1.6173638033054478,,0.0600775193798449,485.0,31.0,516.0,0,0,0,0,0,0,0,0,0,0
618663,2026-04-01,Madhya Pradesh,1003.87,941.12,384.59,83.34,National Highways Authority of India [NHAI],False,852.0,456.0,40.8651394083645,40.8651394083645,42.474860591635505,1,1,,-103.50210526315789,-42.47486059163551,,1.868421052631579,-396.0,852.0,456.0,1,1,1,0,0,0,0,0,0,1
618664,2026-04-01,Madhya Pradesh,524.84,471.31,368.56,88.0,National Highways Authority of India [NHAI],False,1247.0,273.0,78.19906218836859,78.19906218836859,9.800937811631414,1,1,,-112.0,-9.800937811631414,,2.0,-974.0,1247.0,273.0,1,1,1,0,0,0,0,0,0,1
618665,2026-04-01,Madhya Pradesh,790.78,660.38,454.77,98.64,National Highways Authority of India [NHAI],False,1461.0,396.0,68.86489596898755,68.86489596898755,29.775104031012447,1,1,,-101.36,-29.775104031012447,,2.0,-1065.0,1461.0,396.0,1,1,1,0,0,0,0,0,0,1
618666,2026-04-01,Madhya Pradesh,710.92,539.08,431.99,87.65,National Highways Authority of India [NHAI],False,608.0,731.0,80.13467388884766,80.13467388884766,7.515326111152348,1,1,,4.476265389876886,-7.515326111152348,,0.8317373461012312,123.0,608.0,731.0,0,0,0,0,0,0,0,0,0,0
618667,2026-04-01,Madhya Pradesh,1005.59,882.21,111.76,20.84,National Highways Authority of India [NHAI],True,182.0,365.0,12.668185579397196,12.668185579397196,8.171814420602804,1,1,,-29.02301369863014,-8.171814420602804,,0.4986301369863014,183.0,182.0,365.0,1,1,0,0,0,0,0,0,0,1
618668,2026-04-01,"Multi-States(Madhya Pradesh,Uttar Pradesh)",996.5,846.68,162.84,30.89,National Highways Authority of India [NHAI],False,212.0,335.0,19.232767987905707,19.232767987905707,11.657232012094294,1,1,,-32.39358208955224,-11.657232012094294,,0.6328358208955224,123.0,212.0,335.0,1,1,1,0,0,0,0,0,0,0
618669,2026-04-01,Uttar Pradesh,1632.93,1425.43,322.5,50.25,National Highways Authority of India [NHAI],True,424.0,854.0,22.62475182927257,22.62475182927257,27.62524817072743,1,1,,0.6012880562060872,-27.62524817072743,,0.4964871194379391,430.0,424.0,854.0,0,0,0,0,0,0,0,0,0,0
618671,2026-04-01,Madhya Pradesh,618.33,342.69,5.01,5.08,National Highways Authority of India [NHAI],False,121.0,275.0,1.4619627068195746,1.4619627068195746,3.6180372931804254,1,1,,-38.92,-3.6180372931804254,,0.44,154.0,121.0,275.0,1,1,1,0,0,0,0,0,0,1
618672,2026-04-01,Madhya Pradesh,903.44,592.44,104.59,25.02,National Highways Authority of India [NHAI],False,151.0,396.0,17.654108432921475,17.654108432921475,7.365891567078524,1,1,,-13.111313131313135,-7.365891567078524,,0.3813131313131313,245.0,151.0,396.0,1,0,0,0,0,0,0,0,0,0
618673,2026-04-01,Chhattisgarh,1368.19,1129.14,654.33,98.39,National Highways Authority of India [NHAI],False,1308.0,304.0,57.94941282746161,57.94941282746161,40.44058717253839,1,1,,-101.61,-40.44058717253839,,2.0,-1004.0,1308.0,304.0,1,1,1,0,0,0,0,0,0,1
618674,2026-04-01,Chhattisgarh,1470.73,1461.81,756.05,99.0,National Highways Authority of India [NHAI],False,1186.0,396.0,51.72012778678487,51.72012778678487,47.27987221321513,1,1,,-101.0,-47.27987221321513,,2.0,-790.0,1186.0,396.0,1,1,1,0,0,0,0,0,0,1
618675,2026-04-01,Chhattisgarh,1307.16,1303.63,456.22,63.66,National Highways Authority of India [NHAI],False,913.0,579.0,34.99612620145287,34.99612620145287,28.66387379854713,1,1,,-94.02566493955096,-28.66387379854713,,1.5768566493955094,-334.0,913.0,579.0,1,1,1,0,0,0,0,0,0,0
618676,2026-04-01,"Multi-States(Chhattisgarh,Odisha)",477.76,638.32,297.98,99.95,National Highways Authority of India [NHAI],False,1492.0,393.0,46.68191502694573,46.68191502694573,53.26808497305427,1,1,,-100.05,-53.26808497305427,,2.0,-1099.0,1492.0,393.0,1,1,1,0,0,0,0,0,0,0
618677,2026-04-01,Odisha,1539.75,1918.49,981.3,94.81,National Highways Authority of India [NHAI],False,1431.0,242.0,51.14960203076377,51.14960203076377,43.66039796923623,1,1,,-105.19,-43.66039796923623,,2.0,-1189.0,1431.0,242.0,1,1,1,0,0,0,0,0,0,1
618678,2026-04-01,Odisha,1265.59,1635.44,874.99,98.96,National Highways Authority of India [NHAI],False,1400.0,304.0,53.5018099104828,53.5018099104828,45.458190089517196,1,1,,-101.04,-45.4581900895172,,2.0,-1096.0,1400.0,304.0,1,1,1,0,0,0,0,0,0,0
618680,2026-04-01,Odisha,1492.74,1912.84,1032.78,97.47,National Highways Authority of India [NHAI],False,1278.0,304.0,53.99197005499676,53.99197005499676,43.478029945003236,1,1,,-102.53,-43.47802994500324,,2.0,-974.0,1278.0,304.0,1,1,1,0,0,0,0,0,0,1
618681,2026-04-01,"Multi-States(Andhra Pradesh,Odisha)",1216.12,1241.66,683.05,96.23,National Highways Authority of India [NHAI],False,1492.0,393.0,55.01103361628786,55.01103361628786,41.21896638371214,1,1,,-103.77,-41.21896638371214,,2.0,-1099.0,1492.0,393.0,1,1,1,0,0,0,0,0,0,0
618682,2026-04-01,Andhra Pradesh,1112.7,1127.63,822.68,99.26,National Highways Authority of India [NHAI],False,1520.0,365.0,72.95655489832656,72.95655489832656,26.303445101673447,1,1,,-100.74,-26.303445101673447,,2.0,-1155.0,1520.0,365.0,1,1,1,0,0,0,0,0,0,0
618684,2026-04-01,Madhya Pradesh,917.26,786.47,492.01,74.56,National Highways Authority of India [NHAI],False,761.0,486.0,62.5592838887688,62.5592838887688,12.000716111231199,1,1,,-82.02436213991768,-12.0007161112312,,1.5658436213991769,-275.0,761.0,486.0,1,1,1,0,0,0,0,0,0,1
618685,2026-04-01,Madhya Pradesh,911.24,773.23,495.48,77.0,National Highways Authority of India [NHAI],False,761.0,547.0,64.0792519690131,64.0792519690131,12.9207480309869,1,1,,-62.12248628884828,-12.9207480309869,,1.391224862888483,-214.0,761.0,547.0,1,1,1,0,0,0,0,0,0,1
618686,2026-04-01,Madhya Pradesh,612.94,509.82,327.15,76.1,National Highways Authority of India [NHAI],False,761.0,578.0,64.16970695539602,64.16970695539602,11.930293044603971,1,1,,-55.56089965397925,-11.930293044603973,,1.3166089965397925,-183.0,761.0,578.0,1,1,1,0,0,0,0,0,0,1
618687,2026-04-01,Madhya Pradesh,652.33,651.88,468.6,88.0,National Highways Authority of India [NHAI],False,1127.0,181.0,71.8843959010861,71.8843959010861,16.115604098913906,1,1,,-112.0,-16.115604098913906,,2.0,-946.0,1127.0,181.0,1,1,1,0,0,0,0,0,0,1
618688,2026-04-01,Madhya Pradesh,794.7,539.9,69.33,25.12,National Highways Authority of India [NHAI],False,182.0,365.0,12.841266901278015,12.841266901278015,12.278733098721986,1,1,,-24.74301369863014,-12.278733098721986,,0.4986301369863014,183.0,182.0,365.0,1,1,0,0,0,0,0,0,0,0
618690,2026-04-01,Uttar Pradesh,1663.38,1685.69,534.65,15.75,National Highways Authority of India [NHAI],False,396.0,365.0,31.71698236330523,31.71698236330523,-15.966982363305231,1,1,,-92.7431506849315,15.966982363305233,,1.084931506849315,-31.0,396.0,365.0,1,1,1,0,0,1,1,0,0,0
618691,2026-04-01,"Multi-States(Haryana, UttarPradesh)",939.17,903.94,146.48,7.5,National Highways Authority of India [NHAI],False,243.0,518.0,16.20461535057636,16.20461535057636,-8.704615350576361,1,1,,-39.41119691119691,8.704615350576361,,0.4691119691119691,275.0,243.0,518.0,1,1,1,0,0,0,0,0,0,0
618692,2026-04-01,Uttar Pradesh,1226.64,2069.6,659.17,100.0,National Highways Authority of India [NHAI],False,2616.0,337.0,31.85011596443757,31.85011596443757,68.14988403556242,1,1,,-100.0,-68.14988403556242,,2.0,-2279.0,2616.0,337.0,1,1,1,0,0,0,0,0,0,1
618693,2026-04-01,Maharashtra,1344.78,1292.7,791.69,97.69,National Highways Authority of India [NHAI],False,1551.0,334.0,61.24313452463836,61.24313452463836,36.44686547536164,1,1,,-102.31,-36.44686547536164,,2.0,-1217.0,1551.0,334.0,1,1,1,0,0,0,0,0,0,0
618694,2026-04-01,Madhya Pradesh,1011.29,813.03,416.8,91.73,National Highways Authority of India [NHAI],False,1247.0,304.0,51.26502097093588,51.26502097093588,40.464979029064125,1,1,,-108.27,-40.464979029064125,,2.0,-943.0,1247.0,304.0,1,1,1,0,0,0,0,0,0,1
618695,2026-04-01,Madhya Pradesh,1146.22,1240.64,626.01,98.21,National Highways Authority of India [NHAI],False,1643.0,639.0,50.45863425328862,50.45863425328862,47.75136574671137,1,1,,-101.79,-47.75136574671137,,2.0,-1004.0,1643.0,639.0,1,1,1,0,0,0,0,0,0,1
618697,2026-04-01,Karnataka,626.01,284.05,97.26,35.5,National Highways Authority of India [NHAI],False,608.0,182.0,34.24045062488999,34.24045062488999,1.2595493751100122,1,1,,-164.5,-1.2595493751100122,,2.0,-426.0,608.0,182.0,1,1,1,0,0,1,0,0,0,1
618698,2026-04-01,Karnataka,1167.52,1873.58,843.6,99.5,National Highways Authority of India [NHAI],False,1916.0,1037.0,45.026099766222956,45.026099766222956,54.473900233777044,1,1,,-85.26374156219865,-54.47390023377704,,1.8476374156219864,-879.0,1916.0,1037.0,1,1,1,0,0,0,0,0,0,0
618699,2026-04-01,Gujarat,819.14,1297.38,188.7,100.0,National Highways Authority of India [NHAI],False,2616.0,337.0,14.54469777551681,14.54469777551681,85.45530222448319,1,0,,-100.0,-85.45530222448319,,2.0,-2279.0,2616.0,337.0,1,1,1,0,0,0,0,0,0,0
618700,2026-04-01,Andhra Pradesh,1863.09,2510.14,1488.04,98.6,National Highways Authority of India [NHAI],False,1551.0,671.0,59.28115563275356,59.28115563275356,39.318844367246435,1,1,,-101.4,-39.31884436724644,,2.0,-880.0,1551.0,671.0,1,1,1,0,0,0,0,0,0,1
618701,2026-04-01,Madhya Pradesh,178.18,153.15,142.2,57.14,National Highways Authority of India [NHAI],False,1735.0,181.0,92.8501469147894,92.8501469147894,-35.710146914789405,1,1,,-142.86,35.710146914789405,,2.0,-1554.0,1735.0,181.0,1,1,1,0,0,0,1,1,1,0
618702,2026-04-01,Karnataka,1660.19,1318.24,1358.81,94.21,National Highways Authority of India [NHAI],False,1612.0,335.0,103.07758829955091,100.0,-5.790000000000006,1,1,,-105.79,8.867588299550917,,2.0,-1277.0,1612.0,335.0,1,1,1,0,0,0,0,0,0,1
618704,2026-04-01,Odisha,150.86,106.32,102.13,99.98,National Highways Authority of India [NHAI],True,669.0,274.0,96.05906696764485,96.05906696764485,3.9209330323551512,1,1,,-100.02,-3.9209330323551512,,2.0,-395.0,669.0,274.0,1,1,1,0,0,0,0,0,0,1
618705,2026-04-01,Odisha,973.12,973.12,153.23,1.5,National Highways Authority of India [NHAI],False,59.0,427.0,15.746259454126932,15.746259454126932,-14.246259454126932,0,1,,-12.317330210772832,14.246259454126932,,0.1381733021077283,368.0,59.0,427.0,1,0,0,0,0,0,1,0,0,0
618706,2026-04-01,Karnataka,3496.01,4087.42,604.66,99.19,National Highways Authority of India [NHAI],False,2527.0,454.0,14.793194729193477,14.793194729193477,84.39680527080652,1,1,,-100.81,-84.39680527080652,,2.0,-2073.0,2527.0,454.0,1,1,1,0,0,0,0,0,0,1
618707,2026-04-01,Karnataka,738.37,738.37,14.27,5.63,National Highways Authority of India [NHAI],False,90.0,426.0,1.9326353995964083,1.9326353995964083,3.6973646004035916,0,1,,-15.49676056338028,-3.697364600403592,,0.2112676056338028,336.0,90.0,426.0,1,0,0,0,0,0,0,0,0,1
618708,2026-04-01,Kerala,1187.47,1265.47,631.69,52.71,National Highways Authority of India [NHAI],False,1035.0,273.0,49.91742198550737,49.91742198550737,2.7925780144926335,1,1,,-147.29,-2.792578014492633,,2.0,-762.0,1035.0,273.0,1,1,1,0,0,0,0,0,0,1
618709,2026-04-01,Karnataka,1340.15,992.6,897.67,91.45,National Highways Authority of India [NHAI],False,1066.0,61.0,90.43622808785008,90.43622808785008,1.0137719121499202,1,1,,-108.55,-1.0137719121499202,,2.0,-1005.0,1066.0,61.0,1,1,1,0,0,0,0,0,0,1
618710,2026-04-01,Uttar Pradesh,2002.79,1889.78,1732.92,100.0,National Highways Authority of India [NHAI],False,1796.0,242.0,91.69956291208501,91.69956291208501,8.300437087914986,1,1,,-100.0,-8.300437087914986,,2.0,-1554.0,1796.0,242.0,1,1,1,0,0,0,0,0,0,1
618711,2026-04-01,"Multi-States (UttarPradesh,Uttarakhand)",796.65,560.03,499.88,99.29,National Highways Authority of India [NHAI],False,1247.0,214.0,89.25950395514526,89.25950395514526,10.030496044854743,1,1,,-100.71,-10.030496044854743,,2.0,-1033.0,1247.0,214.0,1,1,1,0,0,0,0,0,0,1
618712,2026-04-01,Andhra Pradesh,912.94,798.25,333.15,85.01,National Highways Authority of India [NHAI],False,790.0,396.0,41.73504541183839,41.73504541183839,43.27495458816161,1,1,,-114.4849494949495,-43.27495458816161,,1.994949494949495,-394.0,790.0,396.0,1,1,1,0,0,0,0,0,0,1
618713,2026-04-01,Andhra Pradesh,1200.42,1019.69,218.52,38.41,National Highways Authority of India [NHAI],False,790.0,365.0,21.430042463886085,21.430042463886085,16.97995753611391,1,1,,-161.59,-16.97995753611391,,2.0,-425.0,790.0,365.0,1,1,1,0,0,1,0,0,0,1
618714,2026-04-01,Andhra Pradesh,1253.26,1095.78,339.28,62.02,National Highways Authority of India [NHAI],False,790.0,730.0,30.96241946376097,30.96241946376097,31.057580536239033,1,1,,-46.199178082191786,-31.057580536239037,,1.082191780821918,-60.0,790.0,730.0,1,1,1,0,0,0,0,0,0,1
618715,2026-04-01,Andhra Pradesh,1058.9,946.1,377.77,73.93,National Highways Authority of India [NHAI],False,790.0,396.0,39.92918296163196,39.92918296163196,34.00081703836805,1,1,,-125.5649494949495,-34.00081703836805,,1.994949494949495,-394.0,790.0,396.0,1,1,1,0,0,0,0,0,0,1
618716,2026-04-01,Andhra Pradesh,992.91,888.07,319.82,73.1,National Highways Authority of India [NHAI],False,761.0,456.0,36.012926908914835,36.012926908914835,37.08707309108516,1,1,,-93.78596491228068,-37.08707309108516,,1.668859649122807,-305.0,761.0,456.0,1,1,1,0,0,0,0,0,0,1
618717,2026-04-01,Andhra Pradesh,750.81,626.91,226.46,82.18,National Highways Authority of India [NHAI],False,761.0,425.0,36.123207477947396,36.123207477947396,46.05679252205261,1,1,,-96.87882352941176,-46.05679252205261,,1.7905882352941176,-336.0,761.0,425.0,1,1,1,0,0,0,0,0,0,1
618718,2026-04-01,Andhra Pradesh,1092.18,956.4,178.93,36.0,National Highways Authority of India [NHAI],False,424.0,731.0,18.708699289000418,18.708699289000418,17.291300710999582,1,1,,-22.002735978112177,-17.291300710999582,,0.5800273597811217,307.0,424.0,731.0,1,1,0,0,0,0,0,0,0,1
618719,2026-04-01,Andhra Pradesh,909.02,751.81,257.58,56.01,National Highways Authority of India [NHAI],False,790.0,365.0,34.26131602399543,34.26131602399543,21.74868397600457,1,1,,-143.99,-21.74868397600457,,2.0,-425.0,790.0,365.0,1,1,1,0,0,0,0,0,0,1
618721,2026-04-01,Andhra Pradesh,1292.65,1110.33,319.82,58.42,National Highways Authority of India [NHAI],False,790.0,365.0,28.804049246620377,28.804049246620377,29.615950753379625,1,1,,-141.57999999999998,-29.615950753379625,,2.0,-425.0,790.0,365.0,1,1,1,0,0,0,0,0,0,1
618722,2026-04-01,Uttar Pradesh,1843.59,1247.55,685.93,58.9,National Highways Authority of India [NHAI],False,1066.0,334.0,54.98216504348523,54.98216504348523,3.917834956514767,1,1,,-141.1,-3.917834956514767,,2.0,-732.0,1066.0,334.0,1,1,1,0,0,0,0,0,0,1
618723,2026-04-01,"Multi-States(Haryana, UttarPradesh)",1554.21,1241.89,721.32,74.5,National Highways Authority of India [NHAI],False,1066.0,334.0,58.08243886334539,58.08243886334539,16.417561136654612,1,1,,-125.5,-16.417561136654612,,2.0,-732.0,1066.0,334.0,1,1,1,0,0,0,0,0,0,1
618724,2026-04-01,"Multi-States(Bihar, Jharkhand)",1719.2,1723.42,64.54,17.1,National Highways Authority of India [NHAI],False,274.0,853.0,3.7448793677687395,3.7448793677687395,13.355120632231262,1,1,,-15.021922626025791,-13.355120632231262,,0.3212192262602579,579.0,274.0,853.0,1,0,0,0,0,0,0,0,0,0
618725,2026-04-01,Bihar,1915.99,1920.21,64.59,10.38,National Highways Authority of India [NHAI],False,212.0,915.0,3.3636945959035733,3.3636945959035733,7.0163054040964274,1,1,,-12.789398907103823,-7.0163054040964274,,0.2316939890710382,703.0,212.0,915.0,1,0,0,0,0,0,0,0,0,0
618726,2026-04-01,Bihar,1240.93,1341.52,103.25,14.08,National Highways Authority of India [NHAI],False,182.0,945.0,7.696493529727473,7.696493529727473,6.383506470272527,1,1,,-5.17925925925926,-6.383506470272527,,0.1925925925925926,763.0,182.0,945.0,0,0,0,0,0,0,0,0,0,0
618727,2026-04-01,Bihar,1576.94,1711.44,123.3,16.0,National Highways Authority of India [NHAI],False,182.0,945.0,7.204459402608329,7.204459402608329,8.795540597391671,1,1,,-3.2592592592592595,-8.795540597391671,,0.1925925925925926,763.0,182.0,945.0,0,0,0,0,0,0,0,0,0,0
618728,2026-04-01,"Multi-States(Bihar, UttarPradesh)",1433.39,1564.15,373.57,38.92,National Highways Authority of India [NHAI],False,516.0,611.0,23.883259278202218,23.883259278202218,15.036740721797784,1,1,,-45.531718494271686,-15.036740721797784,,0.8445171849427169,95.0,516.0,611.0,1,1,1,0,0,0,0,0,0,0
618734,2026-04-01,"Multi-States(Jharkhand, WestBengal)",1154.49,1319.18,90.87,17.22,National Highways Authority of India [NHAI],False,212.0,915.0,6.8883700480601595,6.8883700480601595,10.331629951939838,1,1,,-5.949398907103827,-10.331629951939838,,0.2316939890710382,703.0,212.0,915.0,0,0,0,0,0,0,0,0,0,0
618735,2026-04-01,Madhya Pradesh,909.84,976.55,436.44,99.0,National Highways Authority of India [NHAI],False,1308.0,274.0,44.69202805795914,44.69202805795914,54.30797194204086,1,1,,-101.0,-54.30797194204086,,2.0,-1034.0,1308.0,274.0,1,1,1,0,0,0,0,0,0,1
618736,2026-04-01,Jharkhand,936.26,832.2,281.39,43.21,National Highways Authority of India [NHAI],False,577.0,184.0,33.81278538812785,33.81278538812785,9.397214611872151,1,1,,-156.79,-9.397214611872151,,2.0,-393.0,577.0,184.0,1,1,1,0,0,1,0,0,0,0
618737,2026-04-01,Jharkhand,303.53,5.58,3.16,0.0,National Highways Authority of India [NHAI],False,121.0,334.0,56.63082437275986,56.63082437275986,-56.63082437275986,1,1,,-36.227544910179645,56.63082437275986,,0.3622754491017964,213.0,121.0,334.0,1,1,1,0,0,0,1,1,1,1
618738,2026-04-01,Bihar,6291.69,3351.62,581.87,19.02,National Highways Authority of India [NHAI],False,943.0,365.0,17.360858331195065,17.360858331195065,1.659141668804935,1,1,,-180.98,-1.659141668804935,,2.0,-578.0,943.0,365.0,1,1,1,0,0,1,0,0,0,1
618739,2026-04-01,Bihar,1390.92,1427.43,341.86,45.35,National Highways Authority of India [NHAI],False,1127.0,393.0,23.949335519079746,23.949335519079746,21.400664480920256,1,1,,-154.65,-21.400664480920256,,2.0,-734.0,1127.0,393.0,1,1,1,0,0,1,0,0,0,1
618740,2026-04-01,Bihar,1494.31,1546.07,264.72,43.6,National Highways Authority of India [NHAI],False,1005.0,515.0,17.122122542963776,17.122122542963776,26.477877457036225,1,1,,-151.54563106796118,-26.477877457036225,,1.951456310679612,-490.0,1005.0,515.0,1,1,1,0,0,1,0,0,0,1
618741,2026-04-01,Bihar,1857.58,1969.3,416.74,32.17,NHAI,False,1155.0,337.0,21.161834154268014,21.161834154268014,11.008165845731988,1,1,,-167.82999999999998,-11.008165845731988,,2.0,-818.0,1155.0,337.0,1,1,1,0,0,1,0,0,0,1
618742,2026-04-01,Bihar,1113.46,1113.46,1.31,0.0,National Highways Authority of India [NHAI],False,0.0,455.0,0.11765128518312289,0.11765128518312289,-0.11765128518312289,0,1,,0.0,0.1176512851831228,,0.0,455.0,0.0,455.0,0,0,0,0,0,0,0,0,0,0
618743,2026-04-01,Tamil Nadu,876.88,360.88,66.59,100.0,National Highways Authority of India [NHAI],False,6849.0,212.0,18.452117047217914,18.452117047217914,81.54788295278209,1,0,,-100.0,-81.54788295278209,,2.0,-6637.0,6849.0,212.0,1,1,1,0,0,0,0,0,0,0
618744,2026-04-01,Tamil Nadu,1076.97,791.6,679.48,95.41,National Highways Authority of India [NHAI],False,1155.0,337.0,85.83628094997474,85.83628094997474,9.573719050025261,1,1,,-104.59,-9.57371905002526,,2.0,-818.0,1155.0,337.0,1,1,1,0,0,0,0,0,0,1
618745,2026-04-01,Tamil Nadu,1317.6,1137.16,926.56,99.98,National Highways Authority of India [NHAI],False,1096.0,424.0,81.4801786907735,81.4801786907735,18.499821309226505,1,1,,-100.02,-18.499821309226505,,2.0,-672.0,1096.0,424.0,1,1,1,0,0,0,0,0,0,1
618746,2026-04-01,Telangana,797.36,1337.18,635.3,95.8,National Highways Authority of India [NHAI],False,1278.0,638.0,47.510432402518724,47.510432402518724,48.28956759748127,1,1,,-104.2,-48.28956759748127,,2.0,-640.0,1278.0,638.0,1,1,1,0,0,0,0,0,0,0
618747,2026-04-01,"Multi-States(Andhra Pradesh,Telangana)",829.5,1227.07,518.85,98.82,National Highways Authority of India [NHAI],False,1308.0,608.0,42.283651299436876,42.283651299436876,56.53634870056312,1,1,,-101.18,-56.53634870056312,,2.0,-700.0,1308.0,608.0,1,1,1,0,0,0,0,0,0,1
618748,2026-04-01,Andhra Pradesh,569.37,752.02,355.88,100.0,National Highways Authority of India [NHAI],False,1308.0,669.0,47.32320948910933,47.32320948910933,52.67679051089067,1,1,,-95.51569506726456,-52.67679051089067,,1.9551569506726456,-639.0,1308.0,669.0,1,1,1,0,0,0,0,0,0,0
618749,2026-04-01,Andhra Pradesh,711.94,926.48,422.97,99.66,National Highways Authority of India [NHAI],False,1308.0,639.0,45.65344098091702,45.65344098091702,54.00655901908298,1,1,,-100.34,-54.00655901908298,,2.0,-669.0,1308.0,639.0,1,1,1,0,0,0,0,0,0,0
618751,2026-04-01,Madhya Pradesh,581.65,592.71,243.28,69.04,National Highways Authority of India [NHAI],False,943.0,335.0,41.04536788648749,41.04536788648749,27.994632113512516,1,1,,-130.95999999999998,-27.99463211351252,,2.0,-608.0,943.0,335.0,1,1,1,0,0,0,0,0,0,0
618754,2026-04-01,Maharashtra,538.11,307.24,96.11,33.37,National Highways Authority of India [NHAI],False,304.0,92.0,31.28173414919932,31.28173414919932,2.0882658508006777,1,1,,-166.63,-2.0882658508006777,,2.0,-212.0,304.0,92.0,1,1,1,0,0,1,0,0,0,0
618755,2026-04-01,"Multi-States(Rajasthan, UttarPradesh)",159.53,100.74,72.27,100.0,National Highways Authority of India [NHAI],False,365.0,396.0,71.73913043478261,71.73913043478261,28.26086956521739,1,1,,7.828282828282823,-28.26086956521739,,0.9217171717171716,31.0,365.0,396.0,0,0,0,0,0,0,0,0,0,1
618756,2026-04-01,Tamil Nadu,1103.86,1085.41,774.36,92.15,National Highways Authority of India [NHAI],False,2222.0,456.0,71.34262628868353,71.34262628868353,20.807373711316473,1,1,,-107.85,-20.807373711316476,,2.0,-1766.0,2222.0,456.0,1,1,1,0,0,0,0,0,0,0
618757,2026-04-01,Rajasthan,2010.2,1565.88,707.67,37.24,National Highways Authority of India [NHAI],False,761.0,547.0,45.19311824660893,45.19311824660893,-7.9531182466089305,1,1,,-101.88248628884828,7.95311824660893,,1.391224862888483,-214.0,761.0,547.0,1,1,1,0,0,1,0,0,0,1
618758,2026-04-01,Rajasthan,1764.86,1239.24,310.12,36.82,National Highways Authority of India [NHAI],False,577.0,731.0,25.025015331977663,25.025015331977663,11.794984668022337,1,1,,-42.11296853625171,-11.794984668022336,,0.7893296853625171,154.0,577.0,731.0,1,1,1,0,0,0,0,0,0,0
618759,2026-04-01,Andhra Pradesh,1063.57,1103.87,502.6,90.4,National Highways Authority of India [NHAI],False,943.0,488.0,45.53072372652577,45.53072372652577,44.869276273474235,1,1,,-102.83770491803278,-44.86927627347424,,1.932377049180328,-455.0,943.0,488.0,1,1,1,0,0,0,0,0,0,1
618760,2026-04-01,"Multi-States(Haryana, Punjab)",646.42,556.09,549.2,98.0,National Highways Authority of India [NHAI],False,1217.0,395.0,98.76099192576741,98.76099192576741,-0.7609919257674136,1,1,,-102.0,0.7609919257674136,,2.0,-822.0,1217.0,395.0,1,1,1,0,0,0,0,0,0,0
618761,2026-04-01,Uttar Pradesh,991.89,977.73,815.91,95.22,National Highways Authority of India [NHAI],False,1155.0,488.0,83.44941855113375,83.44941855113375,11.770581448866253,1,1,,-104.78,-11.770581448866253,,2.0,-667.0,1155.0,488.0,1,1,1,0,0,0,0,0,0,1
618762,2026-04-01,Madhya Pradesh,950.27,788.33,397.17,100.0,National Highways Authority of India [NHAI],False,2981.0,184.0,50.38118554412492,50.38118554412492,49.61881445587508,1,1,,-100.0,-49.61881445587508,,2.0,-2797.0,2981.0,184.0,1,1,1,0,0,0,0,0,0,1
618764,2026-04-01,Punjab,1032.59,1264.17,663.72,76.0,National Highways Authority of India [NHAI],False,1217.0,944.0,52.50243242601865,52.50243242601865,23.49756757398135,1,1,,-52.91949152542372,-23.49756757398135,,1.2891949152542372,-273.0,1217.0,944.0,1,1,1,0,0,0,0,0,0,1
618765,2026-04-01,Telangana,2146.86,2486.51,961.92,92.4,National Highways Authority of India [NHAI],False,1005.0,487.0,38.68554721276005,38.68554721276005,53.714452787239956,1,1,,-107.6,-53.71445278723996,,2.0,-518.0,1005.0,487.0,1,1,1,0,0,0,0,0,0,0
618766,2026-04-01,Maharashtra,862.0,617.93,210.27,36.32,NHAI,False,365.0,182.0,34.028126163157644,34.028126163157644,2.291873836842356,1,1,,-163.68,-2.291873836842356,,2.0,-183.0,365.0,182.0,1,1,1,0,0,1,0,0,0,0
618768,2026-04-01,Uttar Pradesh,1309.08,1309.08,0.0,0.0,National Highways Authority of India [NHAI],False,31.0,638.0,0.0,0.0,0.0,0,1,,-4.858934169278997,0.0,,0.0485893416927899,607.0,31.0,638.0,0,0,0,0,0,0,0,0,0,1
618769,2026-04-01,"Multi-States(Andhra Pradesh,Tamil Nadu)",1338.14,1214.7,116.15,10.07,National Highways Authority of India [NHAI],False,212.0,274.0,9.562031777393596,9.562031777393596,0.5079682226064044,1,1,,-67.30226277372265,-0.5079682226064044,,0.7737226277372263,62.0,212.0,274.0,1,1,1,0,0,0,0,0,0,1
618770,2026-04-01,Uttar Pradesh,516.16,273.42,232.93,74.23,National Highways Authority of India [NHAI],False,1278.0,365.0,85.19128081340062,85.19128081340062,-10.96128081340062,1,1,,-125.77,10.96128081340062,,2.0,-913.0,1278.0,365.0,1,1,1,0,0,0,1,0,0,0
618771,2026-04-01,"Multi-States(Andhra Pradesh,Tamil Nadu)",1924.75,1887.38,947.66,99.19,National Highways Authority of India [NHAI],False,1217.0,668.0,50.21034449872309,50.21034449872309,48.97965550127691,1,1,,-82.99562874251495,-48.97965550127691,,1.8218562874251496,-549.0,1217.0,668.0,1,1,1,0,0,0,0,0,0,0
618772,2026-04-01,"Multi-States(Andhra Pradesh,Tamil Nadu)",702.52,799.36,370.57,97.75,National Highways Authority of India [NHAI],False,913.0,972.0,46.358336669335465,46.358336669335465,51.391663330664535,1,1,,3.819958847736629,-51.391663330664535,,0.9393004115226338,59.0,913.0,972.0,0,0,0,0,0,0,0,0,0,1
618773,2026-04-01,Tamil Nadu,449.85,452.48,1.17,100.0,National Highways Authority of India [NHAI],False,5844.0,151.0,0.25857496463932106,0.25857496463932106,99.74142503536068,1,0,,-100.0,-99.74142503536068,,2.0,-5693.0,5844.0,151.0,1,1,1,0,0,0,0,0,0,0
618774,2026-04-01,Bihar,984.63,827.51,798.12,100.0,National Highways Authority of India [NHAI],False,1916.0,153.0,96.44838128844364,96.44838128844364,3.551618711556358,1,1,,-100.0,-3.551618711556358,,2.0,-1763.0,1916.0,153.0,1,1,1,0,0,0,0,0,0,0
618775,2026-04-01,Bihar,226.32,226.32,1.94,15.93,National Highways Authority of India [NHAI],False,182.0,214.0,0.8571933545422411,0.8571933545422411,15.072806645457758,0,1,,-69.1167289719626,-15.072806645457758,,0.8504672897196262,32.0,182.0,214.0,1,1,1,0,0,0,0,0,0,0
618776,2026-04-01,Punjab,1237.65,1301.15,979.97,88.82,National Highways Authority of India [NHAI],False,1066.0,426.0,75.31568228105905,75.31568228105905,13.50431771894094,1,1,,-111.18,-13.50431771894094,,2.0,-640.0,1066.0,426.0,1,1,1,0,0,0,0,0,0,1
618777,2026-04-01,Andhra Pradesh,1877.47,592.85,246.22,98.84,National Highways Authority of India [NHAI],False,913.0,579.0,41.531584717888165,41.531584717888165,57.30841528211184,1,1,,-58.84566493955094,-57.30841528211184,,1.5768566493955094,-334.0,913.0,579.0,1,1,1,0,0,0,0,0,0,1
618778,2026-04-01,Andhra Pradesh,1877.47,1994.1,1145.97,94.9,National Highways Authority of India [NHAI],False,1186.0,334.0,57.468030690537084,57.468030690537084,37.43196930946292,1,1,,-105.1,-37.43196930946292,,2.0,-852.0,1186.0,334.0,1,1,1,0,0,0,0,0,0,0
618779,2026-04-01,Bihar,1505.0,349.96,305.59,96.5,NHAI,False,1186.0,122.0,87.32140816093268,87.32140816093268,9.178591839067323,1,1,,-103.5,-9.178591839067323,,2.0,-1064.0,1186.0,122.0,1,1,1,0,0,0,0,0,0,1
618782,2026-04-01,Uttar Pradesh,1394.14,1394.14,561.53,58.86,National Highways Authority of India [NHAI],False,761.0,394.0,40.27787740112183,40.27787740112183,18.582122598878172,0,1,,-134.2872081218274,-18.58212259887817,,1.9314720812182744,-367.0,761.0,394.0,1,1,1,0,0,0,0,0,0,1
618783,2026-04-01,"Multi-States (UttarPradesh,Uttarakhand)",1471.19,1471.19,416.11,35.2,National Highways Authority of India [NHAI],False,761.0,425.0,28.283906225572498,28.283906225572498,6.916093774427505,0,1,,-143.85882352941178,-6.916093774427505,,1.7905882352941176,-336.0,761.0,425.0,1,1,1,0,0,1,0,0,0,1
618784,2026-04-01,Madhya Pradesh,355.36,355.36,208.94,84.44,NHAI,False,730.0,244.0,58.79671319225574,58.79671319225574,25.64328680774426,0,1,,-115.56,-25.64328680774426,,2.0,-486.0,730.0,244.0,1,1,1,0,0,0,0,0,0,1
618785,2026-04-01,Punjab,1501.02,1815.13,992.99,78.6,National Highways Authority of India [NHAI],False,1155.0,580.0,54.706274481717564,54.706274481717564,23.89372551828243,1,1,,-120.53793103448275,-23.89372551828243,,1.991379310344828,-575.0,1155.0,580.0,1,1,1,0,0,0,0,0,0,0
618786,2026-04-01,Punjab,1196.38,1503.79,160.92,13.97,National Highways Authority of India [NHAI],False,396.0,851.0,10.700962235418508,10.700962235418508,3.2690377645814923,1,1,,-32.563490011750886,-3.2690377645814923,,0.4653349001175088,455.0,396.0,851.0,1,1,1,0,0,0,0,0,0,0
618787,2026-04-01,Gujarat,1373.06,1687.25,834.0,96.0,National Highways Authority of India [NHAI],False,1186.0,306.0,49.42954511779523,49.42954511779523,46.57045488220477,1,1,,-104.0,-46.57045488220477,,2.0,-880.0,1186.0,306.0,1,1,1,0,0,0,0,0,0,0
618788,2026-04-01,Haryana,927.22,1173.66,367.54,87.05,National Highways Authority of India [NHAI],False,1035.0,457.0,31.3157132389278,31.3157132389278,55.7342867610722,1,1,,-112.95,-55.7342867610722,,2.0,-578.0,1035.0,457.0,1,1,1,0,0,0,0,0,0,1
618790,2026-04-01,Bihar,1422.37,1537.99,273.52,41.0,National Highways Authority of India [NHAI],False,547.0,580.0,17.78425087289254,17.78425087289254,23.21574912710746,1,1,,-53.310344827586206,-23.21574912710746,,0.943103448275862,33.0,547.0,580.0,1,1,1,0,0,0,0,0,0,0
618791,2026-04-01,Bihar,1538.76,1538.76,95.18,17.16,National Highways Authority of India [NHAI],False,90.0,457.0,6.185500012997479,6.185500012997479,10.97449998700252,0,1,,-2.533654266958425,-10.97449998700252,,0.1969365426695842,367.0,90.0,457.0,0,0,0,0,0,0,0,0,0,0
618792,2026-04-01,Haryana,1330.23,1144.21,440.38,99.5,National Highways Authority of India [NHAI],False,852.0,395.0,38.487690196729616,38.487690196729616,61.012309803270384,1,1,,-100.5,-61.012309803270384,,2.0,-457.0,852.0,395.0,1,1,1,0,0,0,0,0,0,1
618794,2026-04-01,Punjab,524.88,416.58,387.07,96.0,National Highways Authority of India [NHAI],False,1492.0,455.0,92.9161265543233,92.9161265543233,3.0838734456767014,1,1,,-104.0,-3.0838734456767014,,2.0,-1037.0,1492.0,455.0,1,1,1,0,0,0,0,0,0,1
618795,2026-04-01,Punjab,1474.77,1228.42,866.12,81.05,National Highways Authority of India [NHAI],False,1339.0,546.0,70.50682991159375,70.50682991159375,10.543170088406242,1,1,,-118.95,-10.543170088406242,,2.0,-793.0,1339.0,546.0,1,1,1,0,0,0,0,0,0,0
618796,2026-04-01,Rajasthan,828.58,830.37,405.43,100.0,National Highways Authority of India [NHAI],False,2557.0,424.0,48.825222491178636,48.825222491178636,51.174777508821364,1,1,,-100.0,-51.17477750882136,,2.0,-2133.0,2557.0,424.0,1,1,1,0,0,0,0,0,0,1
618797,2026-04-01,Rajasthan,1237.71,927.02,0.54,5.6,National Highways Authority of India [NHAI],False,121.0,275.0,0.05825117041703523,0.05825117041703523,5.541748829582964,1,1,,-38.4,-5.541748829582964,,0.44,154.0,121.0,275.0,1,1,1,0,0,0,0,0,0,0
618798,2026-04-01,Uttar Pradesh,2555.5,2275.43,1247.39,84.0,National Highways Authority of India [NHAI],False,1127.0,455.0,54.81996809394269,54.81996809394269,29.18003190605731,1,1,,-116.0,-29.18003190605731,,2.0,-672.0,1127.0,455.0,1,1,1,0,0,0,0,0,0,1
618799,2026-04-01,Karnataka,456.79,456.79,436.72,91.65,National Highways Authority of India [NHAI],False,1947.0,1006.0,95.60629610980976,95.60629610980976,-3.956296109809756,0,1,,-101.88876739562622,3.956296109809756,,1.9353876739562623,-941.0,1947.0,1006.0,1,1,1,0,0,0,0,0,0,1
618800,2026-04-01,Tamil Nadu,1616.97,1616.97,185.63,17.54,National Highways Authority of India [NHAI],False,882.0,245.0,11.480114040458387,11.480114040458387,6.059885959541612,0,1,,-182.46,-6.059885959541612,,2.0,-637.0,882.0,245.0,1,1,1,0,0,1,0,0,0,1
618801,2026-04-01,Tamil Nadu,1388.59,1388.59,200.25,21.93,National Highways Authority of India [NHAI],False,882.0,245.0,14.4211034214563,14.4211034214563,7.5088965785437,0,1,,-178.07,-7.5088965785437,,2.0,-637.0,882.0,245.0,1,1,1,0,0,1,0,0,0,1
618803,2026-04-01,Andhra Pradesh,645.63,750.2,595.09,90.5,National Highways Authority of India [NHAI],False,974.0,334.0,79.32418021860838,79.32418021860838,11.175819781391624,1,1,,-109.5,-11.175819781391624,,2.0,-640.0,974.0,334.0,1,1,1,0,0,0,0,0,0,1
618804,2026-04-01,Andhra Pradesh,348.72,341.36,184.68,77.93,National Highways Authority of India [NHAI],False,2678.0,275.0,54.10124209046169,54.10124209046169,23.828757909538318,1,1,,-122.07,-23.82875790953832,,2.0,-2403.0,2678.0,275.0,1,1,1,0,0,0,0,0,0,1
618805,2026-04-01,Andhra Pradesh,977.33,977.33,64.7,4.0,National Highways Authority of India [NHAI],False,59.0,427.0,6.620077148967083,6.620077148967083,-2.6200771489670833,0,1,,-9.817330210772832,2.6200771489670838,,0.1381733021077283,368.0,59.0,427.0,0,0,0,0,0,0,0,0,0,0
618806,2026-04-01,Andhra Pradesh,685.99,680.21,460.16,79.0,National Highways Authority of India [NHAI],False,790.0,396.0,67.6496964172829,67.6496964172829,11.350303582717103,1,1,,-120.49494949494952,-11.350303582717103,,1.994949494949495,-394.0,790.0,396.0,1,1,1,0,0,0,0,0,0,1
618807,2026-04-01,Andhra Pradesh,609.43,559.98,505.16,78.62,National Highways Authority of India [NHAI],False,943.0,396.0,90.21036465588057,90.21036465588057,-11.590364655880563,1,1,,-121.38,11.590364655880563,,2.0,-547.0,943.0,396.0,1,1,1,0,0,0,1,0,0,1
618808,2026-04-01,West Bengal,1212.56,1203.11,302.61,37.35,National Highways Authority of India [NHAI],False,669.0,458.0,25.152313587286283,25.152313587286283,12.197686412713718,1,1,,-108.7198689956332,-12.197686412713718,,1.460698689956332,-211.0,669.0,458.0,1,1,1,0,0,1,0,0,0,0
618809,2026-04-01,Punjab,809.51,966.99,499.54,65.99,National Highways Authority of India [NHAI],False,1035.0,669.0,51.65927258813432,51.65927258813432,14.330727411865674,1,1,,-88.71852017937219,-14.330727411865674,,1.547085201793722,-366.0,1035.0,669.0,1,1,1,0,0,0,0,0,0,0
618810,2026-04-01,Punjab,1003.38,993.6,590.84,78.99,National Highways Authority of India [NHAI],False,1035.0,608.0,59.46457326892109,59.46457326892109,19.525426731078902,1,1,,-91.24026315789474,-19.525426731078905,,1.7023026315789471,-427.0,1035.0,608.0,1,1,1,0,0,0,0,0,0,0
618811,2026-04-01,Telangana,1183.71,1170.64,83.68,0.0,National Highways Authority of India [NHAI],False,304.0,823.0,7.148226611084535,7.148226611084535,-7.148226611084535,1,1,,-36.93803159173755,7.148226611084535,,0.3693803159173754,519.0,304.0,823.0,1,1,1,0,0,0,0,0,0,0
618812,2026-04-01,Telangana,1129.33,1145.41,78.94,6.3,National Highways Authority of India [NHAI],False,304.0,882.0,6.8918553181830084,6.8918553181830084,-0.5918553181830086,1,1,,-28.167120181405892,0.5918553181830086,,0.3446712018140589,578.0,304.0,882.0,1,1,0,0,0,0,0,0,0,0
618813,2026-04-01,Telangana,1127.9,1104.27,110.86,9.0,National Highways Authority of India [NHAI],False,486.0,641.0,10.039211424742138,10.039211424742138,-1.0392114247421382,1,1,,-66.81903276131045,1.0392114247421382,,0.7581903276131046,155.0,486.0,641.0,1,1,1,0,0,0,0,0,0,0
618815,2026-04-01,Telangana,1092.88,1083.11,304.89,65.68,National Highways Authority of India [NHAI],False,730.0,397.0,28.149495434443413,28.149495434443413,37.5305045655566,1,1,,-118.19909319899244,-37.5305045655566,,1.8387909319899245,-333.0,730.0,397.0,1,1,1,0,0,0,0,0,0,1
618817,2026-04-01,Telangana,973.45,1021.96,227.62,42.15,National Highways Authority of India [NHAI],False,396.0,731.0,22.27288739285295,22.27288739285295,19.877112607147048,1,1,,-12.022366621067036,-19.877112607147048,,0.5417236662106704,335.0,396.0,731.0,1,0,0,0,0,0,0,0,0,0
618818,2026-04-01,"Multi-States(Andhra Pradesh,Telangana)",1183.23,1225.14,1.28,2.8,National Highways Authority of India [NHAI],False,335.0,792.0,0.10447785559201397,0.10447785559201397,2.695522144407986,1,1,,-39.4979797979798,-2.695522144407986,,0.4229797979797979,457.0,335.0,792.0,1,1,1,0,0,0,0,0,0,0
618819,2026-04-01,Odisha,183.03,200.79,89.36,99.0,National Highways Authority of India [NHAI],False,1857.0,181.0,44.5042083769112,44.5042083769112,54.4957916230888,1,1,,-101.0,-54.4957916230888,,2.0,-1676.0,1857.0,181.0,1,1,1,0,0,0,0,0,0,0
618820,2026-04-01,Odisha,861.84,938.55,383.65,91.0,National Highways Authority of India [NHAI],False,852.0,275.0,40.87688455596399,40.87688455596399,50.12311544403601,1,1,,-109.0,-50.12311544403601,,2.0,-577.0,852.0,275.0,1,1,1,0,0,0,0,0,0,1
618821,2026-04-01,Odisha,920.47,950.4,412.89,91.0,National Highways Authority of India [NHAI],False,852.0,275.0,43.44381313131313,43.44381313131313,47.55618686868687,1,1,,-109.0,-47.55618686868687,,2.0,-577.0,852.0,275.0,1,1,1,0,0,0,0,0,0,0
618822,2026-04-01,Odisha,929.91,869.45,365.01,92.3,National Highways Authority of India [NHAI],False,852.0,275.0,41.981712576916436,41.981712576916436,50.31828742308356,1,1,,-107.7,-50.31828742308356,,2.0,-577.0,852.0,275.0,1,1,1,0,0,0,0,0,0,0
618823,2026-04-01,West Bengal,352.01,346.39,84.95,35.78,National Highways Authority of India [NHAI],False,608.0,182.0,24.52438003406565,24.52438003406565,11.25561996593435,1,1,,-164.22,-11.25561996593435,,2.0,-426.0,608.0,182.0,1,1,1,0,0,1,0,0,0,1
618824,2026-04-01,West Bengal,201.1,197.74,56.95,48.82,National Highways Authority of India [NHAI],False,639.0,122.0,28.800445028825735,28.800445028825735,20.019554971174266,1,1,,-151.18,-20.019554971174266,,2.0,-517.0,639.0,122.0,1,1,1,0,0,1,0,0,0,1
618825,2026-04-01,West Bengal,622.04,646.1,340.02,96.17,National Highways Authority of India [NHAI],False,2678.0,122.0,52.62652840117629,52.62652840117629,43.543471598823714,1,1,,-103.83,-43.543471598823714,,2.0,-2556.0,2678.0,122.0,1,1,1,0,0,0,0,0,0,1
618826,2026-04-01,Andhra Pradesh,907.76,905.98,448.53,91.4,National Highways Authority of India [NHAI],False,1005.0,273.0,49.507715402106,49.507715402106,41.892284597894005,1,1,,-108.6,-41.892284597894005,,2.0,-732.0,1005.0,273.0,1,1,1,0,0,0,0,0,0,1
618827,2026-04-01,Andhra Pradesh,1097.57,1055.23,356.89,70.68,National Highways Authority of India [NHAI],False,974.0,304.0,33.82106270670849,33.82106270670849,36.85893729329152,1,1,,-129.32,-36.85893729329152,,2.0,-670.0,974.0,304.0,1,1,1,0,0,0,0,0,0,1
618828,2026-04-01,"Multi-States(Jharkhand, UttarPradesh)",1436.49,1465.55,830.18,92.02,National Highways Authority of India [NHAI],False,943.0,549.0,56.64631025894715,56.64631025894715,35.37368974105284,1,1,,-79.74684881602916,-35.37368974105284,,1.7176684881602915,-394.0,943.0,549.0,1,1,1,0,0,0,0,0,0,0
618829,2026-04-01,Jharkhand,1129.48,1129.48,527.11,93.45,National Highways Authority of India [NHAI],False,1643.0,395.0,46.668378368806884,46.668378368806884,46.78162163119312,0,0,,-106.55,-46.78162163119312,,2.0,-1248.0,1643.0,395.0,1,1,1,0,0,0,0,0,0,0
618830,2026-04-01,Jharkhand,1517.87,1652.09,991.9,76.95,National Highways Authority of India [NHAI],False,882.0,396.0,60.03910198596929,60.03910198596929,16.910898014030714,1,1,,-123.05,-16.910898014030714,,2.0,-486.0,882.0,396.0,1,1,1,0,0,0,0,0,0,1
618831,2026-04-01,Jharkhand,1436.8,1301.54,200.87,26.6,National Highways Authority of India [NHAI],False,547.0,580.0,15.433255989059116,15.433255989059116,11.166744010940885,1,1,,-67.7103448275862,-11.166744010940883,,0.943103448275862,33.0,547.0,580.0,1,1,1,0,0,0,0,0,0,0
618832,2026-04-01,Jharkhand,1274.82,1274.82,41.83,5.0,National Highways Authority of India [NHAI],False,90.0,700.0,3.281247548673538,3.281247548673538,1.7187524513264618,0,1,,-7.857142857142856,-1.7187524513264618,,0.1285714285714285,610.0,90.0,700.0,0,0,0,0,0,0,0,0,0,1
618833,2026-04-01,Gujarat,894.01,1127.42,457.05,98.79,National Highways Authority of India [NHAI],False,2981.0,731.0,40.53946177999326,40.53946177999326,58.250538220006746,1,1,,-101.21,-58.250538220006746,,2.0,-2250.0,2981.0,731.0,1,1,1,0,0,0,0,0,0,1
618834,2026-04-01,Gujarat,162.73,192.01,174.82,100.0,National Highways Authority of India [NHAI],False,1461.0,31.0,91.04734128430812,91.04734128430812,8.952658715691882,1,1,,-100.0,-8.952658715691882,,2.0,-1430.0,1461.0,31.0,1,1,1,0,0,0,0,0,0,0
618835,2026-04-01,Gujarat,698.4,735.51,418.41,100.0,National Highways Authority of India [NHAI],False,1857.0,212.0,56.887057959783014,56.887057959783014,43.112942040216986,1,0,,-100.0,-43.112942040216986,,2.0,-1645.0,1857.0,212.0,1,1,1,0,0,0,0,0,0,0
618836,2026-04-01,Maharashtra,1985.38,1798.0,389.68,79.18,National Highways Authority of India [NHAI],False,1066.0,454.0,21.672969966629587,21.672969966629587,57.50703003337042,1,1,,-120.82,-57.50703003337042,,2.0,-612.0,1066.0,454.0,1,1,1,0,0,0,0,0,0,1
618837,2026-04-01,Maharashtra,1939.23,1910.41,458.94,66.45,National Highways Authority of India [NHAI],False,1066.0,454.0,24.02311545689145,24.02311545689145,42.42688454310856,1,1,,-133.55,-42.42688454310856,,2.0,-612.0,1066.0,454.0,1,1,1,0,0,0,0,0,0,0
618838,2026-04-01,Rajasthan,736.75,512.77,400.17,99.0,National Highways Authority of India [NHAI],False,1339.0,273.0,78.04083702244672,78.04083702244672,20.959162977553277,1,1,,-101.0,-20.95916297755328,,2.0,-1066.0,1339.0,273.0,1,1,1,0,0,0,0,0,0,1
618839,2026-04-01,Bihar,1309.47,2107.68,812.81,100.0,National Highways Authority of India [NHAI],False,2800.0,577.0,38.564203294617776,38.564203294617776,61.435796705382224,1,1,,-100.0,-61.435796705382224,,2.0,-2223.0,2800.0,577.0,1,1,1,0,0,0,0,0,0,0
618840,2026-04-01,Bihar,664.02,891.64,351.77,97.67,National Highways Authority of India [NHAI],False,3469.0,305.0,39.45202099502041,39.45202099502041,58.21797900497959,1,1,,-102.33,-58.21797900497959,,2.0,-3164.0,3469.0,305.0,1,1,1,0,0,0,0,0,0,1
618841,2026-04-01,Bihar,491.04,348.38,342.96,93.88,National Highways Authority of India [NHAI],False,1400.0,243.0,98.4442275675986,98.4442275675986,-4.564227567598607,1,1,,-106.12,4.564227567598607,,2.0,-1157.0,1400.0,243.0,1,1,1,0,0,0,0,0,0,1
618843,2026-04-01,Uttar Pradesh,197.6,165.28,36.16,12.39,National Highways Authority of India [NHAI],False,212.0,212.0,21.878025169409483,21.878025169409483,-9.488025169409482,1,1,,-87.61,9.488025169409482,,1.0,0.0,212.0,212.0,1,1,1,0,0,0,0,0,0,0
618844,2026-04-01,"Multi-States(Puducherry, TamilNadu)",1358.31,1162.44,524.82,98.32,National Highways Authority of India [NHAI],False,1612.0,1341.0,45.14813667802209,45.14813667802209,53.1718633219779,1,1,,-21.888799403430284,-53.1718633219779,,1.2020879940343028,-271.0,1612.0,1341.0,1,1,0,0,0,0,0,0,0,0
618845,2026-04-01,"Multi-States(Puducherry, TamilNadu)",1588.4,1415.9,405.48,98.75,National Highways Authority of India [NHAI],False,1612.0,1341.0,28.637615650822795,28.637615650822795,70.1123843491772,1,1,,-21.45879940343028,-70.1123843491772,,1.2020879940343028,-271.0,1612.0,1341.0,1,1,0,0,0,0,0,0,0,1
618846,2026-04-01,Tamil Nadu,2565.63,2319.35,1084.43,99.8,National Highways Authority of India [NHAI],False,1551.0,1402.0,46.75577209131869,46.75577209131869,53.04422790868131,1,1,,-10.82767475035665,-53.04422790868131,,1.1062767475035664,-149.0,1551.0,1402.0,1,0,0,0,0,0,0,0,0,0
618847,2026-04-01,"Multi-States(Puducherry, TamilNadu)",2899.77,2899.77,1201.6,82.3,National Highways Authority of India [NHAI],False,2008.0,945.0,41.43776920238501,41.43776920238501,40.862230797614984,0,1,,-117.7,-40.86223079761498,,2.0,-1063.0,2008.0,945.0,1,1,1,0,0,0,0,0,0,1
618848,2026-04-01,Uttar Pradesh,649.44,649.44,0.09,6.6,National Highways Authority of India [NHAI],False,212.0,212.0,0.013858093126385806,0.013858093126385806,6.586141906873614,0,1,,-93.4,-6.586141906873614,,1.0,0.0,212.0,212.0,1,1,1,0,0,0,0,0,0,0
618849,2026-04-01,Chhattisgarh,444.21,412.88,394.65,100.0,National Highways Authority of India [NHAI],False,1308.0,123.0,95.5846735128851,95.5846735128851,4.415326487114896,1,1,,-100.0,-4.415326487114896,,2.0,-1185.0,1308.0,123.0,1,1,1,0,0,0,0,0,0,0
618850,2026-04-01,Himachal Pradesh,1464.12,1651.67,848.66,100.0,National Highways Authority of India [NHAI],False,3012.0,671.0,51.38193464796236,51.38193464796236,48.61806535203764,1,1,,-100.0,-48.61806535203764,,2.0,-2341.0,3012.0,671.0,1,1,1,0,0,0,0,0,0,1
618851,2026-04-01,Himachal Pradesh,3419.95,4465.94,1923.0,95.62,National Highways Authority of India [NHAI],False,2953.0,273.0,43.059243966555755,43.059243966555755,52.56075603344425,1,1,,-104.38,-52.56075603344425,,2.0,-2680.0,2953.0,273.0,1,1,1,0,0,0,0,0,0,1
618852,2026-04-01,Himachal Pradesh,191.11,192.11,182.17,100.0,National Highways Authority of India [NHAI],False,1400.0,120.0,94.82588100567382,94.82588100567382,5.174118994326179,1,1,,-100.0,-5.174118994326179,,2.0,-1280.0,1400.0,120.0,1,1,1,0,0,0,0,0,0,1
618853,2026-04-01,Rajasthan,353.3,241.34,174.42,80.94,National Highways Authority of India [NHAI],False,639.0,182.0,72.27148421314328,72.27148421314328,8.668515786856716,1,1,,-119.06,-8.668515786856716,,2.0,-457.0,639.0,182.0,1,1,1,0,0,0,0,0,0,0
618854,2026-04-01,Uttar Pradesh,706.41,752.52,515.53,97.2,National Highways Authority of India [NHAI],False,1551.0,334.0,68.5071493116462,68.5071493116462,28.6928506883538,1,1,,-102.8,-28.6928506883538,,2.0,-1217.0,1551.0,334.0,1,1,1,0,0,0,0,0,0,0
618855,2026-04-01,Uttar Pradesh,838.68,838.68,560.48,99.2,National Highways Authority of India [NHAI],False,1155.0,337.0,66.82882625077504,66.82882625077504,32.371173749224965,0,1,,-100.8,-32.371173749224965,,2.0,-818.0,1155.0,337.0,1,1,1,0,0,0,0,0,0,0
618856,2026-04-01,Uttar Pradesh,1101.79,1212.26,346.55,63.51,National Highways Authority of India [NHAI],False,882.0,426.0,28.587101776846552,28.587101776846552,34.922898223153446,1,1,,-136.49,-34.922898223153446,,2.0,-456.0,882.0,426.0,1,1,1,0,0,0,0,0,0,1
618858,2026-04-01,Uttar Pradesh,955.34,955.34,269.0,64.2,National Highways Authority of India [NHAI],False,821.0,487.0,28.15751460213118,28.15751460213118,36.04248539786882,0,1,,-104.38316221765916,-36.04248539786882,,1.6858316221765914,-334.0,821.0,487.0,1,1,1,0,0,0,0,0,0,1
618859,2026-04-01,Uttar Pradesh,575.66,553.61,371.82,99.33,National Highways Authority of India [NHAI],False,1278.0,395.0,67.16280414009861,67.16280414009861,32.16719585990138,1,1,,-100.67,-32.16719585990138,,2.0,-883.0,1278.0,395.0,1,1,1,0,0,0,0,0,0,1
618861,2026-04-01,Bihar,897.45,1397.47,897.09,97.85,National Highways Authority of India [NHAI],False,1826.0,212.0,64.19386462678985,64.19386462678985,33.65613537321015,1,1,,-102.15,-33.65613537321015,,2.0,-1614.0,1826.0,212.0,1,1,1,0,0,0,0,0,0,1
618862,2026-04-01,Bihar,2156.22,3046.61,1668.28,99.14,National Highways Authority of India [NHAI],False,1582.0,456.0,54.75856771953088,54.75856771953088,44.38143228046912,1,1,,-100.86,-44.38143228046912,,2.0,-1126.0,1582.0,456.0,1,1,1,0,0,0,0,0,0,1
618863,2026-04-01,Jharkhand,662.44,826.59,478.57,98.5,National Highways Authority of India [NHAI],False,2343.0,1003.0,57.89690172878936,57.89690172878936,40.60309827121064,1,1,,-101.5,-40.60309827121064,,2.0,-1340.0,2343.0,1003.0,1,1,1,0,0,0,0,0,0,1
618864,2026-04-01,Uttar Pradesh,1722.11,1820.77,1049.87,99.9,National Highways Authority of India [NHAI],False,1127.0,424.0,57.66076989405581,57.66076989405581,42.239230105944195,1,1,,-100.1,-42.2392301059442,,2.0,-703.0,1127.0,424.0,1,1,1,0,0,0,0,0,0,1
618865,2026-04-01,Uttar Pradesh,1384.79,1496.44,823.04,99.99,National Highways Authority of India [NHAI],False,1186.0,396.0,54.99986634946941,54.99986634946941,44.99013365053059,1,0,,-100.01,-44.99013365053059,,2.0,-790.0,1186.0,396.0,1,1,1,0,0,0,0,0,0,0
618866,2026-04-01,Uttar Pradesh,2077.0,1112.44,223.68,16.01,National Highways Authority of India [NHAI],False,151.0,335.0,20.107151846391716,20.107151846391716,-4.097151846391714,1,1,,-29.06462686567164,4.097151846391714,,0.4507462686567164,184.0,151.0,335.0,1,1,0,0,0,0,0,0,0,1
618867,2026-04-01,Uttar Pradesh,2009.11,1936.61,191.05,28.21,National Highways Authority of India [NHAI],True,335.0,792.0,9.865176777978014,9.865176777978014,18.344823222021986,1,1,,-14.087979797979791,-18.344823222021983,,0.4229797979797979,457.0,335.0,792.0,1,0,0,0,0,0,0,0,0,1
618868,2026-04-01,Uttar Pradesh,2289.52,2223.71,486.52,62.48,National Highways Authority of India [NHAI],False,669.0,458.0,21.878752175418555,21.878752175418555,40.60124782458144,1,1,,-83.5898689956332,-40.60124782458144,,1.460698689956332,-211.0,669.0,458.0,1,1,1,0,0,0,0,0,0,1
618869,2026-04-01,Uttar Pradesh,1122.02,1869.59,129.68,10.21,National Highways Authority of India [NHAI],False,121.0,365.0,6.936280146984099,6.936280146984099,3.273719853015902,1,1,,-22.94068493150685,-3.273719853015902,,0.3315068493150685,244.0,121.0,365.0,1,1,0,0,0,0,0,0,0,0
618870,2026-04-01,Karnataka,883.62,1726.65,61.05,20.1,National Highways Authority of India [NHAI],False,365.0,790.0,3.5357484145599862,3.5357484145599862,16.564251585440015,1,1,,-26.10253164556962,-16.564251585440015,,0.4620253164556962,425.0,365.0,790.0,1,1,0,0,0,0,0,0,0,1
618871,2026-04-01,Karnataka,909.86,896.42,32.64,7.18,National Highways Authority of India [NHAI],False,121.0,1034.0,3.6411503536288796,3.6411503536288796,3.53884964637112,1,1,,-4.522127659574469,-3.53884964637112,,0.1170212765957446,913.0,121.0,1034.0,0,0,0,0,0,0,0,0,0,1
618872,2026-04-01,Karnataka,1062.76,952.03,93.08,14.85,National Highways Authority of India [NHAI],False,365.0,790.0,9.777002825541212,9.777002825541212,5.072997174458788,1,1,,-31.35253164556962,-5.072997174458788,,0.4620253164556962,425.0,365.0,790.0,1,1,1,0,0,0,0,0,0,1
618873,2026-04-01,Karnataka,1272.71,1203.2,97.43,13.05,National Highways Authority of India [NHAI],False,365.0,821.0,8.097573138297873,8.097573138297873,4.952426861702127,1,1,,-31.407978075517665,-4.952426861702127,,0.4445797807551766,456.0,365.0,821.0,1,1,1,0,0,0,0,0,0,1
618874,2026-04-01,Tamil Nadu,1003.11,435.81,9.43,100.0,National Highways Authority of India [NHAI],False,6665.0,396.0,2.1637869713866134,2.1637869713866134,97.83621302861339,1,1,,-100.0,-97.8362130286134,,2.0,-6269.0,6665.0,396.0,1,1,1,0,0,0,0,0,0,1
618875,2026-04-01,Uttarakhand,183.92,142.11,102.18,70.42,National Highways Authority of India [NHAI],False,1339.0,273.0,71.90204770952079,71.90204770952079,-1.482047709520785,1,1,,-129.57999999999998,1.482047709520785,,2.0,-1066.0,1339.0,273.0,1,1,1,0,0,0,0,0,0,1
618878,2026-04-01,Himachal Pradesh,696.65,776.59,318.08,96.6,National Highways Authority of India [NHAI],False,943.0,549.0,40.958549556393976,40.958549556393976,55.64145044360602,1,1,,-75.16684881602916,-55.64145044360602,,1.7176684881602915,-394.0,943.0,549.0,1,1,1,0,0,0,0,0,0,0
618879,2026-04-01,Himachal Pradesh,930.86,930.86,339.37,92.01,National Highways Authority of India [NHAI],False,516.0,884.0,36.45768429194508,36.45768429194508,55.55231570805493,0,1,,33.6389592760181,-55.55231570805493,,0.583710407239819,368.0,516.0,884.0,0,0,0,0,0,0,0,0,0,0
618880,2026-04-01,Himachal Pradesh,815.68,666.79,200.36,51.56,National Highways Authority of India [NHAI],False,761.0,609.0,30.048441038407898,30.048441038407898,21.511558961592105,1,1,,-73.39894909688012,-21.511558961592105,,1.2495894909688012,-152.0,761.0,609.0,1,1,1,0,0,0,0,0,0,0
618881,2026-04-01,Himachal Pradesh,1113.02,1112.39,335.79,27.8,National Highways Authority of India [NHAI],False,396.0,759.0,30.18635550481396,30.18635550481396,-2.3863555048139595,1,1,,-24.373913043478257,2.3863555048139595,,0.5217391304347826,363.0,396.0,759.0,1,1,0,0,0,0,0,0,0,1
618882,2026-04-01,"Multi-States(Bihar, UttarPradesh)",531.61,444.92,18.86,15.51,National Highways Authority of India [NHAI],False,243.0,518.0,4.238964308190236,4.238964308190236,11.271035691809765,1,1,,-31.401196911196912,-11.271035691809765,,0.4691119691119691,275.0,243.0,518.0,1,1,1,0,0,0,0,0,0,1
618883,2026-04-01,Uttar Pradesh,1706.47,1579.59,844.84,99.11,National Highways Authority of India [NHAI],False,1005.0,273.0,53.48476503396451,53.48476503396451,45.62523496603549,1,1,,-100.89,-45.62523496603549,,2.0,-732.0,1005.0,273.0,1,1,1,0,0,0,0,0,0,0
618884,2026-04-01,Uttar Pradesh,1493.65,1311.44,705.07,95.5,National Highways Authority of India [NHAI],False,913.0,365.0,53.76303910205576,53.76303910205576,41.73696089794424,1,1,,-104.5,-41.73696089794424,,2.0,-548.0,913.0,365.0,1,1,1,0,0,0,0,0,0,0
618885,2026-04-01,Uttar Pradesh,617.88,549.02,235.64,83.88,National Highways Authority of India [NHAI],False,1035.0,243.0,42.920112199919856,42.920112199919856,40.95988780008014,1,1,,-116.12,-40.95988780008014,,2.0,-792.0,1035.0,243.0,1,1,1,0,0,0,0,0,0,0
618886,2026-04-01,"Multi-States (UttarPradesh,Uttarakhand)",238.66,0.1,11.65,11.12,National Highways Authority of India [NHAI],False,182.0,183.0,11650.0,100.0,-88.88,1,1,,-88.3335519125683,11638.88,,0.994535519125683,1.0,182.0,183.0,1,1,1,0,0,0,1,1,1,0
618887,2026-04-01,Karnataka,2082.98,2545.11,865.7,82.88,National Highways Authority of India [NHAI],False,1643.0,1004.0,34.014246928423525,34.014246928423525,48.86575307157647,1,1,,-80.76541832669324,-48.86575307157647,,1.6364541832669324,-639.0,1643.0,1004.0,1,1,1,0,0,0,0,0,0,0
618888,2026-04-01,Himachal Pradesh,1146.19,1358.62,293.43,91.35,National Highways Authority of India [NHAI],False,1096.0,396.0,21.597650557183027,21.597650557183027,69.75234944281696,1,1,,-108.65,-69.75234944281696,,2.0,-700.0,1096.0,396.0,1,1,1,0,0,0,0,0,0,1
618889,2026-04-01,Himachal Pradesh,1322.95,1829.49,824.55,97.45,National Highways Authority of India [NHAI],False,1217.0,640.0,45.06993752357214,45.06993752357214,52.38006247642786,1,1,,-92.70625,-52.38006247642786,,1.9015625,-577.0,1217.0,640.0,1,1,1,0,0,0,0,0,0,1
618890,2026-04-01,Himachal Pradesh,739.39,754.82,233.43,92.57,National Highways Authority of India [NHAI],False,913.0,426.0,30.92525370286956,30.92525370286956,61.64474629713043,1,1,,-107.43,-61.64474629713043,,2.0,-487.0,913.0,426.0,1,1,1,0,0,0,0,0,0,1
618891,2026-04-01,Himachal Pradesh,1244.43,786.91,80.72,20.95,National Highways Authority of India [NHAI],False,335.0,486.0,10.257843971991715,10.257843971991715,10.692156028008284,1,1,,-47.98004115226337,-10.692156028008284,,0.6893004115226338,151.0,335.0,486.0,1,1,1,0,0,0,0,0,0,0
618893,2026-04-01,Uttar Pradesh,2966.63,3475.65,865.21,97.35,National Highways Authority of India [NHAI],False,3287.0,731.0,24.893473163293198,24.893473163293198,72.4565268367068,1,1,,-102.65,-72.4565268367068,,2.0,-2556.0,3287.0,731.0,1,1,1,0,0,0,0,0,0,1
618894,2026-04-01,Tamil Nadu,1772.13,1772.13,499.6,91.84,National Highways Authority of India [NHAI],False,1947.0,700.0,28.192062659060003,28.192062659060003,63.647937340940004,0,1,,-108.16,-63.64793734094,,2.0,-1247.0,1947.0,700.0,1,1,1,0,0,0,0,0,0,1
618895,2026-04-01,Tamil Nadu,1319.42,1319.42,417.69,91.93,National Highways Authority of India [NHAI],False,1916.0,731.0,31.65709175243667,31.65709175243667,60.272908247563336,0,1,,-108.07,-60.272908247563336,,2.0,-1185.0,1916.0,731.0,1,1,1,0,0,0,0,0,0,1
618896,2026-04-01,Karnataka,1386.41,2038.71,973.31,70.22,National Highways Authority of India [NHAI],False,1278.0,579.0,47.74146396495823,47.74146396495823,22.47853603504177,1,1,,-129.78,-22.47853603504177,,2.0,-699.0,1278.0,579.0,1,1,1,0,0,0,0,0,0,0
618897,2026-04-01,Tamil Nadu,2356.19,2356.9,1011.39,100.0,National Highways Authority of India [NHAI],False,2800.0,518.0,42.91187576901863,42.91187576901863,57.08812423098137,1,1,,-100.0,-57.08812423098137,,2.0,-2282.0,2800.0,518.0,1,1,1,0,0,0,0,0,0,0
618898,2026-04-01,Tamil Nadu,1163.17,834.46,166.37,26.7,National Highways Authority of India [NHAI],False,304.0,151.0,19.937444574934688,19.937444574934688,6.762555425065312,1,1,,-173.3,-6.762555425065312,,2.0,-153.0,304.0,151.0,1,1,1,0,0,1,0,0,0,0
618899,2026-04-01,Tamil Nadu,1499.12,1499.12,682.68,100.0,National Highways Authority of India [NHAI],False,2557.0,424.0,45.538716046747425,45.538716046747425,54.461283953252575,0,1,,-100.0,-54.461283953252575,,2.0,-2133.0,2557.0,424.0,1,1,1,0,0,0,0,0,0,1
618901,2026-04-01,Gujarat,1181.34,1098.23,876.25,84.7,National Highways Authority of India [NHAI],False,1127.0,455.0,79.78747621172249,79.78747621172249,4.912523788277511,1,1,,-115.3,-4.912523788277511,,2.0,-672.0,1127.0,455.0,1,1,1,0,0,0,0,0,0,1
618902,2026-04-01,Bihar,662.44,1311.22,933.08,85.25,National Highways Authority of India [NHAI],False,2313.0,1033.0,71.1612086453837,71.1612086453837,14.088791354616305,1,1,,-114.75,-14.088791354616305,,2.0,-1280.0,2313.0,1033.0,1,1,1,0,0,0,0,0,0,0
618903,2026-04-01,Bihar,1028.28,1244.09,831.69,91.03,National Highways Authority of India [NHAI],False,2678.0,640.0,66.85127281788296,66.85127281788296,24.178727182117044,1,1,,-108.97,-24.178727182117044,,2.0,-2038.0,2678.0,640.0,1,1,1,0,0,0,0,0,0,0
618904,2026-04-01,Bihar,2127.86,2171.6,98.07,89.81,National Highways Authority of India [NHAI],False,5569.0,184.0,4.516025050653895,4.516025050653895,85.29397494934611,1,1,,-110.19,-85.29397494934611,,2.0,-5385.0,5569.0,184.0,1,1,1,0,0,0,0,0,0,0
618905,2026-04-01,Bihar,470.5,528.48,243.02,68.87,National Highways Authority of India [NHAI],False,608.0,182.0,45.98471086890705,45.98471086890705,22.885289131092954,1,1,,-131.13,-22.885289131092957,,2.0,-426.0,608.0,182.0,1,1,1,0,0,0,0,0,0,1
618906,2026-04-01,Punjab,857.91,1443.47,517.34,67.1,National Highways Authority of India [NHAI],False,1400.0,547.0,35.84002438568173,35.84002438568173,31.259975614318265,1,1,,-132.9,-31.259975614318265,,2.0,-853.0,1400.0,547.0,1,1,1,0,0,0,0,0,0,1
618907,2026-04-01,"Multi-States(HimachalPradesh, Punjab)",571.34,481.88,63.4,24.87,National Highways Authority of India [NHAI],False,335.0,792.0,13.156802523449821,13.156802523449821,11.71319747655018,1,1,,-17.42797979797979,-11.71319747655018,,0.4229797979797979,457.0,335.0,792.0,1,0,0,0,0,0,0,0,0,0
618908,2026-04-01,Odisha,153.61,103.68,73.59,38.0,National Highways Authority of India [NHAI],False,1339.0,122.0,70.97800925925925,70.97800925925925,-32.97800925925925,1,1,,-162.0,32.97800925925925,,2.0,-1217.0,1339.0,122.0,1,1,1,0,0,1,1,1,1,1
618909,2026-04-01,"Multi-States(Jharkhand, WestBengal)",1652.4,1771.88,749.26,97.4,National Highways Authority of India [NHAI],False,2313.0,640.0,42.28615933358918,42.28615933358918,55.11384066641082,1,1,,-102.6,-55.11384066641082,,2.0,-1673.0,2313.0,640.0,1,1,1,0,0,0,0,0,0,0
618910,2026-04-01,West Bengal,557.55,562.57,468.78,94.12,National Highways Authority of India [NHAI],False,1520.0,396.0,83.32829692304956,83.32829692304956,10.79170307695044,1,1,,-105.88,-10.79170307695044,,2.0,-1124.0,1520.0,396.0,1,1,1,0,0,0,0,0,0,1
618911,2026-04-01,Uttar Pradesh,646.27,637.83,166.33,63.79,National Highways Authority of India [NHAI],False,1066.0,516.0,26.077481460577268,26.077481460577268,37.71251853942273,1,1,,-136.21,-37.71251853942273,,2.0,-550.0,1066.0,516.0,1,1,1,0,0,0,0,0,0,1
618912,2026-04-01,"Multi-States (UttarPradesh,Uttarakhand)",1051.73,1117.17,665.1,99.1,National Highways Authority of India [NHAI],False,821.0,306.0,59.534359139611695,59.534359139611695,39.5656408603883,1,1,,-100.9,-39.5656408603883,,2.0,-515.0,821.0,306.0,1,1,1,0,0,0,0,0,0,0
618913,2026-04-01,Odisha,609.63,630.97,114.77,96.52,National Highways Authority of India [NHAI],False,2678.0,426.0,18.189454332218645,18.189454332218645,78.33054566778135,1,1,,-103.48,-78.33054566778135,,2.0,-2252.0,2678.0,426.0,1,1,1,0,0,0,0,0,0,0
618914,2026-04-01,Bihar,4432.97,2625.4,1371.21,54.99,National Highways Authority of India [NHAI],False,761.0,517.0,52.22861278281405,52.22861278281405,2.7613872171859555,1,1,,-92.20535783365573,-2.7613872171859555,,1.4719535783365572,-244.0,761.0,517.0,1,1,1,0,0,0,0,0,0,0
618915,2026-04-01,Bihar,1637.29,777.2,728.91,89.01,National Highways Authority of India [NHAI],False,1977.0,427.0,93.78667009778692,93.78667009778692,-4.776670097786919,1,1,,-110.99,4.776670097786919,,2.0,-1550.0,1977.0,427.0,1,1,1,0,0,0,0,0,0,0
618916,2026-04-01,Bihar,1077.46,799.7,774.78,92.0,National Highways Authority of India [NHAI],False,1977.0,427.0,96.8838314367888,96.8838314367888,-4.883831436788796,1,1,,-108.0,4.883831436788796,,2.0,-1550.0,1977.0,427.0,1,1,1,0,0,0,0,0,0,0
618917,2026-04-01,Bihar,488.24,419.66,82.7,80.83,National Highways Authority of India [NHAI],False,761.0,244.0,19.70642901396368,19.70642901396368,61.12357098603631,1,1,,-119.17,-61.12357098603631,,2.0,-517.0,761.0,244.0,1,1,1,0,0,0,0,0,0,1
618919,2026-04-01,Andhra Pradesh,887.28,913.03,374.39,99.94,National Highways Authority of India [NHAI],False,882.0,245.0,41.00522436283583,41.00522436283583,58.934775637164165,1,0,,-100.06,-58.934775637164165,,2.0,-637.0,882.0,245.0,1,1,1,0,0,0,0,0,0,0
618920,2026-04-01,Andhra Pradesh,1346.82,1260.37,171.16,34.98,National Highways Authority of India [NHAI],False,486.0,275.0,13.580139165483152,13.580139165483152,21.399860834516844,1,1,,-141.74727272727273,-21.399860834516844,,1.767272727272727,-211.0,486.0,275.0,1,1,1,0,0,1,0,0,0,1
618921,2026-04-01,Himachal Pradesh,1703.48,2648.8,980.87,54.0,National Highways Authority of India [NHAI],False,1096.0,396.0,37.03073089700997,37.03073089700997,16.969269102990033,1,1,,-146.0,-16.969269102990033,,2.0,-700.0,1096.0,396.0,1,1,1,0,0,0,0,0,0,0
618922,2026-04-01,Himachal Pradesh,1956.26,2880.72,1236.15,63.17,National Highways Authority of India [NHAI],False,761.0,700.0,42.911147213196706,42.911147213196706,20.258852786803295,1,1,,-45.54428571428572,-20.258852786803292,,1.0871428571428572,-61.0,761.0,700.0,1,1,1,0,0,0,0,0,0,1
618923,2026-04-01,Uttar Pradesh,2158.2,2553.12,694.43,65.21,National Highways Authority of India [NHAI],False,700.0,427.0,27.199269912890895,27.199269912890895,38.010730087109096,1,1,,-98.7244262295082,-38.010730087109096,,1.639344262295082,-273.0,700.0,427.0,1,1,1,0,0,0,0,0,0,1
618924,2026-04-01,Uttar Pradesh,188.87,99.2,33.37,50.44,National Highways Authority of India [NHAI],False,761.0,882.0,33.6391129032258,33.6391129032258,16.800887096774197,1,1,,-35.84117913832199,-16.800887096774197,,0.86281179138322,121.0,761.0,882.0,1,1,1,0,0,0,0,0,0,1
618925,2026-04-01,Uttar Pradesh,300.58,334.48,264.54,96.53,National Highways Authority of India [NHAI],False,1612.0,273.0,79.0899306386032,79.0899306386032,17.440069361396795,1,1,,-103.47,-17.440069361396795,,2.0,-1339.0,1612.0,273.0,1,1,1,0,0,0,0,0,0,1
618926,2026-04-01,Bihar,1431.36,1927.04,190.58,10.07,National Highways Authority of India [NHAI],False,516.0,823.0,9.889779143141814,9.889779143141814,0.18022085685818645,1,1,,-52.62744835965978,-0.1802208568581864,,0.6269744835965978,307.0,516.0,823.0,1,1,1,0,0,0,0,0,0,0
618927,2026-04-01,Uttar Pradesh,2006.82,1890.05,878.74,47.51,National Highways Authority of India [NHAI],False,761.0,517.0,46.492949921959735,46.492949921959735,1.0170500780402634,1,1,,-99.68535783365571,-1.0170500780402634,,1.4719535783365572,-244.0,761.0,517.0,1,1,1,0,0,1,0,0,0,1
618928,2026-04-01,"Multi-States (UttarPradesh,Uttarakhand)",936.12,717.5,332.92,44.14,National Highways Authority of India [NHAI],False,761.0,394.0,46.400000000000006,46.400000000000006,-2.260000000000005,1,1,,-149.00720812182743,2.260000000000005,,1.9314720812182744,-367.0,761.0,394.0,1,1,1,0,0,1,0,0,0,1
618929,2026-04-01,Uttar Pradesh,1841.92,1843.54,982.74,76.9,National Highways Authority of India [NHAI],False,943.0,304.0,53.30722414485175,53.30722414485175,23.592775855148254,1,1,,-123.1,-23.59277585514825,,2.0,-639.0,943.0,304.0,1,1,1,0,0,0,0,0,0,1
618930,2026-04-01,Gujarat,1188.46,898.0,79.04,13.98,National Highways Authority of India [NHAI],False,151.0,976.0,8.801781737193764,8.801781737193764,5.1782182628062365,1,1,,-1.4913114754098356,-5.1782182628062365,,0.1547131147540983,825.0,151.0,976.0,0,0,0,0,0,0,0,0,0,0
618931,2026-04-01,Gujarat,764.02,566.96,25.82,2.6,National Highways Authority of India [NHAI],False,151.0,976.0,4.554113164949908,4.554113164949908,-1.954113164949908,1,1,,-12.871311475409836,1.954113164949908,,0.1547131147540983,825.0,151.0,976.0,1,0,0,0,0,0,0,0,0,0
618932,2026-04-01,Madhya Pradesh,1534.7,1472.68,307.46,10.07,National Highways Authority of India [NHAI],False,90.0,700.0,20.877583724909687,20.877583724909687,-10.807583724909687,1,1,,-2.787142857142856,10.807583724909689,,0.1285714285714285,610.0,90.0,700.0,0,0,0,0,0,0,1,0,0,0
618933,2026-04-01,Madhya Pradesh,1430.56,1430.56,8.62,0.0,National Highways Authority of India [NHAI],False,31.0,730.0,0.6025612347612124,0.6025612347612124,-0.6025612347612124,0,0,,-4.2465753424657535,0.6025612347612124,,0.0424657534246575,699.0,31.0,730.0,0,0,0,0,0,0,0,0,0,0
618934,2026-04-01,Assam,5729.47,5729.47,3.15,0.0,National Highways Authority of India [NHAI],False,90.0,518.0,0.05497890729858084,0.05497890729858084,-0.05497890729858084,0,1,,-17.374517374517374,0.0549789072985808,,0.1737451737451737,428.0,90.0,518.0,1,0,0,0,0,0,0,0,0,0
618935,2026-04-01,"Multi-States(Haryana, Punjab)",1183.7,1190.34,452.48,100.0,National Highways Authority of India [NHAI],False,1035.0,243.0,38.01266864929349,38.01266864929349,61.98733135070651,1,1,,-100.0,-61.98733135070651,,2.0,-792.0,1035.0,243.0,1,1,1,0,0,0,0,0,0,0
618936,2026-04-01,Haryana,1269.5,919.43,679.31,63.0,National Highways Authority of India [NHAI],False,1155.0,337.0,73.88381932284133,73.88381932284133,-10.883819322841333,1,1,,-137.0,10.883819322841331,,2.0,-818.0,1155.0,337.0,1,1,1,0,0,0,1,0,0,0
618937,2026-04-01,Maharashtra,1166.96,1432.82,971.38,81.54,National Highways Authority of India [NHAI],False,1643.0,242.0,67.7949777362125,67.7949777362125,13.745022263787504,1,1,,-118.46,-13.745022263787504,,2.0,-1401.0,1643.0,242.0,1,1,1,0,0,0,0,0,0,0
618938,2026-04-01,"Multi-States(Maharashtra,Telangana)",1013.33,1274.63,630.06,100.0,National Highways Authority of India [NHAI],False,1278.0,214.0,49.430815216964916,49.430815216964916,50.569184783035084,1,1,,-100.0,-50.56918478303509,,2.0,-1064.0,1278.0,214.0,1,1,1,0,0,0,0,0,0,0
618939,2026-04-01,Maharashtra,191.31,107.76,25.19,29.96,National Highways Authority of India [NHAI],False,274.0,150.0,23.37602078693393,23.37602078693393,6.583979213066073,1,1,,-152.70666666666665,-6.583979213066073,,1.8266666666666669,-124.0,274.0,150.0,1,1,1,0,0,1,0,0,0,0
618941,2026-04-01,"Multi-States(Maharashtra,Telangana)",968.05,1187.19,599.67,68.15,National Highways Authority of India [NHAI],False,761.0,731.0,50.511712531271314,50.511712531271314,17.63828746872869,1,1,,-35.95396716826264,-17.63828746872869,,1.0410396716826265,-30.0,761.0,731.0,1,1,1,0,0,0,0,0,0,0
618942,2026-04-01,"Multi-States (Goa,Karnataka)",226.76,149.44,109.78,82.45,National Highways Authority of India [NHAI],False,1247.0,304.0,73.46092077087795,73.46092077087795,8.989079229122055,1,1,,-117.55,-8.989079229122055,,2.0,-943.0,1247.0,304.0,1,1,1,0,0,0,0,0,0,0
618943,2026-04-01,Tamil Nadu,861.23,1019.85,137.29,100.0,National Highways Authority of India [NHAI],False,6665.0,396.0,13.461783595626805,13.461783595626805,86.5382164043732,1,1,,-100.0,-86.5382164043732,,2.0,-6269.0,6665.0,396.0,1,1,1,0,0,0,0,0,0,1
618944,2026-04-01,Telangana,958.86,1218.49,193.26,15.78,National Highways Authority of India [NHAI],False,516.0,1127.0,15.860614366962386,15.860614366962386,-0.08061436696238644,1,1,,-30.005270629991124,0.0806143669623864,,0.4578527062999112,611.0,516.0,1127.0,1,1,1,0,0,0,0,0,0,0
618945,2026-04-01,Telangana,1149.17,1606.99,787.84,99.98,National Highways Authority of India [NHAI],False,1551.0,365.0,49.02581845562201,49.02581845562201,50.954181544377995,1,1,,-100.02,-50.954181544378,,2.0,-1186.0,1551.0,365.0,1,1,1,0,0,0,0,0,0,1
618946,2026-04-01,Jharkhand,1479.72,1568.18,878.2,99.5,National Highways Authority of India [NHAI],False,1066.0,426.0,56.001224349245625,56.001224349245625,43.498775650754375,1,1,,-100.5,-43.498775650754375,,2.0,-640.0,1066.0,426.0,1,1,1,0,0,0,0,0,0,1
618947,2026-04-01,Jharkhand,1504.8,1508.21,804.61,91.83,National Highways Authority of India [NHAI],False,1582.0,1371.0,53.34867160408696,53.34867160408696,38.48132839591304,1,1,,-23.560226112326774,-38.48132839591304,,1.1539022611232677,-211.0,1582.0,1371.0,1,1,0,0,0,0,0,0,0,1
618948,2026-04-01,"Multi-States(Jharkhand, WestBengal)",782.18,782.18,22.95,4.3,National Highways Authority of India [NHAI],False,59.0,365.0,2.9341072387430005,2.9341072387430005,1.3658927612569993,0,1,,-11.864383561643834,-1.365892761256999,,0.1616438356164383,306.0,59.0,365.0,1,0,0,0,0,0,0,0,0,1
618949,2026-04-01,Jharkhand,1444.94,1553.76,648.92,86.44,National Highways Authority of India [NHAI],False,852.0,456.0,41.7644938729276,41.7644938729276,44.675506127072396,1,1,,-100.40210526315788,-44.6755061270724,,1.868421052631579,-396.0,852.0,456.0,1,1,1,0,0,0,0,0,0,1
618950,2026-04-01,Jharkhand,1565.47,1565.47,48.97,5.02,National Highways Authority of India [NHAI],False,90.0,426.0,3.1281340428114235,3.1281340428114235,1.891865957188576,0,1,,-16.10676056338028,-1.891865957188576,,0.2112676056338028,336.0,90.0,426.0,1,0,0,0,0,0,0,0,0,0
618951,2026-04-01,"Multi-States(Bihar, Jharkhand)",1125.78,1186.56,609.94,91.3,National Highways Authority of India [NHAI],False,1492.0,546.0,51.40405879180152,51.40405879180152,39.89594120819848,1,1,,-108.7,-39.89594120819848,,2.0,-946.0,1492.0,546.0,1,1,1,0,0,0,0,0,0,0
618952,2026-04-01,"Multi-States(Bihar, Jharkhand)",1954.77,1978.01,1820.63,85.17,National Highways Authority of India [NHAI],False,1977.0,1492.0,92.04351848575084,92.04351848575084,-6.873518485750836,1,1,,-47.33670241286863,6.873518485750836,,1.3250670241286864,-485.0,1977.0,1492.0,1,1,1,0,0,0,0,0,0,1
618953,2026-04-01,Bihar,1199.58,1223.94,1120.87,89.23,NHAI,False,2251.0,365.0,91.57883556383482,91.57883556383482,-2.348835563834811,1,1,,-110.77,2.348835563834811,,2.0,-1886.0,2251.0,365.0,1,1,1,0,0,0,0,0,0,0
618954,2026-04-01,Bihar,1473.2,1703.02,586.95,16.41,NHAI,False,455.0,884.0,34.465244095782786,34.465244095782786,-18.055244095782786,1,1,,-35.06058823529412,18.055244095782783,,0.5147058823529411,429.0,455.0,884.0,1,1,1,0,0,0,1,0,0,0
618955,2026-04-01,Bihar,638.29,1067.51,622.86,99.66,NHAI,False,2343.0,669.0,58.34699440754654,58.34699440754654,41.31300559245346,1,1,,-100.34,-41.31300559245346,,2.0,-1674.0,2343.0,669.0,1,1,1,0,0,0,0,0,0,1
618956,2026-04-01,Bihar,498.97,380.3,43.95,20.42,NHAI,False,547.0,243.0,11.556665790165658,11.556665790165658,8.863334209834344,1,1,,-179.57999999999998,-8.863334209834344,,2.0,-304.0,547.0,243.0,1,1,1,0,0,1,0,0,0,0
618957,2026-04-01,Chhattisgarh,1002.33,1304.47,780.84,98.75,National Highways Authority of India [NHAI],False,1551.0,334.0,59.8587932263678,59.8587932263678,38.8912067736322,1,1,,-101.25,-38.8912067736322,,2.0,-1217.0,1551.0,334.0,1,1,1,0,0,0,0,0,0,1
618958,2026-04-01,Assam,1200.14,1200.14,0.0,52.0,National Highways Authority of India [NHAI],False,2892.0,151.0,0.0,0.0,52.0,0,1,,-148.0,-52.0,,2.0,-2741.0,2892.0,151.0,1,1,1,0,0,0,0,0,0,0
618959,2026-04-01,Uttar Pradesh,1017.99,427.54,406.6,100.0,National Highways Authority of India [NHAI],False,852.0,122.0,95.10221265846471,95.10221265846471,4.897787341535292,1,0,,-100.0,-4.897787341535292,,2.0,-730.0,852.0,122.0,1,1,1,0,0,0,0,0,0,0
618960,2026-04-01,Uttar Pradesh,1377.51,1007.62,394.66,42.26,National Highways Authority of India [NHAI],False,852.0,122.0,39.16754331990235,39.16754331990235,3.092456680097648,1,1,,-157.74,-3.092456680097648,,2.0,-730.0,852.0,122.0,1,1,1,0,0,1,0,0,0,1
618961,2026-04-01,Uttar Pradesh,775.94,498.97,15.11,4.44,National Highways Authority of India [NHAI],False,121.0,303.0,3.028238170631501,3.028238170631501,1.4117618293684995,1,1,,-35.493993399339935,-1.4117618293684997,,0.3993399339933993,182.0,121.0,303.0,1,1,1,0,0,0,0,0,0,0
618962,2026-04-01,Madhya Pradesh,1102.97,770.21,65.45,18.4,National Highways Authority of India [NHAI],True,243.0,518.0,8.497682450240845,8.497682450240845,9.902317549759154,1,1,,-28.51119691119691,-9.902317549759154,,0.4691119691119691,275.0,243.0,518.0,1,1,0,0,0,0,0,0,0,0
618963,2026-04-01,Madhya Pradesh,784.14,836.64,317.58,42.83,National Highways Authority of India [NHAI],False,396.0,394.0,37.95897877223178,37.95897877223178,4.871021227768217,1,1,,-57.67761421319796,-4.871021227768217,,1.0050761421319796,-2.0,396.0,394.0,1,1,1,0,0,1,0,0,0,0
618964,2026-04-01,Madhya Pradesh,1425.98,1425.98,66.78,8.02,National Highways Authority of India [NHAI],False,90.0,306.0,4.683095134574118,4.683095134574118,3.3369048654258817,0,1,,-21.391764705882355,-3.3369048654258817,,0.2941176470588235,216.0,90.0,306.0,1,1,0,0,0,0,0,0,0,0
618966,2026-04-01,Madhya Pradesh,1123.17,1103.22,94.69,15.72,National Highways Authority of India [NHAI],False,243.0,547.0,8.583056869889958,8.583056869889958,7.136943130110042,1,1,,-28.704131627056675,-7.136943130110042,,0.4442413162705667,304.0,243.0,547.0,1,1,0,0,0,0,0,0,0,1
618967,2026-04-01,"Jammu andKashmir",295.06,295.06,175.81,63.8,National Highways Authority of India [NHAI],False,608.0,153.0,59.584491289907135,59.584491289907135,4.2155087100928625,0,1,,-136.2,-4.215508710092863,,2.0,-455.0,608.0,153.0,1,1,1,0,0,0,0,0,0,1
618968,2026-04-01,Uttar Pradesh,1428.19,1439.35,1220.87,97.5,National Highways Authority of India [NHAI],False,1308.0,549.0,84.82092611248132,84.82092611248132,12.679073887518683,1,1,,-102.5,-12.679073887518683,,2.0,-759.0,1308.0,549.0,1,1,1,0,0,0,0,0,0,1
618969,2026-04-01,"Multi-States (UttarPradesh,Uttarakhand)",2155.95,2612.3,1469.55,91.5,National Highways Authority of India [NHAI],False,1155.0,457.0,56.25502430808099,56.25502430808099,35.24497569191901,1,1,,-108.5,-35.24497569191901,,2.0,-698.0,1155.0,457.0,1,1,1,0,0,0,0,0,0,1
618970,2026-04-01,Uttar Pradesh,1335.45,1335.38,1016.38,92.89,National Highways Authority of India [NHAI],False,1308.0,549.0,76.11166858871631,76.11166858871631,16.778331411283688,1,1,,-107.11,-16.778331411283688,,2.0,-759.0,1308.0,549.0,1,1,1,0,0,0,0,0,0,1
618971,2026-04-01,Maharashtra,3626.24,3626.24,2.65,1.38,Maharashtra Metro Rail Corporation Limited [MMRCL],False,274.0,0.0,0.07307845040593011,0.07307845040593011,1.3069215495940698,0,0,,,-1.3069215495940698,,,-274.0,274.0,0.0,0,0,0,0,0,0,0,0,0,0
618972,2026-04-01,Gujarat,1456.77,1456.77,0.0,0.0,Western Railway [WR] - II,False,121.0,0.0,0.0,0.0,0.0,0,0,,,0.0,,,-121.0,121.0,0.0,0,0,0,0,0,0,0,0,0,0
618976,2026-04-01,Madhya Pradesh,20446.0,20446.0,1721.18,7.5,National Thermal Power Corporation [NTPC],False,335.0,181.0,8.418174704098602,8.418174704098602,-0.9181747040986021,0,0,,-177.5828729281768,0.918174704098602,,1.850828729281768,-154.0,335.0,181.0,1,1,1,0,0,1,0,0,0,1
618977,2026-04-01,Rajasthan,1507.0,1507.0,40.4,12.8,Airport Authority of India [AAI],False,182.0,61.0,2.680822826808228,2.680822826808228,10.119177173191773,0,1,,-187.2,-10.119177173191773,,2.0,-121.0,182.0,61.0,1,1,1,0,0,1,0,0,0,0
618978,2026-04-01,"Multi-States(Chhattisgarh,Maharashtra)",2222.53,2222.53,0.0,0.0,South Eastern Central Railway,False,182.0,0.0,0.0,0.0,0.0,0,0,,,0.0,,,-182.0,182.0,0.0,0,0,0,0,0,0,0,0,0,0
618982,2026-04-01,Odisha,522.45,522.45,324.74,72.65,NLC India Limited [NLCIL],False,1066.0,212.0,62.15714422432769,62.15714422432769,10.492855775672318,0,0,,-127.35,-10.492855775672318,,2.0,-854.0,1066.0,212.0,1,1,1,0,0,0,0,0,0,1
618985,2026-04-01,Maharashtra,9857.85,9857.85,3.94,0.48,Maharashtra Metro Rail Corporation Limited [MMRCL],False,121.0,0.0,0.039968147212627494,0.039968147212627494,0.4400318527873725,0,0,,,-0.4400318527873725,,,-121.0,121.0,0.0,0,0,0,0,0,0,0,0,0,0
618986,2026-04-01,Assam,3633.58,3633.58,0.0,0.0,Northeast Frontier Railway [NFR],False,212.0,0.0,0.0,0.0,0.0,0,0,,,0.0,,,-212.0,212.0,0.0,0,0,0,0,0,0,0,0,0,0
618991,2026-04-01,Gujarat,1221.41,1221.41,64.03,0.0,NLC India Limited [NLCIL],False,761.0,609.0,5.242301929736943,5.242301929736943,-5.242301929736943,0,0,,-124.95894909688012,5.242301929736943,,1.2495894909688012,-152.0,761.0,609.0,1,1,1,0,0,1,0,0,0,0
618992,2026-04-01,Gujarat,480.68,480.68,2.62,1.2,NLC India Limited [NLCIL],False,730.0,640.0,0.5450611633519181,0.5450611633519181,0.6549388366480818,0,0,,-112.8625,-0.6549388366480818,,1.140625,-90.0,730.0,640.0,1,1,1,0,0,1,0,0,0,0
618995,2026-04-01,Odisha,2864.51,2864.51,0.0,0.0,Indian Railway,False,243.0,365.0,0.0,0.0,0.0,0,0,,-66.57534246575342,0.0,,0.6657534246575343,122.0,243.0,365.0,1,1,1,0,0,0,0,0,0,0
619003,2026-04-01,Himachal Pradesh,881.74,1519.53,652.04,90.11,National Highways Authority of India [NHAI],False,2708.0,245.0,42.910636841654984,42.910636841654984,47.199363158345015,1,1,,-109.89,-47.199363158345015,,2.0,-2463.0,2708.0,245.0,1,1,1,0,0,0,0,0,0,1
619004,2026-04-01,West Bengal,560.79,560.79,0.0,3.5,MoRTH,False,121.0,1006.0,0.0,0.0,3.5,0,1,,-8.527833001988071,-3.5,,0.1202783300198807,885.0,121.0,1006.0,0,0,0,0,0,0,0,0,0,0
619005,2026-04-01,Jharkhand,235.42,199.2,0.0,12.0,MoRTH,True,90.0,1037.0,0.0,0.0,12.0,1,1,,3.321118611378978,-12.0,,0.0867888138862102,947.0,90.0,1037.0,0,0,0,0,0,0,0,0,0,0
619007,2026-04-01,Madhya Pradesh,461.23,461.23,0.0,0.0,MoRTH,False,90.0,1037.0,0.0,0.0,0.0,0,0,,-8.678881388621022,0.0,,0.0867888138862102,947.0,90.0,1037.0,0,0,0,0,0,0,0,0,0,0
619008,2026-04-01,Maharashtra,157.69,157.69,0.0,0.0,MoRTH,True,90.0,306.0,0.0,0.0,0.0,0,1,,-29.411764705882355,0.0,,0.2941176470588235,216.0,90.0,306.0,1,1,0,0,0,0,0,0,0,0
619009,2026-04-01,Telangana,690.33,690.33,0.0,0.0,MoRTH,False,-30.0,1277.0,0.0,0.0,0.0,0,0,,0.0,0.0,,0.0,1307.0,-30.0,1277.0,0,0,0,0,0,0,0,0,0,0
619010,2026-04-01,Mizoram,500.88,500.88,305.45,75.35,NHIDCL,False,882.0,700.0,60.98267049992015,60.98267049992015,14.367329500079848,0,1,,-50.650000000000006,-14.367329500079848,,1.26,-182.0,882.0,700.0,1,1,1,0,0,0,0,0,0,0
619013,2026-04-01,Assam,508.76,542.87,58.12,47.34,NHIDCL,False,547.0,3653.0,10.706062224842043,10.706062224842043,36.63393777515796,1,0,,32.36600602244731,-36.63393777515796,,0.1497399397755269,3106.0,547.0,3653.0,0,0,0,0,0,0,0,0,0,0
619014,2026-04-01,Arunachal Pradesh,316.73,316.73,0.0,0.0,NHIDCL,False,59.0,793.0,0.0,0.0,0.0,0,0,,-7.440100882723834,0.0,,0.0744010088272383,734.0,59.0,793.0,0,0,0,0,0,0,0,0,0,0
619022,2026-04-01,Haryana,5452.72,5452.72,92.12,0.0,Gurugram Metro Rail Limited [GMRL],False,608.0,397.0,1.689432063263839,1.689432063263839,-1.689432063263839,0,0,,-153.14861460957178,1.689432063263839,,1.531486146095718,-211.0,608.0,397.0,1,1,1,0,0,1,0,0,0,0
619024,2026-04-01,Madhya Pradesh,3125.32,3125.32,286.79,17.0,Adani Transmission Limited,False,396.0,0.0,9.176340342748903,9.176340342748903,7.823659657251097,0,0,,,-7.823659657251097,,,-396.0,396.0,0.0,0,0,0,0,0,0,0,0,0,0
619025,2026-04-01,"Multi-States(Madhya Pradesh,Rajasthan, UttarPradesh)",25000.0,25000.0,230.05,2.0,Adani Transmission Limited,False,455.0,0.0,0.9202,0.9202,1.0798,0,0,,,-1.0798,,,-455.0,455.0,0.0,0,0,0,0,0,0,0,0,0,0
619026,2026-04-01,Gujarat,19000.0,19000.0,20.0,1.0,Adani Transmission Limited,False,121.0,,0.10526315789473684,0.10526315789473684,0.8947368421052632,0,0,,,-0.8947368421052632,,,,121.0,,0,0,0,0,0,0,0,0,0,0
619027,2026-04-01,Maharashtra,2000.0,2000.0,36.0,5.0,Adani Transmission Limited,False,335.0,,1.7999999999999998,1.7999999999999998,3.2,0,0,,,-3.2,,,,335.0,,0,0,0,0,0,0,0,0,0,0
619028,2026-04-01,Kerala,173.14,173.14,2.08,1.5,Power Grid Corporation of India Limited [POWERGRID],False,243.0,0.0,1.2013399561048863,1.2013399561048863,0.2986600438951137,0,0,,,-0.2986600438951137,,,-243.0,243.0,0.0,0,0,0,0,0,0,0,0,0,0
619029,2026-04-01,Gujarat,319.42,319.42,51.1,18.0,Power Grid Corporation of India Limited [POWERGRID],False,577.0,0.0,15.997745914469977,15.997745914469977,2.002254085530023,0,1,,,-2.002254085530023,,,-577.0,577.0,0.0,0,0,0,0,0,0,0,0,0,0
619030,2026-04-01,"Multi-States(Andhra Pradesh,Odisha)",2722.5,2722.5,13.4,1.0,Power Grid Corporation of India Limited [POWERGRID],False,59.0,0.0,0.4921946740128558,0.4921946740128558,0.5078053259871442,0,0,,,-0.5078053259871442,,,-59.0,59.0,0.0,0,0,0,0,0,0,0,0,0,0
619031,2026-04-01,Delhi,12014.91,12014.9,17.4,5.34,Delhi Metro Rail Corporation Limited [DMRC],False,90.0,0.0,0.1448201816078369,0.1448201816078369,5.195179818392163,1,0,,,-5.195179818392163,,,-90.0,90.0,0.0,0,0,0,0,0,0,0,0,0,1
619032,2026-04-01,Madhya Pradesh,25560.48,25560.5,126.68,1.32,Northern Coalfields Limited [NCL],False,424.0,0.0,0.49560845836349054,0.49560845836349054,0.8243915416365095,1,0,,,-0.8243915416365095,,,-424.0,424.0,0.0,0,0,0,0,0,0,0,0,0,0
619033,2026-04-01,Odisha,198.97,198.97,42.55,42.0,NIT Rourkela,False,821.0,122.0,21.38513343720159,21.38513343720159,20.61486656279841,0,0,,-158.0,-20.61486656279841,,2.0,-699.0,821.0,122.0,1,1,1,0,0,1,0,0,0,0
619038,2026-04-01,"Jammu andKashmir",497.09,497.09,240.1,99.97,NHIDCL,False,1704.0,153.0,48.301112474602185,48.301112474602185,51.668887525397814,0,1,,-100.03,-51.66888752539781,,2.0,-1551.0,1704.0,153.0,1,1,1,0,0,0,0,0,0,1
619042,2026-04-01,Maharashtra,163.51,163.51,0.0,80.57,MoRTH,True,1492.0,393.0,0.0,0.0,80.57,0,1,,-119.43,-80.57,,2.0,-1099.0,1492.0,393.0,1,1,1,0,0,0,0,0,0,0
619045,2026-04-01,Tamil Nadu,1205.4,1210.21,62.01,7.91,National Highways Authority of India [NHAI],False,882.0,245.0,5.123904115814611,5.123904115814611,2.7860958841853893,1,1,,-192.09,-2.7860958841853893,,2.0,-637.0,882.0,245.0,1,1,1,0,0,1,0,0,0,1
619049,2026-04-01,Gujarat,4500.0,4500.0,2263.7,58.0,Adani Transmission Limited,False,608.0,0.0,50.30444444444444,50.30444444444444,7.695555555555558,0,0,,,-7.695555555555558,,,-608.0,608.0,0.0,0,0,0,0,0,0,0,0,0,0
619051,2026-04-01,Bihar,29948.0,29948.0,2676.55,10.17,National Thermal Power Corporation [NTPC],False,396.0,120.0,8.937324696139976,8.937324696139976,1.2326753038600238,0,0,,-189.83,-1.2326753038600238,,2.0,-276.0,396.0,120.0,1,1,1,0,0,1,0,0,0,1
619052,2026-04-01,Uttar Pradesh,5801.05,5801.05,0.0,1.0,Uttar Pradesh metro rail corporation [UPMRC],False,-30.0,242.0,0.0,0.0,1.0,0,0,,1.0,-1.0,,0.0,272.0,-30.0,242.0,0,0,0,0,0,0,0,0,0,0
619053,2026-04-01,Madhya Pradesh,1604.69,1604.69,74.71,0.3,SECL - CIL,False,335.0,0.0,4.655727897600159,4.655727897600159,-4.355727897600159,0,0,,,4.355727897600159,,,-335.0,335.0,0.0,0,0,0,0,0,0,0,0,0,0
619054,2026-04-01,Gujarat,363.1,363.1,87.88,33.13,Airport Authority of India [AAI],False,274.0,547.0,24.202698980996967,24.202698980996967,8.927301019003036,0,0,,-16.961407678244967,-8.927301019003036,,0.5009140767824497,273.0,274.0,547.0,1,0,0,0,0,0,0,0,0,0
619055,2026-04-01,Maharashtra,444.42,444.42,0.0,0.0,Western Coalfields Limited [WCL],False,243.0,0.0,0.0,0.0,0.0,0,0,,,0.0,,,-243.0,243.0,0.0,0,0,0,0,0,0,0,0,0,0
619056,2026-04-01,Odisha,11131.0,11131.0,460.85,1.95,National Thermal Power Corporation [NTPC],False,151.0,0.0,4.1402389722396915,4.1402389722396915,-2.1902389722396913,0,0,,,2.1902389722396918,,,-151.0,151.0,0.0,0,0,0,0,0,0,0,0,0,1
619057,2026-04-01,Assam,574.26,574.26,316.32,71.09,NHIDCL,False,790.0,365.0,55.08306342075018,55.08306342075018,16.006936579249825,0,1,,-128.91,-16.006936579249825,,2.0,-425.0,790.0,365.0,1,1,1,0,0,0,0,0,0,0
619059,2026-04-01,Nagaland,323.98,323.98,70.46,75.05,NHIDCL,False,943.0,2010.0,21.748256065189207,21.748256065189207,53.30174393481079,0,1,,28.134577114427856,-53.30174393481079,,0.4691542288557214,1067.0,943.0,2010.0,0,0,0,0,0,0,0,0,0,0
619060,2026-04-01,Assam,344.71,619.7,46.37,62.9,NHIDCL,False,547.0,3653.0,7.482652896562852,7.482652896562852,55.417347103437145,1,0,,47.9260060224473,-55.417347103437145,,0.1497399397755269,3106.0,547.0,3653.0,0,0,0,0,0,0,0,0,0,0
619063,2026-04-01,Rajasthan,1636.15,2170.39,1205.29,100.0,National Highways Authority of India [NHAI],False,1247.0,245.0,55.533337326471276,55.533337326471276,44.466662673528724,1,1,,-100.0,-44.46666267352872,,2.0,-1002.0,1247.0,245.0,1,1,1,0,0,0,0,0,0,1
619064,2026-04-01,"Multi-States(Dadra & NagarHaveli and Daman& Diu, Gujarat,Maharashtra)",1909.74,2652.24,671.46,36.23,National Highways Authority of India [NHAI],False,1492.0,516.0,25.31671341960004,25.31671341960004,10.913286580399959,1,1,,-163.77,-10.91328658039996,,2.0,-976.0,1492.0,516.0,1,1,1,0,0,1,0,0,0,1
619066,2026-04-01,"Multi-States(Jammu andKashmir, Punjab)",3044.02,3707.91,1551.33,83.6,National Highways Authority of India [NHAI],False,1308.0,335.0,41.83839413577999,41.83839413577999,41.76160586422,1,1,,-116.4,-41.76160586422,,2.0,-973.0,1308.0,335.0,1,1,1,0,0,0,0,0,0,1
619067,2026-04-01,Gujarat,356.6,463.03,103.23,100.0,National Highways Authority of India [NHAI],False,3257.0,181.0,22.294451763384664,22.294451763384664,77.70554823661533,1,1,,-100.0,-77.70554823661533,,2.0,-3076.0,3257.0,181.0,1,1,1,0,0,0,0,0,0,1
619068,2026-04-01,"Multi-States(Haryana, UttarPradesh)",2920.69,3485.77,1024.9,69.77,National Highways Authority of India [NHAI],False,1035.0,335.0,29.40239889608322,29.40239889608322,40.367601103916776,1,1,,-130.23000000000002,-40.367601103916776,,2.0,-700.0,1035.0,335.0,1,1,1,0,0,0,0,0,0,1
619069,2026-04-01,Maharashtra,361.72,425.51,64.35,99.05,National Highways Authority of India [NHAI],False,5661.0,395.0,15.123028835985053,15.123028835985053,83.92697116401494,1,1,,-100.95,-83.92697116401494,,2.0,-5266.0,5661.0,395.0,1,1,1,0,0,0,0,0,0,1
619071,2026-04-01,Karnataka,2032.15,1664.2,580.01,59.83,National Highways Authority of India [NHAI],False,1339.0,518.0,34.85218122821776,34.85218122821776,24.97781877178224,1,1,,-140.17000000000002,-24.97781877178224,,2.0,-821.0,1339.0,518.0,1,1,1,0,0,0,0,0,0,0
619072,2026-04-01,Karnataka,1181.68,1297.76,799.84,94.72,National Highways Authority of India [NHAI],False,1155.0,365.0,61.63235112809765,61.63235112809765,33.087648871902346,1,1,,-105.28,-33.087648871902346,,2.0,-790.0,1155.0,365.0,1,1,1,0,0,0,0,0,0,0
619073,2026-04-01,Karnataka,1317.74,1846.52,1026.9,99.2,National Highways Authority of India [NHAI],False,1885.0,366.0,55.612720143838146,55.612720143838146,43.58727985616186,1,1,,-100.8,-43.58727985616186,,2.0,-1519.0,1885.0,366.0,1,1,1,0,0,0,0,0,0,1
619074,2026-04-01,Tamil Nadu,1673.17,781.74,269.61,99.99,National Highways Authority of India [NHAI],False,5418.0,547.0,34.48844884488449,34.48844884488449,65.50155115511551,1,1,,-100.01,-65.50155115511551,,2.0,-4871.0,5418.0,547.0,1,1,1,0,0,0,0,0,0,0
619075,2026-04-01,Odisha,639.3,632.89,52.23,97.48,National Highways Authority of India [NHAI],False,5235.0,1064.0,8.252618938520122,8.252618938520122,89.22738106147989,1,1,,-102.52,-89.22738106147989,,2.0,-4171.0,5235.0,1064.0,1,1,1,0,0,0,0,0,0,0
619076,2026-04-01,Andhra Pradesh,1581.24,1883.71,934.99,98.2,National Highways Authority of India [NHAI],False,1885.0,397.0,49.63555961374097,49.63555961374097,48.56444038625903,1,1,,-101.8,-48.56444038625903,,2.0,-1488.0,1885.0,397.0,1,1,1,0,0,0,0,0,0,1
619077,2026-04-01,"Multi-States(Andhra Pradesh,Tamil Nadu)",464.62,472.37,182.82,100.0,National Highways Authority of India [NHAI],False,2953.0,90.0,38.70271185723056,38.70271185723056,61.29728814276944,1,1,,-100.0,-61.29728814276944,,2.0,-2863.0,2953.0,90.0,1,1,1,0,0,0,0,0,0,0
619078,2026-04-01,"Multi-States(Bihar, Jharkhand)",1772.7,1689.17,562.76,78.0,National Highways Authority of India [NHAI],False,2496.0,547.0,33.315770467152504,33.315770467152504,44.684229532847496,1,1,,-122.0,-44.684229532847496,,2.0,-1949.0,2496.0,547.0,1,1,1,0,0,0,0,0,0,0
619080,2026-04-01,Haryana,1093.35,1225.41,429.79,79.34,National Highways Authority of India [NHAI],False,913.0,242.0,35.073159187537236,35.073159187537236,44.26684081246277,1,1,,-120.66,-44.26684081246277,,2.0,-671.0,913.0,242.0,1,1,1,0,0,0,0,0,0,0
619083,2026-04-01,Tamil Nadu,255.53,395.43,206.64,100.0,National Highways Authority of India [NHAI],False,7183.0,426.0,52.25703664365374,52.25703664365374,47.74296335634626,1,1,,-100.0,-47.74296335634626,,2.0,-6757.0,7183.0,426.0,1,1,1,0,0,0,0,0,0,0
619084,2026-04-01,Tamil Nadu,461.54,515.03,42.28,100.0,National Highways Authority of India [NHAI],False,7122.0,426.0,8.209230530260374,8.209230530260374,91.79076946973963,1,1,,-100.0,-91.79076946973964,,2.0,-6696.0,7122.0,426.0,1,1,1,0,0,0,0,0,0,0
619086,2026-04-01,Tamil Nadu,852.0,285.55,5.09,100.0,National Highways Authority of India [NHAI],False,5691.0,335.0,1.782524951847312,1.782524951847312,98.21747504815269,1,1,,-100.0,-98.21747504815268,,2.0,-5356.0,5691.0,335.0,1,1,1,0,0,0,0,0,0,0
619087,2026-04-01,Gujarat,2070.44,1390.29,914.03,69.66,National Highways Authority of India [NHAI],False,943.0,549.0,65.74383761661237,65.74383761661237,3.916162383387629,1,1,,-102.10684881602916,-3.916162383387629,,1.7176684881602915,-394.0,943.0,549.0,1,1,1,0,0,0,0,0,0,1
619089,2026-04-01,Assam,1909.98,2745.74,1307.33,93.08,NHAI,False,1186.0,306.0,47.61302963864022,47.61302963864022,45.46697036135978,1,1,,-106.92,-45.46697036135978,,2.0,-880.0,1186.0,306.0,1,1,1,0,0,0,0,0,0,1
619090,2026-04-01,Delhi,2067.67,2670.22,1909.28,100.0,National Highways Authority of India [NHAI],False,2374.0,638.0,71.50272262210605,71.50272262210605,28.49727737789395,1,1,,-100.0,-28.49727737789395,,2.0,-1736.0,2374.0,638.0,1,1,1,0,0,0,0,0,0,1
619092,2026-04-01,Haryana,994.22,1606.82,623.68,99.97,National Highways Authority of India [NHAI],False,2100.0,547.0,38.81455296797401,38.81455296797401,61.15544703202599,1,1,,-100.03,-61.15544703202599,,2.0,-1553.0,2100.0,547.0,1,1,1,0,0,0,0,0,0,1
619093,2026-04-01,"Multi-States(Haryana, Punjab)",609.32,454.34,169.1,70.83,National Highways Authority of India [NHAI],False,852.0,303.0,37.2188229079544,37.2188229079544,33.6111770920456,1,1,,-129.17000000000002,-33.6111770920456,,2.0,-549.0,852.0,303.0,1,1,1,0,0,0,0,0,0,1
619094,2026-04-01,Tamil Nadu,1243.57,1272.11,623.59,82.56,National Highways Authority of India [NHAI],False,1582.0,1034.0,49.02013190683196,49.02013190683196,33.53986809316804,1,1,,-70.43806576402321,-33.53986809316804,,1.5299806576402322,-548.0,1582.0,1034.0,1,1,1,0,0,0,0,0,0,1
619095,2026-04-01,Maharashtra,546.44,472.1,420.38,81.63,National Highways Authority of India [NHAI],False,1247.0,153.0,89.0446939207795,89.0446939207795,-7.414693920779499,1,1,,-118.37,7.414693920779499,,2.0,-1094.0,1247.0,153.0,1,1,1,0,0,0,0,0,0,0
619096,2026-04-01,Karnataka,1644.92,1990.99,329.44,97.8,National Highways Authority of India [NHAI],False,4414.0,608.0,16.54654217248705,16.54654217248705,81.25345782751295,1,1,,-102.2,-81.25345782751295,,2.0,-3806.0,4414.0,608.0,1,1,1,0,0,0,0,0,0,0
619097,2026-04-01,"Multi-States(Kerala,Puducherry)",1181.12,1573.18,710.24,100.0,National Highways Authority of India [NHAI],False,3043.0,91.0,45.14677277870301,45.14677277870301,54.85322722129699,1,1,,-100.0,-54.85322722129699,,2.0,-2952.0,3043.0,91.0,1,1,1,0,0,0,0,0,0,1
619098,2026-04-01,Kerala,1424.77,2139.18,1048.92,98.75,National Highways Authority of India [NHAI],False,1885.0,1096.0,49.0337419011023,49.0337419011023,49.7162580988977,1,1,,-73.2390510948905,-49.7162580988977,,1.719890510948905,-789.0,1885.0,1096.0,1,1,1,0,0,0,0,0,0,1
619099,2026-04-01,Punjab,1801.37,2172.71,597.42,64.2,National Highways Authority of India [NHAI],False,669.0,1188.0,27.49653658334522,27.49653658334522,36.703463416654785,1,1,,7.886868686868688,-36.70346341665479,,0.5631313131313131,519.0,669.0,1188.0,0,0,0,0,0,0,0,0,0,0
619100,2026-04-01,Madhya Pradesh,866.0,1185.04,638.17,99.8,National Highways Authority of India [NHAI],False,1704.0,578.0,53.852190643353815,53.852190643353815,45.94780935664618,1,1,,-100.2,-45.94780935664618,,2.0,-1126.0,1704.0,578.0,1,1,1,0,0,0,0,0,0,1
619101,2026-04-01,"Multi-States(Madhya Pradesh,Maharashtra)",784.35,659.52,299.09,64.0,National Highways Authority of India [NHAI],False,761.0,456.0,45.34964822901504,45.34964822901504,18.65035177098496,1,1,,-102.88596491228068,-18.65035177098496,,1.668859649122807,-305.0,761.0,456.0,1,1,1,0,0,0,0,0,0,1
619102,2026-04-01,Andhra Pradesh,1500.11,1500.11,0.17,0.0,National Highways Authority of India [NHAI],False,31.0,1186.0,0.011332502283165902,0.011332502283165902,-0.011332502283165902,0,1,,-2.6138279932546373,0.0113325022831659,,0.0261382799325463,1155.0,31.0,1186.0,0,0,0,0,0,0,0,0,0,0
619103,2026-04-01,Chhattisgarh,1096.52,1172.36,107.31,100.0,National Highways Authority of India [NHAI],False,3652.0,183.0,9.153331741103417,9.153331741103417,90.84666825889659,1,1,,-100.0,-90.8466682588966,,2.0,-3469.0,3652.0,183.0,1,1,1,0,0,0,0,0,0,1
619104,2026-04-01,"Multi-States(Jharkhand, WestBengal)",1139.65,1154.8,6.64,99.84,National Highways Authority of India [NHAI],False,3043.0,640.0,0.5749913404918601,0.5749913404918601,99.26500865950814,1,0,,-100.16,-99.26500865950814,,2.0,-2403.0,3043.0,640.0,1,1,1,0,0,0,0,0,0,0
619105,2026-04-01,Punjab,1555.13,1564.66,195.79,20.09,National Highways Authority of India [NHAI],False,212.0,1523.0,12.51326166707144,12.51326166707144,7.57673833292856,1,1,,6.1701050558108985,-7.57673833292856,,0.139198949441891,1311.0,212.0,1523.0,0,0,0,0,0,0,0,0,0,0
619106,2026-04-01,Karnataka,1141.88,868.65,214.81,33.04,National Highways Authority of India [NHAI],False,516.0,611.0,24.72917745927589,24.72917745927589,8.31082254072411,1,1,,-51.41171849427169,-8.31082254072411,,0.8445171849427169,95.0,516.0,611.0,1,1,1,0,0,0,0,0,0,1
619107,2026-04-01,Karnataka,1311.41,1123.35,46.41,8.88,National Highways Authority of India [NHAI],False,212.0,578.0,4.131392709306984,4.131392709306984,4.748607290693017,1,1,,-27.79820069204152,-4.748607290693017,,0.3667820069204152,366.0,212.0,578.0,1,1,0,0,0,0,0,0,0,0
619108,2026-04-01,Karnataka,1452.43,1256.55,206.99,32.57,National Highways Authority of India [NHAI],False,304.0,486.0,16.47288209780749,16.47288209780749,16.09711790219251,1,1,,-29.98144032921811,-16.09711790219251,,0.6255144032921811,182.0,304.0,486.0,1,1,0,0,0,0,0,0,0,0
619109,2026-04-01,Odisha,1101.76,1374.43,645.61,99.7,National Highways Authority of India [NHAI],False,1461.0,396.0,46.97292695881202,46.97292695881202,52.727073041187985,1,1,,-100.3,-52.72707304118799,,2.0,-1065.0,1461.0,396.0,1,1,1,0,0,0,0,0,0,1
619111,2026-04-01,Andhra Pradesh,840.51,840.51,549.56,99.32,National Highways Authority of India [NHAI],False,1492.0,393.0,65.38411202722156,65.38411202722156,33.93588797277843,0,1,,-100.68,-33.93588797277843,,2.0,-1099.0,1492.0,393.0,1,1,1,0,0,0,0,0,0,1
619112,2026-04-01,Andhra Pradesh,1012.57,1012.57,568.13,81.06,National Highways Authority of India [NHAI],False,1278.0,607.0,56.107725885617775,56.107725885617775,24.952274114382227,0,1,,-118.94,-24.952274114382227,,2.0,-671.0,1278.0,607.0,1,1,1,0,0,0,0,0,0,0
619114,2026-04-01,Madhya Pradesh,1081.51,1146.63,356.17,40.25,National Highways Authority of India [NHAI],False,761.0,425.0,31.062330481497952,31.062330481497952,9.187669518502048,1,1,,-138.80882352941177,-9.187669518502048,,1.7905882352941176,-336.0,761.0,425.0,1,1,1,0,0,1,0,0,0,1
619117,2026-04-01,Karnataka,1021.57,1091.4,697.83,97.8,National Highways Authority of India [NHAI],False,3318.0,456.0,63.93897746014293,63.93897746014293,33.86102253985707,1,1,,-102.2,-33.86102253985707,,2.0,-2862.0,3318.0,456.0,1,1,1,0,0,0,0,0,0,1
619118,2026-04-01,Odisha,2510.04,2632.91,1194.15,99.98,National Highways Authority of India [NHAI],False,3318.0,181.0,45.35475956261323,45.35475956261323,54.62524043738677,1,1,,-100.02,-54.62524043738677,,2.0,-3137.0,3318.0,181.0,1,1,1,0,0,0,0,0,0,1
619119,2026-04-01,Odisha,999.32,1178.31,512.79,99.0,National Highways Authority of India [NHAI],False,3012.0,92.0,43.519107874837694,43.519107874837694,55.480892125162306,1,1,,-101.0,-55.48089212516231,,2.0,-2920.0,3012.0,92.0,1,1,1,0,0,0,0,0,0,1
619120,2026-04-01,Karnataka,2919.8,4113.89,2279.05,99.19,National Highways Authority of India [NHAI],False,2313.0,668.0,55.39890468631879,55.39890468631879,43.79109531368121,1,1,,-100.81,-43.79109531368121,,2.0,-1645.0,2313.0,668.0,1,1,1,0,0,0,0,0,0,1
619121,2026-04-01,Karnataka,2531.99,3619.32,1360.9,99.65,National Highways Authority of India [NHAI],False,3318.0,243.0,37.60098582054088,37.60098582054088,62.04901417945913,1,1,,-100.35,-62.04901417945913,,2.0,-3075.0,3318.0,243.0,1,1,1,0,0,0,0,0,0,0
619122,2026-04-01,"Multi-States (Delhi,Uttar Pradesh)",1479.22,1476.75,1343.18,100.0,National Highways Authority of India [NHAI],False,1400.0,638.0,90.95513797189774,90.95513797189774,9.044862028102258,1,1,,-100.0,-9.044862028102258,,2.0,-762.0,1400.0,638.0,1,1,1,0,0,0,0,0,0,1
619123,2026-04-01,Andhra Pradesh,813.66,678.21,196.59,61.5,National Highways Authority of India [NHAI],False,790.0,365.0,28.98659707170345,28.98659707170345,32.51340292829655,1,1,,-138.5,-32.51340292829655,,2.0,-425.0,790.0,365.0,1,1,1,0,0,0,0,0,0,1
619124,2026-04-01,Andhra Pradesh,747.29,626.83,227.96,69.6,National Highways Authority of India [NHAI],False,790.0,365.0,36.36711708118629,36.36711708118629,33.23288291881371,1,1,,-130.4,-33.23288291881371,,2.0,-425.0,790.0,365.0,1,1,1,0,0,0,0,0,0,1
619125,2026-04-01,Andhra Pradesh,1103.9,943.66,197.36,43.16,National Highways Authority of India [NHAI],False,790.0,365.0,20.91431235826463,20.91431235826463,22.245687641735366,1,1,,-156.84,-22.24568764173537,,2.0,-425.0,790.0,365.0,1,1,1,0,0,1,0,0,0,1
619126,2026-04-01,Andhra Pradesh,976.41,798.71,293.33,73.0,National Highways Authority of India [NHAI],False,790.0,365.0,36.72546982008488,36.72546982008488,36.27453017991512,1,1,,-127.0,-36.27453017991512,,2.0,-425.0,790.0,365.0,1,1,1,0,0,0,0,0,0,1
619127,2026-04-01,Bihar,2185.75,2118.46,373.63,24.67,NHAI,False,761.0,731.0,17.636868291117132,17.636868291117132,7.03313170888287,1,1,,-79.43396716826264,-7.03313170888287,,1.0410396716826265,-30.0,761.0,731.0,1,1,1,0,0,1,0,0,0,1
619128,2026-04-01,Telangana,615.78,981.64,431.67,98.02,National Highways Authority of India [NHAI],False,1308.0,608.0,43.97436942259892,43.97436942259892,54.04563057740108,1,1,,-101.98,-54.04563057740108,,2.0,-700.0,1308.0,608.0,1,1,1,0,0,0,0,0,0,1
619129,2026-04-01,Tamil Nadu,1360.54,1477.94,575.41,58.65,National Highways Authority of India [NHAI],False,1431.0,1185.0,38.933244921986,38.933244921986,19.716755078013996,1,1,,-62.10949367088608,-19.716755078014,,1.2075949367088608,-246.0,1431.0,1185.0,1,1,1,0,0,0,0,0,0,1
619130,2026-04-01,Tamil Nadu,1116.13,1463.75,531.32,53.41,National Highways Authority of India [NHAI],False,852.0,1764.0,36.29854824935953,36.29854824935953,17.11145175064047,1,1,,5.110680272108844,-17.11145175064047,,0.4829931972789115,912.0,852.0,1764.0,0,0,0,0,0,0,0,0,0,1
619131,2026-04-01,Tamil Nadu,837.61,823.93,169.31,99.75,National Highways Authority of India [NHAI],False,2708.0,245.0,20.549075770999963,20.549075770999963,79.20092422900004,1,1,,-100.25,-79.20092422900004,,2.0,-2463.0,2708.0,245.0,1,1,1,0,0,0,0,0,0,0
619132,2026-04-01,Haryana,1810.04,1917.5,522.34,72.5,National Highways Authority of India [NHAI],False,1612.0,549.0,27.240677966101696,27.240677966101696,45.2593220338983,1,1,,-127.5,-45.2593220338983,,2.0,-1063.0,1612.0,549.0,1,1,1,0,0,0,0,0,0,0
619134,2026-04-01,"Multi-States(Haryana, Punjab)",1641.66,1904.79,552.95,80.65,National Highways Authority of India [NHAI],False,913.0,579.0,29.029446815659472,29.029446815659472,51.62055318434054,1,1,,-77.03566493955094,-51.62055318434054,,1.5768566493955094,-334.0,913.0,579.0,1,1,1,0,0,0,0,0,0,1
619136,2026-04-01,Bihar,610.78,628.65,328.56,99.5,National Highways Authority of India [NHAI],False,790.0,610.0,52.2643760439036,52.2643760439036,47.2356239560964,1,1,,-30.00819672131149,-47.2356239560964,,1.2950819672131149,-180.0,790.0,610.0,1,1,1,0,0,0,0,0,0,1
619138,2026-04-01,Karnataka,309.9,309.9,82.28,21.12,National Highways Authority of India [NHAI],False,1492.0,181.0,26.55050016134237,26.55050016134237,-5.430500161342369,0,1,,-178.88,5.430500161342369,,2.0,-1311.0,1492.0,181.0,1,1,1,0,0,1,0,0,0,1
619139,2026-04-01,Tamil Nadu,1299.36,1299.36,146.74,16.88,National Highways Authority of India [NHAI],False,882.0,245.0,11.293252062553874,11.293252062553874,5.586747937446125,0,1,,-183.12,-5.586747937446125,,2.0,-637.0,882.0,245.0,1,1,1,0,0,1,0,0,0,1
619140,2026-04-01,Andhra Pradesh,1398.84,965.58,297.06,43.4,National Highways Authority of India [NHAI],False,913.0,426.0,30.764928851053252,30.764928851053252,12.635071148946746,1,1,,-156.6,-12.635071148946746,,2.0,-487.0,913.0,426.0,1,1,1,0,0,1,0,0,0,1
619141,2026-04-01,Andhra Pradesh,864.2,844.39,305.43,50.17,National Highways Authority of India [NHAI],False,852.0,487.0,36.171674226364594,36.171674226364594,13.998325773635408,1,1,,-124.77866529774126,-13.998325773635408,,1.749486652977413,-365.0,852.0,487.0,1,1,1,0,0,0,0,0,0,0
619142,2026-04-01,Uttarakhand,216.97,237.01,161.97,75.24,National Highways Authority of India [NHAI],False,1127.0,273.0,68.33888865448715,68.33888865448715,6.901111345512845,1,1,,-124.76,-6.901111345512845,,2.0,-854.0,1127.0,273.0,1,1,1,0,0,0,0,0,0,1
619143,2026-04-01,"Multi-States(Andhra Pradesh,Telangana)",826.01,862.58,69.29,22.08,National Highways Authority of India [NHAI],False,396.0,731.0,8.032878109856476,8.032878109856476,14.047121890143522,1,1,,-32.09236662106704,-14.047121890143522,,0.5417236662106704,335.0,396.0,731.0,1,1,1,0,0,0,0,0,0,1
619144,2026-04-01,Karnataka,1519.72,387.48,36.36,100.0,National Highways Authority of India [NHAI],False,3712.0,337.0,9.383710126974295,9.383710126974295,90.6162898730257,1,1,,-100.0,-90.6162898730257,,2.0,-3375.0,3712.0,337.0,1,1,1,0,0,0,0,0,0,0
619145,2026-04-01,Gujarat,877.71,1126.66,630.51,100.0,National Highways Authority of India [NHAI],False,3346.0,366.0,55.96275717607796,55.96275717607796,44.03724282392204,1,1,,-100.0,-44.03724282392204,,2.0,-2980.0,3346.0,366.0,1,1,1,0,0,0,0,0,0,0
619146,2026-04-01,Gujarat,750.53,955.78,363.41,97.93,National Highways Authority of India [NHAI],False,3318.0,394.0,38.02234823913454,38.02234823913454,59.90765176086547,1,1,,-102.07,-59.90765176086547,,2.0,-2924.0,3318.0,394.0,1,1,1,0,0,0,0,0,0,1
619147,2026-04-01,Gujarat,603.08,628.49,624.41,99.71,National Highways Authority of India [NHAI],False,1857.0,212.0,99.35082499323775,99.35082499323775,0.3591750067622428,1,1,,-100.29,-0.3591750067622428,,2.0,-1645.0,1857.0,212.0,1,1,1,0,0,0,0,0,0,0
619148,2026-04-01,Gujarat,1185.66,1343.16,53.18,100.0,National Highways Authority of India [NHAI],False,3346.0,337.0,3.9593198129783493,3.9593198129783493,96.04068018702165,1,0,,-100.0,-96.04068018702164,,2.0,-3009.0,3346.0,337.0,1,1,1,0,0,0,0,0,0,0
619149,2026-04-01,Maharashtra,1774.03,2108.41,749.83,93.75,National Highways Authority of India [NHAI],False,1247.0,273.0,35.5637660606808,35.5637660606808,58.1862339393192,1,1,,-106.25,-58.1862339393192,,2.0,-974.0,1247.0,273.0,1,1,1,0,0,0,0,0,0,1
619150,2026-04-01,Karnataka,2082.69,2859.93,730.43,99.7,National Highways Authority of India [NHAI],False,3165.0,487.0,25.54013559772442,25.54013559772442,74.15986440227559,1,1,,-100.3,-74.15986440227559,,2.0,-2678.0,3165.0,487.0,1,1,1,0,0,0,0,0,0,1
619152,2026-04-01,Bihar,1182.94,1898.84,843.24,99.95,National Highways Authority of India [NHAI],False,3226.0,548.0,44.408164984938175,44.408164984938175,55.54183501506183,1,1,,-100.05,-55.54183501506183,,2.0,-2678.0,3226.0,548.0,1,1,1,0,0,0,0,0,0,1
619153,2026-04-01,Himachal Pradesh,1002.11,1363.04,537.04,60.06,National Highways Authority of India [NHAI],False,1431.0,426.0,39.40016433853739,39.40016433853739,20.659835661462616,1,1,,-139.94,-20.659835661462616,,2.0,-1005.0,1431.0,426.0,1,1,1,0,0,0,0,0,0,1
619154,2026-04-01,"Multi-States(Bihar, UttarPradesh)",1493.5,1493.59,540.0,78.15,National Highways Authority of India [NHAI],False,974.0,304.0,36.15450023098708,36.15450023098708,41.99549976901292,1,1,,-121.85,-41.99549976901292,,2.0,-670.0,974.0,304.0,1,1,1,0,0,0,0,0,0,0
619155,2026-04-01,Uttarakhand,1602.89,1423.89,588.94,76.74,National Highways Authority of India [NHAI],False,1278.0,334.0,41.36134111483331,41.36134111483331,35.378658885166686,1,1,,-123.26,-35.378658885166686,,2.0,-944.0,1278.0,334.0,1,1,1,0,0,0,0,0,0,1
619157,2026-04-01,Odisha,795.18,810.71,402.98,99.0,National Highways Authority of India [NHAI],False,2616.0,396.0,49.707046909499084,49.707046909499084,49.292953090500916,1,1,,-101.0,-49.29295309050092,,2.0,-2220.0,2616.0,396.0,1,1,1,0,0,0,0,0,0,0
619158,2026-04-01,Odisha,789.0,907.61,572.09,86.0,National Highways Authority of India [NHAI],False,2251.0,761.0,63.03258007293881,63.03258007293881,22.967419927061187,1,1,,-114.0,-22.967419927061187,,2.0,-1490.0,2251.0,761.0,1,1,1,0,0,0,0,0,0,1
619160,2026-04-01,Andhra Pradesh,166.52,113.46,98.26,100.0,National Highways Authority of India [NHAI],False,1005.0,273.0,86.60320817909395,86.60320817909395,13.396791820906046,1,1,,-100.0,-13.396791820906046,,2.0,-732.0,1005.0,273.0,1,1,1,0,0,0,0,0,0,0
619161,2026-04-01,Tamil Nadu,1376.1,1247.7,133.77,34.5,National Highways Authority of India [NHAI],False,486.0,275.0,10.721327242125511,10.721327242125511,23.77867275787449,1,1,,-142.22727272727272,-23.77867275787449,,1.767272727272727,-211.0,486.0,275.0,1,1,1,0,0,1,0,0,0,1
619162,2026-04-01,Uttar Pradesh,578.02,566.9,438.87,100.0,National Highways Authority of India [NHAI],False,1217.0,334.0,77.41576997706827,77.41576997706827,22.584230022931735,1,1,,-100.0,-22.58423002293173,,2.0,-883.0,1217.0,334.0,1,1,1,0,0,0,0,0,0,0
619163,2026-04-01,Maharashtra,1471.32,1297.48,927.1,86.2,National Highways Authority of India [NHAI],False,1673.0,243.0,71.45389524308659,71.45389524308659,14.746104756913411,1,1,,-113.8,-14.746104756913413,,2.0,-1430.0,1673.0,243.0,1,1,1,0,0,0,0,0,0,1
619164,2026-04-01,Karnataka,1214.3,1195.74,497.43,72.77,National Highways Authority of India [NHAI],False,2588.0,365.0,41.60018064127653,41.60018064127653,31.169819358723466,1,1,,-127.23,-31.169819358723466,,2.0,-2223.0,2588.0,365.0,1,1,1,0,0,0,0,0,0,1
619165,2026-04-01,Telangana,177.18,18.65,8.31,100.0,National Highways Authority of India [NHAI],False,4414.0,120.0,44.557640750670245,44.557640750670245,55.442359249329755,1,1,,-100.0,-55.44235924932976,,2.0,-4294.0,4414.0,120.0,1,1,1,0,0,0,0,0,0,1
619166,2026-04-01,Bihar,768.35,968.42,410.55,99.4,NHAI,False,852.0,426.0,42.393796080213136,42.393796080213136,57.00620391978687,1,1,,-100.6,-57.00620391978687,,2.0,-426.0,852.0,426.0,1,1,1,0,0,0,0,0,0,1
619167,2026-04-01,Chhattisgarh,865.1,1275.26,587.68,93.1,National Highways Authority of India [NHAI],False,1947.0,366.0,46.083151671031786,46.083151671031786,47.01684832896821,1,1,,-106.9,-47.01684832896821,,2.0,-1581.0,1947.0,366.0,1,1,1,0,0,0,0,0,0,1
619168,2026-04-01,Uttar Pradesh,1602.48,1497.94,1215.04,99.11,National Highways Authority of India [NHAI],False,1308.0,549.0,81.11406331361735,81.11406331361735,17.99593668638265,1,1,,-100.89,-17.99593668638265,,2.0,-759.0,1308.0,549.0,1,1,1,0,0,0,0,0,0,1
619171,2026-04-01,Chhattisgarh,2415.91,2415.91,2.35,0.01,SECL - CIL,False,212.0,0.0,0.09727183545744668,0.09727183545744668,-0.08727183545744668,0,0,,,0.0872718354574466,,,-212.0,212.0,0.0,0,0,0,0,0,0,0,0,0,0
619172,2026-04-01,Chhattisgarh,1859.19,1859.19,0.45,0.0,SECL - CIL,False,486.0,0.0,0.02420408887741436,0.02420408887741436,-0.02420408887741436,0,0,,,0.0242040888774143,,,-486.0,486.0,0.0,0,0,0,0,0,0,0,0,0,1
619181,2026-04-01,Odisha,882.45,1009.92,163.87,32.0,National Highways Authority of India [NHAI],False,516.0,611.0,16.22603770595691,16.22603770595691,15.773962294043091,1,1,,-52.45171849427169,-15.773962294043091,,0.8445171849427169,95.0,516.0,611.0,1,1,1,0,0,0,0,0,0,1
619183,2026-04-01,"Dadra & NagarHaveli and Daman& Diu",198.06,239.57,73.03,52.0,MoRTH,False,790.0,488.0,30.48378344533957,30.48378344533957,21.51621655466043,1,0,,-109.88524590163937,-21.51621655466043,,1.6188524590163935,-302.0,790.0,488.0,1,1,1,0,0,0,0,0,0,0
619184,2026-04-01,"Andaman &Nicobar",207.45,376.48,0.0,78.01,NHIDCL,False,761.0,2220.0,0.0,0.0,78.01,1,1,,43.730720720720726,-78.01,,0.3427927927927928,1459.0,761.0,2220.0,0,0,0,0,0,0,0,0,0,1
619185,2026-04-01,"Andaman &Nicobar",183.56,333.12,0.0,47.28,NHIDCL,False,700.0,2281.0,0.0,0.0,47.28,1,1,,16.591705392371765,-47.28,,0.3068829460762823,1581.0,700.0,2281.0,0,0,0,0,0,0,0,0,0,1
619186,2026-04-01,"Andaman &Nicobar",262.96,371.88,0.0,12.64,NHIDCL,False,700.0,3349.0,0.0,0.0,12.64,1,1,,-8.261761719916393,-12.64,,0.2090176171991639,2649.0,700.0,3349.0,0,0,0,0,0,0,0,0,0,0
619187,2026-04-01,West Bengal,152.27,152.27,0.0,27.3,NHIDCL,False,304.0,486.0,0.0,0.0,27.3,0,1,,-35.25144032921811,-27.3,,0.6255144032921811,182.0,304.0,486.0,1,1,1,0,0,0,0,0,0,0
619191,2026-04-01,Uttar Pradesh,202.0,202.0,125.69,54.0,MinistryofPetroleumNaturalGas,False,212.0,0.0,62.22277227722772,62.22277227722772,-8.222772277227719,0,1,,,8.222772277227719,,,-212.0,212.0,0.0,0,0,0,0,0,0,0,0,0,0
619193,2026-04-01,Telangana,295.47,334.82,375.14,82.76,MoRTH,False,4077.0,31.0,112.04229138044322,100.0,-17.239999999999995,1,1,,-117.24,29.28229138044321,,2.0,-4046.0,4077.0,31.0,1,1,1,0,0,0,1,1,0,1
619196,2026-04-01,Haryana,359.0,359.0,10.37,35.3,IOCL,False,335.0,0.0,2.8885793871866294,2.8885793871866294,32.411420612813366,0,0,,,-32.411420612813366,,,-335.0,335.0,0.0,0,0,0,0,0,0,0,0,0,1
619197,2026-04-01,Gujarat,1185.69,1259.27,991.08,97.0,National Highways Authority of India [NHAI],False,1520.0,518.0,78.70274047662535,78.70274047662535,18.29725952337465,1,1,,-103.0,-18.29725952337465,,2.0,-1002.0,1520.0,518.0,1,1,1,0,0,0,0,0,0,1
619198,2026-04-01,Maharashtra,1711.38,2388.52,979.26,99.38,National Highways Authority of India [NHAI],False,1492.0,577.0,40.99861001791905,40.99861001791905,58.38138998208095,1,1,,-100.62,-58.38138998208095,,2.0,-915.0,1492.0,577.0,1,1,1,0,0,0,0,0,0,1
619199,2026-04-01,"Multi-States(Andhra Pradesh,Karnataka)",1410.01,1410.01,241.41,98.47,National Highways Authority of India [NHAI],True,1278.0,669.0,17.121155169112274,17.121155169112274,81.34884483088773,0,1,,-92.56139013452916,-81.34884483088773,,1.9103139013452917,-609.0,1278.0,669.0,1,1,1,0,0,0,0,0,0,0
619200,2026-04-01,Punjab,1641.75,1951.7,1007.55,32.47,National Highways Authority of India [NHAI],False,1247.0,610.0,51.62422503458522,51.62422503458522,-19.154225034585224,1,1,,-167.53,19.154225034585224,,2.0,-637.0,1247.0,610.0,1,1,1,0,0,1,1,0,0,1
619201,2026-04-01,Haryana,1741.45,2041.54,461.25,91.61,National Highways Authority of India [NHAI],False,974.0,273.0,22.593238437650008,22.593238437650008,69.01676156234998,1,1,,-108.39,-69.01676156234998,,2.0,-701.0,974.0,273.0,1,1,1,0,0,0,0,0,0,0
619202,2026-04-01,Delhi,2144.67,3929.5,3097.34,98.8,National Highways Authority of India [NHAI],False,2038.0,915.0,78.82275098613056,78.82275098613056,19.97724901386944,1,1,,-101.2,-19.97724901386944,,2.0,-1123.0,2038.0,915.0,1,1,1,0,0,0,0,0,0,1
619203,2026-04-01,Maharashtra,1252.92,1371.27,482.26,76.6,National Highways Authority of India [NHAI],False,2647.0,306.0,35.168858065880535,35.168858065880535,41.43114193411946,1,1,,-123.4,-41.43114193411946,,2.0,-2341.0,2647.0,306.0,1,1,1,0,0,0,0,0,0,1
619205,2026-04-01,"Multi-States(Karnataka,Kerala)",1981.07,2681.48,1060.49,99.2,National Highways Authority of India [NHAI],False,1612.0,549.0,39.548682071095065,39.548682071095065,59.65131792890494,1,1,,-100.8,-59.65131792890494,,2.0,-1063.0,1612.0,549.0,1,1,1,0,0,0,0,0,0,1
619206,2026-04-01,Kerala,3041.65,3867.66,1007.02,86.65,National Highways Authority of India [NHAI],False,1643.0,487.0,26.036931891634733,26.036931891634733,60.61306810836527,1,1,,-113.35,-60.61306810836527,,2.0,-1156.0,1643.0,487.0,1,1,1,0,0,0,0,0,0,1
619207,2026-04-01,Kerala,2641.37,3309.06,891.4,81.8,National Highways Authority of India [NHAI],False,1278.0,487.0,26.93816370812255,26.93816370812255,54.86183629187745,1,1,,-118.2,-54.86183629187745,,2.0,-791.0,1278.0,487.0,1,1,1,0,0,0,0,0,0,1
619208,2026-04-01,Kerala,3635.64,3526.33,573.31,44.34,National Highways Authority of India [NHAI],False,1370.0,212.0,16.257979258889552,16.257979258889552,28.08202074111045,1,1,,-155.66,-28.08202074111045,,2.0,-1158.0,1370.0,212.0,1,1,1,0,0,1,0,0,0,1
619209,2026-04-01,Maharashtra,1709.56,2049.51,1125.89,98.52,National Highways Authority of India [NHAI],False,1431.0,212.0,54.93459412249757,54.93459412249757,43.585405877502424,1,1,,-101.48,-43.58540587750242,,2.0,-1219.0,1431.0,212.0,1,1,1,0,0,0,0,0,0,0
619210,2026-04-01,Maharashtra,1411.71,1358.68,1047.19,97.4,National Highways Authority of India [NHAI],False,1673.0,243.0,77.07407189330821,77.07407189330821,20.32592810669179,1,1,,-102.6,-20.32592810669179,,2.0,-1430.0,1673.0,243.0,1,1,1,0,0,0,0,0,0,1
619211,2026-04-01,Karnataka,2104.7,2065.83,779.81,73.9,National Highways Authority of India [NHAI],False,1096.0,396.0,37.748023796730614,37.748023796730614,36.15197620326939,1,1,,-126.1,-36.15197620326939,,2.0,-700.0,1096.0,396.0,1,1,1,0,0,0,0,0,0,1
619212,2026-04-01,"Multi-States(Andhra Pradesh,Telangana)",1227.57,1315.87,524.04,65.24,National Highways Authority of India [NHAI],False,1186.0,365.0,39.824602734312656,39.824602734312656,25.41539726568734,1,1,,-134.76,-25.41539726568734,,2.0,-821.0,1186.0,365.0,1,1,1,0,0,0,0,0,0,1
619213,2026-04-01,Odisha,791.17,1070.63,727.37,99.95,National Highways Authority of India [NHAI],False,1492.0,393.0,67.93850349794046,67.93850349794046,32.01149650205954,1,1,,-100.05,-32.01149650205954,,2.0,-1099.0,1492.0,393.0,1,1,1,0,0,0,0,0,0,1
619214,2026-04-01,Karnataka,688.0,684.54,586.06,82.34,National Highways Authority of India [NHAI],False,1916.0,275.0,85.61369678908464,85.61369678908464,-3.2736967890846387,1,1,,-117.66,3.2736967890846387,,2.0,-1641.0,1916.0,275.0,1,1,1,0,0,0,0,0,0,1
619215,2026-04-01,Odisha,991.41,1168.82,499.5,99.66,National Highways Authority of India [NHAI],False,2953.0,151.0,42.73540836056878,42.73540836056878,56.92459163943121,1,1,,-100.34,-56.92459163943121,,2.0,-2802.0,2953.0,151.0,1,1,1,0,0,0,0,0,0,1
619216,2026-04-01,"Multi-States(Haryana, Punjab)",1491.72,1122.86,644.11,71.11,National Highways Authority of India [NHAI],False,1066.0,365.0,57.363340042391755,57.363340042391755,13.746659957608244,1,1,,-128.89,-13.746659957608244,,2.0,-701.0,1066.0,365.0,1,1,1,0,0,0,0,0,0,1
619217,2026-04-01,"Multi-States (UttarPradesh,Uttarakhand)",1659.12,1622.49,822.5,97.64,National Highways Authority of India [NHAI],False,3012.0,762.0,50.69368686401765,50.69368686401765,46.94631313598235,1,1,,-102.36,-46.94631313598235,,2.0,-2250.0,3012.0,762.0,1,1,1,0,0,0,0,0,0,1
619218,2026-04-01,Karnataka,1364.14,1692.12,552.09,100.0,National Highways Authority of India [NHAI],False,2374.0,607.0,32.6271186440678,32.6271186440678,67.37288135593221,1,1,,-100.0,-67.37288135593221,,2.0,-1767.0,2374.0,607.0,1,1,1,0,0,0,0,0,0,1
619219,2026-04-01,Karnataka,1505.85,1989.89,656.52,99.97,National Highways Authority of India [NHAI],False,2374.0,607.0,32.992778495293706,32.992778495293706,66.97722150470629,1,1,,-100.03,-66.97722150470629,,2.0,-1767.0,2374.0,607.0,1,1,1,0,0,0,0,0,0,0
619220,2026-04-01,Karnataka,1444.5,1834.81,890.55,97.3,National Highways Authority of India [NHAI],False,1857.0,1124.0,48.53636071309836,48.53636071309836,48.763639286901636,1,1,,-67.91352313167259,-48.76363928690164,,1.652135231316726,-733.0,1857.0,1124.0,1,1,1,0,0,0,0,0,0,0
619222,2026-04-01,Tamil Nadu,467.99,699.68,450.86,97.92,National Highways Authority of India [NHAI],False,1308.0,184.0,64.43802881317174,64.43802881317174,33.48197118682826,1,1,,-102.08,-33.48197118682826,,2.0,-1124.0,1308.0,184.0,1,1,1,0,0,0,0,0,0,1
619223,2026-04-01,Maharashtra,13626.0,13626.0,55.4,4.4,Ministry of Petroleum & Natural Gas,False,335.0,0.0,0.4065756641714369,0.4065756641714369,3.9934243358285633,0,1,,,-3.9934243358285633,,,-335.0,335.0,0.0,0,0,0,0,0,0,0,0,0,0
619224,2026-04-01,Maharashtra,844.0,844.0,0.61,6.1,Ministry of Petroleum & Natural Gas,False,304.0,0.0,0.07227488151658767,0.07227488151658767,6.027725118483412,0,1,,,-6.027725118483412,,,-304.0,304.0,0.0,0,0,0,0,0,0,0,0,0,0
619225,2026-04-01,Maharashtra,260.2,260.2,0.0,0.0,Ministry of Petroleum & Natural Gas,False,365.0,0.0,0.0,0.0,0.0,0,1,,,0.0,,,-365.0,365.0,0.0,0,0,0,0,0,0,0,0,0,0
619226,2026-04-01,Andhra Pradesh,258.34,258.34,1.65,10.5,Ministry of Petroleum and Natural Gas,False,212.0,0.0,0.6386931950143222,0.6386931950143222,9.861306804985677,0,1,,,-9.861306804985675,,,-212.0,212.0,0.0,0,0,0,0,0,0,0,0,0,0
619227,2026-04-01,Maharashtra,1420.0,1420.0,2.84,0.5,Power Grid Corporation of India Limited [POWERGRID],False,31.0,0.0,0.2,0.2,0.3,0,0,,,-0.3,,,-31.0,31.0,0.0,0,0,0,0,0,0,0,0,0,0
619253,2026-04-01,Telangana,516.17,516.17,0.0,43.13,MoRTH,False,182.0,365.0,0.0,0.0,43.13,0,0,,-6.733013698630138,-43.13,,0.4986301369863014,183.0,182.0,365.0,0,0,0,0,0,0,0,0,0,0
619289,2026-04-01,Bihar,1659.81,1696.66,506.33,78.09,NHAI,False,1492.0,424.0,29.842749873280443,29.842749873280443,48.247250126719564,1,1,,-121.91,-48.24725012671957,,2.0,-1068.0,1492.0,424.0,1,1,1,0,0,0,0,0,0,1
619291,2026-04-01,"Multi-States(HimachalPradesh,Uttarakhand)",524.54,657.32,253.88,94.25,NHAI,False,1066.0,426.0,38.62350149090245,38.62350149090245,55.62649850909755,1,1,,-105.75,-55.62649850909755,,2.0,-640.0,1066.0,426.0,1,1,1,0,0,0,0,0,0,0
619292,2026-04-01,Uttarakhand,1092.9,1072.5,715.36,93.9,NHAI,False,1155.0,337.0,66.70023310023309,66.70023310023309,27.199766899766914,1,1,,-106.1,-27.199766899766917,,2.0,-818.0,1155.0,337.0,1,1,1,0,0,0,0,0,0,1
619293,2026-04-01,Uttarakhand,715.97,337.11,140.53,47.84,NHAI,False,365.0,487.0,41.68668980451485,41.68668980451485,6.153310195485155,1,1,,-27.10866529774127,-6.153310195485155,,0.7494866529774127,122.0,365.0,487.0,1,1,0,0,0,0,0,0,0,0
619294,2026-04-01,Uttarakhand,720.67,388.19,1.6,1.0,NHAI,False,59.0,276.0,0.41216929853937506,0.41216929853937506,0.587830701460625,1,1,,-20.3768115942029,-0.587830701460625,,0.213768115942029,217.0,59.0,276.0,1,1,0,0,0,0,0,0,0,0
619295,2026-04-01,Uttarakhand,742.43,664.92,0.45,0.0,NHAI,False,121.0,1034.0,0.0676773145641581,0.0676773145641581,-0.0676773145641581,1,1,,-11.702127659574469,0.0676773145641581,,0.1170212765957446,913.0,121.0,1034.0,1,0,0,0,0,0,0,0,0,0
619301,2026-04-01,Bihar,537.88,633.91,200.58,99.99,NHAI,False,2678.0,1979.0,31.641715700967016,31.641715700967016,68.34828429903298,1,1,,-35.33086912582114,-68.34828429903298,,1.3532086912582113,-699.0,2678.0,1979.0,1,1,1,0,0,0,0,0,0,0
619305,2026-04-01,Bihar,1769.5,2024.59,574.08,75.04,NHAI,False,1461.0,455.0,28.355370717034067,28.355370717034067,46.68462928296594,1,1,,-124.96,-46.68462928296594,,2.0,-1006.0,1461.0,455.0,1,1,1,0,0,0,0,0,0,1
619306,2026-04-01,Bihar,1020.84,1235.65,478.11,93.13,NHAI,False,1492.0,393.0,38.69299558936592,38.69299558936592,54.437004410634074,1,1,,-106.87,-54.43700441063408,,2.0,-1099.0,1492.0,393.0,1,1,1,0,0,0,0,0,0,1
619307,2026-04-01,"Multi-States(Bihar, Jharkhand)",1376.56,1481.58,493.65,91.16,NHAI,False,1339.0,546.0,33.31915927590815,33.31915927590815,57.84084072409185,1,1,,-108.84,-57.84084072409185,,2.0,-793.0,1339.0,546.0,1,1,1,0,0,0,0,0,0,1
619308,2026-04-01,Uttar Pradesh,836.24,835.74,808.7,98.92,NHAI,False,1643.0,334.0,96.76454399693685,96.76454399693685,2.1554560030631507,1,1,,-101.08,-2.1554560030631507,,2.0,-1309.0,1643.0,334.0,1,1,1,0,0,0,0,0,0,0
619311,2026-04-01,Arunachal Pradesh,14105.83,14105.8,187.16,0.0,THDC India Limited,False,0.0,0.0,1.3268300982574543,1.3268300982574543,-1.3268300982574543,1,0,,,1.3268300982574543,,,0.0,0.0,0.0,0,0,0,0,0,0,0,0,0,0
619312,2026-04-01,Uttar Pradesh,186.0,186.0,92.47,54.0,MinistryofPetroleumNaturalGas,False,212.0,0.0,49.71505376344086,49.71505376344086,4.2849462365591435,0,1,,,-4.284946236559144,,,-212.0,212.0,0.0,0,0,0,0,0,0,0,0,0,0
619313,2026-04-01,Maharashtra,483.14,483.14,287.79,57.9,MinistryofPetroleumNaturalGas,False,1066.0,0.0,59.56658525479158,59.56658525479158,-1.6665852547915847,0,1,,,1.6665852547915847,,,-1066.0,1066.0,0.0,0,0,0,0,0,0,0,0,0,1
619314,2026-04-01,Offshore,6175.0,6175.0,520.71,11.3,Ministry of Petroleum & Natural Gas,False,243.0,0.0,8.432550607287451,8.432550607287451,2.8674493927125493,0,0,,,-2.8674493927125493,,,-243.0,243.0,0.0,0,0,0,0,0,0,0,0,0,0
619316,2026-04-01,Assam,495.59,495.59,18.04,5.7,Ministry of Petroleum & Natural Gas,False,182.0,0.0,3.64010573256119,3.64010573256119,2.05989426743881,0,1,,,-2.05989426743881,,,-182.0,182.0,0.0,0,0,0,0,0,0,0,0,0,0
619317,2026-04-01,Bihar,2723.39,2906.78,26.74,99.45,NHAI,False,5722.0,,0.9199182600678414,0.9199182600678414,98.53008173993216,1,1,,,-98.53008173993216,,,,5722.0,,0,0,0,0,0,0,0,0,0,1
619318,2026-04-01,Punjab,1368.91,1382.48,487.99,15.31,National Highways Authority of India [NHAI],False,1217.0,579.0,35.298159828713615,35.298159828713615,-19.988159828713613,1,1,,-184.69,19.988159828713613,,2.0,-638.0,1217.0,579.0,1,1,1,0,0,1,1,0,0,0
619320,2026-04-01,Bihar,2290.72,2311.1,468.71,100.0,NHAI,False,5449.0,,20.280818657782007,20.280818657782007,79.719181342218,1,1,,,-79.719181342218,,,,5449.0,,0,0,0,0,0,0,0,0,0,0
701101,2026-04-01,Bihar,1216.9,1216.9,1200.67,98.22,Airport Authority of India [AAI],False,2739.0,0.0,98.66628317856849,98.66628317856849,-0.44628317856849264,0,1,,,0.4462831785684926,,,-2739.0,2739.0,0.0,0,0,0,0,0,0,0,0,0,1
701105,2026-04-01,Goa,255.69,255.69,156.7,100.0,Airport Authority of India [AAI],False,2313.0,760.0,61.28514998631155,61.28514998631155,38.71485001368845,0,1,,-100.0,-38.71485001368845,,2.0,-1553.0,2313.0,760.0,1,1,1,0,0,0,0,0,0,0
701107,2026-04-01,Andhra Pradesh,611.8,611.8,523.14,87.2,Airport Authority of India [AAI],False,2038.0,92.0,85.50833605753515,85.50833605753515,1.6916639424648565,0,1,,-112.8,-1.6916639424648563,,2.0,-1946.0,2038.0,92.0,1,1,1,0,0,0,0,0,0,0
701113,2026-04-01,Uttar Pradesh,2869.65,2869.65,572.04,27.0,Airport Authority of India [AAI],False,639.0,0.0,19.934138309549944,19.934138309549944,7.065861690450056,0,1,,,-7.065861690450056,,,-639.0,639.0,0.0,0,0,0,0,0,0,0,0,0,0
701121,2026-04-01,Andhra Pradesh,347.15,347.15,170.79,90.0,Airport Authority of India [AAI],False,974.0,243.0,49.19775313265159,49.19775313265159,40.80224686734841,0,1,,-110.0,-40.80224686734841,,2.0,-731.0,974.0,243.0,1,1,1,0,0,0,0,0,0,1
701122,2026-04-01,Uttar Pradesh,579.0,579.0,197.61,40.03,Airport Authority of India [AAI],False,639.0,30.0,34.12953367875648,34.12953367875648,5.90046632124352,0,1,,-159.97,-5.90046632124352,,2.0,-609.0,639.0,30.0,1,1,1,0,0,1,0,0,0,0
701126,2026-04-01,Gujarat,1305.0,1551.0,896.82,82.0,Airport Authority of India [AAI],False,1370.0,30.0,57.822050290135394,57.822050290135394,24.177949709864606,1,1,,-118.0,-24.17794970986461,,2.0,-1340.0,1370.0,30.0,1,1,1,0,0,0,0,0,0,1
701127,2026-04-01,Rajasthan,480.0,480.0,339.96,97.35,Airport Authority of India [AAI],False,1066.0,334.0,70.82499999999999,70.82499999999999,26.525000000000006,0,1,,-102.65,-26.52500000000001,,2.0,-732.0,1066.0,334.0,1,1,1,0,0,0,0,0,0,1
701128,2026-04-01,Rajasthan,887.0,887.0,523.61,68.71,Airport Authority of India [AAI],False,882.0,153.0,59.0315670800451,59.0315670800451,9.678432919954894,0,1,,-131.29000000000002,-9.678432919954894,,2.0,-729.0,882.0,153.0,1,1,1,0,0,0,0,0,0,0
701167,2026-04-01,"Jammu andKashmir",1828.0,2160.84,1545.05,76.0,PMSSY AND Institute of NATIONAL Importance,False,2588.0,59.0,71.50228614797949,71.50228614797949,4.49771385202051,1,1,,-124.0,-4.49771385202051,,2.0,-2529.0,2588.0,59.0,1,1,1,0,0,0,0,0,0,0
701168,2026-04-01,Tamil Nadu,1264.0,2021.51,485.02,48.0,PMSSY AND Institute of NATIONAL Importance,False,2678.0,0.0,23.992955760792675,23.992955760792675,24.007044239207325,1,1,,,-24.007044239207325,,,-2678.0,2678.0,0.0,0,0,0,0,0,0,0,0,0,0
701170,2026-04-01,Gujarat,1195.0,1195.0,775.6,93.7,PMSSY AND Institute of NATIONAL Importance,False,2647.0,0.0,64.90376569037657,64.90376569037657,28.79623430962343,0,1,,,-28.79623430962343,,,-2647.0,2647.0,0.0,0,0,0,0,0,0,0,0,0,1
701171,2026-04-01,Telangana,1028.0,1365.95,989.98,87.21,PMSSY AND Institute of NATIONAL Importance,False,1370.0,1308.0,72.47556645558036,72.47556645558036,14.73443354441963,1,1,,-17.530061162079505,-14.73443354441963,,1.047400611620795,-62.0,1370.0,1308.0,1,0,0,0,0,0,0,0,0,0
701172,2026-04-01,Bihar,1264.0,1264.0,0.0,0.0,PMSSY AND Institute of NATIONAL Importance,False,2038.0,0.0,0.0,0.0,0.0,0,0,,,0.0,,,-2038.0,2038.0,0.0,0,0,0,0,0,0,0,0,0,0
701173,2026-04-01,Haryana,1299.0,1646.43,651.42,57.2,PMSSY AND Institute of NATIONAL Importance,False,2616.0,0.0,39.565605582988645,39.565605582988645,17.634394417011357,1,1,,,-17.634394417011357,,,-2616.0,2616.0,0.0,0,0,0,0,0,0,0,0,0,0
701228,2026-04-01,"Multi-States(Karnataka,Kerala, TamilNadu)",2915.0,5909.0,4790.3,96.6,Ministry of Petroleum & Natural Gas,False,6148.0,0.0,81.06786258250128,81.06786258250128,15.532137417498717,1,1,,,-15.532137417498715,,,-6148.0,6148.0,0.0,0,0,0,0,0,0,0,0,0,0
701263,2026-04-01,Rajasthan,43129.0,79459.0,69202.21,91.9,MinistryofPetroleumNaturalGas,False,3104.0,0.0,87.0917202582464,87.0917202582464,4.8082797417536085,1,1,,,-4.8082797417536085,,,-3104.0,3104.0,0.0,0,0,0,0,0,0,0,0,0,0
701289,2026-04-01,Haryana,34627.0,36225.0,27035.45,93.2,Ministry of Petroleum & Natural Gas,False,1885.0,0.0,74.63202208419601,74.63202208419601,18.567977915803993,1,1,,,-18.567977915803997,,,-1885.0,1885.0,0.0,0,0,0,0,0,0,0,0,0,0
701324,2026-04-01,Bihar,14810.0,16724.0,12872.04,90.9,Ministry of Petroleum & Natural Gas,False,2282.0,0.0,76.96747189667545,76.96747189667545,13.932528103324557,1,1,,,-13.932528103324556,,,-2282.0,2282.0,0.0,0,0,0,0,0,0,0,0,0,1
701329,2026-04-01,Gujarat,18936.0,17825.0,13579.35,88.3,Ministry of Petroleum & Natural Gas,False,2038.0,0.0,76.18148667601683,76.18148667601683,12.118513323983166,1,1,,,-12.118513323983166,,,-2038.0,2038.0,0.0,0,0,0,0,0,0,0,0,0,1
701330,2026-04-01,"Multi-States(Gujarat, Haryana,Punjab,Rajasthan)",7392.0,7392.0,6354.05,90.2,Ministry of Petroleum & Natural Gas,False,5388.0,0.0,85.95846861471863,85.95846861471863,4.241531385281377,0,1,,,-4.241531385281377,,,-5388.0,5388.0,0.0,0,0,0,0,0,0,0,0,0,1
701338,2026-04-01,"Multi-States(Karnataka,Maharashtra)",5535.0,5535.0,4230.6,47.0,Ministry of Petroleum & Natural Gas,False,7395.0,0.0,76.43360433604337,76.43360433604337,-29.433604336043373,0,1,,,29.433604336043373,,,-7395.0,7395.0,0.0,0,0,0,0,0,0,1,1,0,1
701343,2026-04-01,"Multi-States(Andhra Pradesh,Odisha)",2658.34,2810.0,2315.2,97.6,Ministry of Petroleum & Natural Gas,False,2404.0,0.0,82.39145907473309,82.39145907473309,15.208540925266902,1,1,,,-15.208540925266902,,,-2404.0,2404.0,0.0,0,0,0,0,0,0,0,0,0,0
701344,2026-04-01,"Multi-States(Odisha, WestBengal)",1030.65,1125.0,916.9,93.7,Ministry of Petroleum & Natural Gas,False,2222.0,0.0,81.50222222222222,81.50222222222222,12.197777777777787,1,1,,,-12.197777777777787,,,-2222.0,2222.0,0.0,0,0,0,0,0,0,0,0,0,0
701346,2026-04-01,"Multi-States(ArunachalPradesh, Assam,Manipur,Meghalaya,Mizoram,Nagaland, Sikkim,Tripura, WestBengal)",9265.0,9265.0,6877.97,87.6,Ministry of Petroleum & Natural Gas,False,2191.0,0.0,74.23604964921748,74.23604964921748,13.363950350782517,0,1,,,-13.363950350782517,,,-2191.0,2191.0,0.0,0,0,0,0,0,0,0,0,0,0
701349,2026-04-01,"Multi-States(Assam, Bihar,Jharkhand,Odisha, WestBengal)",10228.0,11407.0,10912.42,92.4,Ministry of Petroleum & Natural Gas,False,2647.0,0.0,95.6642412553695,95.6642412553695,-3.264241255369498,1,1,,,3.264241255369498,,,-2647.0,2647.0,0.0,0,0,0,0,0,0,0,0,0,0
701370,2026-04-01,Assam,256.16,256.16,44.7,55.44,"Department of Water Resources, River Development & GR",False,10713.0,244.0,17.45003123048095,17.45003123048095,37.98996876951905,0,1,,-144.56,-37.98996876951905,,2.0,-10469.0,10713.0,244.0,1,1,1,0,0,0,0,0,0,0
701372,2026-04-01,Gujarat,20718.17,33412.5,31860.86,93.7,"Narmada and Water Resources, Water Supply and Kalpsar Department-GJ",False,10957.0,0.0,95.35610924055369,95.35610924055369,-1.6561092405536897,1,1,,,1.6561092405536897,,,-10957.0,10957.0,0.0,0,0,0,0,0,0,0,0,0,0
701376,2026-04-01,Jharkhand,3807.77,9579.58,5999.8,70.0,Department of Water Resources-JH,False,5204.0,275.0,62.63113831712873,62.63113831712873,7.36886168287127,1,1,,-130.0,-7.36886168287127,,2.0,-4929.0,5204.0,275.0,1,1,1,0,0,0,0,0,0,0
701377,2026-04-01,Karnataka,770.16,1606.07,1515.6,99.32,Water Resources-KA,False,4383.0,0.0,94.3669952119148,94.3669952119148,4.953004788085195,1,1,,,-4.953004788085195,,,-4383.0,4383.0,0.0,0,0,0,0,0,0,0,0,0,0
701383,2026-04-01,Maharashtra,1058.99,1758.51,1557.82,89.57,Department of water resources-MH - II,False,10957.0,0.0,88.58749736993249,88.58749736993249,0.9825026300675006,1,1,,,-0.9825026300675006,,,-10957.0,10957.0,0.0,0,0,0,0,0,0,0,0,0,1
701386,2026-04-01,Maharashtra,7196.47,12770.1,14339.36,72.65,Department of water resources-MH - II,False,6574.0,0.0,112.28854903250563,100.0,-27.349999999999994,1,1,,,39.63854903250562,,,-6574.0,6574.0,0.0,0,0,0,0,0,0,1,1,1,0
701391,2026-04-01,Maharashtra,210.45,1472.14,1734.71,98.1,Department of water resources-MH - II,False,5934.0,275.0,117.83593951662206,100.0,-1.9000000000000057,1,1,,-101.9,19.735939516622068,,2.0,-5659.0,5934.0,275.0,1,1,1,0,0,0,1,0,0,0
701395,2026-04-01,Uttar Pradesh,219.9,219.9,115.2,31.5,"Department of Water Resources, River Development & GR",False,6696.0,244.0,52.38744884038199,52.38744884038199,-20.887448840381992,0,0,,-168.5,20.887448840381992,,2.0,-6452.0,6696.0,244.0,1,1,1,0,0,1,1,1,0,0
701396,2026-04-01,Maharashtra,255.97,1480.7,1516.11,65.0,Department of water resources-MH - II,False,6574.0,0.0,102.39143648274465,100.0,-35.0,1,1,,,37.39143648274465,,,-6574.0,6574.0,0.0,0,0,0,0,0,0,1,1,1,0
701398,2026-04-01,Maharashtra,211.46,781.85,626.06,72.59,Department of water resources-MH - II,False,6209.0,0.0,80.07418302743491,80.07418302743491,-7.484183027434909,1,1,,,7.484183027434909,,,-6209.0,6209.0,0.0,0,0,0,0,0,0,0,0,0,1
701399,2026-04-01,Chhattisgarh,382.29,382.29,249.06,86.31,"Department of Water Resources, River Development & GR",False,5965.0,244.0,65.14949383975515,65.14949383975515,21.16050616024485,0,1,,-113.69,-21.16050616024485,,2.0,-5721.0,5965.0,244.0,1,1,1,0,0,0,0,0,0,0
701400,2026-04-01,Manipur,1449.44,1822.24,1837.91,98.9,Water Resources Department-MN,False,10592.0,0.0,100.85993063482309,100.0,-1.0999999999999943,1,1,,,1.9599306348230807,,,-10592.0,10592.0,0.0,0,0,0,0,0,0,0,0,0,1
701402,2026-04-01,Odisha,3055.88,7023.19,8060.82,95.5,"Department of Water Resources, River Development & GR",False,10317.0,762.0,114.77434043504448,100.0,-4.5,1,1,,-104.5,19.27434043504448,,2.0,-9555.0,10317.0,762.0,1,1,1,0,0,0,1,0,0,0
701404,2026-04-01,Odisha,989.43,2301.28,2804.16,79.5,Irrigation and CAD-TG,False,8126.0,275.0,121.85218660919139,100.0,-20.5,1,1,,-120.5,42.35218660919139,,2.0,-7851.0,8126.0,275.0,1,1,1,0,0,0,1,1,1,0
701405,2026-04-01,Telangana,8200.71,14730.0,4784.54,87.7,Irrigation and CAD-TG,False,7305.0,0.0,32.4816021724372,32.4816021724372,55.218397827562804,1,1,,,-55.2183978275628,,,-7305.0,7305.0,0.0,0,0,0,0,0,0,0,0,0,0
701406,2026-04-01,Telangana,1402.0,2509.66,1839.76,100.0,Irrigation and CAD-TG,False,6665.0,275.0,73.30714120637856,73.30714120637856,26.69285879362144,1,1,,-100.0,-26.69285879362144,,2.0,-6390.0,6665.0,275.0,1,1,1,0,0,0,0,0,0,0
701408,2026-04-01,Uttar Pradesh,1060.67,4417.21,4575.74,82.39,Irrigation & Water Resources-UP,False,6574.0,0.0,103.58891698606134,100.0,-17.61,1,1,,,21.19891698606133,,,-6574.0,6574.0,0.0,0,0,0,0,0,0,1,1,0,0
701410,2026-04-01,Punjab,1441.26,2462.16,2222.34,90.0,Department of Water Resources-PB,False,2922.0,790.0,90.25977190759335,90.25977190759335,-0.2597719075933469,1,1,,-110.0,0.2597719075933469,,2.0,-2132.0,2922.0,790.0,1,1,1,0,0,0,0,0,0,0
701411,2026-04-01,Punjab,2285.81,2715.7,2201.94,88.0,Department of Water Resources-PB,False,2922.0,2981.0,81.08185734801341,81.08185734801341,6.918142651986585,1,1,,-10.02079838980208,-6.918142651986585,,0.9802079838980208,59.0,2922.0,2981.0,1,0,0,0,0,0,0,0,0,0
701412,2026-04-01,"Multi-States(Bihar, Jharkhand)",1622.27,2430.76,172.97,38.0,"Department of Water Resources, River Development & GR",False,1916.0,1249.0,7.115881452714377,7.115881452714377,30.884118547285624,1,1,,-115.4027221777422,-30.884118547285624,,1.534027221777422,-667.0,1916.0,1249.0,1,1,1,0,0,1,0,0,0,0
701415,2026-04-01,Andhra Pradesh,10151.04,55548.9,26674.77,86.14,Water Resources-AP,False,5995.0,304.0,48.02033883659262,48.02033883659262,38.11966116340738,1,1,,-113.86,-38.11966116340738,,2.0,-5691.0,5995.0,304.0,1,1,1,0,0,0,0,0,0,0
701530,2026-04-01,"Multi-States(Madhya Pradesh,Uttar Pradesh)",21030.0,21030.0,8530.86,0.0,"Department of Water Resources, River Development,",False,1492.0,,40.56519258202568,40.56519258202568,-40.56519258202568,0,0,,,40.56519258202568,,,,1492.0,,0,0,0,0,0,0,1,1,1,0
701570,2026-04-01,Gujarat,171.0,211.61,149.5,91.0,Deendayal Port Trust [DPT],False,1673.0,0.0,70.64883512121355,70.64883512121355,20.35116487878645,1,1,,,-20.35116487878645,,,-1673.0,1673.0,0.0,0,0,0,0,0,0,0,0,0,0
701574,2026-04-01,Odisha,3004.63,3004.63,2117.12,70.0,Paradip Port Trust [PPT],False,1186.0,245.0,70.4619204361269,70.4619204361269,-0.4619204361269027,0,1,,-130.0,0.4619204361269027,,2.0,-941.0,1186.0,245.0,1,1,1,0,0,0,0,0,0,1
701593,2026-04-01,PAN India,28466.0,19592.0,8471.19,98.23,Department of Telecommunications [DoT],False,1977.0,0.0,43.238005308289104,43.238005308289104,54.9919946917109,1,1,,,-54.9919946917109,,,-1977.0,1977.0,0.0,0,0,0,0,0,0,0,0,0,0
701597,2026-04-01,"Multi-States(ArunachalPradesh, Assam)",1255.49,1255.49,332.43,99.43,Department of Telecommunications,False,1643.0,304.0,26.47810814900955,26.47810814900955,72.95189185099045,0,1,,-100.57,-72.95189185099045,,2.0,-1339.0,1643.0,304.0,1,1,1,0,0,0,0,0,0,1
701598,2026-04-01,Meghalaya,971.96,971.96,232.79,99.84,Department of Telecommunications,False,2038.0,366.0,23.95057409769949,23.95057409769949,75.88942590230052,0,1,,-100.16,-75.88942590230052,,2.0,-1672.0,2038.0,366.0,1,1,1,0,0,0,0,0,0,1
701599,2026-04-01,"Multi-States(Andhra Pradesh,Bihar,Chhattisgarh,Jharkhand,Madhya Pradesh,Maharashtra,Odisha,Telangana, UttarPradesh, WestBengal)",1577.57,1577.57,701.66,88.0,Department of Telecommunications [DoT],False,1673.0,1219.0,44.477265668084456,44.477265668084456,43.522734331915544,0,1,,-49.24364232977851,-43.52273433191554,,1.372436423297785,-454.0,1673.0,1219.0,1,1,1,0,0,0,0,0,0,1
701602,2026-04-01,"Multi-States(Andhra Pradesh,Chhattisgarh,Jharkhand,Maharashtra,Odisha)",3685.0,3685.0,1457.51,83.0,Department of Telecommunications [DoT],False,1431.0,181.0,39.55251017639077,39.55251017639077,43.44748982360923,0,1,,-117.0,-43.44748982360923,,2.0,-1250.0,1431.0,181.0,1,1,1,0,0,0,0,0,0,1
701657,2026-04-01,Karnataka,1701.81,1701.81,278.35,23.18,National Highways & Infrastructure Development Corporation Ltd. [NHIDCL],False,1155.0,792.0,16.356114959954404,16.356114959954404,6.823885040045596,0,0,,-122.65333333333332,-6.823885040045596,,1.4583333333333333,-363.0,1155.0,792.0,1,1,1,0,0,1,0,0,0,1
701658,2026-04-01,Andhra Pradesh,2139.44,2139.44,814.26,39.14,National Industrial Corridor Development Corporation,False,790.0,1157.0,38.05949220356729,38.05949220356729,1.0805077964327126,0,0,,-29.1400345721694,-1.0805077964327126,,0.682800345721694,367.0,790.0,1157.0,1,1,0,0,0,0,0,0,0,0
701668,2026-04-01,Kerala,3805.0,3805.0,0.0,1.0,National Industrial Corridor Development Corporation,False,182.0,426.0,0.0,0.0,1.0,0,0,,-41.72300469483568,-1.0,,0.4272300469483568,244.0,182.0,426.0,1,1,1,0,0,0,0,0,0,0
701719,2026-04-01,Gujarat,539.0,539.0,599.76,98.5,ministry of housing and urban affairs,False,3591.0,121.0,111.27272727272728,100.0,-1.5,0,1,,-101.5,12.77272727272728,,2.0,-3470.0,3591.0,121.0,1,1,1,0,0,0,1,0,0,1
701745,2026-04-01,Maharashtra,262.76,262.76,17.62,6.0,ministry of housing and urban affairs,False,2588.0,334.0,6.705739077485158,6.705739077485158,-0.7057390774851582,0,0,,-194.0,0.7057390774851582,,2.0,-2254.0,2588.0,334.0,1,1,1,0,0,1,0,0,0,0
701991,2026-04-01,Maharashtra,600.0,723.7,492.82,82.0,ministry of housing and urban affairs,False,2100.0,822.0,68.09727787757357,68.09727787757357,13.902722122426425,1,1,,-118.0,-13.902722122426423,,2.0,-1278.0,2100.0,822.0,1,1,1,0,0,0,0,0,0,1
702625,2026-04-01,Madhya Pradesh,6941.4,6941.4,4259.25,59.94,Madhya Pradesh Metro Rail Co Limited [MPMRCL],False,2708.0,0.0,61.36010026795747,61.36010026795747,-1.4201002679574728,0,1,,,1.4201002679574728,,,-2708.0,2708.0,0.0,0,0,0,0,0,0,0,0,0,0
702626,2026-04-01,Madhya Pradesh,7500.8,7500.8,4923.05,64.15,Madhya Pradesh Metro Rail Co Limited [MPMRCL],False,2708.0,0.0,65.63366574232083,65.63366574232083,-1.4836657423208237,0,1,,,1.4836657423208237,,,-2708.0,2708.0,0.0,0,0,0,0,0,0,0,0,0,0
702627,2026-04-01,Bihar,13365.77,13365.8,5197.09,50.0,Patna Metro Rail Corporation Ltd. [PMRCL],False,2616.0,0.0,38.8834936928579,38.8834936928579,11.116506307142103,1,1,,,-11.116506307142105,,,-2616.0,2616.0,0.0,0,0,0,0,0,0,0,0,0,0
702628,2026-04-01,Uttar Pradesh,11076.48,11076.5,9101.15,80.9,Uttar Pradesh metro rail corporation [UPMRC],False,2343.0,184.0,82.16629801832708,82.16629801832708,-1.2662980183270776,1,1,,-119.1,1.2662980183270776,,2.0,-2159.0,2343.0,184.0,1,1,1,0,0,0,0,0,0,0
702630,2026-04-01,Gujarat,12020.32,12020.3,8929.65,79.5,Gujarat Metro Rail Corporation Limited [GMRCL],False,2557.0,31.0,74.28807933246259,74.28807933246259,5.211920667537413,1,1,,-120.5,-5.211920667537413,,2.0,-2526.0,2557.0,31.0,1,1,1,0,0,0,0,0,0,1
702632,2026-04-01,Delhi,24948.65,24948.7,20350.75,80.56,Delhi Metro Rail Corporation Limited [DMRC],False,2466.0,0.0,81.57038242473556,81.57038242473556,-1.0103824247355533,1,1,,,1.0103824247355533,,,-2466.0,2466.0,0.0,0,0,0,0,0,0,0,0,0,0
702635,2026-04-01,Karnataka,26405.14,30695.1,29802.97,95.5,Bengaluru Metro Rail,False,3712.0,730.0,97.09357519604107,97.09357519604107,-1.5935751960410727,1,1,,-104.5,1.593575196041073,,2.0,-2982.0,3712.0,730.0,1,1,1,0,0,0,0,0,0,0
702637,2026-04-01,Maharashtra,23136.0,37276.0,33526.69,97.79,Mumbai Metro Rail Corporation Limited [MMRC],False,3591.0,1066.0,89.94175877240048,89.94175877240048,7.84824122759953,1,1,,-102.21,-7.84824122759953,,2.0,-2525.0,3591.0,1066.0,1,1,1,0,0,0,0,0,0,0
702658,2026-04-01,Maharashtra,6708.0,6708.0,1912.03,38.0,Maharashtra Metro Rail Corporation Limited [MMRCL],False,1217.0,0.0,28.503726893261778,28.503726893261778,9.496273106738222,0,0,,,-9.496273106738222,,,-1217.0,1217.0,0.0,0,0,0,0,0,0,0,0,0,0
702664,2026-04-01,Kerala,1957.05,1957.05,746.33,36.17,CSPCC Projects,False,1247.0,0.0,38.135458981630514,38.135458981630514,-1.965458981630512,0,1,,,1.965458981630512,,,-1247.0,1247.0,0.0,0,0,0,0,0,0,0,0,0,0
702665,2026-04-01,Karnataka,14788.1,14788.1,10276.44,65.0,Bengaluru Metro Rail,False,2647.0,-882.0,69.49128015093217,69.49128015093217,-4.49128015093217,0,1,,,4.49128015093217,,,-3529.0,2647.0,-882.0,0,0,0,0,0,0,0,0,0,0
702668,2026-04-01,Tamil Nadu,63246.0,63246.0,33129.33,52.55,Chennai Metro Rail Limited [CMRL],False,1977.0,-1430.0,52.3817000284603,52.3817000284603,0.168299971539696,0,0,,,-0.168299971539696,,,-3407.0,1977.0,-1430.0,0,0,0,0,0,0,0,0,0,0
702674,2026-04-01,Andhra Pradesh,172.22,172.22,88.86,82.0,Ministry of Housing & Urban Affairs,False,2831.0,515.0,51.59679479735222,51.59679479735222,30.403205202647783,0,1,,-118.0,-30.403205202647783,,2.0,-2316.0,2831.0,515.0,1,1,1,0,0,0,0,0,0,1
702699,2026-04-01,Bihar,158.78,158.78,135.72,84.0,Ministry of Housing & Urban Affairs,False,2616.0,822.0,85.47676029726665,85.47676029726665,-1.476760297266651,0,1,,-116.0,1.476760297266651,,2.0,-1794.0,2616.0,822.0,1,1,1,0,0,0,0,0,0,0
702734,2026-04-01,Haryana,278.01,278.01,228.49,88.0,Ministry of Housing & Urban Affairs,False,3073.0,245.0,82.18769109024856,82.18769109024856,5.812308909751437,0,1,,-112.0,-5.812308909751437,,2.0,-2828.0,3073.0,245.0,1,1,1,0,0,0,0,0,0,0
702741,2026-04-01,Jharkhand,216.55,216.55,129.16,76.0,Ministry of Housing & Urban Affairs,False,2678.0,668.0,59.644423920572606,59.644423920572606,16.355576079427394,0,1,,-124.0,-16.355576079427394,,2.0,-2010.0,2678.0,668.0,1,1,1,0,0,0,0,0,0,0
702742,2026-04-01,Jharkhand,159.31,159.31,87.5,67.0,Ministry of Housing & Urban Affairs,False,2678.0,668.0,54.92436130814136,54.92436130814136,12.075638691858643,0,1,,-133.0,-12.075638691858645,,2.0,-2010.0,2678.0,668.0,1,1,1,0,0,0,0,0,0,0
702746,2026-04-01,Jharkhand,278.28,278.28,186.5,81.0,Ministry of Housing & Urban Affairs,False,2678.0,668.0,67.01882995544057,67.01882995544057,13.981170044559434,0,1,,-119.0,-13.981170044559434,,2.0,-2010.0,2678.0,668.0,1,1,1,0,0,0,0,0,0,0
702760,2026-04-01,Karnataka,162.73,162.73,79.5,80.0,Ministry of Housing & Urban Affairs,False,3469.0,305.0,48.85392982240521,48.85392982240521,31.146070177594787,0,1,,-120.0,-31.146070177594787,,2.0,-3164.0,3469.0,305.0,1,1,1,0,0,0,0,0,0,0
702793,2026-04-01,Madhya Pradesh,287.17,287.17,252.5,99.0,Ministry of Housing & Urban Affairs,False,3073.0,335.0,87.92701187449941,87.92701187449941,11.072988125500586,0,1,,-101.0,-11.072988125500586,,2.0,-2738.0,3073.0,335.0,1,1,1,0,0,0,0,0,0,0
702808,2026-04-01,Madhya Pradesh,191.56,215.89,200.32,96.0,Ministry of Housing & Urban Affairs,False,3408.0,396.0,92.78799388577517,92.78799388577517,3.2120061142248346,1,1,,-104.0,-3.2120061142248346,,2.0,-3012.0,3408.0,396.0,1,1,1,0,0,0,0,0,0,1
702810,2026-04-01,Madhya Pradesh,402.01,438.1,357.68,90.0,Ministry of Housing & Urban Affairs,False,3073.0,549.0,81.6434603971696,81.6434603971696,8.356539602830395,1,1,,-110.0,-8.356539602830395,,2.0,-2524.0,3073.0,549.0,1,1,1,0,0,0,0,0,0,1
702833,2026-04-01,Maharashtra,194.2,194.2,136.56,75.0,Ministry of Housing & Urban Affairs,False,2404.0,1157.0,70.31925849639548,70.31925849639548,4.680741503604523,0,1,,-125.0,-4.680741503604523,,2.0,-1247.0,2404.0,1157.0,1,1,1,0,0,0,0,0,0,1
702851,2026-04-01,Maharashtra,235.95,235.95,220.77,95.0,Ministry of Housing & Urban Affairs,False,3196.0,122.0,93.56643356643357,93.56643356643357,1.4335664335664262,0,1,,-105.0,-1.4335664335664262,,2.0,-3074.0,3196.0,122.0,1,1,1,0,0,0,0,0,0,1
702949,2026-04-01,Uttar Pradesh,561.74,561.74,500.04,95.0,Ministry of Housing & Urban Affairs,False,2496.0,822.0,89.0162708726457,89.0162708726457,5.9837291273542945,0,1,,-105.0,-5.983729127354295,,2.0,-1674.0,2496.0,822.0,1,1,1,0,0,0,0,0,0,1
702958,2026-04-01,Uttar Pradesh,142.46,173.21,152.65,95.0,Ministry of Housing & Urban Affairs,False,2527.0,,88.13001558801454,88.13001558801454,6.869984411985456,1,1,,,-6.869984411985456,,,,2527.0,,0,0,0,0,0,0,0,0,0,1
703021,2026-04-01,Punjab,258.53,266.64,161.02,58.0,Ministry of Housing & Urban Affairs,False,2069.0,1369.0,60.3885388538854,60.3885388538854,-2.3885388538854,1,1,,-93.13221329437545,2.3885388538854,,1.5113221329437545,-700.0,2069.0,1369.0,1,1,1,0,0,0,0,0,0,1
703057,2026-04-01,Punjab,287.0,287.0,213.64,99.0,Ministry of Housing & Urban Affairs,False,2069.0,1369.0,74.4390243902439,74.4390243902439,24.5609756097561,0,1,,-52.13221329437545,-24.5609756097561,,1.5113221329437545,-700.0,2069.0,1369.0,1,1,1,0,0,0,0,0,0,1
703585,2026-04-01,Karnataka,314.1,683.57,171.0,56.5,Karnataka Rail Infrastructure Development Company Limited [K-RIDE],False,2374.0,183.0,25.01572626066094,25.01572626066094,31.48427373933906,1,1,,-143.5,-31.48427373933906,,2.0,-2191.0,2374.0,183.0,1,1,1,0,0,0,0,0,0,0
703586,2026-04-01,"Multi-States(Karnataka, TamilNadu)",498.7,748.7,698.51,88.0,Karnataka Rail Infrastructure Development Company Limited [K-RIDE],False,2616.0,-59.0,93.29638039268065,93.29638039268065,-5.296380392680646,1,1,,,5.296380392680646,,,-2675.0,2616.0,-59.0,0,0,0,0,0,0,0,0,0,1
704495,2026-04-01,"Multi-States(Bihar, MadhyaPradesh,Rajasthan, UttarPradesh)",421.65,228.94,152.96,99.0,Department of Telecommunications [DoT],False,1857.0,456.0,66.812265222329,66.812265222329,32.187734777671,1,1,,-101.0,-32.187734777671,,2.0,-1401.0,1857.0,456.0,1,1,1,0,0,0,0,0,0,0
705237,2026-04-01,"Multi-States(Gujarat, Haryana,Maharashtra,Rajasthan, UttarPradesh)",51101.0,124005.0,124623.0,96.0,DFCCIL,False,5204.0,1430.0,100.49836700133059,100.0,-4.0,1,1,,-104.0,4.4983670013305925,,2.0,-3774.0,5204.0,1430.0,1,1,1,0,0,0,0,0,0,0
705244,2026-04-01,Tamil Nadu,520.0,520.0,192.25,0.0,CPM/ICF,False,2831.0,212.0,36.97115384615385,36.97115384615385,-36.97115384615385,0,0,,-200.0,36.97115384615385,,2.0,-2619.0,2831.0,212.0,1,1,1,0,0,1,1,1,1,0
705252,2026-04-01,Telangana,385.0,385.0,0.0,0.0,RVNL,False,3196.0,-62.0,0.0,0.0,0.0,0,0,,,0.0,,,-3258.0,3196.0,-62.0,0,0,0,0,0,0,0,0,0,0
705253,2026-04-01,Andhra Pradesh,563.0,560.72,949.34,75.0,South Central Railway [SCR] - II,False,4292.0,-670.0,169.30731916107862,100.0,-25.0,1,1,,,94.30731916107862,,,-4962.0,4292.0,-670.0,0,0,0,0,0,0,1,1,1,0
705298,2026-04-01,PAN India,274.39,274.39,0.0,48.0,RCIL,False,1096.0,1034.0,0.0,0.0,48.0,0,0,,-57.996131528046405,-48.0,,1.059961315280464,-62.0,1096.0,1034.0,1,1,1,0,0,1,0,0,0,0
705356,2026-04-01,Maharashtra,2538.67,4957.27,5180.78,98.0,Central Railway [CR] - II,False,8583.0,1369.0,104.50873162042818,100.0,-2.0,1,1,,-102.0,6.508731620428179,,2.0,-7214.0,8583.0,1369.0,1,1,1,0,0,0,0,0,0,1
705357,2026-04-01,Maharashtra,138.48,1843.9,1007.49,60.0,Central Railway,False,9893.0,-6210.0,54.63908021042355,54.63908021042355,5.3609197895764495,1,1,,,-5.3609197895764495,,,-16103.0,9893.0,-6210.0,0,0,0,0,0,0,0,0,0,0
705358,2026-04-01,Odisha,3792.0,5089.0,5671.96,92.0,East Coast Railway [ECoR] - II,False,9162.0,2557.0,111.45529573590096,100.0,-8.0,1,1,,-108.0,19.45529573590096,,2.0,-6605.0,9162.0,2557.0,1,1,1,0,0,0,1,0,0,0
705359,2026-04-01,Odisha,1928.0,1928.0,2120.08,56.0,East Coast Railway [ECoR] - II,False,7791.0,275.0,109.96265560165975,100.0,-44.0,0,1,,-144.0,53.96265560165975,,2.0,-7516.0,7791.0,275.0,1,1,1,0,0,0,1,1,1,0
705362,2026-04-01,Offshore,819.0,819.0,580.51,75.0,East Central Railway [ECR] - I,False,5510.0,-1614.0,70.88034188034187,70.88034188034187,4.119658119658126,0,1,,,-4.119658119658126,,,-7124.0,5510.0,-1614.0,0,0,0,0,0,0,0,0,0,0
705364,2026-04-01,Bihar,614.0,1384.16,491.2,55.7,East Central Railway [ECR] - I,False,9983.0,-7426.0,35.487226910183786,35.487226910183786,20.212773089816217,1,1,,,-20.212773089816217,,,-17409.0,9983.0,-7426.0,0,0,0,0,0,0,0,0,0,0
705366,2026-04-01,Bihar,2067.0,2087.0,2084.14,75.3,East Central Railway [ECR] - I,False,7852.0,-1095.0,99.86296118830857,99.86296118830857,-24.562961188308577,1,1,,,24.562961188308577,,,-8947.0,7852.0,-1095.0,0,0,0,0,0,0,1,1,0,0
705368,2026-04-01,Bihar,1605.0,2514.0,1711.89,46.7,East Central Railway [ECR] - I,False,6240.0,-3379.0,68.09427207637232,68.09427207637232,-21.394272076372317,1,1,,,21.39427207637232,,,-9619.0,6240.0,-3379.0,0,0,0,0,0,0,1,1,0,0
705373,2026-04-01,Bihar,1473.0,2882.0,2641.14,98.0,East Central Railway [ECR] - I,False,8797.0,-153.0,91.64260929909784,91.64260929909784,6.357390700902158,1,1,,,-6.357390700902158,,,-8950.0,8797.0,-153.0,0,0,0,0,0,0,0,0,0,1
705375,2026-04-01,"Multi-States(Bihar, Jharkhand)",1626.0,2486.62,2215.44,95.5,East Central Railway [ECR] - I,False,8797.0,-976.0,89.09443340759748,89.09443340759748,6.405566592402522,1,1,,,-6.405566592402522,,,-9773.0,8797.0,-976.0,0,0,0,0,0,0,0,0,0,0
705385,2026-04-01,"Multi-States(Bihar, Jharkhand)",2555.0,2555.0,1113.67,61.8,Eastern Railway [ER] - I,False,1492.0,2922.0,43.587866927592955,43.587866927592955,18.212133072407042,0,1,,10.739082819986308,-18.21213307240704,,0.5106091718001369,1430.0,1492.0,2922.0,0,0,0,0,0,0,0,0,0,0
705391,2026-04-01,Manipur,14323.0,21885.9,16020.78,72.1,Northeast Frontier Railway [NFR],False,6696.0,-1917.0,73.2013762285307,73.2013762285307,-1.101376228530711,1,1,,,1.101376228530711,,,-8613.0,6696.0,-1917.0,0,0,0,0,0,0,0,0,0,0
705392,2026-04-01,"Multi-States(Assam,Nagaland)",6663.0,6663.0,6282.3,43.0,Northeast Frontier Railway [NFR] - II,False,3712.0,184.0,94.28635749662314,94.28635749662314,-51.28635749662314,0,1,,-157.0,51.28635749662314,,2.0,-3528.0,3712.0,184.0,1,1,1,0,0,1,1,1,1,1
705394,2026-04-01,"Multi-States(Assam,Meghalaya)",1304.62,1304.62,1254.47,86.16,Northeast Frontier Railway [NFR],False,6971.0,-1249.0,96.15596878784628,96.15596878784628,-9.99596878784628,0,1,,,9.99596878784628,,,-8220.0,6971.0,-1249.0,0,0,0,0,0,0,0,0,0,0
705396,2026-04-01,Meghalaya,8324.28,8342.28,266.12,2.04,Northeast Frontier Railway [NFR],False,5875.0,-396.0,3.1900151996816213,3.1900151996816213,-1.1500151996816212,1,1,,,1.1500151996816212,,,-6271.0,5875.0,-396.0,0,0,0,0,0,0,0,0,0,0
705401,2026-04-01,"Multi-States(ArunachalPradesh, Assam)",435.0,1250.0,853.0,68.0,Northeast Frontier Railway [NFR] - II,False,1127.0,4411.0,68.24,68.24,-0.23999999999999488,1,1,,42.45023804126049,0.2399999999999948,,0.2554976195873951,3284.0,1127.0,4411.0,0,0,0,0,0,0,0,0,0,0
705410,2026-04-01,"Multi-States(HimachalPradesh, Punjab)",2018.0,2018.0,2384.29,84.0,Northen Railway [NR],False,14945.0,792.0,118.15113974231912,100.0,-16.0,0,1,,-116.0,34.15113974231912,,2.0,-14153.0,14945.0,792.0,1,1,1,0,0,0,1,1,1,0
705419,2026-04-01,"Multi-States(Madhya Pradesh,Rajasthan)",2913.0,2913.0,2213.55,92.0,North Central Railway,False,2831.0,2679.0,75.98867147270856,75.98867147270856,16.01132852729144,0,1,,-13.673758865248232,-16.01132852729144,,1.0567375886524824,-152.0,2831.0,2679.0,1,0,0,0,0,0,0,0,0,1
705424,2026-04-01,"Multi-States(Haryana,Himachal Pradesh)",1540.0,1540.13,590.11,43.0,Northen Railway [NR],False,2981.0,0.0,38.31559673534052,38.31559673534052,4.68440326465948,1,1,,,-4.68440326465948,,,-2981.0,2981.0,0.0,0,0,0,0,0,0,0,0,0,0
705428,2026-04-01,"Multi-States(HimachalPradesh, Punjab)",13447.0,13447.0,7558.16,63.0,RVNL - II,False,4018.0,2222.0,56.20703502639994,56.20703502639994,6.792964973600057,0,1,,-117.8280828082808,-6.792964973600057,,1.808280828082808,-1796.0,4018.0,2222.0,1,1,1,0,0,0,0,0,0,0
705429,2026-04-01,Uttarakhand,38953.0,38953.0,28286.15,74.0,RVNL - II,False,2800.0,638.0,72.61610145560034,72.61610145560034,1.3838985443996563,0,1,,-126.0,-1.3838985443996563,,2.0,-2162.0,2800.0,638.0,1,1,1,0,0,0,0,0,0,0
705432,2026-04-01,"Multi-States(Sikkim, WestBengal)",7877.0,11775.0,10770.42,93.0,Indian Railway Construction International Limited [IRCON],False,5814.0,212.0,91.46853503184713,91.46853503184713,1.531464968152875,1,1,,-107.0,-1.531464968152875,,2.0,-5602.0,5814.0,212.0,1,1,1,0,0,0,0,0,0,1
705433,2026-04-01,Chhattisgarh,1628.0,1628.0,1440.85,82.0,Rail Vikas Nigam Limited,False,5965.0,153.0,88.50429975429975,88.50429975429975,-6.504299754299751,0,1,,-118.0,6.504299754299751,,2.0,-5812.0,5965.0,153.0,1,1,1,0,0,0,0,0,0,0
705434,2026-04-01,Karnataka,2565.0,3034.98,2293.26,70.0,South Western Railway [SWR] - II,False,6179.0,426.0,75.56095921554673,75.56095921554673,-5.560959215546731,1,1,,-130.0,5.560959215546731,,2.0,-5753.0,6179.0,426.0,1,1,1,0,0,0,0,0,0,1
705436,2026-04-01,Andhra Pradesh,2501.0,2501.0,1417.65,30.01,South Central Railway [SCR] - II,False,4595.0,1645.0,56.68332666933227,56.68332666933227,-26.673326669332265,0,1,,-169.99,26.673326669332265,,2.0,-2950.0,4595.0,1645.0,1,1,1,0,0,1,1,1,0,0
705437,2026-04-01,Telangana,1160.0,2781.0,3040.86,72.01,South Central Railway [SCR] - II,False,3377.0,184.0,109.344120819849,100.0,-27.989999999999995,1,1,,-127.99,37.33412081984899,,2.0,-3193.0,3377.0,184.0,1,1,1,0,0,0,1,1,1,0
705444,2026-04-01,Chhattisgarh,4970.0,7448.52,5152.72,82.0,Indian Railway Construction International Limited [IRCON],False,4383.0,0.0,69.17776954347977,69.17776954347977,12.82223045652023,1,1,,,-12.82223045652023,,,-4383.0,4383.0,0.0,0,0,0,0,0,0,0,0,0,0
705450,2026-04-01,Bihar,402.0,486.0,369.28,86.26,Indian Railway Construction International Limited [IRCON],False,5569.0,214.0,75.9835390946502,75.9835390946502,10.276460905349808,1,1,,-113.74,-10.276460905349808,,2.0,-5355.0,5569.0,214.0,1,1,1,0,0,0,0,0,0,0
705453,2026-04-01,"Multi-States(Gujarat, MadhyaPradesh)",456.07,3516.77,4157.76,55.0,Western Railway [WR] - II,False,5052.0,0.0,118.22666822112338,100.0,-45.0,1,1,,,63.226668221123376,,,-5052.0,5052.0,0.0,0,0,0,0,0,0,1,1,1,0
705454,2026-04-01,"Multi-States(Gujarat, MadhyaPradesh)",1794.0,1794.0,1819.63,80.3,Western Railway [WR] - II,False,4473.0,1887.0,101.42865105908585,100.0,-19.700000000000003,0,1,,-119.7,21.12865105908585,,2.0,-2586.0,4473.0,1887.0,1,1,1,0,0,0,1,1,0,0
705457,2026-04-01,"Multi-States(Madhya Pradesh,Maharashtra)",1656.25,6499.86,4606.71,83.0,Western Railway [WR] - II,False,5875.0,699.0,70.87398805512734,70.87398805512734,12.126011944872658,1,1,,-117.0,-12.126011944872658,,2.0,-5176.0,5875.0,699.0,1,1,1,0,0,0,0,0,0,0
705458,2026-04-01,Gujarat,483.88,1039.13,716.47,45.0,Western Railway [WR] - II,False,3377.0,0.0,68.94902466486387,68.94902466486387,-23.94902466486387,1,1,,,23.94902466486387,,,-3377.0,3377.0,0.0,0,0,0,0,0,0,1,1,0,0
705464,2026-04-01,Karnataka,1382.78,1382.78,0.0,0.0,South Western Railway [SWR] - II,False,-91.0,10012.0,0.0,0.0,0.0,0,0,,0.0,0.0,,0.0,10103.0,-91.0,10012.0,0,0,0,0,0,0,0,0,0,0
705479,2026-04-01,Maharashtra,1886.0,1886.0,809.55,66.0,South East Central Railway,False,5144.0,-1887.0,42.92417815482503,42.92417815482503,23.07582184517497,0,1,,,-23.07582184517497,,,-7031.0,5144.0,-1887.0,0,0,0,0,0,0,0,0,0,0
705480,2026-04-01,Madhya Pradesh,8914.0,8914.0,6806.95,74.0,North Central Railway,False,10258.0,-3228.0,76.3624635404981,76.3624635404981,-2.362463540498098,0,1,,,2.362463540498098,,,-13486.0,10258.0,-3228.0,0,0,0,0,0,0,0,0,0,0
705481,2026-04-01,"Multi-States(Madhya Pradesh,Rajasthan)",3032.0,5073.0,4139.87,81.0,West Central Railway [WCR] - II,False,7852.0,1310.0,81.6059530849596,81.6059530849596,-0.6059530849595944,1,1,,-119.0,0.6059530849595944,,2.0,-6542.0,7852.0,1310.0,1,1,1,0,0,0,0,0,0,0
705482,2026-04-01,Rajasthan,747.0,747.0,491.95,49.5,North Central Railway,False,2191.0,-699.0,65.85676037483267,65.85676037483267,-16.356760374832675,0,1,,,16.356760374832675,,,-2890.0,2191.0,-699.0,0,0,0,0,0,0,1,0,0,1
705489,2026-04-01,Tamil Nadu,601.43,2084.48,641.26,0.0,Ministry of Railways,False,3499.0,1980.0,30.76354774332207,30.76354774332207,-30.76354774332207,1,1,,-176.7171717171717,30.76354774332207,,1.7671717171717172,-1519.0,3499.0,1980.0,1,1,1,0,0,1,1,1,1,1
705490,2026-04-01,Karnataka,2842.0,6700.0,1539.51,34.5,South Western Railway [SWR] - II,False,3165.0,1583.0,22.97776119402985,22.97776119402985,11.52223880597015,1,1,,-165.43682880606443,-11.52223880597015,,1.9993682880606445,-1582.0,3165.0,1583.0,1,1,1,0,0,1,0,0,0,0
705491,2026-04-01,"Multi-States(Andhra Pradesh,Karnataka)",297.0,297.0,145.78,21.0,South Western Railway [SWR] - II,False,2739.0,2374.0,49.08417508417509,49.08417508417509,-28.084175084175087,0,1,,-94.37489469250212,28.084175084175087,,1.153748946925021,-365.0,2739.0,2374.0,1,1,1,0,0,1,1,1,0,0
705492,2026-04-01,Karnataka,825.0,825.0,774.11,84.2,South Western Railway [SWR] - II,False,3438.0,1035.0,93.83151515151515,93.83151515151515,-9.631515151515146,0,1,,-115.8,9.631515151515146,,2.0,-2403.0,3438.0,1035.0,1,1,1,0,0,0,0,0,0,0
705493,2026-04-01,Karnataka,5174.0,5174.0,178.42,4.7,South Western Railway [SWR] - II,False,9587.0,365.0,3.448395825280247,3.448395825280247,1.2516041747197533,0,1,,-195.3,-1.2516041747197533,,2.0,-9222.0,9587.0,365.0,1,1,1,0,0,1,0,0,0,0
705494,2026-04-01,"Multi-States(Andhra Pradesh,Karnataka)",2496.0,2496.0,1898.7,72.0,South Western Railway [SWR] - II,False,5753.0,852.0,76.06971153846153,76.06971153846153,-4.069711538461533,0,1,,-128.0,4.069711538461533,,2.0,-4901.0,5753.0,852.0,1,1,1,0,0,0,0,0,0,1
705495,2026-04-01,Karnataka,1378.0,1649.0,797.87,36.0,South Western Railway [SWR] - II,True,4899.0,-334.0,48.38508186779867,48.38508186779867,-12.385081867798668,1,1,,,12.385081867798668,,,-5233.0,4899.0,-334.0,0,0,0,0,0,0,1,0,0,0
705496,2026-04-01,Karnataka,1876.0,1876.0,563.37,15.5,South Western Railway [SWR] - II,False,3377.0,1188.0,30.030383795309167,30.030383795309167,-14.530383795309167,0,1,,-184.5,14.530383795309168,,2.0,-2189.0,3377.0,1188.0,1,1,1,0,0,1,1,0,0,1
705497,2026-04-01,Maharashtra,3445.34,4030.69,3608.59,47.0,Central Railways,False,4748.0,1886.0,89.52784758937055,89.52784758937055,-42.52784758937055,1,0,,-153.0,42.52784758937055,,2.0,-2862.0,4748.0,1886.0,1,1,1,0,0,1,1,1,1,1
705498,2026-04-01,Maharashtra,792.89,1395.79,1077.37,73.0,Central Railway,False,3865.0,0.0,77.18711267454272,77.18711267454272,-4.187112674542718,1,1,,,4.187112674542718,,,-3865.0,3865.0,0.0,0,0,0,0,0,0,0,0,0,0
705500,2026-04-01,Maharashtra,540.02,916.53,835.39,88.0,Central Railway [CR] - II,False,3622.0,243.0,91.14704374106685,91.14704374106685,-3.1470437410668524,1,1,,-112.0,3.1470437410668524,,2.0,-3379.0,3622.0,243.0,1,1,1,0,0,0,0,0,0,0
705502,2026-04-01,Maharashtra,1384.72,2033.59,1813.52,98.0,Central Railway [CR] - II,False,3408.0,275.0,89.17825126992167,89.17825126992167,8.821748730078326,1,1,,-102.0,-8.821748730078326,,2.0,-3133.0,3408.0,275.0,1,1,1,0,0,0,0,0,0,1
705504,2026-04-01,Maharashtra,2081.27,3267.06,3077.28,92.0,Central Railway,False,3318.0,-214.0,94.19110760132965,94.19110760132965,-2.191107601329648,1,1,,,2.191107601329648,,,-3532.0,3318.0,-214.0,0,0,0,0,0,0,0,0,0,0
705505,2026-04-01,Maharashtra,637.95,1214.69,1047.02,88.0,Central Railway [CR] - II,False,2892.0,395.0,86.19647811375741,86.19647811375741,1.8035218862425921,1,1,,-112.0,-1.803521886242592,,2.0,-2497.0,2892.0,395.0,1,1,1,0,0,0,0,0,0,0
705506,2026-04-01,Maharashtra,1035.16,1870.0,1865.44,100.0,Central Railway [CR] - II,False,2922.0,335.0,99.75614973262033,99.75614973262033,0.24385026737967053,1,1,,-100.0,-0.2438502673796705,,2.0,-2587.0,2922.0,335.0,1,1,1,0,0,0,0,0,0,1
705507,2026-04-01,"Multi-States(Madhya Pradesh,Maharashtra)",2449.91,2506.68,2155.76,55.0,Central Railway [CR] - II,False,3499.0,0.0,86.00060637975331,86.00060637975331,-31.000606379753307,1,1,,,31.000606379753307,,,-3499.0,3499.0,0.0,0,0,0,0,0,0,1,1,1,1
705510,2026-04-01,Odisha,1284.0,1284.0,1352.81,95.0,East Coast Railway [ECoR] - II,False,4018.0,-183.0,105.35903426791278,100.0,-5.0,0,1,,,10.359034267912776,,,-4201.0,4018.0,-183.0,0,0,0,0,0,0,1,0,0,0
705511,2026-04-01,"Multi-States(Chhattisgarh,Odisha)",1547.0,1547.0,1379.69,94.46,East Coast Railway [ECoR] - II,False,3683.0,91.0,89.18487394957984,89.18487394957984,5.275126050420155,0,1,,-105.54,-5.275126050420155,,2.0,-3592.0,3683.0,91.0,1,1,1,0,0,0,0,0,0,0
705512,2026-04-01,"Multi-States(Andhra Pradesh,Odisha)",2500.0,2500.0,2163.97,73.0,East Coast Railway [ECoR] - II,False,3743.0,31.0,86.55879999999999,86.55879999999999,-13.55879999999999,0,1,,-127.0,13.55879999999999,,2.0,-3712.0,3743.0,31.0,1,1,1,0,0,0,1,0,0,1
705513,2026-04-01,Odisha,2362.0,2362.0,1962.43,74.6,East Coast Railway [ECoR] - II,False,3774.0,0.0,83.08340389500424,83.08340389500424,-8.483403895004244,0,1,,,8.483403895004244,,,-3774.0,3774.0,0.0,0,0,0,0,0,0,0,0,0,0
705514,2026-04-01,Odisha,1000.0,810.02,455.8,59.0,East Coast Railway [ECoR] - II,False,3774.0,30.0,56.270215550233324,56.270215550233324,2.729784449766676,1,1,,-141.0,-2.729784449766676,,2.0,-3744.0,3774.0,30.0,1,1,1,0,0,0,0,0,0,1
705515,2026-04-01,Odisha,1173.0,2092.0,2120.58,89.0,East Coast Railway [ECoR] - II,False,3774.0,883.0,101.3661567877629,100.0,-11.0,1,1,,-111.0,12.366156787762904,,2.0,-2891.0,3774.0,883.0,1,1,1,0,0,0,1,0,0,0
705526,2026-04-01,Bihar,519.0,519.0,401.84,97.0,East Central Railway [ECR] - I,False,3774.0,30.0,77.42581888246627,77.42581888246627,19.574181117533726,0,1,,-103.0,-19.57418111753373,,2.0,-3744.0,3774.0,30.0,1,1,1,0,0,0,0,0,0,0
705527,2026-04-01,Bihar,1216.0,2222.0,2097.52,92.8,East Central Railway [ECR] - I,False,3318.0,-365.0,94.3978397839784,94.3978397839784,-1.5978397839784009,1,1,,,1.5978397839784009,,,-3683.0,3318.0,-365.0,0,0,0,0,0,0,0,0,0,0
705528,2026-04-01,Bihar,1586.0,1586.0,1494.93,99.0,East Central Railway [ECR] - I,False,3318.0,-365.0,94.2578814627995,94.2578814627995,4.742118537200497,0,1,,,-4.742118537200497,,,-3683.0,3318.0,-365.0,0,0,0,0,0,0,0,0,0,0
705562,2026-04-01,"Multi-States(Bihar, UttarPradesh)",963.0,1046.0,917.1,95.9,North Eastern Railway [NER],False,3774.0,1005.0,87.67686424474188,87.67686424474188,8.223135755258127,1,1,,-104.1,-8.223135755258127,,2.0,-2769.0,3774.0,1005.0,1,1,1,0,0,0,0,0,0,0
705567,2026-04-01,Uttar Pradesh,1016.0,1118.0,1050.11,88.4,North Eastern Railway [NER],False,2466.0,607.0,93.92754919499104,93.92754919499104,-5.527549194991039,1,1,,-111.6,5.527549194991039,,2.0,-1859.0,2466.0,607.0,1,1,1,0,0,0,0,0,0,0
705572,2026-04-01,Assam,4060.0,4961.0,3797.35,95.13,Northeast Frontier Railway [NFR],False,3499.0,0.0,76.54404353960895,76.54404353960895,18.585956460391046,1,1,,,-18.58595646039105,,,-3499.0,3499.0,0.0,0,0,0,0,0,0,0,0,0,0
705583,2026-04-01,Delhi,667.0,667.0,312.74,23.0,CAO/C/NR,False,4779.0,0.0,46.88755622188906,46.88755622188906,-23.887556221889056,0,1,,,23.887556221889056,,,-4779.0,4779.0,0.0,0,0,0,0,0,0,1,1,0,1
705588,2026-04-01,Uttar Pradesh,722.0,1194.0,1691.52,70.0,CAO/C/II/NR,False,3318.0,-245.0,141.66834170854273,100.0,-30.0,1,1,,,71.66834170854273,,,-3563.0,3318.0,-245.0,0,0,0,0,0,0,1,1,1,0
705598,2026-04-01,"Multi-States(Madhya Pradesh,Uttar Pradesh)",2002.0,2002.0,1939.11,96.0,CAO/C/NCR,False,2953.0,546.0,96.85864135864135,96.85864135864135,-0.8586413586413499,0,1,,-104.0,0.8586413586413499,,2.0,-2407.0,2953.0,546.0,1,1,1,0,0,0,0,0,0,0
705608,2026-04-01,"Multi-States(Madhya Pradesh,Uttar Pradesh)",4330.0,4330.0,2895.52,68.0,North Central Railway,False,2557.0,396.0,66.87113163972286,66.87113163972286,1.1288683602771385,0,1,,-132.0,-1.1288683602771383,,2.0,-2161.0,2557.0,396.0,1,1,1,0,0,0,0,0,0,0
705610,2026-04-01,"Multi-States(Andhra Pradesh,Karnataka)",302.0,543.0,635.72,89.03,South Central Railway [SCR] - II,False,3652.0,0.0,117.07550644567219,100.0,-10.969999999999999,1,1,,,28.04550644567219,,,-3652.0,3652.0,0.0,0,0,0,0,0,0,1,1,0,0
705612,2026-04-01,"Multi-States(Andhra Pradesh,Telangana)",1953.0,3363.0,5178.65,95.01,South Central Railway [SCR] - II,False,4261.0,518.0,153.98899791852511,100.0,-4.989999999999995,1,1,,-104.99,58.97899791852511,,2.0,-3743.0,4261.0,518.0,1,1,1,0,0,0,1,1,1,0
705613,2026-04-01,"Multi-States(Maharashtra,Telangana)",2595.0,3071.0,4141.26,94.7,South Central Railway [SCR] - II,False,3469.0,30.0,134.85053728427224,100.0,-5.299999999999997,1,1,,-105.3,40.15053728427223,,2.0,-3439.0,3469.0,30.0,1,1,1,0,0,0,1,1,1,0
705616,2026-04-01,"Multi-States(Chhattisgarh,Odisha)",2140.0,2979.0,2260.48,97.0,SECR,False,3499.0,0.0,75.88049681101042,75.88049681101042,21.119503188989583,1,1,,,-21.119503188989583,,,-3499.0,3499.0,0.0,0,0,0,0,0,0,0,0,0,0
705617,2026-04-01,"Multi-States(Chhattisgarh,Maharashtra)",3545.0,3545.0,3639.58,96.0,South East Central Railway [SECR] - II,False,3408.0,91.0,102.66798307475318,100.0,-4.0,0,1,,-104.0,6.667983074753181,,2.0,-3317.0,3408.0,91.0,1,1,1,0,0,0,0,0,0,0
705628,2026-04-01,"Multi-States(Jharkhand,Odisha)",3029.0,3029.04,2629.17,92.0,South Eastern Railway - JH,False,3346.0,337.0,86.79878773472784,86.79878773472784,5.2012122652721615,1,1,,-108.0,-5.2012122652721615,,2.0,-3009.0,3346.0,337.0,1,1,1,0,0,0,0,0,0,0
705629,2026-04-01,"Multi-States(Odisha, WestBengal)",2400.0,3425.32,2655.21,77.0,South Eastern Railway [SER] - I,False,3318.0,-730.0,77.51713708500228,77.51713708500228,-0.5171370850022754,1,1,,,0.5171370850022754,,,-4048.0,3318.0,-730.0,0,0,0,0,0,0,0,0,0,0
705632,2026-04-01,"Multi-States(Andhra Pradesh,Telangana)",647.0,904.0,1242.64,95.01,South Central Railway [SCR] - II,False,3652.0,0.0,137.46017699115046,100.0,-4.989999999999995,1,1,,,42.45017699115046,,,-3652.0,3652.0,0.0,0,0,0,0,0,0,1,1,1,1
705633,2026-04-01,Andhra Pradesh,3733.0,4295.0,5523.6,94.01,South Central Railway [SCR] - II,False,3073.0,245.0,128.60535506402795,100.0,-5.989999999999995,1,1,,-105.99,34.59535506402794,,2.0,-2828.0,3073.0,245.0,1,1,1,0,0,0,1,1,1,0
705635,2026-04-01,"Multi-States(Kerala, TamilNadu)",1432.0,3785.45,2909.77,56.0,Southern Railway [SR] - I,False,3683.0,-518.0,76.8672152584237,76.8672152584237,-20.8672152584237,1,1,,,20.8672152584237,,,-4201.0,3683.0,-518.0,0,0,0,0,0,0,1,1,0,1
705638,2026-04-01,Kerala,813.0,802.8,126.48,30.5,Ministry of Railways,False,1096.0,0.0,15.754857997010467,15.754857997010467,14.745142002989533,1,1,,,-14.745142002989532,,,-1096.0,1096.0,0.0,0,0,0,0,0,0,0,0,0,0
705639,2026-04-01,Kerala,601.0,595.39,308.42,25.0,SR-ERS,True,1096.0,0.0,51.80134029795597,51.80134029795597,-26.801340297955967,1,1,,,26.801340297955967,,,-1096.0,1096.0,0.0,0,0,0,0,0,0,1,1,0,0
705648,2026-04-01,Andhra Pradesh,6654.0,6654.0,6170.32,96.0,RVNL - II,False,2922.0,608.0,92.73098887886985,92.73098887886985,3.2690111211301485,0,1,,-104.0,-3.2690111211301485,,2.0,-2314.0,2922.0,608.0,1,1,1,0,0,0,0,0,0,0
705650,2026-04-01,"Multi-States (Goa,Karnataka)",5060.0,5060.0,5304.19,86.13,RVNL - II,False,5022.0,853.0,104.82588932806323,100.0,-13.870000000000005,0,1,,-113.87,18.69588932806323,,2.0,-4169.0,5022.0,853.0,1,1,1,0,0,0,1,0,0,0
705659,2026-04-01,Madhya Pradesh,500.0,584.0,566.56,86.0,West Central Railway [WCR] - II,False,3165.0,639.0,97.01369863013699,97.01369863013699,-11.013698630136986,1,1,,-114.0,11.013698630136986,,2.0,-2526.0,3165.0,639.0,1,1,1,0,0,0,1,0,0,0
705660,2026-04-01,Madhya Pradesh,2445.0,4377.0,3306.78,81.1,Indian Railway Construction International Limited [IRCON],False,3318.0,365.0,75.54900616860864,75.54900616860864,5.550993831391352,1,1,,-118.9,-5.550993831391352,,2.0,-2953.0,3318.0,365.0,1,1,1,0,0,0,0,0,0,1
705661,2026-04-01,Madhya Pradesh,1248.0,1248.0,1817.51,95.0,Indian Railway Construction International Limited [IRCON],False,3134.0,549.0,145.63381410256412,100.0,-5.0,0,1,,-105.0,50.63381410256412,,2.0,-2585.0,3134.0,549.0,1,1,1,0,0,0,1,1,1,0
705663,2026-04-01,Karnataka,493.0,493.0,318.39,85.5,South Western Railway [SWR] - II,False,1400.0,1581.0,64.58215010141987,64.58215010141987,20.91784989858013,0,1,,-3.051549652118908,-20.91784989858013,,0.8855154965211891,181.0,1400.0,1581.0,0,0,0,0,0,0,0,0,0,1
705667,2026-04-01,"Multi-States(Madhya Pradesh,Rajasthan, UttarPradesh)",5961.0,5961.0,5121.42,95.48,RVNL - II,False,2953.0,821.0,85.91545042778057,85.91545042778057,9.564549572219434,0,1,,-104.52,-9.564549572219434,,2.0,-2132.0,2953.0,821.0,1,1,1,0,0,0,0,0,0,0
705668,2026-04-01,"Multi-States(Jharkhand, WestBengal)",3250.0,3250.0,3287.18,97.5,RVNL - I,False,3012.0,487.0,101.14399999999999,100.0,-2.5,0,1,,-102.5,3.6439999999999912,,2.0,-2525.0,3012.0,487.0,1,1,1,0,0,0,0,0,0,0
705728,2026-04-01,"Multi-States(Dadra & NagarHaveli and Daman& Diu, Gujarat,Maharashtra)",108000.0,108000.0,90501.89,59.86,National High Speed Rail Corporation [NHSRC],False,3134.0,915.0,83.79804629629629,83.79804629629629,-23.938046296296292,0,1,,-140.14,23.93804629629629,,2.0,-2219.0,3134.0,915.0,1,1,1,0,0,0,1,1,0,0
705730,2026-04-01,West Bengal,4835.0,10362.0,4932.47,51.0,RVNL - II,False,5844.0,31.0,47.60152480216175,47.60152480216175,3.398475197838252,1,1,,-149.0,-3.398475197838252,,2.0,-5813.0,5844.0,31.0,1,1,1,0,0,0,0,0,0,0
705735,2026-04-01,Maharashtra,904.92,3295.74,1216.56,12.0,Central Railway,False,852.0,1948.0,36.913106009576,36.913106009576,-24.913106009575998,1,1,,-31.737166324435314,24.913106009576,,0.4373716632443531,1096.0,852.0,1948.0,1,1,1,0,0,0,1,1,0,1
705741,2026-04-01,Odisha,748.0,748.0,15.91,1.97,East Coast Railway [ECoR] - II,False,1096.0,2100.0,2.127005347593583,2.127005347593583,-0.15700534759358287,0,1,,-50.22047619047619,0.1570053475935828,,0.5219047619047619,1004.0,1096.0,2100.0,1,1,1,0,0,0,0,0,0,0
705742,2026-04-01,Odisha,2344.0,2344.0,549.72,23.1,East Coast Railway [ECoR] - II,False,852.0,2129.0,23.45221843003413,23.45221843003413,-0.352218430034128,0,1,,-16.918788163457016,0.352218430034128,,0.4001878816345702,1277.0,852.0,2129.0,1,0,0,0,0,0,0,0,0,1
705747,2026-04-01,Jharkhand,902.86,902.86,0.0,0.1,East Central Railway [ECR] - I,False,2588.0,0.0,0.0,0.0,0.1,0,1,,,-0.1,,,-2588.0,2588.0,0.0,0,0,0,0,0,0,0,0,0,0
705752,2026-04-01,Rajasthan,819.48,967.06,400.92,94.0,North Western Railway [NWR],False,2557.0,0.0,41.45761379852336,41.45761379852336,52.54238620147664,1,1,,,-52.54238620147664,,,-2557.0,2557.0,0.0,0,0,0,0,0,0,0,0,0,0
705761,2026-04-01,Karnataka,1454.0,1454.0,97.75,13.5,South Western Railway [SWR] - II,False,1155.0,1249.0,6.722833562585969,6.722833562585969,6.777166437414031,0,1,,-78.97397918334667,-6.777166437414031,,0.9247397918334668,94.0,1155.0,1249.0,1,1,1,0,0,0,0,0,0,0
705762,2026-04-01,Karnataka,748.86,748.86,1.15,0.3,South Western Railway [SWR] - II,False,1308.0,1188.0,0.15356675480063028,0.15356675480063028,0.1464332451993697,0,1,,-109.8010101010101,-0.1464332451993697,,1.101010101010101,-120.0,1308.0,1188.0,1,1,1,0,0,1,0,0,0,0
705763,2026-04-01,Madhya Pradesh,7474.0,7474.0,2529.21,36.0,RVNL - II,False,2008.0,427.0,33.84011238961734,33.84011238961734,2.159887610382661,0,1,,-164.0,-2.159887610382661,,2.0,-1581.0,2008.0,427.0,1,1,1,0,0,1,0,0,0,0
705764,2026-04-01,"Multi-States(Madhya Pradesh,Rajasthan)",495.0,825.0,261.69,60.0,Western Railway [WR] - II,False,1673.0,1614.0,31.72,31.72,28.28,1,1,,-43.65551425030979,-28.28,,1.036555142503098,-59.0,1673.0,1614.0,1,1,1,0,0,0,0,0,0,1
705765,2026-04-01,Jharkhand,686.0,686.0,631.52,66.5,East Central Railway [ECR] - I,False,3012.0,0.0,92.05830903790087,92.05830903790087,-25.55830903790087,0,1,,,25.55830903790087,,,-3012.0,3012.0,0.0,0,0,0,0,0,0,1,1,0,0
705766,2026-04-01,Uttar Pradesh,304.44,356.0,255.32,86.0,North Central Railway,False,3073.0,245.0,71.71910112359551,71.71910112359551,14.280898876404493,1,1,,-114.0,-14.280898876404493,,2.0,-2828.0,3073.0,245.0,1,1,1,0,0,0,0,0,0,1
705772,2026-04-01,Uttar Pradesh,2649.0,2649.44,1930.12,71.0,North Central Railway,False,3683.0,91.0,72.85011172172233,72.85011172172233,-1.8501117217223282,1,1,,-129.0,1.850111721722328,,2.0,-3592.0,3683.0,91.0,1,1,1,0,0,0,0,0,0,0
705774,2026-04-01,Uttar Pradesh,758.0,779.49,484.51,83.0,CAO/C/NCR,False,2038.0,519.0,62.157307983425056,62.157307983425056,20.842692016574944,1,1,,-117.0,-20.842692016574944,,2.0,-1519.0,2038.0,519.0,1,1,1,0,0,0,0,0,0,1
705777,2026-04-01,Uttar Pradesh,250.18,250.18,139.49,9.0,North Central Railway [NCR] - II,False,1826.0,274.0,55.75585578383564,55.75585578383564,-46.75585578383564,0,1,,-191.0,46.75585578383564,,2.0,-1552.0,1826.0,274.0,1,1,1,0,0,1,1,1,1,1
705780,2026-04-01,Uttar Pradesh,2529.0,2529.46,2164.72,96.5,RVNL - I,False,3318.0,-365.0,85.58032149154364,85.58032149154364,10.919678508456357,1,1,,,-10.919678508456355,,,-3683.0,3318.0,-365.0,0,0,0,0,0,0,0,0,0,0
705782,2026-04-01,Uttar Pradesh,407.0,407.0,409.54,77.0,Ministry of Railways,False,3287.0,-640.0,100.62407862407863,100.0,-23.0,0,1,,,23.624078624078635,,,-3927.0,3287.0,-640.0,0,0,0,0,0,0,1,1,0,0
705783,2026-04-01,Punjab,237.64,238.0,137.05,57.0,Railway,False,1217.0,1371.0,57.584033613445385,57.584033613445385,-0.584033613445385,1,1,,-31.7673231218089,0.584033613445385,,0.8876732312180889,154.0,1217.0,1371.0,1,1,1,0,0,0,0,0,0,0
705785,2026-04-01,Jharkhand,473.0,473.0,306.22,10.0,South Eastern Railway [SER] - I,False,2588.0,-884.0,64.73995771670191,64.73995771670191,-54.73995771670191,0,1,,,54.73995771670191,,,-3472.0,2588.0,-884.0,0,0,0,0,0,0,1,1,1,1
705793,2026-04-01,"Multi-States (Delhi,Gujarat, MadhyaPradesh,Maharashtra,Rajasthan)",6806.44,8095.12,9480.86,66.32,PCE/WR,False,2404.0,0.0,117.1182144304223,100.0,-33.68000000000001,1,1,,,50.79821443042231,,,-2404.0,2404.0,0.0,0,0,0,0,0,0,1,1,1,0
705794,2026-04-01,"Multi-States(Bihar, Delhi,Jharkhand, UttarPradesh, WestBengal)",6684.81,6684.81,127.03,0.0,PCE/NCR,False,2404.0,0.0,1.9002783923552053,1.9002783923552053,-1.9002783923552053,0,0,,,1.9002783923552051,,,-2404.0,2404.0,0.0,0,0,0,0,0,0,0,0,0,0
705799,2026-04-01,Maharashtra,1400.0,1400.0,1472.0,80.0,MRIDC,False,2191.0,183.0,105.14285714285714,100.0,-20.0,0,1,,-120.0,25.14285714285714,,2.0,-2008.0,2191.0,183.0,1,1,1,0,0,0,1,1,0,0
705912,2026-04-01,Rajasthan,1203.89,1203.89,207.11,19.0,North Western Railway [NWR],False,1096.0,-306.0,17.203398981634535,17.203398981634535,1.7966010183654646,0,0,,,-1.7966010183654646,,,-1402.0,1096.0,-306.0,0,0,0,0,0,0,0,0,0,0
705918,2026-04-01,Uttar Pradesh,1457.0,1457.0,400.19,36.0,North Central Railway,False,1885.0,306.0,27.46671242278655,27.46671242278655,8.53328757721345,0,1,,-164.0,-8.53328757721345,,2.0,-1579.0,1885.0,306.0,1,1,1,0,0,1,0,0,0,0
705933,2026-04-01,Madhya Pradesh,1095.88,1095.88,1284.91,94.0,Western Railway [WR] - II,False,1643.0,0.0,117.24915136693798,100.0,-6.0,0,1,,,23.24915136693798,,,-1643.0,1643.0,0.0,0,0,0,0,0,0,1,1,0,0
705941,2026-04-01,Karnataka,15767.0,15767.0,3224.09,19.95,Karnataka Rail Infrastructure Development Company Limited [K-RIDE],False,2008.0,0.0,20.44834147269614,20.44834147269614,-0.49834147269613993,0,1,,,0.4983414726961399,,,-2008.0,2008.0,0.0,0,0,0,0,0,0,0,0,0,0
706718,2026-04-01,Manipur,499.0,499.0,201.99,50.69,Airport Authority of India [AAI],False,1370.0,242.0,40.478957915831664,40.478957915831664,10.211042084168334,0,1,,-149.31,-10.211042084168334,,2.0,-1128.0,1370.0,242.0,1,1,1,0,0,0,0,0,0,0
706724,2026-04-01,Assam,1712.0,2520.0,2627.39,98.0,Adani Airport Holdings Limited,False,2953.0,455.0,104.26150793650793,100.0,-2.0,1,1,,-102.0,6.261507936507925,,2.0,-2498.0,2953.0,455.0,1,1,1,0,0,0,0,0,0,0
706757,2026-04-01,Gujarat,262.0,262.0,383.67,64.0,Western Railway WR - II,False,6574.0,-1614.0,146.43893129770993,100.0,-36.0,0,1,,,82.43893129770993,,,-8188.0,6574.0,-1614.0,0,0,0,0,0,0,1,1,1,0
706759,2026-04-01,Bihar,2373.64,1700.24,1610.45,98.5,Indian Railway Construction International Limited [IRCON],False,3257.0,426.0,94.71898084976239,94.71898084976239,3.7810191502376114,1,1,,-101.5,-3.7810191502376114,,2.0,-2831.0,3257.0,426.0,1,1,1,0,0,0,0,0,0,0
706763,2026-04-01,Gujarat,1080.58,1080.58,952.06,81.0,Western Railway WR - II,True,1582.0,61.0,88.10638731051843,88.10638731051843,-7.1063873105184285,0,1,,-119.0,7.1063873105184285,,2.0,-1521.0,1582.0,61.0,1,1,1,0,0,0,0,0,0,0
706775,2026-04-01,PAN India,61109.0,188000.0,46431.54,82.4,Department of Telecommunications [DoT],False,5296.0,-2100.0,24.69762765957447,24.69762765957447,57.70237234042554,1,1,,,-57.70237234042554,,,-7396.0,5296.0,-2100.0,0,0,0,0,0,0,0,0,0,0
706776,2026-04-01,West Bengal,4830.0,4830.0,3258.95,32.0,"Metro Railway, Kolkata",False,5875.0,-245.0,67.47308488612836,67.47308488612836,-35.47308488612836,0,1,,,35.47308488612836,,,-6120.0,5875.0,-245.0,0,0,0,0,0,0,1,1,1,1
706779,2026-04-01,Maharashtra,8087.0,8087.0,7504.75,90.0,Mumbai Rail Vikas Corporation Ltd.[MRVC],False,6574.0,-30.0,92.80017311734883,92.80017311734883,-2.800173117348834,0,1,,,2.800173117348834,,,-6604.0,6574.0,-30.0,0,0,0,0,0,0,0,0,0,0
706780,2026-04-01,Maharashtra,33690.0,33690.0,3577.36,22.0,Mumbai Rail Vikas Corporation Ltd.[MRVC],False,2557.0,0.0,10.618462451766103,10.618462451766103,11.381537548233897,0,1,,,-11.381537548233895,,,-2557.0,2557.0,0.0,0,0,0,0,0,0,0,0,0,0
706781,2026-04-01,Maharashtra,10947.0,10947.0,6609.95,75.0,Mumbai Rail Vikas Corporation Ltd.[MRVC],False,3408.0,30.0,60.38138302731342,60.38138302731342,14.618616972686581,0,1,,-125.0,-14.61861697268658,,2.0,-3378.0,3408.0,30.0,1,1,1,0,0,0,0,0,0,1
706811,2026-04-01,Chhattisgarh,2907.0,5427.0,3607.64,94.1,National Mineral Development Corporation Limited [NMDC],False,2038.0,1766.0,66.47576930163994,66.47576930163994,27.62423069836005,1,1,,-21.30203850509628,-27.62423069836005,,1.1540203850509627,-272.0,2038.0,1766.0,1,1,0,0,0,0,0,0,0,0
706835,2026-04-01,Karnataka,1591.0,1591.0,0.38,0.0,South Western Railway [SWR] - II,False,396.0,1642.0,0.023884349465744813,0.023884349465744813,-0.023884349465744813,0,1,,-24.116930572472597,0.0238843494657448,,0.2411693057247259,1246.0,396.0,1642.0,1,1,0,0,0,0,0,0,0,0
706836,2026-04-01,Rajasthan,466.42,466.42,533.9,98.0,North Western Railway [NWR],False,1551.0,61.0,114.4676471849406,100.0,-2.0,0,0,,-102.0,16.467647184940603,,2.0,-1490.0,1551.0,61.0,1,1,1,0,0,0,1,0,0,0
706837,2026-04-01,Jharkhand,349.22,349.22,125.71,71.5,East Central Railway [ECR] - I,False,1247.0,0.0,35.9973655575282,35.9973655575282,35.5026344424718,0,1,,,-35.5026344424718,,,-1247.0,1247.0,0.0,0,0,0,0,0,0,0,0,0,1
706854,2026-04-01,Chhattisgarh,1376.0,1576.72,258.97,27.0,South East Central Railway [SECR] - II,False,1461.0,-61.0,16.42460297326095,16.42460297326095,10.57539702673905,1,1,,,-10.57539702673905,,,-1522.0,1461.0,-61.0,0,0,0,0,0,0,0,0,0,0
706860,2026-04-01,Bihar,645.0,645.0,47.53,56.7,East Central Railway [ECR] - I,False,243.0,1035.0,7.368992248062016,7.368992248062016,49.33100775193799,0,1,,33.221739130434784,-49.33100775193799,,0.2347826086956521,792.0,243.0,1035.0,0,0,0,0,0,0,0,0,0,0
706865,2026-04-01,Goa,1892.0,1892.0,0.0,0.0,South Western Railway [SWR] - II,False,0.0,,0.0,0.0,0.0,0,0,,,0.0,,,,0.0,,0,0,0,0,0,0,0,0,0,0
706866,2026-04-01,Rajasthan,304.0,304.0,83.03,72.0,North Western Railway [NWR],False,1186.0,31.0,27.3125,27.3125,44.6875,0,1,,-128.0,-44.6875,,2.0,-1155.0,1186.0,31.0,1,1,1,0,0,0,0,0,0,0
706898,2026-04-01,Odisha,267.61,267.61,0.0,0.0,Ministry of Railways,False,2404.0,365.0,0.0,0.0,0.0,0,0,,-200.0,0.0,,2.0,-2039.0,2404.0,365.0,1,1,1,0,0,1,0,0,0,0
706922,2026-04-01,Assam,890.36,889.36,391.73,89.0,Central Organisation for Railway Electrification [CORE],False,2769.0,-731.0,44.04628047135019,44.04628047135019,44.95371952864981,1,1,,,-44.95371952864981,,,-3500.0,2769.0,-731.0,0,0,0,0,0,0,0,0,0,0
706940,2026-04-01,Assam,183.99,183.99,0.0,0.0,GM/C/ NFR,False,1551.0,1218.0,0.0,0.0,0.0,0,0,,-127.33990147783253,0.0,,1.2733990147783252,-333.0,1551.0,1218.0,1,1,1,0,0,1,0,0,0,0
706942,2026-04-01,Assam,237.52,237.52,0.0,0.0,GM/C/ NFR,False,1551.0,1218.0,0.0,0.0,0.0,0,0,,-127.33990147783253,0.0,,1.2733990147783252,-333.0,1551.0,1218.0,1,1,1,0,0,1,0,0,0,0
706950,2026-04-01,"Multi-States (Goa,Karnataka)",744.49,1122.62,1163.14,99.65,RVNL,False,2892.0,1035.0,103.60941369296826,100.0,-0.3499999999999943,1,1,,-100.35,3.959413692968255,,2.0,-1857.0,2892.0,1035.0,1,1,1,0,0,0,0,0,0,0
707020,2026-04-01,Bihar,250.0,500.0,102.21,50.0,"Medical Education, Ministry of Health and Family Welfare",False,1278.0,1310.0,20.442,20.442,29.558,1,0,,-47.55725190839695,-29.558,,0.9755725190839696,32.0,1278.0,1310.0,1,1,1,0,0,0,0,0,0,0
707021,2026-04-01,Jharkhand,250.0,504.8,270.0,40.0,"Medical Education, Ministry of Health and Family Welfare",False,790.0,153.0,53.486529318542,53.486529318542,-13.486529318541997,1,0,,-160.0,13.486529318541995,,2.0,-637.0,790.0,153.0,1,1,1,0,0,1,1,0,0,0
707022,2026-04-01,Jharkhand,250.0,454.1,64.0,57.0,"Medical Education, Ministry of Health and Family Welfare",False,1127.0,1734.0,14.093811935696982,14.093811935696982,42.90618806430302,1,0,,-7.9942329873125715,-42.90618806430302,,0.6499423298731257,607.0,1127.0,1734.0,0,0,0,0,0,0,0,0,0,0
707039,2026-04-01,Sikkim,250.0,635.21,666.21,92.0,"Medical Education, Ministry of Health and Family Welfare",False,2678.0,61.0,104.88027581429765,100.0,-8.0,1,0,,-108.0,12.880275814297647,,2.0,-2617.0,2678.0,61.0,1,1,1,0,0,0,1,0,0,0
707044,2026-04-01,Chhattisgarh,325.0,322.85,177.49,54.0,"Medical Education, Ministry of Health and Family Welfare",False,913.0,242.0,54.975995044138145,54.975995044138145,-0.9759950441381449,1,0,,-146.0,0.9759950441381448,,2.0,-671.0,913.0,242.0,1,1,1,0,0,0,0,0,0,0
707045,2026-04-01,Chhattisgarh,325.0,325.0,321.5,82.0,"Medical Education, Ministry of Health and Family Welfare",False,913.0,0.0,98.92307692307692,98.92307692307692,-16.92307692307692,0,0,,,16.92307692307692,,,-913.0,913.0,0.0,0,0,0,0,0,0,1,0,0,0
707046,2026-04-01,Chhattisgarh,325.0,325.0,35.0,59.0,"Medical Education, Ministry of Health and Family Welfare",False,577.0,1674.0,10.76923076923077,10.76923076923077,48.230769230769226,0,0,,24.53166069295101,-48.230769230769226,,0.3446833930704898,1097.0,577.0,1674.0,0,0,0,0,0,0,0,0,0,0
707049,2026-04-01,Gujarat,325.0,663.5,455.34,87.5,"Medical Education, Ministry of Health and Family Welfare",False,1308.0,0.0,68.62697814619442,68.62697814619442,18.873021853805582,1,0,,,-18.873021853805582,,,-1308.0,1308.0,0.0,0,0,0,0,0,0,0,0,0,0
707050,2026-04-01,Gujarat,325.0,618.98,934.64,78.0,"Medical Education, Ministry of Health and Family Welfare",False,1278.0,183.0,150.99680118905295,100.0,-22.0,1,0,,-122.0,72.99680118905295,,2.0,-1095.0,1278.0,183.0,1,1,1,0,0,0,1,1,1,0
707059,2026-04-01,Madhya Pradesh,325.0,325.0,82.41,43.0,"Medical Education, Ministry of Health and Family Welfare",False,913.0,61.0,25.356923076923078,25.356923076923078,17.643076923076922,0,0,,-157.0,-17.643076923076922,,2.0,-852.0,913.0,61.0,1,1,1,0,0,1,0,0,0,0
707069,2026-04-01,Punjab,325.0,550.0,0.0,0.0,"Medical Education, Ministry of Health and Family Welfare",False,-456.0,2799.0,0.0,0.0,0.0,1,0,,0.0,0.0,,0.0,3255.0,-456.0,2799.0,0,0,0,0,0,0,0,0,0,0
707070,2026-04-01,Punjab,325.0,374.75,1.0,1.0,"Medical Education, Ministry of Health and Family Welfare",False,31.0,2251.0,0.26684456304202797,0.26684456304202797,0.733155436957972,1,0,,-0.3771657041314973,-0.733155436957972,,0.0137716570413149,2220.0,31.0,2251.0,0,0,0,0,0,0,0,0,0,0
707086,2026-04-01,Uttarakhand,325.0,325.0,272.0,60.0,"Medical Education, Ministry of Health and Family Welfare",False,790.0,488.0,83.6923076923077,83.6923076923077,-23.692307692307693,0,0,,-101.88524590163937,23.692307692307693,,1.6188524590163935,-302.0,790.0,488.0,1,1,1,0,0,0,1,1,0,0
707215,2026-04-01,Gujarat,573.0,1238.05,614.91,76.12,Indian Port Rail & Ropeway Corporation Ltd. [IPRCL],False,1551.0,1065.0,49.66762247082105,49.66762247082105,26.452377529178953,1,1,,-69.5138028169014,-26.452377529178957,,1.456338028169014,-486.0,1551.0,1065.0,1,1,1,0,0,0,0,0,0,0
707410,2026-04-01,Haryana,763.0,763.0,430.0,60.0,National Highways & Infrastructure Development Corporation Ltd. [NHIDCL],False,1582.0,1310.0,56.356487549148106,56.356487549148106,3.643512450851894,0,1,,-60.76335877862596,-3.643512450851894,,1.2076335877862596,-272.0,1582.0,1310.0,1,1,1,0,0,0,0,0,0,0
709747,2026-04-01,Gujarat,339.35,339.35,370.0,51.86,Satluj Jal Vidyut Nigam [SJVN] Thermal Limited,False,1796.0,61.0,109.03197288934727,100.0,-48.14,0,1,,-148.14,57.17197288934727,,2.0,-1735.0,1796.0,61.0,1,1,1,0,0,0,1,1,1,0
709750,2026-04-01,Tamil Nadu,205.0,205.0,92.93,70.6,Chennai Petroleum Corporation Limited [CPCL],False,821.0,0.0,45.331707317073175,45.331707317073175,25.26829268292682,0,1,,,-25.26829268292682,,,-821.0,821.0,0.0,0,0,0,0,0,0,0,0,0,1
709752,2026-04-01,Andhra Pradesh,160.0,220.0,135.52,91.6,Hindustan Petroleum Corporation Limited,False,1673.0,0.0,61.6,61.6,29.999999999999993,1,1,,,-29.999999999999996,,,-1673.0,1673.0,0.0,0,0,0,0,0,0,0,0,0,1
709753,2026-04-01,West Bengal,1010.0,1107.0,846.32,95.0,Hindustan Petroleum Corporation Limited,False,1247.0,0.0,76.4516711833785,76.4516711833785,18.548328816621506,1,1,,,-18.548328816621503,,,-1247.0,1247.0,0.0,0,0,0,0,0,0,0,0,0,1
709754,2026-04-01,Assam,156.36,156.36,102.07,75.5,Hindustan Petroleum Corporation Limited,False,1127.0,0.0,65.2788436940394,65.2788436940394,10.221156305960605,0,1,,,-10.221156305960603,,,-1127.0,1127.0,0.0,0,0,0,0,0,0,0,0,0,0
709755,2026-04-01,Assam,384.04,384.04,216.85,82.4,Hindustan Petroleum Corporation Limited [HPCL],False,1127.0,0.0,56.46547234663055,56.46547234663055,25.934527653369457,0,1,,,-25.934527653369457,,,-1127.0,1127.0,0.0,0,0,0,0,0,0,0,0,0,1
709759,2026-04-01,Rajasthan,461.05,461.05,225.25,89.8,Hindustan Petroleum Corporation Limited [HPCL],False,852.0,0.0,48.855872465025485,48.855872465025485,40.94412753497451,0,1,,,-40.94412753497451,,,-852.0,852.0,0.0,0,0,0,0,0,0,0,0,0,0
709760,2026-04-01,Maharashtra,240.0,240.0,151.04,85.0,Hindustan Petroleum Corporation Limited,False,669.0,0.0,62.93333333333333,62.93333333333333,22.06666666666667,0,1,,,-22.06666666666667,,,-669.0,669.0,0.0,0,0,0,0,0,0,0,0,0,0
709770,2026-04-01,Punjab,151.0,151.0,8.89,2.0,MinistryofPetroleumNaturalGas,False,1492.0,0.0,5.887417218543047,5.887417218543047,-3.887417218543047,0,1,,,3.887417218543047,,,-1492.0,1492.0,0.0,0,0,0,0,0,0,0,0,0,0
709771,2026-04-01,Maharashtra,865.0,865.0,78.67,3.4,MinistryofPetroleumNaturalGas,False,1492.0,0.0,9.094797687861272,9.094797687861272,-5.694797687861271,0,1,,,5.694797687861271,,,-1492.0,1492.0,0.0,0,0,0,0,0,0,0,0,0,0
709772,2026-04-01,West Bengal,609.0,609.0,62.42,2.8,MinistryofPetroleumNaturalGas,False,1492.0,0.0,10.2495894909688,10.2495894909688,-7.4495894909688,0,1,,,7.4495894909688,,,-1492.0,1492.0,0.0,0,0,0,0,0,0,0,0,0,0
709773,2026-04-01,"Jammu andKashmir",538.0,538.0,4.32,0.6,MinistryofPetroleumNaturalGas,False,1492.0,0.0,0.8029739776951674,0.8029739776951674,-0.20297397769516745,0,1,,,0.2029739776951674,,,-1492.0,1492.0,0.0,0,0,0,0,0,0,0,0,0,0
709774,2026-04-01,Karnataka,463.0,500.62,302.1,83.0,Ministry of Petroleum & Natural Gas,False,1551.0,0.0,60.345171986736446,60.345171986736446,22.654828013263554,1,1,,,-22.654828013263558,,,-1551.0,1551.0,0.0,0,0,0,0,0,0,0,0,0,1
709776,2026-04-01,Assam,277.0,323.09,226.36,81.2,MinistryofPetroleumNaturalGas,False,1461.0,0.0,70.0609737224922,70.0609737224922,11.13902627750781,1,1,,,-11.13902627750781,,,-1461.0,1461.0,0.0,0,0,0,0,0,0,0,0,0,0
709777,2026-04-01,Bihar,389.35,340.0,115.69,60.8,MinistryofPetroleumNaturalGas,False,1551.0,0.0,34.02647058823529,34.02647058823529,26.773529411764706,1,1,,,-26.773529411764702,,,-1551.0,1551.0,0.0,0,0,0,0,0,0,0,0,0,1
709778,2026-04-01,Gujarat,328.29,344.36,214.63,84.1,MinistryofPetroleumNaturalGas,False,1551.0,0.0,62.32721570449529,62.32721570449529,21.772784295504707,1,1,,,-21.772784295504707,,,-1551.0,1551.0,0.0,0,0,0,0,0,0,0,0,0,0
709779,2026-04-01,Assam,768.0,740.0,174.5,56.0,MinistryofPetroleumNaturalGas,False,1400.0,0.0,23.58108108108108,23.58108108108108,32.41891891891892,1,1,,,-32.41891891891892,,,-1400.0,1400.0,0.0,0,0,0,0,0,0,0,0,0,0
709780,2026-04-01,Maharashtra,341.43,436.14,300.5,70.9,MinistryofPetroleumNaturalGas,False,1461.0,0.0,68.89989452927959,68.89989452927959,2.0001054707204133,1,1,,,-2.0001054707204133,,,-1461.0,1461.0,0.0,0,0,0,0,0,0,0,0,0,0
709781,2026-04-01,Uttar Pradesh,260.12,260.12,20.15,52.3,MinistryofPetroleumNaturalGas,True,1461.0,0.0,7.746424727049053,7.746424727049053,44.553575272950944,0,1,,,-44.553575272950944,,,-1461.0,1461.0,0.0,0,0,0,0,0,0,0,0,0,0
709782,2026-04-01,Maharashtra,165.0,165.0,101.62,97.8,Indian Oil Corporation Limited [IOCL],False,1339.0,0.0,61.58787878787879,61.58787878787879,36.212121212121204,0,1,,,-36.2121212121212,,,-1339.0,1339.0,0.0,0,0,0,0,0,0,0,0,0,0
709783,2026-04-01,Haryana,165.13,247.69,174.93,87.1,MinistryofPetroleumNaturalGas,False,1947.0,0.0,70.62457103637611,70.62457103637611,16.475428963623884,1,1,,,-16.475428963623884,,,-1947.0,1947.0,0.0,0,0,0,0,0,0,0,0,0,0
709785,2026-04-01,Jharkhand,202.07,202.07,63.8,56.5,MinistryofPetroleumNaturalGas,False,1155.0,0.0,31.573217201959718,31.573217201959718,24.926782798040282,0,1,,,-24.92678279804028,,,-1155.0,1155.0,0.0,0,0,0,0,0,0,0,0,0,0
709786,2026-04-01,Nagaland,227.62,227.62,25.94,41.0,MinistryofPetroleumNaturalGas,False,974.0,0.0,11.396186626834199,11.396186626834199,29.6038133731658,0,1,,,-29.6038133731658,,,-974.0,974.0,0.0,0,0,0,0,0,0,0,0,0,0
709792,2026-04-01,Bihar,3638.0,3638.0,472.43,33.3,Bharat Petroleum Corporation Limited [BPCL],False,1217.0,0.0,12.985981308411215,12.985981308411215,20.31401869158878,0,1,,,-20.31401869158878,,,-1217.0,1217.0,0.0,0,0,0,0,0,0,0,0,0,0
709793,2026-04-01,Bihar,3919.0,3919.0,510.08,30.1,Bharat Petroleum Corporation Limited [BPCL],False,1217.0,0.0,13.015565195202857,13.015565195202857,17.084434804797144,0,1,,,-17.084434804797144,,,-1217.0,1217.0,0.0,0,0,0,0,0,0,0,0,0,0
709794,2026-04-01,"Multi-States(Punjab,Rajasthan)",3207.0,3207.0,414.52,30.8,Bharat Petroleum Corporation Limited [BPCL],False,1217.0,0.0,12.92547552229498,12.92547552229498,17.874524477705023,0,1,,,-17.874524477705023,,,-1217.0,1217.0,0.0,0,0,0,0,0,0,0,0,0,0
709795,2026-04-01,Uttar Pradesh,16654.0,16654.0,713.77,17.9,Bharat Petroleum Corporation Limited [BPCL],False,1217.0,0.0,4.285877266722709,4.285877266722709,13.61412273327729,0,1,,,-13.61412273327729,,,-1217.0,1217.0,0.0,0,0,0,0,0,0,0,0,0,0
709796,2026-04-01,Tamil Nadu,3685.0,3685.0,288.66,25.4,Bharat Petroleum Corporation Limited [BPCL],False,1217.0,0.0,7.8333785617367715,7.8333785617367715,17.566621438263226,0,1,,,-17.566621438263226,,,-1217.0,1217.0,0.0,0,0,0,0,0,0,0,0,0,0
709797,2026-04-01,Maharashtra,2585.0,2585.0,1288.41,80.6,Bharat Petroleum Corporation Limited [BPCL],False,1066.0,0.0,49.84177949709865,49.84177949709865,30.758220502901345,0,1,,,-30.758220502901345,,,-1066.0,1066.0,0.0,0,0,0,0,0,0,0,0,0,1
709798,2026-04-01,Madhya Pradesh,43367.0,43367.0,4802.7,25.5,MinistryofPetroleumNaturalGas,False,1066.0,0.0,11.074549772868771,11.074549772868771,14.425450227131229,0,1,,,-14.425450227131227,,,-1066.0,1066.0,0.0,0,0,0,0,0,0,0,0,0,0
709799,2026-04-01,Kerala,4460.0,4850.0,818.9,32.2,MinistryofPetroleumNaturalGas,False,852.0,0.0,16.884536082474227,16.884536082474227,15.315463917525776,1,1,,,-15.315463917525776,,,-852.0,852.0,0.0,0,0,0,0,0,0,0,0,0,0
709800,2026-04-01,Odisha,393.54,393.54,218.63,80.9,MinistryofPetroleumNaturalGas,False,1826.0,0.0,55.554708542968946,55.554708542968946,25.34529145703106,0,1,,,-25.34529145703106,,,-1826.0,1826.0,0.0,0,0,0,0,0,0,0,0,0,0
709811,2026-04-01,Odisha,190.0,189.93,3.4,5.0,East Coast Railway [ECoR] - II,False,335.0,973.0,1.7901332069709892,1.7901332069709892,3.209866793029011,1,1,,-29.42959917780062,-3.209866793029011,,0.3442959917780062,638.0,335.0,973.0,1,1,0,0,0,0,0,0,0,0
709812,2026-04-01,Gujarat,461.91,461.91,186.78,8.0,Railway,False,913.0,518.0,40.43644865882964,40.43644865882964,-32.43644865882964,0,1,,-168.25482625482624,32.43644865882964,,1.7625482625482625,-395.0,913.0,518.0,1,1,1,0,0,1,1,1,1,0
709813,2026-04-01,Gujarat,437.21,437.21,117.87,21.0,Western Railway [WR] - II,True,274.0,1004.0,26.95958463896069,26.95958463896069,-5.959584638960688,0,1,,-6.290836653386453,5.959584638960688,,0.2729083665338645,730.0,274.0,1004.0,0,0,0,0,0,0,0,0,0,0
709815,2026-04-01,Chhattisgarh,177.03,177.03,4.8,16.0,SECR,False,700.0,608.0,2.7114048466361633,2.7114048466361633,13.288595153363836,0,1,,-99.13157894736842,-13.288595153363836,,1.1513157894736843,-92.0,700.0,608.0,1,1,1,0,0,1,0,0,0,1
709816,2026-04-01,Chhattisgarh,177.34,177.34,1.91,7.0,SECR,False,700.0,608.0,1.0770271794293447,1.0770271794293447,5.9229728205706555,0,1,,-108.13157894736842,-5.922972820570656,,1.1513157894736843,-92.0,700.0,608.0,1,1,1,0,0,1,0,0,0,0
709817,2026-04-01,Chhattisgarh,169.06,169.06,22.52,65.0,SECR,False,700.0,608.0,13.320714539216846,13.320714539216846,51.679285460783156,0,1,,-50.131578947368425,-51.67928546078316,,1.1513157894736843,-92.0,700.0,608.0,1,1,1,0,0,0,0,0,0,0
709818,2026-04-01,Chhattisgarh,328.34,328.34,78.66,33.0,SECR,False,700.0,608.0,23.95687397210209,23.95687397210209,9.043126027897909,0,1,,-82.13157894736842,-9.043126027897909,,1.1513157894736843,-92.0,700.0,608.0,1,1,1,0,0,1,0,0,0,0
709819,2026-04-01,Chhattisgarh,167.64,167.64,20.13,8.0,SECR,False,335.0,973.0,12.007874015748033,12.007874015748033,-4.007874015748033,0,1,,-26.42959917780062,4.007874015748033,,0.3442959917780062,638.0,335.0,973.0,1,1,0,0,0,0,0,0,0,1
709826,2026-04-01,Chhattisgarh,2718.84,2718.84,1524.61,82.17,National Mineral Development Corporation Limited [NMDC],False,1643.0,4656.0,56.07575289461681,56.07575289461681,26.09424710538319,0,1,,46.882199312714775,-26.09424710538319,,0.3528780068728522,3013.0,1643.0,4656.0,0,0,0,0,0,0,0,0,0,0
709831,2026-04-01,Odisha,483.0,483.0,446.16,92.35,National Aluminium Company Limited [NALCO],False,2343.0,730.0,92.37267080745342,92.37267080745342,-0.02267080745342298,0,1,,-107.65,0.0226708074534229,,2.0,-1613.0,2343.0,730.0,1,1,1,0,0,0,0,0,0,0
709837,2026-04-01,Tripura,209.33,131.51,78.98,68.9,Oil and Natural Gas Corporation Limited [ONGC],False,1492.0,0.0,60.05626948521026,60.05626948521026,8.843730514789748,1,1,,,-8.843730514789748,,,-1492.0,1492.0,0.0,0,0,0,0,0,0,0,0,0,0
709838,2026-04-01,Gujarat,621.4,739.02,222.8,42.0,Oil and Natural Gas Corporation Limited [ONGC],False,1551.0,0.0,30.148033882709534,30.148033882709534,11.851966117290466,1,1,,,-11.851966117290466,,,-1551.0,1551.0,0.0,0,0,0,0,0,0,0,0,0,0
709839,2026-04-01,Offshore,4144.41,6406.9,6136.43,99.9,Oil and Natural Gas Corporation Limited [ONGC],False,1400.0,0.0,95.77845760039958,95.77845760039958,4.121542399600429,1,1,,,-4.121542399600429,,,-1400.0,1400.0,0.0,0,0,0,0,0,0,0,0,0,0
709840,2026-04-01,Gujarat,249.43,249.43,210.5,97.1,Oil and Natural Gas Corporation Limited [ONGC],False,1431.0,0.0,84.39241470552861,84.39241470552861,12.707585294471386,0,1,,,-12.707585294471386,,,-1431.0,1431.0,0.0,0,0,0,0,0,0,0,0,0,1
709841,2026-04-01,Gujarat,173.03,169.84,164.86,93.5,Oil and Natural Gas Corporation Limited [ONGC],False,1735.0,0.0,97.0678285445125,97.0678285445125,-3.567828544512494,1,1,,,3.567828544512494,,,-1735.0,1735.0,0.0,0,0,0,0,0,0,0,0,0,0
709842,2026-04-01,Gujarat,1487.41,1487.41,940.5,64.0,Oil and Natural Gas Corporation Limited [ONGC],False,1339.0,0.0,63.23071648032486,63.23071648032486,0.7692835196751417,0,1,,,-0.7692835196751417,,,-1339.0,1339.0,0.0,0,0,0,0,0,0,0,0,0,0
709845,2026-04-01,Gujarat,837.34,837.34,445.89,67.7,Oil and Natural Gas Corporation Limited [ONGC],False,1247.0,0.0,53.25077029641483,53.25077029641483,14.449229703585175,0,1,,,-14.449229703585177,,,-1247.0,1247.0,0.0,0,0,0,0,0,0,0,0,0,0
709847,2026-04-01,Assam,481.03,481.03,235.37,54.1,Ministry of Petroleum & Natural Gas,False,1186.0,0.0,48.930420140116006,48.930420140116006,5.169579859883996,0,1,,,-5.169579859883996,,,-1186.0,1186.0,0.0,0,0,0,0,0,0,0,0,0,0
709848,2026-04-01,Offshore,2329.45,2354.23,1613.16,92.7,Ministry of Petroleum & Natural Gas,False,1400.0,0.0,68.5217672020151,68.5217672020151,24.178232797984904,1,1,,,-24.178232797984904,,,-1400.0,1400.0,0.0,0,0,0,0,0,0,0,0,0,1
709849,2026-04-01,Offshore,2379.84,3165.53,2654.5,97.6,Ministry of Petroleum & Natural Gas,False,669.0,0.0,83.85641582926081,83.85641582926081,13.743584170739183,1,1,,,-13.743584170739185,,,-669.0,669.0,0.0,0,0,0,0,0,0,0,0,0,1
709850,2026-04-01,Assam,198.7,198.7,96.22,55.7,Ministry of Petroleum & Natural Gas,False,943.0,0.0,48.42476094614997,48.42476094614997,7.275239053850029,0,1,,,-7.275239053850029,,,-943.0,943.0,0.0,0,0,0,0,0,0,0,0,0,0
709851,2026-04-01,Offshore,6183.79,6183.79,1555.0,40.4,Ministry of Petroleum & Natural Gas,False,1066.0,0.0,25.146390805638614,25.146390805638614,15.253609194361385,0,1,,,-15.253609194361385,,,-1066.0,1066.0,0.0,0,0,0,0,0,0,0,0,0,0
709856,2026-04-01,PAN India,645.13,645.13,377.59,92.1,BSNL,False,1066.0,0.0,58.52928867050051,58.52928867050051,33.57071132949948,0,1,,,-33.57071132949948,,,-1066.0,1066.0,0.0,0,0,0,0,0,0,0,0,0,0
709859,2026-04-01,Delhi,248.2,248.2,237.39,98.0,National Communication Academy - Finance [Erstwhile NICF],False,2922.0,1278.0,95.64464141821112,95.64464141821112,2.3553585817888774,0,1,,-102.0,-2.3553585817888774,,2.0,-1644.0,2922.0,1278.0,1,1,1,0,0,0,0,0,0,0
709864,2026-04-01,Assam,370.0,370.0,281.31,76.3,NRL,False,1704.0,0.0,76.02972972972974,76.02972972972974,0.2702702702702595,0,1,,,-0.2702702702702595,,,-1704.0,1704.0,0.0,0,0,0,0,0,0,0,0,0,1
709865,2026-04-01,Assam,293.5,293.5,81.84,99.0,NRL,False,1096.0,0.0,27.884156729131178,27.884156729131178,71.11584327086882,0,1,,,-71.11584327086882,,,-1096.0,1096.0,0.0,0,0,0,0,0,0,0,0,0,1
900808,2026-04-01,"Multi-States(Andhra Pradesh,Telangana)",3546.94,3546.94,3532.75,99.69,Power Grid Corporation of India Limited [POWERGRID],False,1127.0,120.0,99.59993684697231,99.59993684697231,0.09006315302768542,0,1,,-100.31,-0.0900631530276854,,2.0,-1007.0,1127.0,120.0,1,1,1,0,0,0,0,0,0,0
900874,2026-04-01,Bihar,588.18,588.18,2.38,0.1,East Central Railway [ECR] - I,False,1127.0,0.0,0.40463803597538167,0.40463803597538167,-0.30463803597538164,0,1,,,0.3046380359753816,,,-1127.0,1127.0,0.0,0,0,0,0,0,0,0,0,0,0
400006,2026-05-01,Odisha,808.99,808.99,743.46,40.0,South Eastern Railway [SER] - I,False,1673.0,0.0,91.89977626423071,91.89977626423071,-51.89977626423071,0,1,2.0,,51.89977626423071,0.0,,-1673.0,1673.0,0.0,0,0,0,0,0,0,1,1,1,0
400010,2026-05-01,Ladakh,480.0,640.0,506.13,79.2,Airport Authority of India [AAI],False,2799.0,62.0,79.0828125,79.0828125,0.1171875,1,1,0.2999999999999971,-120.8,-0.1171875,0.0,2.0,-2737.0,2799.0,62.0,1,1,1,0,0,0,0,0,0,0
400012,2026-05-01,"Multi-States(Gujarat, MadhyaPradesh, UttarPradesh)",10088.0,10088.0,8585.71,95.4,Ministry of Petroleum & Natural Gas,False,2708.0,0.0,85.10814829500396,85.10814829500396,10.291851704996049,0,1,0.2000000000000028,,-10.291851704996049,0.0,,-2708.0,2708.0,0.0,0,0,0,0,0,0,0,0,0,0
400013,2026-05-01,PAN India,26316.0,15392.8,9791.8,85.0,Department of Telecommunications [DoT],False,1400.0,0.0,63.6128579595655,63.6128579595655,21.387142040434497,1,1,,,-21.387142040434497,,,-1400.0,1400.0,0.0,0,0,0,0,0,0,0,0,0,0
400018,2026-05-01,Jharkhand,859.41,859.41,455.25,63.22,ECL - CIL,False,1369.0,0.0,52.972388033650994,52.972388033650994,10.247611966349005,0,0,0.0,,-10.247611966349004,0.0,,-1369.0,1369.0,0.0,0,0,0,0,1,0,0,0,0,0
400019,2026-05-01,Maharashtra,492.76,1170.83,542.26,25.0,Central Railway,False,1126.0,1551.0,46.314153207553616,46.314153207553616,-21.314153207553616,1,1,0.0,-47.59832366215345,21.314153207553616,0.0,0.7259832366215345,425.0,1126.0,1551.0,1,1,1,0,1,0,1,1,0,0
400022,2026-05-01,"Multi-States(Gujarat,Rajasthan)",2798.0,2798.0,2569.32,37.0,North Western Railway [NWR],False,1400.0,0.0,91.82701929949964,91.82701929949964,-54.82701929949964,0,1,0.0,,54.82701929949964,0.0,,-1400.0,1400.0,0.0,0,0,0,0,1,0,1,1,1,0
400023,2026-05-01,Karnataka,749.0,749.0,0.94,0.0,South Western Railway [SWR] - II,False,151.0,2467.0,0.1255006675567423,0.1255006675567423,-0.1255006675567423,0,1,-0.3,-6.120794487231455,0.1255006675567423,0.0,0.0612079448723145,2316.0,151.0,2467.0,0,0,0,1,0,0,0,0,0,0
400033,2026-05-01,Maharashtra,580.61,580.61,112.17,33.91,Western Coalfields Limited [WCL],False,1461.0,820.0,19.31933655982501,19.31933655982501,14.590663440174986,0,0,0.0,-144.2607317073171,-14.590663440174986,0.0,1.7817073170731708,-641.0,1461.0,820.0,1,1,1,0,1,1,0,0,0,0
400043,2026-05-01,Tamil Nadu,829.0,829.0,378.18,78.0,Ministry of Petroleum & Natural Gas,False,1581.0,0.0,45.618817852834745,45.618817852834745,32.381182147165255,0,1,1.7999999999999972,,-32.381182147165255,0.0,,-1581.0,1581.0,0.0,0,0,0,0,0,0,0,0,0,0
400045,2026-05-01,Odisha,168.32,168.32,69.85,82.0,East Coast Railway [ECoR] - II,True,1400.0,-31.0,41.49833650190114,41.49833650190114,40.50166349809886,0,1,0.0,,-40.50166349809886,0.0,,-1431.0,1400.0,-31.0,0,0,0,0,1,0,0,0,0,0
400047,2026-05-01,Odisha,210.0,210.0,40.56,52.0,East Coast Railway [ECoR] - II,False,1430.0,-61.0,19.314285714285713,19.314285714285713,32.68571428571428,0,1,0.0,,-32.68571428571428,0.0,,-1491.0,1430.0,-61.0,0,0,0,0,1,0,0,0,0,0
400048,2026-05-01,Odisha,186.21,186.21,103.1,88.0,East Coast Railway [ECoR] - II,False,1430.0,-92.0,55.36759572525642,55.36759572525642,32.63240427474358,0,1,0.0,,-32.63240427474358,0.0,,-1522.0,1430.0,-92.0,0,0,0,0,1,0,0,0,0,1
400062,2026-05-01,West Bengal,17673.0,17673.0,2043.87,10.0,Damodar Valley Corporation,False,454.0,762.0,11.564929553556272,11.564929553556272,-1.5649295535562722,0,0,0.5999999999999996,-49.58005249343832,1.5649295535562722,0.0,0.5958005249343832,308.0,454.0,762.0,1,1,1,0,0,0,0,0,0,0
400073,2026-05-01,Jharkhand,674.65,674.65,433.64,46.25,Ministry of Coal,False,1581.0,0.0,64.27629141036093,64.27629141036093,-18.026291410360926,0,0,-7.219999999999999,,18.02629141036093,-15.59911927340056,,-1581.0,1581.0,0.0,0,0,0,1,0,0,1,0,0,0
400074,2026-05-01,Jharkhand,849.31,849.31,289.45,22.38,Ministry of Coal,False,1581.0,0.0,34.080606610071705,34.080606610071705,-11.700606610071706,0,0,-1.1900000000000013,,11.700606610071706,-6.512047728598641,,-1581.0,1581.0,0.0,0,0,0,1,0,0,1,0,0,0
400078,2026-05-01,"Multi-States(Gujarat, Haryana,Rajasthan)",9028.0,9028.0,7456.3,92.7,Ministry of Petroleum & Natural Gas,False,1612.0,0.0,82.59082853345149,82.59082853345149,10.109171466548517,0,1,1.2999999999999972,,-10.109171466548515,0.0,,-1612.0,1612.0,0.0,0,0,0,0,0,0,0,0,0,0
400087,2026-05-01,Gujarat,885.63,1347.61,1022.45,89.2,Oil and Natural Gas Corporation Limited [ONGC],False,1734.0,0.0,75.87135744020898,75.87135744020898,13.328642559791021,1,1,1.7000000000000028,,-13.32864255979102,0.0,,-1734.0,1734.0,0.0,0,0,0,0,0,0,0,0,0,0
400100,2026-05-01,Andhra Pradesh,353.05,1023.24,872.65,95.88,Water Resources-AP,False,7425.0,275.0,85.28302255580313,85.28302255580313,10.596977444196867,1,1,0.0,-104.12,-10.596977444196868,0.0,2.0,-7150.0,7425.0,275.0,1,1,1,0,1,0,0,0,0,0
400101,2026-05-01,Andhra Pradesh,397.41,697.39,624.78,98.3,Water Resources-AP,False,7700.0,0.0,89.58832217267239,89.58832217267239,8.711677827327605,1,1,0.0,,-8.711677827327605,0.0,,-7700.0,7700.0,0.0,0,0,0,0,1,0,0,0,0,0
400102,2026-05-01,Telangana,736.13,949.87,971.47,97.0,Irrigation and CAD-TG,False,7700.0,3287.0,102.27399538884268,100.0,-3.0,1,1,0.0,-103.0,5.273995388842678,0.0,2.0,-4413.0,7700.0,3287.0,1,1,1,0,1,0,0,0,0,0
400103,2026-05-01,Telangana,1331.3,5940.09,4491.08,92.0,Irrigation and CAD-TG,False,7425.0,3562.0,75.60626185798532,75.60626185798532,16.393738142014683,1,1,0.0,-108.0,-16.393738142014683,0.0,2.0,-3863.0,7425.0,3562.0,1,1,1,0,1,0,0,0,0,0
400111,2026-05-01,Chhattisgarh,459.97,727.04,618.85,72.0,Water Resources-CT,False,6604.0,0.0,85.11911311619718,85.11911311619718,-13.119113116197184,1,1,0.0,,13.119113116197184,0.0,,-6604.0,6604.0,0.0,0,0,0,0,1,0,1,0,0,0
400115,2026-05-01,Madhya Pradesh,751.03,893.35,814.02,75.0,Water Resources-MP,False,6329.0,275.0,91.11994179213075,91.11994179213075,-16.119941792130746,1,1,0.0,-125.0,16.119941792130746,0.0,2.0,-6054.0,6329.0,275.0,1,1,1,0,1,0,1,0,0,0
400116,2026-05-01,Madhya Pradesh,1229.15,1399.7,2203.81,81.52,Water Resources-MP,False,6970.0,0.0,157.44873901550332,100.0,-18.480000000000004,1,1,0.0999999999999943,,75.92873901550333,0.0,,-6970.0,6970.0,0.0,0,0,0,0,0,0,1,1,1,0
400119,2026-05-01,Offshore,3190.69,3375.9,3123.2,90.0,Oil and Natural Gas Corporation Limited [ONGC],False,3804.0,0.0,92.51458870227198,92.51458870227198,-2.514588702271979,1,1,0.0,,2.514588702271979,0.0,,-3804.0,3804.0,0.0,0,0,0,0,1,0,0,0,0,0
400120,2026-05-01,Andhra Pradesh,34012.0,34012.0,33006.7,96.6,Oil and Natural Gas Corporation Limited [ONGC],False,3713.0,0.0,97.04427848994472,97.04427848994472,-0.44427848994472185,0,1,0.0999999999999943,,0.4442784899447218,0.0,,-3713.0,3713.0,0.0,0,0,0,0,0,0,0,0,0,0
400121,2026-05-01,Karnataka,1043.63,1043.63,628.29,65.0,National Mineral Development Corporation Limited [NMDC],False,699.0,3500.0,60.202370571945984,60.202370571945984,4.797629428054016,0,0,1.8999999999999984,45.02857142857143,-4.797629428054016,0.0,0.1997142857142857,2801.0,699.0,3500.0,0,0,0,0,0,0,0,0,0,0
400136,2026-05-01,Jharkhand,2660.0,2660.0,17.03,16.77,Ministry of Coal,False,791.0,0.0,0.6402255639097745,0.6402255639097745,16.129774436090226,0,0,0.0,,-16.129774436090226,0.0,,-791.0,791.0,0.0,0,0,0,0,1,0,0,0,0,0
400138,2026-05-01,Jharkhand,973.5,973.5,440.75,25.03,Ministry of Coal,False,2099.0,0.0,45.27478171545968,45.27478171545968,-20.24478171545968,0,0,0.1700000000000017,,20.24478171545968,0.0,,-2099.0,2099.0,0.0,0,0,0,0,0,0,1,1,0,1
400139,2026-05-01,Jharkhand,861.06,625.4,456.48,45.52,Ministry of Coal,False,2099.0,0.0,72.99008634473937,72.99008634473937,-27.470086344739364,1,0,-2.43,,27.470086344739364,0.0,,-2099.0,2099.0,0.0,0,0,0,1,0,0,1,1,0,0
400141,2026-05-01,Odisha,4103.0,5677.4,4920.25,94.7,National Aluminium Company Limited [NALCO],False,3317.0,0.0,86.66378976291965,86.66378976291965,8.036210237080354,1,1,0.5,,-8.036210237080354,0.0,,-3317.0,3317.0,0.0,0,0,0,0,0,0,0,0,0,0
400142,2026-05-01,Jharkhand,2242.9,2242.9,1388.09,87.0,NLC India Limited [NLCIL],False,2373.0,1340.0,61.88818048062775,61.88818048062775,25.111819519372247,0,0,0.0,-90.089552238806,-25.111819519372247,0.0,1.7708955223880598,-1033.0,2373.0,1340.0,1,1,1,0,1,0,0,0,0,1
400144,2026-05-01,Chhattisgarh,2310.12,2310.12,115.62,11.81,South Eastern Coalfields Limited [SECL],False,1977.0,0.0,5.004934808581373,5.004934808581373,6.8050651914186275,0,0,0.0,,-6.805065191418628,0.0,,-1977.0,1977.0,0.0,0,0,0,0,1,0,0,0,0,0
400148,2026-05-01,Madhya Pradesh,869.44,869.44,325.4,75.15,Ministry of Coal,False,3713.0,0.0,37.4263894000736,37.4263894000736,37.7236105999264,0,1,0.0,,-37.7236105999264,0.0,,-3713.0,3713.0,0.0,0,0,0,0,1,0,0,0,0,0
400149,2026-05-01,Chhattisgarh,2309.8,2309.8,999.09,55.95,South Eastern Coalfields Limited [SECL],False,2099.0,0.0,43.25439431985453,43.25439431985453,12.69560568014547,0,0,0.0,,-12.69560568014547,0.0,,-2099.0,2099.0,0.0,0,0,0,0,1,0,0,0,0,0
400150,2026-05-01,Jharkhand,7254.37,7254.37,1692.65,39.3,Ministry of Coal,False,2099.0,0.0,23.332832485798217,23.332832485798217,15.96716751420178,0,0,-0.9100000000000036,,-15.96716751420178,0.0,,-2099.0,2099.0,0.0,0,0,0,1,0,0,0,0,0,1
400151,2026-05-01,Jharkhand,778.8,778.8,606.01,68.75,Ministry of Coal,False,1765.0,0.0,77.81330251669235,77.81330251669235,-9.063302516692346,0,0,-2.6299999999999955,,9.063302516692346,0.0,,-1765.0,1765.0,0.0,0,0,0,1,0,0,0,0,0,1
400153,2026-05-01,Jharkhand,1020.42,1020.42,85.34,22.54,Ministry of Coal,False,1946.0,0.0,8.363222986613355,8.363222986613355,14.176777013386644,0,0,-0.3000000000000007,,-14.176777013386644,0.0,,-1946.0,1946.0,0.0,0,0,0,1,0,0,0,0,0,0
400154,2026-05-01,Jharkhand,713.35,713.35,236.58,10.19,Ministry of Coal,False,2007.0,0.0,33.16464568584846,33.16464568584846,-22.974645685848465,0,0,0.0,,22.974645685848465,0.0,,-2007.0,2007.0,0.0,0,0,0,0,1,0,1,1,0,1
400155,2026-05-01,Jharkhand,2821.07,2821.07,186.02,27.51,Ministry of Coal,False,1826.0,0.0,6.593951940221264,6.593951940221264,20.91604805977874,0,0,-1.34,,-20.91604805977874,-2.663993817022511,,-1826.0,1826.0,0.0,0,0,0,1,0,0,0,0,0,0
400156,2026-05-01,Jharkhand,5136.15,5136.15,1326.08,43.58,Ministry of Coal,False,2281.0,0.0,25.818560594998203,25.818560594998203,17.761439405001795,0,0,-0.8700000000000045,,-17.761439405001795,0.0,,-2281.0,2281.0,0.0,0,0,0,1,0,0,0,0,0,1
400160,2026-05-01,Jharkhand,510.85,510.85,488.71,76.99,Ministry of Coal,False,5995.0,0.0,95.66604678477047,95.66604678477047,-18.676046784770477,0,1,-1.2600000000000051,,18.67604678477048,0.0,,-5995.0,5995.0,0.0,0,0,0,1,0,0,1,0,0,1
400162,2026-05-01,Madhya Pradesh,998.71,998.71,520.97,50.39,Northern Coalfields Limited [NCL],False,2496.0,0.0,52.16429193659822,52.16429193659822,-1.7742919365982175,0,1,0.3900000000000005,,1.7742919365982175,0.0,,-2496.0,2496.0,0.0,0,0,0,0,0,0,0,0,0,1
400165,2026-05-01,Odisha,1693.81,1693.81,1330.06,45.73,Mahanadi Coalfields Limited [MCL],False,1826.0,0.0,78.52474598685802,78.52474598685802,-32.794745986858025,0,0,0.1599999999999966,,32.794745986858025,0.0,,-1826.0,1826.0,0.0,0,0,0,0,0,0,1,1,1,0
400166,2026-05-01,Odisha,5194.95,5194.95,3491.21,60.27,Mahanadi Coalfields Limited [MCL],False,1915.0,0.0,67.20391919075256,67.20391919075256,-6.933919190752555,0,0,0.7700000000000031,,6.933919190752555,0.0,,-1915.0,1915.0,0.0,0,0,0,0,0,0,0,0,0,0
400167,2026-05-01,Gujarat,1162.56,1162.56,1113.19,95.9,Oil and Natural Gas Corporation Limited [ONGC],False,3376.0,0.0,95.7533374621525,95.7533374621525,0.14666253784750438,0,1,0.0,,-0.1466625378475043,0.0,,-3376.0,3376.0,0.0,0,0,0,0,1,0,0,0,0,0
400168,2026-05-01,Maharashtra,8797.0,11256.0,8113.66,91.1,Ministry of Petroleum & Natural Gas,False,1856.0,0.0,72.08297796730633,72.08297796730633,19.01702203269366,1,1,0.3999999999999915,,-19.01702203269366,0.0,,-1856.0,1856.0,0.0,0,0,0,0,0,0,0,0,0,1
400169,2026-05-01,Gujarat,631.03,845.42,617.71,91.0,Oil and Natural Gas Corporation Limited [ONGC],False,1856.0,0.0,73.06545858863052,73.06545858863052,17.93454141136948,1,1,1.0,,-17.93454141136948,0.0,,-1856.0,1856.0,0.0,0,0,0,0,0,0,0,0,0,0
400171,2026-05-01,Punjab,1421.46,1421.46,1266.71,95.8,Hindustan Petroleum Corporation Limited [HPCL],False,2191.0,0.0,89.11330603745445,89.11330603745445,6.686693962545547,0,1,0.0,,-6.686693962545547,0.0,,-2191.0,2191.0,0.0,0,0,0,0,1,0,0,0,0,1
400172,2026-05-01,Jharkhand,513.99,513.99,240.12,53.03,Eastern Coal Fields Limited [ECL],False,2830.0,0.0,46.716862195762566,46.716862195762566,6.313137804237435,0,1,0.0,,-6.313137804237435,0.0,,-2830.0,2830.0,0.0,0,0,0,0,1,0,0,0,0,1
400173,2026-05-01,West Bengal,888.99,888.99,142.98,31.52,Eastern Coal Fields Limited [ECL],False,2007.0,0.0,16.08342051091688,16.08342051091688,15.436579489083119,0,1,0.0,,-15.43657948908312,0.0,,-2007.0,2007.0,0.0,0,0,0,0,1,0,0,0,0,0
400174,2026-05-01,Jharkhand,1034.01,1752.3,1006.59,64.0,Steel Authority of India Limited [SAIL],False,3865.0,214.0,57.44393083376135,57.44393083376135,6.55606916623865,1,1,4.219999999999999,-136.0,-6.55606916623865,0.0,2.0,-3651.0,3865.0,214.0,1,1,1,0,0,0,0,0,0,0
400177,2026-05-01,Maharashtra,727.28,727.28,563.23,80.77,Western Coalfields Limited [WCL],False,3926.0,0.0,77.44335056649435,77.44335056649435,3.3266494335056507,0,1,0.0,,-3.3266494335056507,0.0,,-3926.0,3926.0,0.0,0,0,0,0,1,0,0,0,0,1
400178,2026-05-01,Maharashtra,822.88,822.88,649.83,40.63,Western Coalfields Limited [WCL],False,2281.0,0.0,78.9702022166051,78.9702022166051,-38.3402022166051,0,0,0.0900000000000034,,38.3402022166051,0.0,,-2281.0,2281.0,0.0,0,0,0,0,0,0,1,1,1,1
400180,2026-05-01,West Bengal,570.11,570.11,88.78,17.1,Eastern Coal Fields Limited [ECL],False,1734.0,0.0,15.572433390047536,15.572433390047536,1.5275666099524656,0,1,0.0,,-1.5275666099524656,0.0,,-1734.0,1734.0,0.0,0,0,0,0,1,0,0,0,0,0
400181,2026-05-01,West Bengal,502.68,502.67,83.94,27.52,Eastern Coal Fields Limited [ECL],False,2830.0,0.0,16.69882825710705,16.69882825710705,10.82117174289295,1,0,0.0,,-10.82117174289295,0.0,,-2830.0,2830.0,0.0,0,0,0,0,1,0,0,0,0,0
400183,2026-05-01,Odisha,3504.21,3504.21,958.0,58.0,Mahanadi Coalfields Limited [MCL],False,2099.0,0.0,27.338544208252358,27.338544208252358,30.661455791747642,0,0,0.8500000000000014,,-30.66145579174764,0.0,,-2099.0,2099.0,0.0,0,0,0,0,0,0,0,0,0,0
400185,2026-05-01,Odisha,8416.19,6107.87,1774.72,35.03,MCL - CIL,False,1491.0,0.0,29.056283123249187,29.056283123249187,5.973716876750814,1,0,0.490000000000002,,-5.973716876750814,0.0,,-1491.0,1491.0,0.0,0,0,0,0,0,0,0,0,0,0
400186,2026-05-01,West Bengal,749.08,749.07,53.97,11.91,Eastern Coal Fields Limited [ECL],False,1216.0,0.0,7.204934118306699,7.204934118306699,4.705065881693301,1,0,0.0099999999999997,,-4.705065881693301,0.0,,-1216.0,1216.0,0.0,0,0,0,0,0,0,0,0,0,0
400187,2026-05-01,Odisha,2434.75,2434.75,2004.49,82.16,Mahanadi Coalfields Limited [MCL],False,2922.0,0.0,82.32837046924736,82.32837046924736,-0.16837046924736399,0,0,3.1099999999999994,,0.1683704692473639,0.0,,-2922.0,2922.0,0.0,0,0,0,0,0,0,0,0,0,0
400188,2026-05-01,Delhi,32850.0,32841.0,14370.45,46.7,National Buildings Construction Corporation [NBCC],False,2922.0,669.0,43.7576504978533,43.7576504978533,2.9423495021467048,1,1,-0.0999999999999943,-153.3,-2.9423495021467048,0.0,2.0,-2253.0,2922.0,669.0,1,1,1,1,0,1,0,0,0,0
400204,2026-05-01,Uttar Pradesh,4939.78,4939.78,1065.82,13.0,North Eastern Railway [NER],False,3348.0,-579.0,21.57626452999931,21.57626452999931,-8.57626452999931,0,1,4.1,,8.57626452999931,0.0,,-3927.0,3348.0,-579.0,0,0,0,0,0,0,0,0,0,0
400205,2026-05-01,Uttar Pradesh,1319.75,1319.75,522.12,4.1,North Eastern Railway [NER],False,3348.0,-883.0,39.56203826482289,39.56203826482289,-35.46203826482289,0,1,0.0999999999999996,,35.46203826482289,0.0,,-4231.0,3348.0,-883.0,0,0,0,0,0,0,1,1,1,1
400220,2026-05-01,Chhattisgarh,3055.0,3798.06,2730.19,95.15,Indian Railway Construction International Limited [IRCON],False,4503.0,-790.0,71.88380383669558,71.88380383669558,23.26619616330443,1,1,0.0500000000000113,,-23.26619616330443,0.0,,-5293.0,4503.0,-790.0,0,0,0,0,0,0,0,0,0,1
400223,2026-05-01,"Multi-States(Puducherry, TamilNadu)",713.0,981.0,636.83,80.0,Ministry of Railways,False,2677.0,3836.0,64.91641182466871,64.91641182466871,15.083588175331286,1,1,0.0,10.213764337851927,-15.083588175331286,0.0,0.6978623566214807,1159.0,2677.0,3836.0,0,0,0,0,1,0,0,0,0,0
400231,2026-05-01,Odisha,27212.96,27213.0,3455.88,2.1,NLC India Limited [NLCIL],False,851.0,2556.0,12.699371623856246,12.699371623856246,-10.599371623856246,1,0,0.0,-31.1942097026604,10.599371623856246,0.0,0.332942097026604,1705.0,851.0,2556.0,1,1,1,0,1,0,1,0,0,0
400232,2026-05-01,Odisha,297.0,297.0,235.1,55.0,East Coast Railway [ECoR] - II,False,4503.0,0.0,79.15824915824916,79.15824915824916,-24.158249158249163,0,1,-1.0,,24.158249158249163,0.0,,-4503.0,4503.0,0.0,0,0,0,1,0,0,1,1,0,0
400247,2026-05-01,West Bengal,1000.0,1000.0,1066.85,76.0,Eastern Railway [ER] - I,False,7486.0,-3529.0,106.68499999999999,100.0,-24.0,0,1,1.5,,30.684999999999988,0.0,,-11015.0,7486.0,-3529.0,0,0,0,0,0,0,1,1,1,0
400253,2026-05-01,"Multi-States(Andhra Pradesh,Odisha)",4803.0,6669.91,6233.25,98.0,RVNL - II,False,3468.0,153.0,93.45328497685877,93.45328497685877,4.546715023141232,1,1,1.0,-102.0,-4.546715023141232,0.0,2.0,-3315.0,3468.0,153.0,1,1,1,0,0,0,0,0,0,0
400254,2026-05-01,Bihar,735.2,735.2,589.37,84.2,East Central Railway [ECR] - I,False,10500.0,-9618.0,80.1645810663765,80.1645810663765,4.035418933623504,0,1,0.0,,-4.035418933623504,0.0,,-20118.0,10500.0,-9618.0,0,0,0,0,1,0,0,0,0,0
400261,2026-05-01,Jharkhand,18668.0,20302.0,19064.59,90.2,National Thermal Power Corporation [NTPC],False,3103.0,0.0,93.90498473056842,93.90498473056842,-3.7049847305684125,1,1,1.460000000000008,,3.704984730568413,0.0,,-3103.0,3103.0,0.0,0,0,0,0,0,0,0,0,0,0
400271,2026-05-01,Maharashtra,3445.0,3445.0,3002.93,50.0,Central Railway [CR] - II,False,6604.0,-3531.0,87.16777939042089,87.16777939042089,-37.16777939042089,0,1,0.0,,37.16777939042089,0.0,,-10135.0,6604.0,-3531.0,0,0,0,0,1,0,1,1,1,0
400273,2026-05-01,West Bengal,1189.0,1542.0,1390.59,96.9,Eastern Railway [ER] - I,False,6664.0,2528.0,90.18093385214007,90.18093385214007,6.719066147859934,1,1,0.0,-103.1,-6.719066147859934,0.0,2.0,-4136.0,6664.0,2528.0,1,1,1,0,1,0,0,0,0,0
400275,2026-05-01,"Multi-States(Andhra Pradesh,Tamil Nadu)",3631.0,3631.0,1298.17,16.75,Ministry of Railways,False,6421.0,92.0,35.752409804461585,35.752409804461585,-19.002409804461585,0,1,0.25,-183.25,19.002409804461585,0.0,2.0,-6329.0,6421.0,92.0,1,1,1,0,0,1,1,0,0,0
400277,2026-05-01,West Bengal,8964.0,8964.0,8733.02,87.0,RVNL - II,False,5326.0,579.0,97.42324854975458,97.42324854975458,-10.423248549754575,0,1,0.4000000000000057,-113.0,10.423248549754575,0.0,2.0,-4747.0,5326.0,579.0,1,1,1,0,0,0,1,0,0,1
400280,2026-05-01,Tamil Nadu,734.0,734.01,486.53,99.9,Ministry of Railways,False,6390.0,366.0,66.28383809484885,66.28383809484885,33.61616190515116,1,1,0.0,-100.1,-33.61616190515116,0.0,2.0,-6024.0,6390.0,366.0,1,1,1,0,1,0,0,0,0,0
400291,2026-05-01,Chhattisgarh,1589.0,1798.0,1656.54,97.6,East Coast Railway [ECoR] - II,False,4809.0,28.0,92.13236929922135,92.13236929922135,5.467630700778642,1,1,0.0,-102.4,-5.467630700778642,0.0,2.0,-4781.0,4809.0,28.0,1,1,1,0,1,0,0,0,0,1
400298,2026-05-01,Andhra Pradesh,2312.0,5932.0,3119.31,55.02,South Central Railway [SCR] - II,False,3438.0,1736.0,52.58445718138908,52.58445718138908,2.4355428186109265,1,1,0.0100000000000051,-143.02147465437787,-2.4355428186109265,0.0,1.9804147465437787,-1702.0,3438.0,1736.0,1,1,1,0,0,0,0,0,0,0
400299,2026-05-01,Odisha,1381.0,1960.77,770.23,52.2,National Aluminium Company Limited [NALCO],False,2922.0,0.0,39.282016758722335,39.282016758722335,12.917983241277668,1,1,0.1000000000000014,,-12.917983241277668,0.0,,-2922.0,2922.0,0.0,0,0,0,0,0,0,0,0,0,0
400301,2026-05-01,"Multi-States(Karnataka, TamilNadu)",678.0,1732.0,1140.25,83.5,"Department of Water Resources, River Development & GR",False,4929.0,0.0,65.83429561200924,65.83429561200924,17.665704387990758,1,1,0.9000000000000057,,-17.665704387990758,0.0,,-4929.0,4929.0,0.0,0,0,0,0,0,0,0,0,0,0
400312,2026-05-01,West Bengal,1210.12,1210.12,628.68,52.04,Eastern Coal Fields Limited [ECL],False,2221.0,0.0,51.951872541566125,51.951872541566125,0.08812745843387404,0,0,6.560000000000002,,-0.088127458433874,0.0,,-2221.0,2221.0,0.0,0,0,0,0,0,0,0,0,0,0
400315,2026-05-01,West Bengal,5365.88,5365.88,627.89,18.47,Eastern Coal Fields Limited [ECL],False,1765.0,0.0,11.70152891976712,11.70152891976712,6.768471080232878,0,0,0.0,,-6.768471080232878,0.0,,-1765.0,1765.0,0.0,0,0,0,0,1,0,0,0,0,0
400321,2026-05-01,Madhya Pradesh,1729.68,1729.68,943.02,53.73,Northern Coalfields Limited [NCL],False,2007.0,0.0,54.51991119744692,54.51991119744692,-0.7899111974469264,0,1,4.969999999999999,,0.7899111974469264,0.0,,-2007.0,2007.0,0.0,0,0,0,0,0,0,0,0,0,1
400352,2026-05-01,Jharkhand,764.57,764.57,145.81,29.39,Ministry of Coal,False,2099.0,0.0,19.070850281857776,19.070850281857776,10.319149718142224,0,0,-2.8399999999999963,,-10.319149718142224,0.0,,-2099.0,2099.0,0.0,0,0,0,1,0,0,0,0,0,0
400353,2026-05-01,Maharashtra,711.01,711.01,174.55,19.02,Western Coalfields Limited [WCL],False,1673.0,973.0,24.54958439403103,24.54958439403103,-5.52958439403103,0,0,0.0,-152.92244604316545,5.52958439403103,0.0,1.7194244604316546,-700.0,1673.0,973.0,1,1,1,0,1,1,0,0,0,0
400354,2026-05-01,Chhattisgarh,5241.4,5241.4,2918.21,39.34,South Eastern Coalfields Limited [SECL],False,1977.0,0.0,55.67615522570306,55.67615522570306,-16.33615522570306,0,0,1.3400000000000034,,16.33615522570306,0.0,,-1977.0,1977.0,0.0,0,0,0,0,0,0,1,0,0,0
400369,2026-05-01,"Multi-States(Madhya Pradesh,Uttar Pradesh)",836.42,836.42,835.51,92.05,Northern Coalfields Limited [NCL],False,2099.0,0.0,99.89120298414672,99.89120298414672,-7.841202984146719,0,1,2.1499999999999915,,7.841202984146719,0.0,,-2099.0,2099.0,0.0,0,0,0,0,0,0,0,0,0,0
400382,2026-05-01,Maharashtra,6000.0,6000.0,5999.89,88.0,Reliance Industries Ltd,False,2312.0,31.0,99.99816666666668,99.99816666666668,-11.998166666666677,0,0,0.0,-112.0,11.998166666666677,0.0,2.0,-2281.0,2312.0,31.0,1,1,1,0,1,0,1,0,0,0
400392,2026-05-01,Odisha,2838.86,2838.86,1713.01,52.3,Mahanadi Coalfields Limited [MCL],False,2738.0,0.0,60.34147509915952,60.34147509915952,-8.04147509915952,0,0,0.2999999999999971,,8.04147509915952,0.0,,-2738.0,2738.0,0.0,0,0,0,0,0,0,0,0,0,0
400424,2026-05-01,Chhattisgarh,11816.4,11816.4,6922.36,78.48,South Eastern Coalfields Limited [SECL],False,3713.0,0.0,58.582647845367454,58.582647845367454,19.89735215463255,0,1,0.0,,-19.89735215463255,0.0,,-3713.0,3713.0,0.0,0,0,0,0,1,0,0,0,0,0
400425,2026-05-01,Jharkhand,1230.27,1230.27,742.8,82.62,BCCL,False,5387.0,0.0,60.37699041673778,60.37699041673778,22.24300958326222,0,1,0.1700000000000017,,-22.24300958326222,0.0,,-5387.0,5387.0,0.0,0,0,0,0,0,0,0,0,0,1
400426,2026-05-01,Madhya Pradesh,1856.36,3800.0,979.15,23.5,Hindustan Copper Limited [HCL],False,4048.0,1308.0,25.767105263157898,25.767105263157898,-2.267105263157898,1,1,-61.370000000000005,-176.5,2.267105263157898,0.0,2.0,-2740.0,4048.0,1308.0,1,1,1,1,0,1,0,0,0,0
601812,2026-05-01,Telangana,2360.0,2360.0,0.0,2.16,National Industrial Corridor Development Corporation,False,89.0,549.0,0.0,0.0,2.16,0,0,1.86,-14.051293260473589,-2.16,0.0,0.1621129326047359,460.0,89.0,549.0,1,0,0,0,0,0,0,0,0,0
602096,2026-05-01,"Multi-States(ArunachalPradesh, Assam)",6285.33,26075.5,26277.65,97.72,National Hydroelectric Power Corporation Limited [NHPC],False,7790.0,488.0,100.77524879676325,100.0,-2.280000000000001,1,1,0.0799999999999983,-102.28,3.055248796763252,0.0,2.0,-7302.0,7790.0,488.0,1,1,1,0,0,0,0,0,0,0
602098,2026-05-01,"Jammu andKashmir",424.93,500.91,484.52,96.0,"Indian Institute of Management, Jammu",False,2038.0,580.0,96.72795512167853,96.72795512167853,-0.7279551216785336,1,1,0.0,-104.0,0.7279551216785336,0.0,2.0,-1458.0,2038.0,580.0,1,1,1,0,1,0,0,0,0,0
602099,2026-05-01,Himachal Pradesh,392.51,454.78,337.67,97.8,"Indian Institute of Management, Sirmaur",False,2099.0,700.0,74.24908747086504,74.24908747086504,23.550912529134962,1,1,0.2999999999999971,-102.2,-23.55091252913496,0.0,2.0,-1399.0,2099.0,700.0,1,1,1,0,0,0,0,0,0,0
602181,2026-05-01,Sikkim,5748.04,5748.04,4447.82,73.11,National Hydroelectric Power Corporation Limited [NHPC],False,2252.0,366.0,77.37976771212448,77.37976771212448,-4.269767712124477,0,1,0.5999999999999943,-126.89,4.269767712124477,0.0,2.0,-1886.0,2252.0,366.0,1,1,1,0,0,0,0,0,0,0
602184,2026-05-01,West Bengal,1381.84,2865.56,1587.33,56.16,National Thermal Power Corporation [NTPC],False,4260.0,0.0,55.39336115802844,55.39336115802844,0.766638841971556,1,1,1.0999999999999943,,-0.766638841971556,0.0,,-4260.0,4260.0,0.0,0,0,0,0,0,0,0,0,0,0
602185,2026-05-01,Uttarakhand,2978.0,10907.3,7791.33,77.0,National Thermal Power Corporation [NTPC],False,7121.0,0.0,71.43225179466964,71.43225179466964,5.567748205330361,1,1,0.0,,-5.567748205330361,0.0,,-7121.0,7121.0,0.0,0,0,0,0,1,0,0,0,0,0
602195,2026-05-01,Uttarakhand,3860.35,6405.08,5608.58,80.5,THDC India Limited,False,4503.0,1979.0,87.56455813198274,87.56455813198274,-7.064558131982736,1,1,0.5,-119.5,7.064558131982736,0.0,2.0,-2524.0,4503.0,1979.0,1,1,1,0,0,0,0,0,0,0
602223,2026-05-01,"Multi-States(ArunachalPradesh, Sikkim)",4754.42,9129.32,8088.57,83.5,Power Grid Corporation of India Limited [POWERGRID],False,4230.0,0.0,88.59991762803801,88.59991762803801,-5.099917628038014,1,1,0.0999999999999943,,5.099917628038014,0.0,,-4230.0,4230.0,0.0,0,0,0,0,0,0,0,0,0,0
602525,2026-05-01,"Jammu andKashmir",8112.12,12728.0,9313.54,82.05,National Hydroelectric Power Corporation Limited [NHPC],False,3011.0,1219.0,73.17363293526084,73.17363293526084,8.876367064739156,1,1,1.5499999999999972,-117.95,-8.876367064739156,0.0,2.0,-1792.0,3011.0,1219.0,1,1,1,0,0,0,0,0,0,0
602532,2026-05-01,"Jammu andKashmir",4287.59,5409.0,3868.72,85.5,National Hydroelectric Power Corporation Limited [NHPC],False,2281.0,337.0,71.5237567017933,71.5237567017933,13.976243298206697,1,1,2.0400000000000063,-114.5,-13.976243298206697,0.0,2.0,-1944.0,2281.0,337.0,1,1,1,0,0,0,0,0,0,0
602535,2026-05-01,"Jammu andKashmir",5281.94,5281.94,1622.1,30.4,National Hydroelectric Power Corporation Limited [NHPC],False,1581.0,334.0,30.710307197734167,30.710307197734167,-0.3103071977341685,0,1,0.5499999999999972,-169.6,0.3103071977341685,0.0,2.0,-1247.0,1581.0,334.0,1,1,1,0,0,1,0,0,0,0
602579,2026-05-01,Bihar,10439.09,13756.6,13479.85,94.79,Satluj Jal Vidyut Nigam [SJVN] Thermal Limited,False,2526.0,92.0,97.98823837285376,97.98823837285376,-3.1982383728537513,1,1,0.4600000000000079,-105.21,3.198238372853752,0.0,2.0,-2434.0,2526.0,92.0,1,1,1,0,0,0,0,0,0,0
602582,2026-05-01,Himachal Pradesh,687.97,1561.21,1122.67,77.95,Satluj Jal Vidyut Nigam [SJVN] Thermal Limited,False,1826.0,212.0,71.91024910165834,71.91024910165834,6.039750898341666,1,1,0.4399999999999977,-122.05,-6.039750898341666,0.0,2.0,-1614.0,1826.0,212.0,1,1,1,0,0,0,0,0,0,0
602593,2026-05-01,Himachal Pradesh,1810.56,4681.64,1941.63,51.63,Satluj Jal Vidyut Nigam [SJVN] Thermal Limited,False,2007.0,0.0,41.473287138694985,41.473287138694985,10.156712861305017,1,1,0.3100000000000023,,-10.156712861305015,0.0,,-2007.0,2007.0,0.0,0,0,0,0,0,0,0,0,0,0
602792,2026-05-01,Chhattisgarh,1171.0,1171.0,420.67,100.0,SECR,False,1826.0,3592.0,35.92399658411614,35.92399658411614,64.07600341588386,0,1,0.0,49.16481069042317,-64.07600341588386,0.0,0.5083518930957683,1766.0,1826.0,3592.0,0,0,0,0,1,0,0,0,0,1
602797,2026-05-01,"Multi-States (UttarPradesh, WestBengal)",461.64,461.64,296.61,33.0,Eastern Railway [ER] - I,False,3073.0,122.0,64.25136469976606,64.25136469976606,-31.251364699766057,0,1,1.1499999999999986,-167.0,31.251364699766057,0.0,2.0,-2951.0,3073.0,122.0,1,1,1,0,0,1,1,1,1,0
602961,2026-05-01,Odisha,11843.75,12543.0,6644.65,51.4,National Thermal Power Corporation [NTPC],False,1338.0,31.0,52.97496611655903,52.97496611655903,-1.5749661165590325,1,1,1.1999999999999955,-148.6,1.5749661165590323,0.0,2.0,-1307.0,1338.0,31.0,1,1,1,0,0,0,0,0,0,0
603210,2026-05-01,Rajasthan,921.66,921.66,0.0,1.21,National Industrial Corridor Development Corporation,False,120.0,518.0,0.0,0.0,1.21,0,0,,-21.956023166023165,-1.21,,0.2316602316602316,398.0,120.0,518.0,1,1,0,0,0,0,0,0,0,0
603945,2026-05-01,Odisha,567.03,2990.05,2776.23,62.85,Water Resources-OR,False,10347.0,275.0,92.84894901423053,92.84894901423053,-29.998949014230526,1,1,0.0,-137.15,29.99894901423053,0.0,2.0,-10072.0,10347.0,275.0,1,1,1,0,1,0,1,1,0,0
604791,2026-05-01,Assam,12366.0,25313.0,19820.29,85.5,Ministry of Petroleum & Natural Gas,False,2130.0,0.0,78.30083356378145,78.30083356378145,7.1991664362185475,1,1,0.9000000000000057,,-7.199166436218548,12.532230817106784,,-2130.0,2130.0,0.0,0,0,0,0,0,0,0,0,0,0
604795,2026-05-01,Tamil Nadu,31580.0,36354.0,1579.73,10.2,Chennai Petroleum Corporation Limited [CPCL],False,1703.0,0.0,4.3454090333938495,4.3454090333938495,5.85459096660615,1,1,0.0,,-5.85459096660615,0.0,,-1703.0,1703.0,0.0,0,0,0,0,1,0,0,0,0,0
604833,2026-05-01,Maharashtra,281.35,389.67,279.58,81.0,Ministry of Petroleum & Natural Gas,False,3256.0,0.0,71.74788923961299,71.74788923961299,9.252110760387012,1,1,1.5,,-9.252110760387012,0.0,,-3256.0,3256.0,0.0,0,0,0,0,0,0,0,0,0,0
604853,2026-05-01,Haryana,2281.94,3200.0,1920.67,65.2,Ministry of Petroleum & Natural Gas,False,2526.0,0.0,60.0209375,60.0209375,5.179062500000001,1,1,0.2000000000000028,,-5.179062500000001,0.0,,-2526.0,2526.0,0.0,0,0,0,0,0,0,0,0,0,0
604859,2026-05-01,Odisha,13805.0,11783.0,70637.31,94.3,Ministry of Petroleum & Natural Gas,False,2130.0,0.0,599.4849359246372,100.0,-5.700000000000003,1,1,0.3999999999999915,,505.1849359246372,0.0,,-2130.0,2130.0,0.0,0,0,0,0,0,0,1,1,1,0
604863,2026-05-01,Assam,682.9,726.93,599.64,94.3,Ministry of Petroleum & Natural Gas,False,3042.0,0.0,82.48937311708143,82.48937311708143,11.81062688291857,1,1,0.0,,-11.81062688291857,0.0,,-3042.0,3042.0,0.0,0,0,0,0,1,0,0,0,0,0
605155,2026-05-01,"Jammu andKashmir",4526.12,4526.12,1616.87,35.32,National Hydroelectric Power Corporation Limited [NHPC],False,1277.0,184.0,35.72309174303819,35.72309174303819,-0.40309174303818907,0,1,1.1099999999999994,-164.68,0.403091743038189,0.0,2.0,-1093.0,1277.0,184.0,1,1,1,0,0,1,0,0,0,0
605156,2026-05-01,Sikkim,938.29,1828.11,1672.37,96.92,National Hydroelectric Power Corporation Limited [NHPC],False,1734.0,153.0,91.48081898791648,91.48081898791648,5.439181012083523,1,1,0.3900000000000005,-103.08,-5.439181012083523,0.0,2.0,-1581.0,1734.0,153.0,1,1,1,0,0,0,0,0,0,0
605292,2026-05-01,Punjab,348.31,348.31,293.1,91.7,"Indian intitue of Management, Amritsar",False,2130.0,274.0,84.14917745686314,84.14917745686314,7.55082254313686,0,1,0.0,-108.3,-7.55082254313686,0.0,2.0,-1856.0,2130.0,274.0,1,1,1,0,1,0,0,0,0,0
606013,2026-05-01,Bihar,499.21,499.21,449.96,98.6,NIT Patna,False,1369.0,31.0,90.13441237154704,90.13441237154704,8.465587628452951,0,1,0.0999999999999943,-101.4,-8.465587628452951,0.0,2.0,-1338.0,1369.0,31.0,1,1,1,0,0,0,0,0,0,0
606112,2026-05-01,Assam,153.71,153.71,137.84,97.97,Tezpur University,False,1795.0,762.0,89.67536269598595,89.67536269598595,8.294637304014046,0,1,0.269999999999996,-102.03,-8.294637304014046,0.0,2.0,-1033.0,1795.0,762.0,1,1,1,0,0,0,0,0,0,0
606431,2026-05-01,Kerala,1006.45,1217.4,686.2,86.5,INDIAN INSTITUTE OF TECHNOLOGY PALAKKAD,False,2252.0,974.0,56.36602595695746,56.36602595695746,30.133974043042542,1,1,0.5,-113.5,-30.133974043042542,0.0,2.0,-1278.0,2252.0,974.0,1,1,1,0,0,0,0,0,0,0
606479,2026-05-01,Uttar Pradesh,246.0,246.0,209.68,99.0,Banaras Hindu University,False,2160.0,0.0,85.23577235772358,85.23577235772358,13.764227642276424,0,1,0.0,,-13.764227642276424,0.0,,-2160.0,2160.0,0.0,0,0,0,0,1,0,0,0,0,0
607653,2026-05-01,Punjab,234.78,234.78,61.39,99.0,CAO/C/NR,False,1308.0,,26.14788312462731,26.14788312462731,72.85211687537269,0,1,99.0,,-72.85211687537269,0.0,,,1308.0,,0,0,0,0,0,0,0,0,0,0
607709,2026-05-01,"Multi-States(Assam, Manipur,Meghalaya,Mizoram,Nagaland, Tripura)",5111.33,6700.0,5577.75,99.0,Power Grid Corporation of India Limited [POWERGRID],False,3713.0,456.0,83.25,83.25,15.75,1,1,0.5,-101.0,-15.75,0.0,2.0,-3257.0,3713.0,456.0,1,1,1,0,0,0,0,0,0,0
609019,2026-05-01,West Bengal,500.0,442.0,416.2,96.6,"Indian Institute of Technology, Kharagpur",False,2587.0,304.0,94.16289592760181,94.16289592760181,2.437104072398185,1,1,0.5999999999999943,-103.4,-2.437104072398185,0.0,2.0,-2283.0,2587.0,304.0,1,1,1,0,0,0,0,0,0,0
609424,2026-05-01,Gujarat,4243.64,4243.64,2385.0,60.0,Deendayal Port Trust,False,791.0,517.0,56.20175132669123,56.20175132669123,3.7982486733087697,0,1,0.0,-92.9980657640232,-3.7982486733087697,0.0,1.5299806576402322,-274.0,791.0,517.0,1,1,1,0,1,0,0,0,0,1
609736,2026-05-01,Sikkim,314.06,314.06,292.0,95.5,Sikkim University,False,1581.0,518.0,92.97586448449341,92.97586448449341,2.524135515506586,0,1,0.5,-104.5,-2.524135515506586,0.0,2.0,-1063.0,1581.0,518.0,1,1,1,0,0,0,0,0,0,0
609996,2026-05-01,Telangana,262.0,262.0,216.1,89.11,"Indian Institute of Technology, Hyderabad",False,1277.0,61.0,82.48091603053435,82.48091603053435,6.629083969465654,0,1,1.6700000000000017,-110.89,-6.629083969465654,0.0,2.0,-1216.0,1277.0,61.0,1,1,1,0,0,0,0,0,0,0
610315,2026-05-01,Odisha,1229.32,843.09,874.09,98.5,"Indian Institutes of Science Education and Research, Behrampur",False,2434.0,335.0,103.67695026628236,100.0,-1.5,1,1,0.0,-101.5,5.176950266282361,0.0,2.0,-2099.0,2434.0,335.0,1,1,1,0,1,0,0,0,0,0
610984,2026-05-01,Jharkhand,431.0,431.0,261.97,65.9,Oil and Natural Gas Corporation Limited [ONGC],False,2373.0,0.0,60.78190255220418,60.78190255220418,5.118097447795826,0,1,0.6000000000000085,,-5.118097447795826,0.0,,-2373.0,2373.0,0.0,0,0,0,0,0,0,0,0,0,1
611047,2026-05-01,"Jammu andKashmir",861.37,861.37,327.3,52.95,Airport Authority of India [AAI],False,882.0,61.0,37.99760846094013,37.99760846094013,14.952391539059875,0,1,1.6000000000000014,-147.05,-14.952391539059876,0.0,2.0,-821.0,882.0,61.0,1,1,1,0,0,0,0,0,0,0
611452,2026-05-01,"Multi-States(Gujarat,Maharashtra)",311.0,311.0,263.42,93.0,Western Railway,False,1157.0,1277.0,84.70096463022509,84.70096463022509,8.299035369774913,0,1,0.0,2.3970242756460465,-8.299035369774913,0.0,0.9060297572435396,120.0,1157.0,1277.0,0,0,0,0,1,0,0,0,0,0
611495,2026-05-01,West Bengal,1549.0,1549.0,481.09,36.93,Airport Authority of India [AAI],False,607.0,31.0,31.058102001291154,31.058102001291154,5.871897998708846,0,1,2.3299999999999983,-163.07,-5.871897998708846,0.0,2.0,-576.0,607.0,31.0,1,1,1,0,0,1,0,0,0,0
611509,2026-05-01,Jharkhand,14358.0,14358.0,1964.6,11.5,Damodar Valley Corporation,False,546.0,580.0,13.68296420114222,13.68296420114222,-2.1829642011422195,0,0,0.5,-82.63793103448276,2.1829642011422195,0.0,0.9413793103448276,34.0,546.0,580.0,1,1,1,0,0,0,0,0,0,0
611570,2026-05-01,"Multi-States(Karnataka,Maharashtra,Telangana, UttarPradesh)",500.48,500.48,393.31,79.0,Airport Authority of India [AAI],False,1308.0,669.0,78.58655690537084,78.58655690537084,0.41344309462915874,0,1,1.0,-116.51569506726456,-0.4134430946291587,0.0,1.9551569506726456,-639.0,1308.0,669.0,1,1,1,0,0,0,0,0,0,0
611586,2026-05-01,Himachal Pradesh,2614.51,4925.87,1097.78,34.43,Satluj Jal Vidyut Nigam [SJVN] Thermal Limited,False,1216.0,0.0,22.28601242014101,22.28601242014101,12.14398757985899,1,1,0.4500000000000028,,-12.14398757985899,0.0,,-1216.0,1216.0,0.0,0,0,0,0,0,0,0,0,0,0
611602,2026-05-01,Tamil Nadu,1207.0,1207.0,310.98,41.0,Airport Authority of India [AAI],False,1065.0,1857.0,25.764705882352946,25.764705882352946,15.235294117647054,0,1,3.0,-16.35056542810986,-15.235294117647054,0.0,0.5735056542810986,792.0,1065.0,1857.0,1,0,0,0,0,0,0,0,0,0
611669,2026-05-01,"Multi-States(Bihar, UttarPradesh)",380.47,380.47,258.41,20.0,North Eastern Railway [NER],False,1065.0,396.0,67.91862696138986,67.91862696138986,-47.91862696138986,0,1,0.0,-180.0,47.91862696138986,0.0,2.0,-669.0,1065.0,396.0,1,1,1,0,1,1,1,1,1,0
611699,2026-05-01,Arunachal Pradesh,1750.07,1750.07,74.83,5.1,North Eastern Electric Power Corporation Limited,False,365.0,151.0,4.275828966841327,4.275828966841327,0.8241710331586729,0,0,0.0599999999999996,-194.9,-0.8241710331586729,0.0,2.0,-214.0,365.0,151.0,1,1,1,0,0,1,0,0,0,0
611716,2026-05-01,Arunachal Pradesh,8146.21,8146.21,244.35,6.45,North Eastern Electric Power Corporation Limited,False,242.0,0.0,2.999554394006538,2.999554394006538,3.4504456059934623,0,0,0.04,,-3.4504456059934623,0.0,,-242.0,242.0,0.0,0,0,0,0,0,0,0,0,0,0
611735,2026-05-01,"Multi-States (Delhi,Rajasthan)",331.0,331.0,199.63,60.75,Power Grid Corporation of India Limited [POWERGRID],False,1247.0,0.0,60.31117824773414,60.31117824773414,0.4388217522658593,0,1,4.0,,-0.4388217522658593,0.0,,-1247.0,1247.0,0.0,0,0,0,0,0,0,0,0,0,1
611751,2026-05-01,Maharashtra,960.64,960.64,1375.55,2.03,South Central Railway [SCR] - II,False,1096.0,0.0,143.1909976682212,100.0,-97.97,0,0,0.0099999999999997,,141.1609976682212,0.0,,-1096.0,1096.0,0.0,0,0,0,0,0,0,1,1,1,0
611754,2026-05-01,Andhra Pradesh,293.3,293.3,272.72,0.24,South Central Railway [SCR] - II,False,1035.0,0.0,92.98329355608593,92.98329355608593,-92.74329355608593,0,0,0.0099999999999999,,92.74329355608592,0.0,,-1035.0,1035.0,0.0,0,0,0,0,0,0,1,1,1,0
611855,2026-05-01,Rajasthan,968.92,968.92,730.39,73.0,North Western Railway [NWR],False,1216.0,0.0,75.38186847211328,75.38186847211328,-2.3818684721132826,0,0,0.0,,2.3818684721132826,0.0,,-1216.0,1216.0,0.0,0,0,0,0,1,0,0,0,0,1
611861,2026-05-01,"Multi-States(Haryana,Rajasthan)",352.0,352.0,325.79,80.0,North Western Railway [NWR],False,1247.0,-62.0,92.55397727272728,92.55397727272728,-12.55397727272728,0,1,7.0,,12.55397727272728,0.0,,-1309.0,1247.0,-62.0,0,0,0,0,0,0,1,0,0,1
611864,2026-05-01,Jharkhand,4011.85,4011.85,414.93,30.92,BCCL,False,1216.0,0.0,10.342610017822203,10.342610017822203,20.5773899821778,0,0,1.2200000000000024,,-20.5773899821778,0.0,,-1216.0,1216.0,0.0,0,0,0,0,0,0,0,0,0,0
611884,2026-05-01,Haryana,471.0,471.0,273.41,73.0,North Western Railway [NWR],False,1185.0,0.0,58.048832271762215,58.048832271762215,14.951167728237785,0,1,1.0,,-14.951167728237785,0.0,,-1185.0,1185.0,0.0,0,0,0,0,0,0,0,0,0,0
611917,2026-05-01,Haryana,1459.0,2531.44,1632.01,87.3,Indian Oil Corporation Limited [IOCL],False,1522.0,0.0,64.46962993395063,64.46962993395063,22.83037006604937,1,1,1.3999999999999917,,-22.83037006604937,0.0,,-1522.0,1522.0,0.0,0,0,0,0,0,0,0,0,0,0
611918,2026-05-01,Gujarat,468.0,468.0,44.62,9.0,PCE/WR,False,1400.0,-365.0,9.534188034188034,9.534188034188034,-0.5341880341880341,0,0,0.0,,0.5341880341880341,0.0,,-1765.0,1400.0,-365.0,0,0,0,0,1,0,0,0,0,0
611927,2026-05-01,Andhra Pradesh,560.72,560.72,276.66,65.0,WPO/Patna,False,3134.0,1369.0,49.34013411328292,49.34013411328292,15.659865886717078,0,0,0.0,-135.0,-15.659865886717078,0.0,2.0,-1765.0,3134.0,1369.0,1,1,1,0,1,0,0,0,0,0
611929,2026-05-01,Rajasthan,166.86,166.86,0.0,0.0,WPO/Patna,False,1065.0,273.0,0.0,0.0,0.0,0,0,0.0,-200.0,0.0,0.0,2.0,-792.0,1065.0,273.0,1,1,1,0,1,1,0,0,0,0
611930,2026-05-01,Chhattisgarh,15530.0,16106.0,5005.4,30.6,National Thermal Power Corporation [NTPC],False,1004.0,0.0,31.077859182913198,31.077859182913198,-0.4778591829131962,1,1,2.0,,0.4778591829131962,0.0,,-1004.0,1004.0,0.0,0,0,0,0,0,0,0,0,0,0
611943,2026-05-01,Gujarat,410.26,410.26,11.3,5.0,Western Railway [WR] - II,False,1185.0,0.0,2.7543508994296304,2.7543508994296304,2.2456491005703696,0,1,0.0,,-2.2456491005703696,0.0,,-1185.0,1185.0,0.0,0,0,0,0,1,0,0,0,0,0
611945,2026-05-01,Gujarat,307.11,307.11,18.9,17.0,Western Railway,False,1461.0,0.0,6.154146722672657,6.154146722672657,10.845853277327343,0,1,0.0,,-10.845853277327343,0.0,,-1461.0,1461.0,0.0,0,0,0,0,1,0,0,0,0,0
611949,2026-05-01,Rajasthan,1160.0,1160.0,1136.8,99.33,Power Grid Corporation of India Limited [POWERGRID],False,943.0,0.0,98.0,98.0,1.3299999999999983,0,1,0.3299999999999983,,-1.3299999999999983,0.0,,-943.0,943.0,0.0,0,0,0,0,0,0,0,0,0,0
611957,2026-05-01,Madhya Pradesh,496.28,496.28,78.35,57.5,"Indian Institute of Technology, Indore",False,760.0,122.0,15.78745869267349,15.78745869267349,41.71254130732651,0,0,-0.5,-142.5,-41.71254130732651,0.0,2.0,-638.0,760.0,122.0,1,1,1,1,0,0,0,0,0,0
611961,2026-05-01,Odisha,454.27,454.27,101.36,8.11,"Indian Institute of Technology, Bhubaneshwar",False,730.0,90.0,22.3127215092346,22.3127215092346,-14.2027215092346,0,0,1.1099999999999994,-191.89,14.2027215092346,0.0,2.0,-640.0,730.0,90.0,1,1,1,0,0,1,1,0,0,0
611963,2026-05-01,Uttarakhand,650.85,650.85,347.26,58.0,National Institute of Technology Uttarakhand,False,760.0,1400.0,53.35484366597526,53.35484366597526,4.64515633402474,0,0,2.0,3.7142857142857153,-4.64515633402474,0.0,0.5428571428571428,640.0,760.0,1400.0,0,0,0,0,0,0,0,0,0,1
611966,2026-05-01,Maharashtra,224.41,224.41,215.43,99.6,Power Grid Corporation of India Limited [POWERGRID],False,912.0,0.0,95.99839579341385,95.99839579341385,3.6016042065861456,0,1,4.799999999999997,,-3.6016042065861456,0.0,,-912.0,912.0,0.0,0,0,0,0,0,0,0,0,0,1
611970,2026-05-01,Gujarat,670.17,670.17,47.46,12.0,PCE/WR,False,1185.0,0.0,7.08178521867586,7.08178521867586,4.91821478132414,0,1,0.0,,-4.91821478132414,0.0,,-1185.0,1185.0,0.0,0,0,0,0,1,0,0,0,0,0
611971,2026-05-01,Gujarat,350.0,349.93,80.49,31.0,PCE/WR,False,1461.0,0.0,23.001743205784013,23.001743205784013,7.998256794215987,1,1,0.0,,-7.998256794215987,0.0,,-1461.0,1461.0,0.0,0,0,0,0,1,0,0,0,0,0
611974,2026-05-01,Gujarat,1430.0,1430.0,582.1,45.0,Western Railway [WR] - II,False,1004.0,0.0,40.70629370629371,40.70629370629371,4.293706293706293,0,1,10.0,,-4.293706293706293,0.0,,-1004.0,1004.0,0.0,0,0,0,0,0,0,0,0,0,0
611977,2026-05-01,Gujarat,487.0,487.0,222.88,53.0,PCE/WR,False,1185.0,276.0,45.765913757700204,45.765913757700204,7.234086242299796,0,0,0.0,-147.0,-7.234086242299796,0.0,2.0,-909.0,1185.0,276.0,1,1,1,0,1,0,0,0,0,0
611978,2026-05-01,Gujarat,158.0,158.0,51.87,10.0,PCE/WR,False,1157.0,120.0,32.82911392405063,32.82911392405063,-22.82911392405063,0,0,0.0,-190.0,22.82911392405063,0.0,2.0,-1037.0,1157.0,120.0,1,1,1,0,1,1,1,1,0,0
611979,2026-05-01,Gujarat,250.0,250.0,185.02,88.0,Western Railway [WR] - II,False,1126.0,90.0,74.00800000000001,74.00800000000001,13.99199999999999,0,1,0.0,-112.0,-13.99199999999999,0.0,2.0,-1036.0,1126.0,90.0,1,1,1,0,1,0,0,0,0,0
612066,2026-05-01,Rajasthan,980.08,980.08,103.03,0.0,Jaipur Metro Rail Corporation,False,973.0,,10.5124071504367,10.5124071504367,-10.5124071504367,0,0,,,10.5124071504367,,,,973.0,,0,0,0,0,0,0,1,0,0,0
612068,2026-05-01,Rajasthan,204.81,204.81,23.34,12.48,Jaipur Metro Rail Corporation,False,882.0,,11.395927933206385,11.395927933206385,1.084072066793615,0,0,,,-1.084072066793615,,,,882.0,,0,0,0,0,0,0,0,0,0,0
612072,2026-05-01,Gujarat,961.67,961.67,519.8,22.0,Western Railway WR - II,False,1185.0,0.0,54.051805712978464,54.051805712978464,-32.051805712978464,0,1,1.0,,32.051805712978464,0.0,,-1185.0,1185.0,0.0,0,0,0,0,0,0,1,1,1,0
612096,2026-05-01,West Bengal,1209.0,1181.57,501.96,17.0,Northeast Frontier Railway [NFR],False,5630.0,0.0,42.482459778091865,42.482459778091865,-25.482459778091865,1,1,1.0,,25.482459778091865,0.0,,-5630.0,5630.0,0.0,0,0,0,0,0,0,1,1,0,0
612128,2026-05-01,Himachal Pradesh,166.66,166.66,122.26,84.0,"Indian Institute of Technology, Mandi",False,791.0,366.0,73.3589343573743,73.3589343573743,10.641065642625705,0,1,2.0,-116.0,-10.641065642625705,0.0,2.0,-425.0,791.0,366.0,1,1,1,0,0,0,0,0,0,0
612132,2026-05-01,"Multi-States (Delhi,Rajasthan)",2423.0,2423.0,2059.55,88.53,Power Grid Corporation of India Limited [POWERGRID],False,820.0,0.0,85.00000000000001,85.00000000000001,3.529999999999987,0,1,3.0799999999999983,,-3.529999999999987,0.0,,-820.0,820.0,0.0,0,0,0,0,0,0,0,0,0,1
612133,2026-05-01,"Multi-States(Rajasthan, UttarPradesh)",3271.0,3271.0,2731.28,72.83,Power Grid Corporation of India Limited [POWERGRID],False,882.0,0.0,83.49984714154694,83.49984714154694,-10.669847141546938,0,1,0.6700000000000017,,10.669847141546938,0.0,,-882.0,882.0,0.0,0,0,0,0,0,0,1,0,0,0
612134,2026-05-01,Rajasthan,4741.0,4741.0,3650.57,75.04,Power Grid Corporation of India Limited [POWERGRID],False,882.0,0.0,77.0,77.0,-1.9599999999999937,0,1,2.8200000000000074,,1.9599999999999935,0.0,,-882.0,882.0,0.0,0,0,0,0,0,0,0,0,0,1
612138,2026-05-01,"Multi-States(Karnataka,Telangana)",1368.0,1368.0,1203.84,90.33,Power Grid Corporation of India Limited [POWERGRID],False,820.0,0.0,87.99999999999999,87.99999999999999,2.3300000000000125,0,1,0.8700000000000045,,-2.3300000000000125,0.0,,-820.0,820.0,0.0,0,0,0,0,0,0,0,0,0,0
612139,2026-05-01,Gujarat,4231.0,4231.0,2538.6,65.91,Power Grid Corporation of India Limited [POWERGRID],False,882.0,0.0,60.0,60.0,5.909999999999997,0,1,3.9099999999999966,,-5.909999999999997,0.0,,-882.0,882.0,0.0,0,0,0,0,0,0,0,0,0,1
612140,2026-05-01,Karnataka,4445.0,4445.0,3733.8,88.17,Power Grid Corporation of India Limited [POWERGRID],False,882.0,0.0,84.00000000000001,84.00000000000001,4.1699999999999875,0,1,2.1700000000000017,,-4.169999999999988,0.0,,-882.0,882.0,0.0,0,0,0,0,0,0,0,0,0,0
612142,2026-05-01,Uttar Pradesh,17195.0,17195.0,3492.41,21.3,National Thermal Power Corporation [NTPC],False,791.0,0.0,20.31061355045071,20.31061355045071,0.9893864495492899,0,1,1.5,,-0.98938644954929,0.0,,-791.0,791.0,0.0,0,0,0,0,0,0,0,0,0,0
612167,2026-05-01,Andhra Pradesh,384.27,384.27,253.37,88.0,Employee's State Insurance Company [ESIC],False,1126.0,789.0,65.93540999817837,65.93540999817837,22.064590001821628,0,1,0.0,-54.71229404309253,-22.064590001821628,0.0,1.4271229404309251,-337.0,1126.0,789.0,1,1,1,0,1,0,0,0,0,0
612183,2026-05-01,Bihar,1413.0,1413.0,7.64,2.43,Airport Authority of India [AAI],False,395.0,243.0,0.5406935598018401,0.5406935598018401,1.88930644019816,0,0,1.15,-160.1214403292181,-1.88930644019816,0.0,1.625514403292181,-152.0,395.0,243.0,1,1,1,0,0,1,0,0,0,0
612186,2026-05-01,Gujarat,558.12,558.12,55.81,21.5,Employee's State Insurance Company [ESIC],False,1126.0,304.0,9.999641654124561,9.999641654124561,11.500358345875439,0,1,0.5,-178.5,-11.50035834587544,0.0,2.0,-822.0,1126.0,304.0,1,1,1,0,0,1,0,0,0,0
612194,2026-05-01,Bihar,911.66,911.66,386.24,68.01,Airport Authority of India [AAI],False,669.0,0.0,42.36667178553408,42.36667178553408,25.643328214465924,0,1,3.010000000000005,,-25.643328214465924,0.0,,-669.0,669.0,0.0,0,0,0,0,0,0,0,0,0,0
612211,2026-05-01,Gujarat,205.87,205.87,51.74,50.0,Employee's State Insurance Company [ESIC],False,943.0,426.0,25.13236508476223,25.13236508476223,24.86763491523777,0,1,4.0,-150.0,-24.86763491523777,0.0,2.0,-517.0,943.0,426.0,1,1,1,0,0,0,0,0,0,0
612213,2026-05-01,Maharashtra,194.93,196.7,114.39,67.0,Employee's State Insurance Company [ESIC],False,1369.0,3226.0,58.15455007625826,58.15455007625826,8.84544992374174,1,1,1.5,24.563546187228766,-8.84544992374174,0.0,0.4243645381277123,1857.0,1369.0,3226.0,0,0,0,0,0,0,0,0,0,0
612513,2026-05-01,Odisha,164.6,164.6,16.4,7.2,Employee's State Insurance Company [ESIC],False,454.0,5176.0,9.963547995139733,9.963547995139733,-2.7635479951397324,0,0,0.0,-1.5712519319938163,2.7635479951397324,0.0,0.0877125193199381,4722.0,454.0,5176.0,0,0,0,0,1,0,0,0,0,0
612745,2026-05-01,Karnataka,278.0,278.0,80.52,27.0,Employee's State Insurance Company [ESIC],False,577.0,3530.0,28.964028776978417,28.964028776978417,-1.9640287769784166,0,1,4.0,10.65439093484419,1.9640287769784168,0.0,0.163456090651558,2953.0,577.0,3530.0,0,0,0,0,0,0,0,0,0,0
612748,2026-05-01,Karnataka,150.92,150.92,31.05,23.0,Employee's State Insurance Company [ESIC],False,426.0,2070.0,20.573813941160882,20.573813941160882,2.426186058839118,0,0,13.0,2.4202898550724647,-2.426186058839118,0.0,0.2057971014492753,1644.0,426.0,2070.0,0,0,0,0,0,0,0,0,0,0
612781,2026-05-01,West Bengal,916.78,916.78,226.68,34.76,Steel Authority of India Limited [SAIL],False,973.0,0.0,24.72567028076529,24.72567028076529,10.034329719234709,0,1,1.1000000000000014,,-10.034329719234709,0.0,,-973.0,973.0,0.0,0,0,0,0,0,0,0,0,0,0
612786,2026-05-01,Andhra Pradesh,265.91,265.91,142.62,70.0,Airport Authority of India [AAI],False,851.0,306.0,53.63468842841562,53.63468842841562,16.365311571584378,0,1,5.0,-130.0,-16.365311571584378,0.0,2.0,-545.0,851.0,306.0,1,1,1,0,0,0,0,0,0,0
612787,2026-05-01,Karnataka,320.47,320.47,158.36,81.5,Airport Authority of India [AAI],False,851.0,214.0,49.41492183355696,49.41492183355696,32.08507816644304,0,1,4.5,-118.5,-32.08507816644304,0.0,2.0,-637.0,851.0,214.0,1,1,1,0,0,0,0,0,0,0
612788,2026-05-01,Karnataka,322.45,322.45,214.29,91.0,Airport Authority of India [AAI],False,820.0,245.0,66.45681501007908,66.45681501007908,24.543184989920917,0,1,4.0,-109.0,-24.54318498992092,0.0,2.0,-575.0,820.0,245.0,1,1,1,0,0,0,0,0,0,0
612789,2026-05-01,Kerala,484.57,484.57,227.5,62.5,Airport Authority of India [AAI],False,820.0,245.0,46.94884124068762,46.94884124068762,15.55115875931238,0,1,3.5,-137.5,-15.55115875931238,0.0,2.0,-575.0,820.0,245.0,1,1,1,0,0,0,0,0,0,0
612790,2026-05-01,Karnataka,385.0,385.0,260.92,85.9,Mangalore Refinary and Petrochemicals Limited,False,943.0,0.0,67.77142857142857,67.77142857142857,18.128571428571433,0,1,3.4000000000000057,,-18.128571428571437,0.0,,-943.0,943.0,0.0,0,0,0,0,0,0,0,0,0,0
612793,2026-05-01,Sikkim,323.26,323.26,80.94,35.55,Airport Authority of India [AAI],False,882.0,30.0,25.038668564004208,25.038668564004208,10.511331435995789,0,1,1.2999999999999972,-164.45,-10.511331435995787,0.0,2.0,-852.0,882.0,30.0,1,1,1,0,0,1,0,0,0,1
612815,2026-05-01,Chhattisgarh,170.49,170.49,9.56,15.0,South East Central Railway [SECR] - II,False,730.0,517.0,5.607367000997126,5.607367000997126,9.392632999002874,0,0,0.0,-126.19922630560929,-9.392632999002874,0.0,1.4119922630560928,-213.0,730.0,517.0,1,1,1,0,1,1,0,0,0,0
612816,2026-05-01,West Bengal,929.1,929.1,71.43,8.35,Eastern Coal Fields Limited [ECL],False,882.0,0.0,7.688085243784308,7.688085243784308,0.6619147562156913,0,0,0.0,,-0.6619147562156913,0.0,,-882.0,882.0,0.0,0,0,0,0,1,0,0,0,0,1
612827,2026-05-01,Andhra Pradesh,183.65,183.65,17.25,16.0,East Coast Railway [ECoR] - II,False,730.0,396.0,9.392866866321807,9.392866866321807,6.607133133678193,0,0,1.0,-168.34343434343435,-6.607133133678193,0.0,1.8434343434343436,-334.0,730.0,396.0,1,1,1,0,0,1,0,0,0,0
612834,2026-05-01,Odisha,252.0,252.0,117.3,88.0,East Coast Railway [ECoR] - II,False,1126.0,0.0,46.54761904761905,46.54761904761905,41.45238095238095,0,0,2.0,,-41.45238095238095,0.0,,-1126.0,1126.0,0.0,0,0,0,0,0,0,0,0,0,0
612845,2026-05-01,Maharashtra,955.39,955.39,13.98,10.0,Central Railway [CR] - II,False,120.0,1249.0,1.463276777022996,1.463276777022996,8.536723222977004,0,0,0.0,0.3923138510808641,-8.536723222977004,0.0,0.0960768614891913,1129.0,120.0,1249.0,0,0,0,0,1,0,0,0,0,0
612851,2026-05-01,Delhi,333.49,336.42,327.26,99.9,National Institute of Technology Delhi,False,1277.0,4809.0,97.27721300755007,97.27721300755007,2.6227869924499316,1,1,0.1800000000000068,73.34562279060097,-2.622786992449932,0.0,0.2655437720939904,3532.0,1277.0,4809.0,0,0,0,0,0,0,0,0,0,0
612853,2026-05-01,"Multi-States(Jammu andKashmir, Punjab)",521.9,521.9,310.3,81.6,Gas Authority of India Limited [GAIL],False,1035.0,0.0,59.45583445104427,59.45583445104427,22.144165548955726,0,1,33.99999999999999,,-22.144165548955726,0.0,,-1035.0,1035.0,0.0,0,0,0,0,0,0,0,0,0,0
612855,2026-05-01,Gujarat,697.0,697.0,383.35,63.0,Power Grid Corporation of India Limited [POWERGRID],False,730.0,0.0,55.00000000000001,55.00000000000001,7.999999999999993,0,1,7.0,,-7.999999999999993,0.0,,-730.0,730.0,0.0,0,0,0,0,0,0,0,0,0,1
612876,2026-05-01,Mizoram,474.23,474.23,167.55,4.0,NIT Mizoram,True,4352.0,1734.0,35.33095755224258,35.33095755224258,-31.33095755224258,0,1,0.0,-196.0,31.33095755224258,0.0,2.0,-2618.0,4352.0,1734.0,1,1,1,0,1,1,1,1,1,0
612877,2026-05-01,Puducherry,618.34,544.34,543.74,99.0,"National Institute of Technology, Puducherry",False,4687.0,1399.0,99.88977477311974,99.88977477311974,-0.8897747731197398,1,1,0.5,-101.0,0.8897747731197398,0.0,2.0,-3288.0,4687.0,1399.0,1,1,1,0,0,0,0,0,0,0
612878,2026-05-01,Karnataka,15611.0,15611.0,0.0,0.0,Bengaluru Metro Rail,False,-31.0,,0.0,0.0,0.0,0,0,0.0,,0.0,0.0,,,-31.0,,0,0,0,0,1,0,0,0,0,0
612883,2026-05-01,Sikkim,685.76,610.76,283.56,36.0,NIT Sikkim,True,791.0,29.0,46.42740192546991,46.42740192546991,-10.427401925469908,1,1,1.5,-164.0,10.427401925469908,0.0,2.0,-762.0,791.0,29.0,1,1,1,0,0,1,1,0,0,0
612885,2026-05-01,Meghalaya,494.52,429.7,370.98,96.0,"National Institute of Technology, Meghalaya",False,4260.0,1826.0,86.3346520828485,86.3346520828485,9.665347917151493,1,1,1.0,-104.0,-9.665347917151491,0.0,2.0,-2434.0,4260.0,1826.0,1,1,1,0,0,0,0,0,0,0
612894,2026-05-01,Himachal Pradesh,251.98,300.45,223.21,85.0,"Central University, Himachal Pradesh",False,1369.0,518.0,74.2918954900982,74.2918954900982,10.708104509901801,1,1,0.0,-115.0,-10.7081045099018,0.0,2.0,-851.0,1369.0,518.0,1,1,1,0,1,0,0,0,0,0
612898,2026-05-01,Arunachal Pradesh,592.61,592.61,551.3,80.0,"National Institute of Technology, Arunachal Pradesh",True,4809.0,1277.0,93.02914226894585,93.02914226894585,-13.029142268945847,0,1,0.0,-120.0,13.029142268945847,0.0,2.0,-3532.0,4809.0,1277.0,1,1,1,0,1,0,1,0,0,0
612916,2026-05-01,Gujarat,490.63,490.63,337.74,85.0,Central University of Gujarat,False,1915.0,62.0,68.83802458064122,68.83802458064122,16.161975419358782,0,1,0.0,-115.0,-16.161975419358782,0.0,2.0,-1853.0,1915.0,62.0,1,1,1,0,1,0,0,0,0,0
613002,2026-05-01,Tamil Nadu,842.0,842.0,340.0,0.0,Ministry of Railways,False,1308.0,153.0,40.38004750593824,40.38004750593824,-40.38004750593824,0,0,0.0,-200.0,40.38004750593824,0.0,2.0,-1155.0,1308.0,153.0,1,1,1,0,1,1,1,1,1,0
613008,2026-05-01,Andhra Pradesh,305.0,305.0,67.73,44.5,Central Tribal University of Andhra Pradesh,False,882.0,1552.0,22.206557377049183,22.206557377049183,22.293442622950817,0,0,0.5,-12.329896907216494,-22.293442622950817,0.0,0.5682989690721649,670.0,882.0,1552.0,1,0,0,0,0,0,0,0,0,0
613013,2026-05-01,Nagaland,275.63,275.63,263.25,98.0,NIT Nagaland,False,4169.0,1917.0,95.50847150165076,95.50847150165076,2.49152849834924,0,0,0.0,-102.0,-2.49152849834924,0.0,2.0,-2252.0,4169.0,1917.0,1,1,1,0,1,0,0,0,0,0
613015,2026-05-01,Maharashtra,1813.0,1813.0,850.58,24.0,Rail Land Development Authority,False,1035.0,91.0,46.91560948703806,46.91560948703806,-22.91560948703806,0,0,1.0,-176.0,22.91560948703806,0.0,2.0,-944.0,1035.0,91.0,1,1,1,0,0,1,1,1,0,0
613785,2026-05-01,Delhi,4744.0,4744.0,332.08,5.0,Rail Land Development Authority,False,699.0,517.0,6.999999999999999,6.999999999999999,-1.9999999999999991,0,0,2.0,-130.20309477756288,1.9999999999999991,0.0,1.3520309477756287,-182.0,699.0,517.0,1,1,1,0,0,1,0,0,0,0
613786,2026-05-01,Gujarat,2379.0,2379.0,984.21,32.5,Rail Land Development Authority,False,912.0,304.0,41.37074401008827,41.37074401008827,-8.870744010088274,0,0,1.1000000000000014,-167.5,8.870744010088274,0.0,2.0,-608.0,912.0,304.0,1,1,1,0,0,1,0,0,0,0
613787,2026-05-01,Uttarakhand,2584.1,2584.1,1303.15,25.28,Irrigation-UK,False,912.0,31.0,50.42954994001781,50.42954994001781,-25.149549940017806,0,0,,-174.72,25.14954994001781,,2.0,-881.0,912.0,31.0,1,1,1,0,0,1,1,1,0,0
613793,2026-05-01,West Bengal,483.65,483.65,78.88,16.79,Eastern Coal Fields Limited [ECL],False,2221.0,0.0,16.309314586994727,16.309314586994727,0.480685413005272,0,1,0.0,,-0.480685413005272,0.0,,-2221.0,2221.0,0.0,0,0,0,0,1,0,0,0,0,1
613794,2026-05-01,West Bengal,389.1,389.1,132.48,22.18,Eastern Coal Fields Limited [ECL],False,1216.0,0.0,34.04780262143407,34.04780262143407,-11.867802621434073,0,0,0.0500000000000007,,11.867802621434071,0.0,,-1216.0,1216.0,0.0,0,0,0,0,0,0,1,0,0,0
613798,2026-05-01,Chhattisgarh,335.97,335.97,90.88,42.47,South Eastern Coalfields Limited [SECL],False,4107.0,0.0,27.050034229246656,27.050034229246656,15.419965770753343,0,0,0.0,,-15.419965770753343,0.0,,-4107.0,4107.0,0.0,0,0,0,0,1,0,0,0,0,0
613799,2026-05-01,Chhattisgarh,316.11,316.11,191.5,78.86,South Eastern Coalfields Limited [SECL],False,3957.0,0.0,60.58017778621366,60.58017778621366,18.27982221378634,0,0,0.0,,-18.27982221378634,0.0,,-3957.0,3957.0,0.0,0,0,0,0,1,0,0,0,0,0
613800,2026-05-01,Chhattisgarh,459.49,459.49,277.16,96.15,South Eastern Coalfields Limited [SECL],False,3591.0,0.0,60.319049380835274,60.319049380835274,35.83095061916473,0,1,0.0,,-35.83095061916473,0.0,,-3591.0,3591.0,0.0,0,0,0,0,1,0,0,0,0,0
613801,2026-05-01,Chhattisgarh,410.26,410.26,188.3,54.6,South Eastern Coalfields Limited [SECL],False,2922.0,0.0,45.8977233949203,45.8977233949203,8.702276605079703,0,1,0.0,,-8.702276605079703,0.0,,-2922.0,2922.0,0.0,0,0,0,0,1,0,0,0,0,0
613802,2026-05-01,Madhya Pradesh,371.04,371.04,149.84,58.2,South Eastern Coalfields Limited [SECL],False,4169.0,0.0,40.38378611470461,40.38378611470461,17.81621388529539,0,1,0.0,,-17.81621388529539,0.0,,-4169.0,4169.0,0.0,0,0,0,0,1,0,0,0,0,0
613803,2026-05-01,Madhya Pradesh,366.94,366.94,35.82,41.29,South Eastern Coalfields Limited [SECL],False,851.0,0.0,9.761813920531967,9.761813920531967,31.528186079468032,0,0,0.0,,-31.528186079468032,0.0,,-851.0,851.0,0.0,0,0,0,0,1,0,0,0,0,0
613804,2026-05-01,Madhya Pradesh,314.09,314.09,17.89,17.78,Western Coalfields Limited [WCL],False,1612.0,0.0,5.695819669521476,5.695819669521476,12.084180330478524,0,0,0.0,,-12.084180330478524,0.0,,-1612.0,1612.0,0.0,0,0,0,0,1,0,0,0,0,0
613808,2026-05-01,Jharkhand,339.87,339.87,191.14,70.47,BCCL,False,5568.0,0.0,56.23915026333598,56.23915026333598,14.23084973666402,0,1,0.0,,-14.23084973666402,0.0,,-5568.0,5568.0,0.0,0,0,0,0,1,0,0,0,0,0
615183,2026-05-01,"Multi-States(Madhya Pradesh,Uttar Pradesh)",491.67,491.67,276.37,57.06,Northern Coalfields Limited [NCL],False,1795.0,0.0,56.210466369719526,56.210466369719526,0.8495336302804759,0,1,1.490000000000002,,-0.8495336302804759,0.0,,-1795.0,1795.0,0.0,0,0,0,0,0,0,0,0,0,1
615184,2026-05-01,Maharashtra,228.64,228.64,150.47,69.33,Western Coalfields Limited [WCL],False,1581.0,0.0,65.81088173547937,65.81088173547937,3.5191182645206283,0,0,0.0,,-3.5191182645206283,0.0,,-1581.0,1581.0,0.0,0,0,0,0,1,0,0,0,0,1
615185,2026-05-01,Madhya Pradesh,399.2,399.2,100.6,67.13,Western Coalfields Limited [WCL],False,1338.0,0.0,25.200400801603205,25.200400801603205,41.92959919839679,0,0,0.0,,-41.92959919839679,0.0,,-1338.0,1338.0,0.0,0,0,0,0,1,0,0,0,0,1
615186,2026-05-01,Maharashtra,319.04,319.04,111.68,32.21,Western Coalfields Limited [WCL],False,2099.0,0.0,35.00501504513541,35.00501504513541,-2.7950150451354077,0,0,0.0,,2.795015045135408,0.0,,-2099.0,2099.0,0.0,0,0,0,0,1,0,0,0,0,1
615187,2026-05-01,Madhya Pradesh,220.62,220.62,0.0,11.2,Western Coalfields Limited [WCL],False,1277.0,0.0,0.0,0.0,11.2,0,0,0.0,,-11.2,0.0,,-1277.0,1277.0,0.0,0,0,0,0,1,0,0,0,0,0
615188,2026-05-01,Maharashtra,402.27,402.27,67.7,24.17,Western Coalfields Limited [WCL],False,1338.0,1219.0,16.829492629328563,16.829492629328563,7.340507370671439,0,0,0.0,-85.59210008203446,-7.340507370671439,0.0,1.0976210008203446,-119.0,1338.0,1219.0,1,1,1,0,1,1,0,0,0,0
615189,2026-05-01,Maharashtra,361.87,361.87,96.8,12.2,Western Coalfields Limited [WCL],False,1430.0,0.0,26.7499378229751,26.7499378229751,-14.5499378229751,0,0,0.0,,14.5499378229751,0.0,,-1430.0,1430.0,0.0,0,0,0,0,1,0,1,0,0,1
615190,2026-05-01,Maharashtra,335.75,335.75,50.3,9.57,Western Coalfields Limited [WCL],False,1461.0,0.0,14.98138495904691,14.98138495904691,-5.411384959046909,0,0,0.0,,5.411384959046909,0.0,,-1461.0,1461.0,0.0,0,0,0,0,1,0,0,0,0,0
615191,2026-05-01,Chhattisgarh,329.21,329.21,62.03,2.01,South Eastern Coalfields Limited [SECL],False,1216.0,0.0,18.84207648613347,18.84207648613347,-16.832076486133474,0,0,0.0,,16.832076486133474,0.0,,-1216.0,1216.0,0.0,0,0,0,0,1,0,1,0,0,0
615192,2026-05-01,Maharashtra,309.58,309.58,58.08,8.44,Western Coalfields Limited [WCL],False,1856.0,0.0,18.760901867045675,18.760901867045675,-10.320901867045675,0,0,0.0,,10.320901867045675,0.0,,-1856.0,1856.0,0.0,0,0,0,0,1,0,1,0,0,1
615194,2026-05-01,Madhya Pradesh,206.88,206.88,27.32,2.02,Western Coalfields Limited [WCL],False,1216.0,184.0,13.205723124516627,13.205723124516627,-11.185723124516628,0,0,0.0,-197.98,11.185723124516628,0.0,2.0,-1032.0,1216.0,184.0,1,1,1,0,1,1,1,0,0,1
615195,2026-05-01,Madhya Pradesh,166.25,166.25,5.23,9.39,Western Coalfields Limited [WCL],False,973.0,427.0,3.1458646616541355,3.1458646616541355,6.244135338345865,0,0,0.0,-190.61,-6.244135338345865,0.0,2.0,-546.0,973.0,427.0,1,1,1,0,1,1,0,0,0,0
615199,2026-05-01,Maharashtra,198.71,198.71,23.25,2.82,Western Coalfields Limited [WCL],False,973.0,243.0,11.700468018720748,11.700468018720748,-8.880468018720748,0,0,0.0,-197.18,8.880468018720748,0.0,2.0,-730.0,973.0,243.0,1,1,1,0,1,1,0,0,0,0
615202,2026-05-01,Chhattisgarh,1700.0,1756.2,263.01,18.3,National Mineral Development Corporation Limited [NMDC],True,1400.0,334.0,14.976084728390843,14.976084728390843,3.323915271609158,1,1,-2.0,-181.7,-3.323915271609158,0.0,2.0,-1066.0,1400.0,334.0,1,1,1,1,0,1,0,0,0,0
615206,2026-05-01,Madhya Pradesh,414.15,414.15,22.11,56.88,Western Coalfields Limited [WCL],False,2465.0,0.0,5.338645418326694,5.338645418326694,51.54135458167331,0,0,0.0,,-51.54135458167331,0.0,,-2465.0,2465.0,0.0,0,0,0,0,1,0,0,0,0,1
615330,2026-05-01,Maharashtra,360.81,360.81,21.24,5.17,Western Coalfields Limited [WCL],False,1247.0,0.0,5.886754801696183,5.886754801696183,-0.7167548016961831,0,0,0.0,,0.7167548016961831,0.0,,-1247.0,1247.0,0.0,0,0,0,0,1,0,0,0,0,1
615331,2026-05-01,Maharashtra,497.41,497.41,44.26,2.19,Western Coalfields Limited [WCL],False,943.0,0.0,8.898092117166923,8.898092117166923,-6.708092117166924,0,0,0.0,,6.708092117166924,0.0,,-943.0,943.0,0.0,0,0,0,0,1,0,0,0,0,1
615332,2026-05-01,Rajasthan,3279.0,3279.0,1541.13,49.73,Power Grid Corporation of India Limited [POWERGRID],False,638.0,0.0,47.0,47.0,2.729999999999997,0,1,2.5999999999999943,,-2.729999999999997,0.0,,-638.0,638.0,0.0,0,0,0,0,0,0,0,0,0,1
615333,2026-05-01,"Multi-States(Madhya Pradesh,Rajasthan)",2227.0,2227.0,979.88,44.74,Power Grid Corporation of India Limited [POWERGRID],False,638.0,0.0,44.0,44.0,0.740000000000002,0,1,6.0,,-0.740000000000002,0.0,,-638.0,638.0,0.0,0,0,0,0,0,0,0,0,0,0
615334,2026-05-01,"Multi-States(Madhya Pradesh,Rajasthan)",3251.0,3251.0,1592.99,42.27,Power Grid Corporation of India Limited [POWERGRID],False,638.0,0.0,49.0,49.0,-6.729999999999997,0,1,2.8700000000000045,,6.729999999999997,0.0,,-638.0,638.0,0.0,0,0,0,0,0,0,0,0,0,1
615335,2026-05-01,Rajasthan,1382.0,1382.0,566.62,44.61,Power Grid Corporation of India Limited [POWERGRID],False,638.0,0.0,41.0,41.0,3.6099999999999994,0,1,2.6099999999999994,,-3.61,0.0,,-638.0,638.0,0.0,0,0,0,0,0,0,0,0,0,0
615336,2026-05-01,Delhi,284.0,284.0,65.32,18.91,Power Grid Corporation of India Limited [POWERGRID],False,577.0,335.0,23.0,23.0,-4.09,0,1,11.16,-153.32880597014926,4.09,0.0,1.7223880597014924,-242.0,577.0,335.0,1,1,1,0,0,1,0,0,0,0
615337,2026-05-01,Rajasthan,369.0,369.0,221.4,69.3,Power Grid Corporation of India Limited [POWERGRID],False,638.0,0.0,60.0,60.0,9.299999999999997,0,1,5.449999999999996,,-9.299999999999995,0.0,,-638.0,638.0,0.0,0,0,0,0,0,0,0,0,0,0
615338,2026-05-01,Rajasthan,2735.0,2735.0,929.9,37.18,Power Grid Corporation of India Limited [POWERGRID],False,546.0,0.0,34.0,34.0,3.1799999999999997,0,1,5.699999999999999,,-3.18,0.0,,-546.0,546.0,0.0,0,0,0,0,0,0,0,0,0,0
615339,2026-05-01,"Multi-States(Haryana, Punjab,Rajasthan)",5969.0,5969.0,1432.56,27.92,Power Grid Corporation of India Limited [POWERGRID],False,546.0,0.0,24.0,24.0,3.9200000000000017,0,1,3.8500000000000014,,-3.9200000000000017,0.0,,-546.0,546.0,0.0,0,0,0,0,0,0,0,0,0,1
615340,2026-05-01,"Multi-States(Haryana,Rajasthan)",5357.0,5357.0,1446.39,31.42,Power Grid Corporation of India Limited [POWERGRID],False,546.0,0.0,27.0,27.0,4.420000000000002,0,1,3.150000000000002,,-4.420000000000002,0.0,,-546.0,546.0,0.0,0,0,0,0,0,0,0,0,0,1
615342,2026-05-01,Gujarat,329.0,329.0,42.77,16.5,Power Grid Corporation of India Limited [POWERGRID],False,577.0,0.0,13.0,13.0,3.5,0,1,3.0,,-3.5,0.0,,-577.0,577.0,0.0,0,0,0,0,0,0,0,0,0,1
615343,2026-05-01,Gujarat,501.0,501.0,25.05,7.33,Power Grid Corporation of India Limited [POWERGRID],False,546.0,0.0,5.0,5.0,2.33,0,0,1.33,,-2.33,0.0,,-546.0,546.0,0.0,0,0,0,0,0,0,0,0,0,0
615344,2026-05-01,Madhya Pradesh,3674.0,3674.0,1469.6,43.16,Power Grid Corporation of India Limited [POWERGRID],False,577.0,0.0,40.0,40.0,3.1599999999999966,0,1,3.9199999999999946,,-3.1599999999999966,0.0,,-577.0,577.0,0.0,0,0,0,0,0,0,0,0,0,1
615345,2026-05-01,Gujarat,4766.0,4766.0,1334.48,31.48,Power Grid Corporation of India Limited [POWERGRID],False,577.0,0.0,28.000000000000004,28.000000000000004,3.479999999999997,0,1,3.890000000000001,,-3.479999999999997,0.0,,-577.0,577.0,0.0,0,0,0,0,0,0,0,0,0,1
615346,2026-05-01,Madhya Pradesh,2708.0,2708.0,1543.56,68.12,Power Grid Corporation of India Limited [POWERGRID],False,638.0,0.0,56.99999999999999,56.99999999999999,11.120000000000012,0,1,10.320000000000007,,-11.120000000000012,0.0,,-638.0,638.0,0.0,0,0,0,0,0,0,0,0,0,0
615347,2026-05-01,"Multi-States(Gujarat,Maharashtra)",24819.0,24819.0,2978.28,16.73,Power Grid Corporation of India Limited [POWERGRID],False,546.0,0.0,12.000000000000002,12.000000000000002,4.729999999999999,0,0,7.0600000000000005,,-4.729999999999999,0.0,,-546.0,546.0,0.0,0,0,0,0,0,0,0,0,0,0
615349,2026-05-01,Jharkhand,230.41,230.41,22.02,23.24,Ministry of Coal,False,2007.0,0.0,9.556876871663556,9.556876871663556,13.683123128336442,0,0,0.4799999999999969,,-13.683123128336442,0.0,,-2007.0,2007.0,0.0,0,0,0,0,0,0,0,0,0,1
615818,2026-05-01,Telangana,297.88,297.88,48.75,20.0,Singareni Collieries Company Limited [SCCL],False,1612.0,0.0,16.365650597556066,16.365650597556066,3.6343494024439345,0,1,0.0,,-3.6343494024439353,0.0,,-1612.0,1612.0,0.0,0,0,0,0,1,0,0,0,0,0
615820,2026-05-01,Assam,159.77,159.77,112.47,89.0,MIS MoCoal Integration Logins,False,1400.0,0.0,70.39494273017462,70.39494273017462,18.60505726982538,0,0,0.8199999999999932,,-18.60505726982538,0.0,,-1400.0,1400.0,0.0,0,0,0,0,0,0,0,0,0,0
615821,2026-05-01,Assam,289.46,289.46,105.65,3.3,MIS MoCoal Integration Logins,False,1277.0,0.0,36.498998134457274,36.498998134457274,-33.19899813445728,0,0,0.04,,33.19899813445728,0.0,,-1277.0,1277.0,0.0,0,0,0,0,0,0,1,1,1,0
615822,2026-05-01,Jharkhand,222.82,222.82,140.72,56.02,Ministry of Coal,False,2191.0,0.0,63.15411542949466,63.15411542949466,-7.134115429494656,0,0,-7.5,,7.134115429494656,0.0,,-2191.0,2191.0,0.0,0,0,0,1,0,0,0,0,0,1
615843,2026-05-01,Jharkhand,243.52,243.52,50.82,29.9,Ministry of Coal,False,2373.0,0.0,20.868922470433642,20.868922470433642,9.031077529566357,0,1,-1.370000000000001,,-9.031077529566357,0.0,,-2373.0,2373.0,0.0,0,0,0,1,0,0,0,0,0,0
615857,2026-05-01,Odisha,494.3,494.3,491.33,80.0,Singareni Collieries Company Limited [SCCL],False,2252.0,0.0,99.39915031357475,99.39915031357475,-19.39915031357475,0,0,0.0,,19.39915031357475,0.0,,-2252.0,2252.0,0.0,0,0,0,0,1,0,1,0,0,0
615858,2026-05-01,Telangana,384.32,384.32,295.21,76.0,Singareni Collieries Company Limited [SCCL],False,3287.0,426.0,76.81359283930058,76.81359283930058,-0.8135928393005827,0,0,1.0,-124.0,0.8135928393005827,0.0,2.0,-2861.0,3287.0,426.0,1,1,1,0,0,0,0,0,0,1
615860,2026-05-01,Telangana,607.04,607.04,200.12,71.0,Singareni Collieries Company Limited [SCCL],False,2557.0,-61.0,32.96652609383237,32.96652609383237,38.03347390616763,0,1,0.0,,-38.03347390616763,0.0,,-2618.0,2557.0,-61.0,0,0,0,0,1,0,0,0,0,0
615861,2026-05-01,Telangana,424.81,424.81,406.82,81.0,Singareni Collieries Company Limited [SCCL],False,1247.0,1948.0,95.76516560344625,95.76516560344625,-14.765165603446249,0,1,0.0,16.98562628336755,14.765165603446247,0.0,0.6401437371663244,701.0,1247.0,1948.0,0,0,0,0,1,0,1,0,0,0
615862,2026-05-01,Telangana,345.6,345.6,111.94,33.0,Singareni Collieries Company Limited [SCCL],False,1734.0,31.0,32.39004629629629,32.39004629629629,0.6099537037037095,0,0,1.0,-167.0,-0.6099537037037095,0.0,2.0,-1703.0,1734.0,31.0,1,1,1,0,0,1,0,0,0,0
615863,2026-05-01,Telangana,484.5,484.5,477.14,97.0,Singareni Collieries Company Limited [SCCL],False,2160.0,-122.0,98.48090815273478,98.48090815273478,-1.4809081527347843,0,0,0.0,,1.4809081527347845,0.0,,-2282.0,2160.0,-122.0,0,0,0,0,1,0,0,0,0,0
615865,2026-05-01,Telangana,442.42,442.42,253.15,63.0,Singareni Collieries Company Limited [SCCL],False,3164.0,31.0,57.219384295465844,57.219384295465844,5.780615704534156,0,1,0.0,-137.0,-5.780615704534156,0.0,2.0,-3133.0,3164.0,31.0,1,1,1,0,1,0,0,0,0,0
615914,2026-05-01,Maharashtra,184.71,184.71,15.72,12.87,Western Coalfields Limited [WCL],False,1887.0,0.0,8.51063829787234,8.51063829787234,4.359361702127659,0,0,0.0399999999999991,,-4.359361702127659,0.0,,-1887.0,1887.0,0.0,0,0,0,0,0,0,0,0,0,0
615915,2026-05-01,Odisha,244.99,244.99,146.07,45.0,CAO/C/SER,False,882.0,456.0,59.6228417486428,59.6228417486428,-14.622841748642799,0,1,14.0,-148.42105263157893,14.6228417486428,0.0,1.9342105263157892,-426.0,882.0,456.0,1,1,1,0,0,1,1,0,0,0
615916,2026-05-01,Maharashtra,1225.21,1225.21,88.81,4.21,Western Coalfields Limited [WCL],False,760.0,0.0,7.2485533092286225,7.2485533092286225,-3.0385533092286225,0,0,0.0,,3.0385533092286225,0.0,,-760.0,760.0,0.0,0,0,0,0,1,0,0,0,0,0
615917,2026-05-01,Maharashtra,973.07,973.07,1.55,2.31,Western Coalfields Limited [WCL],False,699.0,305.0,0.15928967083560278,0.15928967083560278,2.150710329164397,0,0,0.0,-197.69,-2.150710329164397,0.0,2.0,-394.0,699.0,305.0,1,1,1,0,1,1,0,0,0,0
615918,2026-05-01,Maharashtra,405.2,405.2,36.19,15.97,Western Coalfields Limited [WCL],False,1338.0,2038.0,8.931391905231983,8.931391905231983,7.038608094768017,0,0,0.0200000000000013,-49.68260058881256,-7.038608094768017,0.0,0.6565260058881256,700.0,1338.0,2038.0,1,1,1,0,0,0,0,0,0,1
615919,2026-05-01,Maharashtra,1024.91,1024.91,217.35,27.92,Western Coalfields Limited [WCL],False,699.0,0.0,21.206740104009132,21.206740104009132,6.71325989599087,0,0,0.0,,-6.71325989599087,0.0,,-699.0,699.0,0.0,0,0,0,0,1,0,0,0,0,0
615982,2026-05-01,Maharashtra,319.75,319.75,196.86,79.83,Western Coalfields Limited [WCL],False,3560.0,0.0,61.566849100860054,61.566849100860054,18.263150899139944,0,1,0.0,,-18.263150899139944,0.0,,-3560.0,3560.0,0.0,0,0,0,0,1,0,0,0,0,1
616044,2026-05-01,Maharashtra,237.06,237.06,168.0,93.75,Western Coalfields Limited [WCL],False,2677.0,61.0,70.86813464945584,70.86813464945584,22.88186535054416,0,1,0.2399999999999948,-106.25,-22.88186535054416,0.0,2.0,-2616.0,2677.0,61.0,1,1,1,0,0,0,0,0,0,1
616050,2026-05-01,Maharashtra,235.9,235.9,127.42,98.97,Western Coalfields Limited [WCL],False,2799.0,0.0,54.014412886816444,54.014412886816444,44.955587113183554,0,1,0.0,,-44.955587113183554,0.0,,-2799.0,2799.0,0.0,0,0,0,0,1,0,0,0,0,1
616221,2026-05-01,Uttar Pradesh,2254.35,2254.35,0.0,0.0,Noida Metro Rail Corporation Ltd. [NMRCL],False,61.0,0.0,0.0,0.0,0.0,0,0,,,0.0,,,-61.0,61.0,0.0,0,0,0,0,0,0,0,0,0,0
616223,2026-05-01,Maharashtra,316.0,316.0,209.28,86.49,Western Coalfields Limited [WCL],False,2738.0,0.0,66.22784810126582,66.22784810126582,20.262151898734174,0,1,0.0,,-20.26215189873417,0.0,,-2738.0,2738.0,0.0,0,0,0,0,1,0,0,0,0,1
616225,2026-05-01,Jharkhand,979.08,979.08,0.0,0.05,Eastern Coal Fields Limited [ECL],False,882.0,0.0,0.0,0.0,0.05,0,0,0.0,,-0.05,0.0,,-882.0,882.0,0.0,0,0,0,0,1,0,0,0,0,0
616226,2026-05-01,Odisha,3563.5,3563.5,681.21,8.39,Mahanadi Coalfields Limited [MCL],False,1126.0,0.0,19.11631822646275,19.11631822646275,-10.726318226462748,0,0,2.210000000000001,,10.726318226462748,0.0,,-1126.0,1126.0,0.0,0,0,0,0,0,0,1,0,0,0
616227,2026-05-01,"Multi-States(Jharkhand, WestBengal)",1932.01,1932.01,3.97,0.0,CAO/C/SER,False,304.0,303.0,0.20548547885362914,0.20548547885362914,-0.20548547885362914,0,0,0.0,-100.33003300330031,0.2054854788536291,0.0,1.0033003300330032,-1.0,304.0,303.0,1,1,1,0,1,1,0,0,0,0
616229,2026-05-01,Maharashtra,668.54,668.54,2.95,2.52,Western Coalfields Limited [WCL],False,607.0,0.0,0.4412600592335537,0.4412600592335537,2.078739940766446,0,0,0.0,,-2.078739940766446,0.0,,-607.0,607.0,0.0,0,0,0,0,1,0,0,0,0,0
616231,2026-05-01,Odisha,5366.27,5366.27,477.84,33.06,MCL - CIL,False,791.0,0.0,8.904509091044616,8.904509091044616,24.155490908955386,0,0,0.5900000000000034,,-24.155490908955382,0.0,,-791.0,791.0,0.0,0,0,0,0,0,0,0,0,0,0
616232,2026-05-01,Odisha,1561.85,1561.85,279.32,30.08,MCL - CIL,False,1277.0,0.0,17.88391971059961,17.88391971059961,12.196080289400388,0,0,0.889999999999997,,-12.196080289400388,0.0,,-1277.0,1277.0,0.0,0,0,0,0,0,0,0,0,0,0
616233,2026-05-01,Odisha,978.44,978.44,251.55,16.0,MCL - CIL,False,1126.0,0.0,25.70929234291321,25.70929234291321,-9.709292342913209,0,0,0.7599999999999998,,9.709292342913209,0.0,,-1126.0,1126.0,0.0,0,0,0,0,0,0,0,0,0,0
616234,2026-05-01,Chhattisgarh,1725.04,1725.04,16.71,40.34,South Eastern Coalfields Limited [SECL],False,1308.0,0.0,0.9686731901868942,0.9686731901868942,39.37132680981311,0,0,0.0,,-39.37132680981311,0.0,,-1308.0,1308.0,0.0,0,0,0,0,1,0,0,0,0,0
616236,2026-05-01,Jharkhand,414.37,414.37,85.6,32.62,CCL - CIL,False,2281.0,0.0,20.65786615826435,20.65786615826435,11.962133841735646,0,0,-1.5600000000000025,,-11.962133841735646,0.0,,-2281.0,2281.0,0.0,0,0,0,1,0,0,0,0,0,0
616253,2026-05-01,Jharkhand,5850.83,5850.83,20.32,4.18,BCCL,False,791.0,0.0,0.3473011521442257,0.3473011521442257,3.832698847855774,0,0,0.0099999999999997,,-3.832698847855774,0.0,,-791.0,791.0,0.0,0,0,0,0,0,0,0,0,0,0
616254,2026-05-01,"Multi-States(Andhra Pradesh,Chhattisgarh,Odisha)",2212.0,2212.0,539.65,35.4,Ministry of Petroleum and Natural Gas,False,607.0,0.0,24.396473779385172,24.396473779385172,11.003526220614827,0,1,1.3999999999999986,,-11.003526220614829,0.0,,-607.0,607.0,0.0,0,0,0,0,0,0,0,0,0,0
616586,2026-05-01,Odisha,2269.49,2269.49,7.14,0.0,CAO/C/SER,False,242.0,396.0,0.31460812781726294,0.31460812781726294,-0.31460812781726294,0,0,0.0,-61.11111111111112,0.3146081278172629,0.0,0.6111111111111112,154.0,242.0,396.0,1,1,1,0,1,0,0,0,0,0
616587,2026-05-01,Odisha,1875.72,1875.72,2.35,0.0,CAO/C/SER,False,242.0,396.0,0.1252852238073913,0.1252852238073913,-0.1252852238073913,0,0,0.0,-61.11111111111112,0.1252852238073913,0.0,0.6111111111111112,154.0,242.0,396.0,1,1,1,0,1,0,0,0,0,0
616588,2026-05-01,"Multi-States(Jharkhand,Odisha, WestBengal)",1459.13,1459.13,9.16,0.0,South Eastern Railway [SER] - I,False,516.0,122.0,0.6277713431976588,0.6277713431976588,-0.6277713431976588,0,0,0.0,-200.0,0.6277713431976588,0.0,2.0,-394.0,516.0,122.0,1,1,1,0,1,1,0,0,0,0
616594,2026-05-01,Uttar Pradesh,842.25,842.25,208.64,83.0,National Mission for Clean Ganga,False,1126.0,1065.0,24.771742356782426,24.771742356782426,58.228257643217574,0,1,3.0,-22.72769953051645,-58.22825764321757,0.0,1.0572769953051644,-61.0,1126.0,1065.0,1,1,0,0,0,0,0,0,0,0
616600,2026-05-01,Bihar,413.29,413.29,126.67,97.0,National Mission for Clean Ganga,False,1522.0,1612.0,30.649180962520262,30.649180962520262,66.35081903747974,0,1,0.0,2.583126550868485,-66.35081903747974,0.0,0.9441687344913152,90.0,1522.0,1612.0,0,0,0,0,1,0,0,0,0,0
616604,2026-05-01,West Bengal,154.73,154.73,96.17,93.0,National Mission for Clean Ganga,False,1612.0,1310.0,62.15342855296323,62.15342855296323,30.846571447036773,0,1,0.0,-30.053435114503813,-30.846571447036773,0.0,1.2305343511450382,-302.0,1612.0,1310.0,1,1,1,0,1,0,0,0,0,1
616605,2026-05-01,Uttar Pradesh,690.71,690.71,34.79,56.0,National Mission for Clean Ganga,False,546.0,1645.0,5.0368461438230225,5.0368461438230225,50.96315385617698,0,1,5.0,22.808510638297875,-50.96315385617698,0.0,0.3319148936170212,1099.0,546.0,1645.0,0,0,0,0,0,0,0,0,0,0
616611,2026-05-01,Bihar,824.0,824.0,396.71,57.0,National Mission for Clean Ganga,False,2496.0,699.0,48.144417475728154,48.144417475728154,8.855582524271846,0,1,0.0,-143.0,-8.855582524271846,0.0,2.0,-1797.0,2496.0,699.0,1,1,1,0,1,0,0,0,0,0
616612,2026-05-01,Bihar,578.89,578.89,171.79,54.0,National Mission for Clean Ganga,False,2496.0,699.0,29.67575877973363,29.67575877973363,24.32424122026637,0,0,0.0,-146.0,-24.32424122026637,0.0,2.0,-1797.0,2496.0,699.0,1,1,1,0,1,0,0,0,0,0
616615,2026-05-01,Bihar,230.06,230.06,261.82,97.0,National Mission for Clean Ganga,False,2983.0,2922.0,113.80509432322003,100.0,-3.0,0,1,0.0,-5.08761122518824,16.805094323220032,0.0,1.0208761122518824,-61.0,2983.0,2922.0,0,0,0,0,1,0,1,0,0,0
616616,2026-05-01,Bihar,305.19,305.19,346.46,95.0,National Mission for Clean Ganga,False,2983.0,2922.0,113.52272354926438,100.0,-5.0,0,1,0.0,-7.08761122518824,18.522723549264384,0.0,1.0208761122518824,-61.0,2983.0,2922.0,0,0,0,0,1,0,1,0,0,0
616670,2026-05-01,"Multi-States(Rajasthan, UttarPradesh)",5846.0,5846.0,1753.8,35.09,Power Grid Corporation of India Limited [POWERGRID],False,516.0,0.0,30.0,30.0,5.090000000000003,0,1,3.7200000000000015,,-5.090000000000003,0.0,,-516.0,516.0,0.0,0,0,0,0,0,0,0,0,0,0
616671,2026-05-01,Tamil Nadu,548.0,548.0,120.56,19.79,Power Grid Corporation of India Limited [POWERGRID],False,485.0,0.0,22.0,22.0,-2.210000000000001,0,1,1.0700000000000005,,2.210000000000001,0.0,,-485.0,485.0,0.0,0,0,0,0,0,0,0,0,0,1
616672,2026-05-01,Karnataka,1354.0,1354.0,284.34,27.65,Power Grid Corporation of India Limited [POWERGRID],False,485.0,0.0,21.0,21.0,6.649999999999999,0,0,5.149999999999999,,-6.649999999999999,0.0,,-485.0,485.0,0.0,0,0,0,0,0,0,0,0,0,0
616691,2026-05-01,Maharashtra,260.13,260.13,216.46,89.0,Employee's State Insurance Company [ESIC],False,6178.0,182.0,83.21224003382925,83.21224003382925,5.7877599661707535,0,1,0.0,-111.0,-5.7877599661707535,0.0,2.0,-5996.0,6178.0,182.0,1,1,1,0,1,0,0,0,0,0
616694,2026-05-01,Odisha,200.77,200.77,37.26,5.5,East Coast Railway [ECoR] - II,False,212.0,914.0,18.558549584101208,18.558549584101208,-13.058549584101208,0,0,0.0,-17.694748358862142,13.058549584101208,0.0,0.2319474835886214,702.0,212.0,914.0,1,0,0,0,1,0,1,0,0,0
616695,2026-05-01,Odisha,300.15,300.15,2.47,10.5,East Coast Railway [ECoR] - II,False,395.0,609.0,0.8229218723971348,0.8229218723971348,9.677078127602865,0,0,0.0,-54.360426929392446,-9.677078127602863,0.0,0.6486042692939245,214.0,395.0,609.0,1,1,1,0,1,0,0,0,0,0
616697,2026-05-01,Andhra Pradesh,154.28,154.28,69.59,80.0,East Coast Railway [ECoR] - II,False,791.0,335.0,45.106300233341976,45.106300233341976,34.893699766658024,0,0,5.0,-120.0,-34.893699766658024,0.0,2.0,-456.0,791.0,335.0,1,1,1,0,0,0,0,0,0,0
616699,2026-05-01,"Multi-States(Bihar, Jharkhand)",12333.57,12333.6,882.77,18.0,East Central Railway [ECR] - I,False,1004.0,0.0,7.157439839138613,7.157439839138613,10.842560160861387,1,0,0.5,,-10.842560160861389,0.0,,-1004.0,1004.0,0.0,0,0,0,0,0,0,0,0,0,0
616701,2026-05-01,"Multi-States(Assam,Nagaland)",2123.7,2123.7,141.06,12.5,Northeast Frontier Railway [NFR],False,485.0,335.0,6.6421810990252865,6.6421810990252865,5.8578189009747135,0,0,2.5,-132.27611940298507,-5.8578189009747135,0.0,1.4477611940298507,-150.0,485.0,335.0,1,1,1,0,0,1,0,0,0,0
616839,2026-05-01,Odisha,1165.89,1165.89,0.0,0.0,Indian Railway,False,30.0,608.0,0.0,0.0,0.0,0,0,0.0,-4.934210526315789,0.0,0.0,0.0493421052631578,578.0,30.0,608.0,0,0,0,0,1,0,0,0,0,0
616841,2026-05-01,Rajasthan,799.64,799.64,211.61,8.0,North Western Railway [NWR],False,820.0,0.0,26.463158421289585,26.463158421289585,-18.463158421289585,0,1,0.0,,18.463158421289585,0.0,,-820.0,820.0,0.0,0,0,0,0,1,0,1,0,0,1
616842,2026-05-01,"Multi-States(Gujarat,Rajasthan)",3085.59,3085.59,835.93,36.0,North Western Railway [NWR],False,820.0,0.0,27.09141525607744,27.09141525607744,8.90858474392256,0,0,6.0,,-8.90858474392256,0.0,,-820.0,820.0,0.0,0,0,0,0,0,0,0,0,0,1
616843,2026-05-01,Rajasthan,1634.79,1634.79,447.64,22.0,North Western Railway [NWR],False,820.0,0.0,27.382110240459017,27.382110240459017,-5.382110240459017,0,1,10.0,,5.382110240459017,0.0,,-820.0,820.0,0.0,0,0,0,0,0,0,0,0,0,1
616856,2026-05-01,Telangana,770.12,770.12,87.94,0.06,South Central Railway [SCR] - II,False,395.0,609.0,11.418999636420297,11.418999636420297,-11.358999636420297,0,0,0.0099999999999999,-64.80042692939244,11.358999636420297,0.0,0.6486042692939245,214.0,395.0,609.0,1,1,1,0,0,0,1,0,0,0
616857,2026-05-01,"Multi-States(Andhra Pradesh,Telangana)",1595.55,1595.55,264.89,2.05,South Central Railway [SCR] - II,False,426.0,394.0,16.60179875278117,16.60179875278117,-14.55179875278117,0,0,0.0099999999999997,-106.07182741116752,14.55179875278117,0.0,1.0812182741116751,-32.0,426.0,394.0,1,1,1,0,0,1,1,0,0,0
616858,2026-05-01,Assam,430.76,430.76,346.97,93.4,Ministry of Petroleum & Natural Gas,False,1977.0,0.0,80.54833317856811,80.54833317856811,12.851666821431891,0,1,1.0,,-12.851666821431891,0.0,,-1977.0,1977.0,0.0,0,0,0,0,0,0,0,0,0,0
616879,2026-05-01,Karnataka,364.0,364.0,78.3,47.9,Ministry of Petroleum & Natural Gas,False,791.0,0.0,21.51098901098901,21.51098901098901,26.389010989010988,0,1,0.5,,-26.389010989010988,0.0,,-791.0,791.0,0.0,0,0,0,0,0,0,0,0,0,0
616886,2026-05-01,Delhi,373.0,373.0,30.13,13.0,Delhi University,False,426.0,181.0,8.077747989276139,8.077747989276139,4.922252010723861,0,0,1.0,-187.0,-4.922252010723861,0.0,2.0,-245.0,426.0,181.0,1,1,1,0,0,1,0,0,0,0
616933,2026-05-01,Maharashtra,4679.0,4679.0,276.93,11.3,Ministry of Petroleum and Natural Gas,False,516.0,0.0,5.91857234451806,5.91857234451806,5.381427655481941,0,1,0.6000000000000014,,-5.381427655481941,0.0,,-516.0,516.0,0.0,0,0,0,0,0,0,0,0,0,0
616950,2026-05-01,Offshore,1486.4,1486.4,581.67,58.8,Ministry of Petroleum & Natural Gas,False,607.0,0.0,39.1328040904198,39.1328040904198,19.667195909580194,0,1,5.0,,-19.667195909580197,0.0,,-607.0,607.0,0.0,0,0,0,0,0,0,0,0,0,1
616983,2026-05-01,Gujarat,467.58,467.58,70.54,16.0,Ministry of Railways-,False,1035.0,0.0,15.086188459728819,15.086188459728819,0.9138115402711815,0,0,0.0,,-0.9138115402711816,0.0,,-1035.0,1035.0,0.0,0,0,0,0,1,0,0,0,0,0
617068,2026-05-01,Karnataka,288.0,288.0,20.16,7.2,Power Grid Corporation of India Limited [POWERGRID],False,454.0,0.0,7.000000000000001,7.000000000000001,0.1999999999999993,0,0,0.0,,-0.1999999999999993,0.0,,-454.0,454.0,0.0,0,0,0,0,1,0,0,0,0,0
617069,2026-05-01,Gujarat,466.0,466.0,111.84,30.0,Power Grid Corporation of India Limited [POWERGRID],False,454.0,0.0,24.000000000000004,24.000000000000004,5.9999999999999964,0,0,7.5,,-5.9999999999999964,0.0,,-454.0,454.0,0.0,0,0,0,0,0,0,0,0,0,0
617179,2026-05-01,"Jammu andKashmir",218.6,218.6,3.72,1.7,Power Grid Corporation of India Limited [POWERGRID],False,669.0,0.0,1.7017383348581887,1.7017383348581887,-0.0017383348581887503,0,1,0.0,,0.0017383348581887,0.0,,-669.0,669.0,0.0,0,0,0,0,1,0,0,0,0,0
617181,2026-05-01,Rajasthan,404.0,404.0,28.28,10.8,Power Grid Corporation of India Limited [POWERGRID],False,426.0,0.0,7.000000000000001,7.000000000000001,3.8,0,1,1.0,,-3.8,0.0,,-426.0,426.0,0.0,0,0,0,0,0,0,0,0,0,0
617182,2026-05-01,Gujarat,172.0,172.0,58.48,37.2,Power Grid Corporation of India Limited [POWERGRID],False,426.0,0.0,34.0,34.0,3.200000000000003,0,0,1.2000000000000028,,-3.200000000000003,0.0,,-426.0,426.0,0.0,0,0,0,0,0,0,0,0,0,0
617183,2026-05-01,Andhra Pradesh,2886.0,2886.0,721.5,29.34,Power Grid Corporation of India Limited [POWERGRID],False,426.0,0.0,25.0,25.0,4.34,0,0,3.1499999999999986,,-4.34,0.0,,-426.0,426.0,0.0,0,0,0,0,0,0,0,0,0,0
617184,2026-05-01,Karnataka,3453.0,3453.0,483.42,17.99,Power Grid Corporation of India Limited [POWERGRID],False,426.0,0.0,14.000000000000002,14.000000000000002,3.9899999999999967,0,0,4.579999999999998,,-3.9899999999999967,0.0,,-426.0,426.0,0.0,0,0,0,0,0,0,0,0,0,0
617185,2026-05-01,"Multi-States(Andhra Pradesh,Karnataka)",5550.0,5550.0,943.5,19.92,Power Grid Corporation of India Limited [POWERGRID],False,426.0,0.0,17.0,17.0,2.9200000000000017,0,1,2.0600000000000023,,-2.9200000000000017,0.0,,-426.0,426.0,0.0,0,0,0,0,0,0,0,0,0,1
617186,2026-05-01,"Multi-States(Madhya Pradesh,Rajasthan)",5028.0,5028.0,1106.16,28.05,Power Grid Corporation of India Limited [POWERGRID],False,426.0,0.0,22.000000000000004,22.000000000000004,6.049999999999997,0,1,3.98,,-6.049999999999997,0.0,,-426.0,426.0,0.0,0,0,0,0,0,0,0,0,0,0
617188,2026-05-01,Chhattisgarh,9791.0,9791.0,1686.93,19.86,National Thermal Power Corporation [NTPC],False,607.0,0.0,17.229394341742417,17.229394341742417,2.6306056582575827,0,1,0.9499999999999992,,-2.6306056582575827,0.0,,-607.0,607.0,0.0,0,0,0,0,0,0,0,0,0,0
617200,2026-05-01,Chhattisgarh,7853.84,7853.84,0.64,0.0,CAO/C/SECR,False,395.0,0.0,0.008148880038299736,0.008148880038299736,-0.008148880038299736,0,0,0.0,,0.0081488800382997,0.0,,-395.0,395.0,0.0,0,0,0,0,1,0,0,0,0,0
617201,2026-05-01,Maharashtra,4373.04,4373.04,1.79,2.0,South East Central Railway,False,395.0,0.0,0.04093262352962699,0.04093262352962699,1.959067376470373,0,0,1.0,,-1.959067376470373,0.0,,-395.0,395.0,0.0,0,0,0,0,0,0,0,0,0,0
617206,2026-05-01,"Multi-States (Delhi,Haryana)",6230.99,6230.99,558.03,0.0,Delhi Metro Rail Corporation Limited [DMRC],False,485.0,0.0,8.955719717091505,8.955719717091505,-8.955719717091505,0,0,0.0,,8.955719717091505,0.0,,-485.0,485.0,0.0,0,0,0,0,1,0,0,0,0,0
617207,2026-05-01,Delhi,8399.81,8399.81,120.25,3.8,Delhi Metro Rail Corporation Limited [DMRC],False,791.0,0.0,1.4315800000238101,1.4315800000238101,2.3684199999761897,0,0,0.1599999999999997,,-2.3684199999761897,0.0,,-791.0,791.0,0.0,0,0,0,0,0,0,0,0,0,0
617210,2026-05-01,Andhra Pradesh,1215.56,1215.56,62.2,0.06,South Central Railway [SCR] - II,False,395.0,0.0,5.116983118891705,5.116983118891705,-5.056983118891705,0,0,0.0099999999999999,,5.056983118891705,0.0,,-395.0,395.0,0.0,0,0,0,0,0,0,0,0,0,0
617211,2026-05-01,"Multi-States(Andhra Pradesh,Telangana)",2853.23,2853.23,357.74,2.6,South Central Railway [SCR] - II,False,1004.0,0.0,12.538070888081226,12.538070888081226,-9.938070888081226,0,0,0.1,,9.938070888081226,0.0,,-1004.0,1004.0,0.0,0,0,0,0,0,0,0,0,0,0
617212,2026-05-01,"Multi-States(Andhra Pradesh,Maharashtra,Telangana)",4686.09,4686.09,640.06,21.0,South Central Railway [SCR] - II,False,1004.0,0.0,13.658721876873894,13.658721876873894,7.341278123126106,0,1,18.92,,-7.341278123126106,0.0,,-1004.0,1004.0,0.0,0,0,0,0,0,0,0,0,0,0
617213,2026-05-01,Uttar Pradesh,2464.46,2464.46,79.84,3.23,Northern Railways,False,212.0,365.0,3.2396549345495567,3.2396549345495567,-0.009654934549556682,0,0,0.81,-54.85219178082192,0.0096549345495566,0.0,0.5808219178082191,153.0,212.0,365.0,1,1,1,0,0,0,0,0,0,0
617214,2026-05-01,"Multi-States(Andhra Pradesh,Telangana)",2047.4,2047.4,208.57,0.17,South Central Railway [SCR] - II,False,546.0,0.0,10.187066523395526,10.187066523395526,-10.017066523395526,0,0,0.01,,10.017066523395526,0.0,,-546.0,546.0,0.0,0,0,0,0,0,0,1,0,0,0
617215,2026-05-01,Maharashtra,769.93,769.93,197.62,0.2,South Central Railway [SCR] - II,False,882.0,0.0,25.66726845297625,25.66726845297625,-25.46726845297625,0,0,0.01,,25.46726845297625,0.0,,-882.0,882.0,0.0,0,0,0,0,0,0,1,1,0,0
617216,2026-05-01,Andhra Pradesh,877.34,877.34,206.02,0.17,South Central Railway [SCR] - II,False,577.0,0.0,23.482344359085417,23.482344359085417,-23.312344359085415,0,0,0.01,,23.31234435908541,0.0,,-577.0,577.0,0.0,0,0,0,0,0,0,1,1,0,0
617221,2026-05-01,Punjab,210.99,210.99,87.16,48.0,Central University of Punjab,False,395.0,243.0,41.310014692639456,41.310014692639456,6.689985307360544,0,0,3.0,-114.55144032921812,-6.689985307360544,0.0,1.625514403292181,-152.0,395.0,243.0,1,1,1,0,0,1,0,0,0,0
617224,2026-05-01,"Multi-States(Bihar, UttarPradesh)",1120.0,1120.0,414.21,26.5,NER,False,791.0,213.0,36.98303571428571,36.98303571428571,-10.483035714285712,0,0,0.1000000000000014,-173.5,10.483035714285712,0.0,2.0,-578.0,791.0,213.0,1,1,1,0,0,1,1,0,0,0
617225,2026-05-01,Maharashtra,910.18,960.18,285.68,44.6,Maharashtra Metro Rail Corporation Limited [MMRCL],False,943.0,0.0,29.75275469182862,29.75275469182862,14.84724530817138,1,0,3.020000000000003,,-14.84724530817138,0.0,,-943.0,943.0,0.0,0,0,0,0,0,0,0,0,0,0
617226,2026-05-01,Maharashtra,2954.53,2954.53,51.68,5.4,Maharashtra Metro Rail Corporation Limited [MMRCL],False,607.0,0.0,1.7491783803176817,1.7491783803176817,3.6508216196823184,0,0,0.2000000000000001,,-3.6508216196823184,0.0,,-607.0,607.0,0.0,0,0,0,0,0,0,0,0,0,0
617231,2026-05-01,Bihar,611.74,611.74,0.0,0.0,East Central Railway [ECR] - I,False,699.0,0.0,0.0,0.0,0.0,0,0,0.0,,0.0,0.0,,-699.0,699.0,0.0,0,0,0,0,1,0,0,0,0,0
617233,2026-05-01,Maharashtra,379.3,379.3,0.0,0.01,Western Coalfields Limited [WCL],False,485.0,366.0,0.0,0.0,0.01,0,0,0.0,-132.5036612021858,-0.01,0.0,1.325136612021858,-119.0,485.0,366.0,1,1,1,0,1,1,0,0,0,0
617239,2026-05-01,Bihar,4079.95,4079.95,9.31,0.0,East Central Railway [ECR] - I,False,181.0,365.0,0.2281890709444969,0.2281890709444969,-0.2281890709444969,0,0,0.0,-49.589041095890416,0.2281890709444969,0.0,0.4958904109589041,184.0,181.0,365.0,1,1,1,0,1,0,0,0,0,1
617242,2026-05-01,West Bengal,2115.44,2115.44,687.24,60.51,Steel Authority of India Limited [SAIL],False,638.0,31.0,32.48685852588587,32.48685852588587,28.023141474114126,0,0,2.960000000000001,-139.49,-28.023141474114126,0.0,2.0,-607.0,638.0,31.0,1,1,1,0,0,0,0,0,0,1
617243,2026-05-01,Chhattisgarh,198.62,198.62,108.84,80.47,Steel Authority of India Limited [SAIL],False,638.0,31.0,54.79810693787132,54.79810693787132,25.67189306212868,0,0,0.7399999999999949,-119.53,-25.67189306212868,0.0,2.0,-607.0,638.0,31.0,1,1,1,0,0,0,0,0,0,1
617245,2026-05-01,"Multi-States(Bihar, WestBengal)",942.64,942.64,656.16,66.0,Northeast Frontier Railway [NFR],False,1369.0,0.0,69.60875838071799,69.60875838071799,-3.608758380717987,0,1,1.0,,3.608758380717987,0.0,,-1369.0,1369.0,0.0,0,0,0,0,0,0,0,0,0,0
617246,2026-05-01,West Bengal,758.09,758.09,265.54,43.36,Steel Authority of India Limited [SAIL],False,577.0,30.0,35.027503330739094,35.027503330739094,8.332496669260905,0,1,5.240000000000002,-156.64,-8.332496669260905,0.0,2.0,-547.0,577.0,30.0,1,1,1,0,0,1,0,0,0,1
617248,2026-05-01,West Bengal,227.96,227.96,85.71,71.18,Steel Authority of India Limited [SAIL],False,516.0,30.0,37.5987015265836,37.5987015265836,33.5812984734164,0,1,4.810000000000002,-128.82,-33.5812984734164,0.0,2.0,-486.0,516.0,30.0,1,1,1,0,0,0,0,0,0,1
617250,2026-05-01,Jharkhand,207.13,207.13,70.84,42.79,Steel Authority of India Limited [SAIL],False,454.0,31.0,34.2007434944238,34.2007434944238,8.589256505576202,0,1,2.869999999999997,-157.21,-8.589256505576202,0.0,2.0,-423.0,454.0,31.0,1,1,1,0,0,1,0,0,0,0
617251,2026-05-01,West Bengal,196.4,196.4,59.77,32.48,Steel Authority of India Limited [SAIL],False,516.0,153.0,30.432790224032587,30.432790224032587,2.04720977596741,0,0,7.679999999999996,-167.52,-2.04720977596741,0.0,2.0,-363.0,516.0,153.0,1,1,1,0,0,1,0,0,0,1
617252,2026-05-01,Uttar Pradesh,958.27,958.27,635.41,23.9,Construction NER,False,912.0,31.0,66.30803427009089,66.30803427009089,-42.40803427009089,0,0,0.0999999999999978,-176.1,42.40803427009089,0.0,2.0,-881.0,912.0,31.0,1,1,1,0,0,1,1,1,1,0
617254,2026-05-01,Jharkhand,260.37,260.37,114.77,45.91,Steel Authority of India Limited [SAIL],False,760.0,31.0,44.07957906056765,44.07957906056765,1.8304209394323436,0,1,1.7399999999999949,-154.09,-1.830420939432344,0.0,2.0,-729.0,760.0,31.0,1,1,1,0,0,1,0,0,0,0
617255,2026-05-01,Chhattisgarh,471.83,471.83,257.18,69.07,Steel Authority of India Limited [SAIL],False,882.0,61.0,54.506919865205695,54.506919865205695,14.563080134794298,0,1,2.0,-130.93,-14.563080134794298,0.0,2.0,-821.0,882.0,61.0,1,1,1,0,0,0,0,0,0,0
617256,2026-05-01,Chhattisgarh,884.1,884.1,607.98,91.18,Steel Authority of India Limited [SAIL],False,851.0,61.0,68.76823888700373,68.76823888700373,22.411761112996274,0,1,1.190000000000012,-108.82,-22.411761112996277,0.0,2.0,-790.0,851.0,61.0,1,1,1,0,0,0,0,0,0,0
617257,2026-05-01,Jharkhand,627.31,627.31,342.26,64.09,Steel Authority of India Limited [SAIL],False,882.0,30.0,54.55994643796528,54.55994643796528,9.530053562034723,0,0,2.25,-135.91,-9.530053562034723,0.0,2.0,-852.0,882.0,30.0,1,1,1,0,0,0,0,0,0,1
617270,2026-05-01,"Multi-States(Bihar, WestBengal)",408.94,408.94,6.13,1.5,Power Grid Corporation of India Limited [POWERGRID],False,546.0,0.0,1.4989974079327042,1.4989974079327042,0.0010025920672958044,0,1,0.0,,-0.0010025920672958,0.0,,-546.0,546.0,0.0,0,0,0,0,1,0,0,0,0,0
617271,2026-05-01,"Multi-States(Bihar, Odisha,West Bengal)",342.69,342.69,119.94,29.73,Power Grid Corporation of India Limited [POWERGRID],False,607.0,0.0,34.99956228661472,34.99956228661472,-5.269562286614718,0,1,0.0,,5.269562286614718,0.0,,-607.0,607.0,0.0,0,0,0,0,1,0,0,0,0,1
617272,2026-05-01,Madhya Pradesh,370.0,370.0,114.7,45.55,Power Grid Corporation of India Limited [POWERGRID],False,699.0,0.0,31.0,31.0,14.549999999999997,0,0,10.519999999999996,,-14.549999999999995,0.0,,-699.0,699.0,0.0,0,0,0,0,0,0,0,0,0,0
617278,2026-05-01,Maharashtra,630.37,630.37,0.61,0.38,Western Coalfields Limited [WCL],False,454.0,245.0,0.09676856449386868,0.09676856449386868,0.28323143550613133,0,0,0.03,-184.9261224489796,-0.2832314355061313,0.0,1.853061224489796,-209.0,454.0,245.0,1,1,1,0,0,1,0,0,0,0
617279,2026-05-01,Madhya Pradesh,558.0,558.0,50.22,13.32,Power Grid Corporation of India Limited [POWERGRID],False,334.0,0.0,9.0,9.0,4.32,0,0,3.5700000000000003,,-4.32,0.0,,-334.0,334.0,0.0,0,0,0,0,0,0,0,0,0,1
617284,2026-05-01,Uttar Pradesh,1423.96,1423.96,151.57,18.5,North Central Railway,False,485.0,519.0,10.644259670215455,10.644259670215455,7.855740329784545,0,0,1.5,-74.94894026974951,-7.855740329784545,0.0,0.9344894026974953,34.0,485.0,519.0,1,1,1,0,0,0,0,0,0,0
617287,2026-05-01,Chhattisgarh,4516.88,4516.88,834.14,23.75,SECL - CIL,False,546.0,0.0,18.46717203025097,18.46717203025097,5.282827969749029,0,0,1.75,,-5.282827969749029,0.0,,-546.0,546.0,0.0,0,0,0,0,0,0,0,0,0,0
617288,2026-05-01,Chhattisgarh,382.61,382.61,135.58,21.29,South Eastern Coalfields Limited [SECL],False,485.0,0.0,35.435561015132905,35.435561015132905,-14.145561015132905,0,0,0.0,,14.145561015132904,0.0,,-485.0,485.0,0.0,0,0,0,0,1,0,1,0,0,0
617299,2026-05-01,Gujarat,383.84,383.84,329.59,52.0,NLC India Limited [NLCIL],False,851.0,549.0,85.86650687786577,85.86650687786577,-33.866506877865774,0,1,1.0,-103.00910746812386,33.866506877865774,0.0,1.5500910746812386,-302.0,851.0,549.0,1,1,1,0,0,0,1,1,1,1
617302,2026-05-01,West Bengal,1740.0,2493.15,2370.4,95.0,Ministry of Petroleum & Natural Gas,False,3348.0,0.0,95.07650963640376,95.07650963640376,-0.07650963640375608,1,1,0.2999999999999971,,0.076509636403756,0.0,,-3348.0,3348.0,0.0,0,0,0,0,0,0,0,0,0,0
617304,2026-05-01,Bihar,340.15,340.15,172.18,53.0,MinistryofPetroleumNaturalGas,False,943.0,0.0,50.61884462737029,50.61884462737029,2.3811553726297134,0,1,2.0,,-2.381155372629713,0.0,,-943.0,943.0,0.0,0,0,0,0,0,0,0,0,0,0
617326,2026-05-01,Jharkhand,1842.25,1842.25,1648.05,96.2,Power Grid Corporation of India Limited [POWERGRID],False,5203.0,0.0,89.4585425430859,89.4585425430859,6.741457456914105,0,1,0.2000000000000028,,-6.741457456914105,0.0,,-5203.0,5203.0,0.0,0,0,0,0,0,0,0,0,0,0
617327,2026-05-01,Maharashtra,12200.1,12200.1,83.69,8.74,Maharashtra Metro Rail Corporation Limited [MMRCL],False,607.0,0.0,0.6859779837870181,0.6859779837870181,8.054022016212983,0,0,0.4900000000000002,,-8.054022016212983,0.0,,-607.0,607.0,0.0,0,0,0,0,0,0,0,0,0,0
617333,2026-05-01,Uttar Pradesh,199.96,199.96,7.67,0.6,East Central Railway [ECR] - I,False,730.0,578.0,3.8357671534306856,3.8357671534306856,-3.2357671534306855,0,0,0.0999999999999999,-125.6975778546713,3.235767153430685,0.0,1.2629757785467128,-152.0,730.0,578.0,1,1,1,0,0,1,0,0,0,0
617345,2026-05-01,West Bengal,226.87,226.87,86.69,50.0,South Eastern Railway - JH,False,516.0,275.0,38.21131044210341,38.21131044210341,11.78868955789659,0,0,0.0,-137.63636363636363,-11.78868955789659,0.0,1.8763636363636365,-241.0,516.0,275.0,1,1,1,0,1,0,0,0,0,0
617361,2026-05-01,Maharashtra,362.81,362.81,0.48,0.0,CentralRailway,False,577.0,0.0,0.13230065323447535,0.13230065323447535,-0.13230065323447535,0,0,0.0,,0.1323006532344753,0.0,,-577.0,577.0,0.0,0,0,0,0,1,0,0,0,0,0
617364,2026-05-01,Maharashtra,338.33,205.0,29.33,24.0,CentralRailway,False,485.0,0.0,14.307317073170731,14.307317073170731,9.692682926829269,1,0,0.0,,-9.692682926829267,0.0,,-485.0,485.0,0.0,0,0,0,0,1,0,0,0,0,0
617370,2026-05-01,Uttar Pradesh,180.66,180.66,65.5,27.54,M/S SRC company Infra Private Limited,False,454.0,703.0,36.25595040407395,36.25595040407395,-8.71595040407395,0,0,17.04,-37.040369843527735,8.71595040407395,0.0,0.6458036984352774,249.0,454.0,703.0,1,1,1,0,0,0,0,0,0,0
617374,2026-05-01,Chhattisgarh,1516.45,1881.26,2143.72,98.0,Rail Vikas Nigam Limited,False,6025.0,123.0,113.95128796657559,100.0,-2.0,1,1,0.0,-102.0,15.951287966575592,0.0,2.0,-5902.0,6025.0,123.0,1,1,1,0,1,0,1,0,0,0
617375,2026-05-01,Arunachal Pradesh,209.38,209.38,3.14,1.5,Power Grid Corporation of India Limited [POWERGRID],False,273.0,0.0,1.4996656796255612,1.4996656796255612,0.00033432037443881235,0,0,0.0,,-0.0003343203744388,0.0,,-273.0,273.0,0.0,0,0,0,0,1,0,0,0,0,0
617379,2026-05-01,Delhi,446.21,446.21,556.36,80.0,Northern Railways,False,4809.0,1855.0,124.68568611192042,100.0,-20.0,0,1,0.0,-120.0,44.68568611192042,0.0,2.0,-2954.0,4809.0,1855.0,1,1,1,0,1,0,1,1,1,0
617390,2026-05-01,"Multi-States(Chhattisgarh,Odisha)",1281.81,1281.81,128.07,4.0,SECR,False,607.0,0.0,9.991340370257683,9.991340370257683,-5.991340370257683,0,0,0.0,,5.991340370257683,0.0,,-607.0,607.0,0.0,0,0,0,0,1,0,0,0,0,0
617391,2026-05-01,Gujarat,488.29,488.29,5.86,2.7,Power Grid Corporation of India Limited [POWERGRID],False,454.0,0.0,1.200106494091626,1.200106494091626,1.4998935059083742,0,1,1.2000000000000002,,-1.4998935059083742,0.0,,-454.0,454.0,0.0,0,0,0,0,0,0,0,0,0,0
617403,2026-05-01,Rajasthan,468.64,468.64,195.42,94.0,North Western Railway [NWR],False,851.0,0.0,41.69938545578696,41.69938545578696,52.30061454421304,0,0,4.0,,-52.30061454421304,0.0,,-851.0,851.0,0.0,0,0,0,0,0,0,0,0,0,0
617404,2026-05-01,Rajasthan,189.21,189.21,55.58,1.0,North Western Railway [NWR],False,395.0,0.0,29.374768775434703,29.374768775434703,-28.374768775434703,0,0,1.0,,28.374768775434703,0.0,,-395.0,395.0,0.0,0,0,0,0,0,0,1,1,0,0
617405,2026-05-01,Gujarat,4000.0,4000.0,553.0,19.0,Adani Transmission Limited,False,577.0,,13.825000000000001,13.825000000000001,5.174999999999999,0,0,1.0,,-5.174999999999999,0.0,,,577.0,,0,0,0,0,0,0,0,0,0,0
617406,2026-05-01,"Multi-States(Madhya Pradesh,Rajasthan)",2417.24,2417.24,7.35,8.0,North Western Railway [NWR],False,1096.0,2769.0,0.3040657940461022,0.3040657940461022,7.695934205953898,0,0,0.0,-31.581076200794516,-7.695934205953898,0.0,0.3958107620079451,1673.0,1096.0,2769.0,1,1,1,0,1,0,0,0,0,0
617408,2026-05-01,Rajasthan,166.33,166.33,112.55,15.0,North Western Railway [NWR],False,760.0,1858.0,67.66668670714844,67.66668670714844,-52.66668670714844,0,0,0.0,-25.90419806243272,52.66668670714844,0.0,0.4090419806243272,1098.0,760.0,1858.0,1,1,0,0,1,0,1,1,1,0
617409,2026-05-01,Telangana,521.36,521.36,492.08,90.0,RVNL - II,True,1185.0,2406.0,94.38391898112629,94.38391898112629,-4.3839189811262855,0,1,0.0,40.74812967581048,4.3839189811262855,0.0,0.4925187032418953,1221.0,1185.0,2406.0,0,0,0,0,1,0,0,0,0,0
617413,2026-05-01,"Multi-States(Andhra Pradesh,Bihar,Chhattisgarh,Jharkhand,Madhya Pradesh,Maharashtra,Odisha,Telangana, UttarPradesh, WestBengal)",1884.6,1884.6,376.8,98.28,Department of Telecommunications [DoT],False,730.0,761.0,19.99363260108246,19.99363260108246,78.28636739891755,0,1,0.2800000000000011,2.353587385019708,-78.28636739891755,0.0,0.9592641261498028,31.0,730.0,761.0,0,0,0,0,0,0,0,0,0,1
617416,2026-05-01,Jharkhand,5940.47,5940.47,274.27,28.0,Bharat Coking Coal Limited [BCCL],False,304.0,30.0,4.616974751156053,4.616974751156053,23.383025248843946,0,0,2.0,-172.0,-23.383025248843943,0.0,2.0,-274.0,304.0,30.0,1,1,1,0,0,1,0,0,0,0
617422,2026-05-01,Maharashtra,1923.81,1923.81,1949.56,49.5,Department of Water Resources-MH,False,3407.0,5359.0,101.33848976770055,100.0,-50.5,0,0,0.0,-14.075293898115312,51.83848976770055,0.0,0.6357529389811531,1952.0,3407.0,5359.0,1,0,0,0,1,0,1,1,1,0
617727,2026-05-01,Andhra Pradesh,2786.0,2786.0,260.49,10.27,NICDC,False,212.0,426.0,9.349964106245514,9.349964106245514,0.9200358937544859,0,0,4.13,-39.49525821596244,-0.920035893754486,0.0,0.4976525821596244,214.0,212.0,426.0,1,1,1,0,0,0,0,0,0,0
617729,2026-05-01,Andhra Pradesh,2136.0,2136.0,39.75,5.07,NICDC,False,212.0,426.0,1.8609550561797754,1.8609550561797754,3.209044943820225,0,0,2.0700000000000003,-44.69525821596244,-3.209044943820225,0.0,0.4976525821596244,214.0,212.0,426.0,1,1,1,0,0,0,0,0,0,0
617730,2026-05-01,Gujarat,3335.85,3335.85,2254.57,60.0,NLC India Limited [NLCIL],False,699.0,305.0,67.58607251525099,67.58607251525099,-7.58607251525099,0,0,20.0,-140.0,7.58607251525099,0.0,2.0,-394.0,699.0,305.0,1,1,1,0,0,0,0,0,0,1
617764,2026-05-01,Jharkhand,1354.2,1354.2,227.34,40.0,NLC India Limited [NLCIL],False,882.0,61.0,16.78777137793531,16.78777137793531,23.21222862206469,0,0,0.0,-160.0,-23.21222862206469,0.0,2.0,-821.0,882.0,61.0,1,1,1,0,1,1,0,0,0,0
617801,2026-05-01,Gujarat,581.74,581.74,11.63,2.0,Power Grid Corporation of India Limited [POWERGRID],False,426.0,0.0,1.9991748891257262,1.9991748891257262,0.0008251108742738378,0,1,0.5,,-0.0008251108742738,0.0,,-426.0,426.0,0.0,0,0,0,0,0,0,0,0,0,0
617802,2026-05-01,Madhya Pradesh,319.0,319.0,12.76,2.5,Power Grid Corporation of India Limited [POWERGRID],False,212.0,0.0,4.0,4.0,-1.5,0,0,0.0,,1.5,0.0,,-212.0,212.0,0.0,0,0,0,0,1,0,0,0,0,1
617803,2026-05-01,Karnataka,379.0,379.0,17.06,2.5,Power Grid Corporation of India Limited [POWERGRID],False,242.0,0.0,4.5013192612137205,4.5013192612137205,-2.0013192612137205,0,0,0.0,,2.0013192612137205,0.0,,-242.0,242.0,0.0,0,0,0,0,1,0,0,0,0,0
617804,2026-05-01,Karnataka,153.23,153.23,65.47,60.0,New Mangalore Port Authority,False,699.0,183.0,42.72662011355479,42.72662011355479,17.273379886445213,0,0,2.0,-140.0,-17.273379886445213,0.0,2.0,-516.0,699.0,183.0,1,1,1,0,0,0,0,0,0,0
617806,2026-05-01,"Multi-States(Andhra Pradesh,Karnataka)",4535.99,4535.99,1057.57,50.0,Sterlite Power,False,426.0,212.0,23.3150866734715,23.3150866734715,26.6849133265285,0,0,10.0,-150.0,-26.6849133265285,0.0,2.0,-214.0,426.0,212.0,1,1,1,0,0,0,0,0,0,0
617807,2026-05-01,"Multi-States(Bihar, UttarPradesh)",2368.0,2368.0,35.52,2.03,Power Grid Corporation of India Limited [POWERGRID],False,212.0,0.0,1.5000000000000002,1.5000000000000002,0.5299999999999996,0,0,0.0299999999999998,,-0.5299999999999996,0.0,,-212.0,212.0,0.0,0,0,0,0,0,0,0,0,0,1
617808,2026-05-01,"Multi-States(Karnataka,Maharashtra)",1007.0,1007.0,20.14,2.5,Power Grid Corporation of India Limited [POWERGRID],False,212.0,0.0,2.0,2.0,0.5,0,0,0.0,,-0.5,0.0,,-212.0,212.0,0.0,0,0,0,0,1,0,0,0,0,1
617818,2026-05-01,Odisha,514.91,514.91,21.98,5.9,Ministry of Petroleum & Natural Gas,False,1550.0,0.0,4.268707152706298,4.268707152706298,1.631292847293702,0,1,0.0,,-1.631292847293702,0.0,,-1550.0,1550.0,0.0,0,0,0,0,1,0,0,0,0,0
617819,2026-05-01,Chhattisgarh,557.04,557.04,8.76,2.2,Ministry of Petroleum & Natural Gas,False,1430.0,0.0,1.5725980180956487,1.5725980180956487,0.6274019819043515,0,1,0.0,,-0.6274019819043515,0.0,,-1430.0,1430.0,0.0,0,0,0,0,1,0,0,0,0,0
617822,2026-05-01,Telangana,215.0,215.0,45.93,25.3,MinistryofPetroleumNaturalGas,False,426.0,0.0,21.36279069767442,21.36279069767442,3.9372093023255808,0,1,0.6000000000000014,,-3.9372093023255808,0.0,,-426.0,426.0,0.0,0,0,0,0,0,0,0,0,0,0
617827,2026-05-01,"Multi-States(Assam, Bihar,West Bengal)",680.0,680.0,8.55,26.0,Ministry of Petroleum & Natural Gas,False,516.0,0.0,1.2573529411764708,1.2573529411764708,24.74264705882353,0,1,2.0,,-24.74264705882353,0.0,,-516.0,516.0,0.0,0,0,0,0,0,0,0,0,0,0
617828,2026-05-01,West Bengal,267.0,267.0,2.29,12.7,Indian Oil Corporation Limited [IOCL],False,607.0,0.0,0.8576779026217229,0.8576779026217229,11.842322097378275,0,1,1.5,,-11.842322097378275,0.0,,-607.0,607.0,0.0,0,0,0,0,0,0,0,0,0,0
617829,2026-05-01,Mizoram,225.71,225.71,30.4,32.5,Ministry of Petroleum & Natural Gas,True,669.0,0.0,13.468610163484115,13.468610163484115,19.031389836515885,0,1,0.5,,-19.031389836515885,0.0,,-669.0,669.0,0.0,0,0,0,0,0,0,0,0,0,0
617830,2026-05-01,Madhya Pradesh,1792.0,1792.0,488.0,68.2,Ministry of Petroleum & Natural Gas,False,730.0,0.0,27.232142857142854,27.232142857142854,40.96785714285715,0,1,3.0,,-40.96785714285715,0.0,,-730.0,730.0,0.0,0,0,0,0,0,0,0,0,0,0
617832,2026-05-01,Jharkhand,2887.11,2887.11,0.1,0.0,East Central Railway [ECR] - I,False,334.0,0.0,0.003463671283740488,0.003463671283740488,-0.003463671283740488,0,0,0.0,,0.0034636712837404,0.0,,-334.0,334.0,0.0,0,0,0,0,1,0,0,0,0,0
617836,2026-05-01,Assam,635.28,635.28,543.0,69.0,Ministry of Petroleum & Natural Gas,False,1247.0,0.0,85.47412164714771,85.47412164714771,-16.47412164714771,0,1,8.399999999999999,,16.47412164714771,0.0,,-1247.0,1247.0,0.0,0,0,0,0,0,0,1,0,0,0
617837,2026-05-01,West Bengal,484.0,484.0,311.17,88.0,Ministry of Petroleum & Natural Gas,False,1642.0,0.0,64.2913223140496,64.2913223140496,23.708677685950406,0,1,0.0999999999999943,,-23.70867768595041,0.0,,-1642.0,1642.0,0.0,0,0,0,0,0,0,0,0,0,0
617838,2026-05-01,Kerala,1130.0,1130.0,284.58,41.0,Ministry of Petroleum & Natural Gas,False,607.0,0.0,25.184070796460173,25.184070796460173,15.815929203539827,0,1,4.799999999999997,,-15.815929203539827,0.0,,-607.0,607.0,0.0,0,0,0,0,0,0,0,0,0,0
617839,2026-05-01,Gujarat,356.86,304.4,161.02,67.0,Ministry of Petroleum & Natural Gas,False,1096.0,0.0,52.897503285151124,52.897503285151124,14.102496714848876,1,1,1.0,,-14.102496714848876,0.0,,-1096.0,1096.0,0.0,0,0,0,0,0,0,0,0,0,0
617877,2026-05-01,Chhattisgarh,1188.97,1188.97,0.0,0.0,"Indian Institute of Technology, Bhilai",False,120.0,245.0,0.0,0.0,0.0,0,0,0.0,-48.97959183673469,0.0,0.0,0.4897959183673469,125.0,120.0,245.0,1,1,1,0,1,0,0,0,0,0
617878,2026-05-01,Kerala,1527.0,1527.0,9.8,0.0,INDIAN INSTITUTE OF TECHNOLOGY PALAKKAD,False,120.0,245.0,0.641781270464964,0.641781270464964,-0.641781270464964,0,0,0.0,-48.97959183673469,0.641781270464964,0.0,0.4897959183673469,125.0,120.0,245.0,1,1,1,0,1,0,0,0,0,0
617880,2026-05-01,Gujarat,2526.47,2526.47,0.0,0.0,Western Railway [WR] - II,False,242.0,0.0,0.0,0.0,0.0,0,0,0.0,,0.0,0.0,,-242.0,242.0,0.0,0,0,0,0,1,0,0,0,0,0
617882,2026-05-01,Delhi,358.19,358.19,53.73,20.0,PMSSY AND Institute of NATIONAL Importance,False,242.0,0.0,15.000418772160026,15.000418772160026,4.999581227839974,0,0,20.0,,-4.999581227839974,0.0,,-242.0,242.0,0.0,0,0,0,0,0,0,0,0,0,0
617883,2026-05-01,Delhi,4441.0,4441.0,44.44,57.0,PMSSY AND Institute of NATIONAL Importance,False,1430.0,2069.0,1.0006755235307363,1.0006755235307363,55.99932447646926,0,0,-4.0,-12.11551474142098,-55.99932447646926,0.0,0.6911551474142098,639.0,1430.0,2069.0,1,0,0,1,0,0,0,0,0,0
617885,2026-05-01,Meghalaya,302.88,302.88,182.58,99.1,MoRTH,False,1550.0,549.0,60.28129952456419,60.28129952456419,38.818700475435804,0,1,0.0,-100.9,-38.81870047543581,0.0,2.0,-1001.0,1550.0,549.0,1,1,1,0,1,0,0,0,0,1
617886,2026-05-01,Nagaland,252.2,252.2,0.0,44.46,MoRTH,False,699.0,1461.0,0.0,0.0,44.46,0,1,0.0,-3.3839425051334686,-44.46,0.0,0.4784394250513347,762.0,699.0,1461.0,0,0,0,0,1,0,0,0,0,1
617887,2026-05-01,Rajasthan,379.23,379.23,179.11,99.0,MoRTH,False,1673.0,304.0,47.229913245260136,47.229913245260136,51.770086754739864,0,1,0.0,-101.0,-51.77008675473986,0.0,2.0,-1369.0,1673.0,304.0,1,1,1,0,1,0,0,0,0,1
617888,2026-05-01,Uttarakhand,192.54,192.54,0.0,99.0,MoRTH,False,820.0,396.0,0.0,0.0,99.0,0,1,0.0,-101.0,-99.0,0.0,2.0,-424.0,820.0,396.0,1,1,1,0,1,0,0,0,0,1
617889,2026-05-01,Uttarakhand,192.22,192.22,0.0,98.5,MoRTH,False,1065.0,212.0,0.0,0.0,98.5,0,1,1.5,-101.5,-98.5,0.0,2.0,-853.0,1065.0,212.0,1,1,1,0,0,0,0,0,0,1
617890,2026-05-01,Uttarakhand,220.89,220.89,0.0,8.0,MoRTH,False,120.0,334.0,0.0,0.0,8.0,0,0,3.0,-27.92814371257485,-8.0,0.0,0.3592814371257485,214.0,120.0,334.0,1,1,0,0,0,0,0,0,0,0
617892,2026-05-01,Arunachal Pradesh,450.65,450.65,308.61,96.61,MoRTH,False,2007.0,611.0,68.48108288028403,68.48108288028403,28.128917119715965,0,1,0.0,-103.39,-28.128917119715965,0.0,2.0,-1396.0,2007.0,611.0,1,1,1,0,1,0,0,0,0,1
617893,2026-05-01,West Bengal,304.83,304.83,0.0,0.0,MoRTH,False,181.0,731.0,0.0,0.0,0.0,0,1,0.0,-24.76060191518468,0.0,0.0,0.2476060191518468,550.0,181.0,731.0,1,1,0,0,1,0,0,0,0,0
617894,2026-05-01,West Bengal,410.83,410.83,169.08,66.82,MoRTH,False,791.0,366.0,41.155709174110946,41.155709174110946,25.664290825889047,0,1,1.7099999999999935,-133.18,-25.664290825889047,0.0,2.0,-425.0,791.0,366.0,1,1,1,0,0,0,0,0,0,1
617895,2026-05-01,Assam,535.03,535.03,181.49,75.65,MoRTH,False,1126.0,396.0,33.92146234790573,33.92146234790573,41.728537652094275,0,1,4.940000000000012,-124.35,-41.72853765209428,0.0,2.0,-730.0,1126.0,396.0,1,1,1,0,0,0,0,0,0,1
617896,2026-05-01,Assam,421.15,421.15,0.0,18.3,MoRTH,False,395.0,396.0,0.0,0.0,18.3,0,1,0.4000000000000021,-81.44747474747476,-18.3,0.0,0.9974747474747476,1.0,395.0,396.0,1,1,1,0,0,0,0,0,0,0
617897,2026-05-01,Bihar,295.24,295.24,33.07,83.48,MoRTH,False,1035.0,487.0,11.201056767375695,11.201056767375695,72.27894323262431,0,1,1.7800000000000011,-116.52,-72.27894323262431,0.0,2.0,-548.0,1035.0,487.0,1,1,1,0,0,0,0,0,0,1
617898,2026-05-01,Odisha,199.5,199.5,0.1,0.0,MoRTH,False,395.0,762.0,0.05012531328320802,0.05012531328320802,-0.05012531328320802,0,1,0.0,-51.83727034120735,0.050125313283208,0.0,0.5183727034120735,367.0,395.0,762.0,1,1,1,0,1,0,0,0,0,0
617899,2026-05-01,Odisha,636.1,636.1,292.86,56.11,MoRTH,False,820.0,702.0,46.039930828486085,46.039930828486085,10.070069171513914,0,1,0.0,-60.6991168091168,-10.070069171513914,0.0,1.168091168091168,-118.0,820.0,702.0,1,1,1,0,1,0,0,0,0,0
617901,2026-05-01,Rajasthan,194.88,194.88,48.47,98.58,MoRTH,False,1247.0,334.0,24.871715927750408,24.871715927750408,73.7082840722496,0,1,0.0,-101.42,-73.7082840722496,0.0,2.0,-913.0,1247.0,334.0,1,1,1,0,1,0,0,0,0,1
617902,2026-05-01,Odisha,168.95,168.95,7.96,35.0,MoRTH,False,516.0,641.0,4.711453092630957,4.711453092630957,30.288546907369042,0,1,14.0,-45.49921996879876,-30.28854690736904,0.0,0.8049921996879875,125.0,516.0,641.0,1,1,1,0,0,0,0,0,0,1
617904,2026-05-01,Odisha,238.78,238.78,6.09,55.0,MoRTH,False,1126.0,424.0,2.550464863053857,2.550464863053857,52.449535136946146,0,1,0.0,-145.0,-52.44953513694615,0.0,2.0,-702.0,1126.0,424.0,1,1,1,0,1,0,0,0,0,0
617905,2026-05-01,Odisha,324.09,324.09,84.57,70.09,MoRTH,False,1096.0,516.0,26.09460335092104,26.09460335092104,43.99539664907896,0,1,0.0,-129.91,-43.99539664907896,0.0,2.0,-580.0,1096.0,516.0,1,1,1,0,1,0,0,0,0,1
617906,2026-05-01,Gujarat,246.6,291.19,0.0,35.0,MoRTH,False,485.0,823.0,0.0,0.0,35.0,1,1,0.0,-23.930741190765488,-35.0,0.0,0.5893074119076549,338.0,485.0,823.0,1,1,0,0,1,0,0,0,0,0
617908,2026-05-01,Chhattisgarh,161.96,161.96,0.0,37.0,MoRTH,False,395.0,456.0,0.0,0.0,37.0,0,1,5.0,-49.62280701754386,-37.0,0.0,0.8662280701754386,61.0,395.0,456.0,1,1,1,0,0,0,0,0,0,0
617909,2026-05-01,Madhya Pradesh,648.05,648.05,0.0,50.0,MoRTH,False,454.0,337.0,0.0,0.0,50.0,0,1,0.0,-84.71810089020772,-50.0,0.0,1.3471810089020773,-117.0,454.0,337.0,1,1,1,0,1,0,0,0,0,0
617911,2026-05-01,Madhya Pradesh,511.83,613.16,0.0,94.5,MoRTH,False,3926.0,153.0,0.0,0.0,94.5,1,1,0.0,-105.5,-94.5,0.0,2.0,-3773.0,3926.0,153.0,1,1,1,0,1,0,0,0,0,1
617912,2026-05-01,Maharashtra,619.55,619.55,0.0,8.24,MoRTH,False,212.0,579.0,0.0,0.0,8.24,0,1,2.1900000000000004,-28.37485319516407,-8.24,0.0,0.3661485319516407,367.0,212.0,579.0,1,1,0,0,0,0,0,0,0,0
617913,2026-05-01,Telangana,283.15,300.7,480.38,92.62,MoRTH,False,2922.0,120.0,159.7539075490522,100.0,-7.3799999999999955,1,1,0.0,-107.38,67.1339075490522,0.0,2.0,-2802.0,2922.0,120.0,1,1,1,0,1,0,1,1,1,0
617914,2026-05-01,Madhya Pradesh,241.23,250.09,0.0,29.09,MoRTH,False,851.0,671.0,0.0,0.0,29.09,1,1,0.0,-97.73563338301042,-29.09,0.0,1.2682563338301045,-180.0,851.0,671.0,1,1,1,0,1,1,0,0,0,0
617915,2026-05-01,Madhya Pradesh,329.14,319.09,0.0,93.68,MoRTH,False,973.0,608.0,0.0,0.0,93.68,1,1,0.0,-66.3528947368421,-93.68,0.0,1.600328947368421,-365.0,973.0,608.0,1,1,1,0,1,0,0,0,0,1
617916,2026-05-01,Gujarat,1295.39,1295.39,0.0,28.0,MoRTH,False,273.0,518.0,0.0,0.0,28.0,0,1,2.0,-24.70270270270269,-28.0,0.0,0.527027027027027,245.0,273.0,518.0,1,1,0,0,0,0,0,0,0,0
617919,2026-05-01,Chhattisgarh,349.03,349.03,0.0,97.9,MoRTH,False,2677.0,306.0,0.0,0.0,97.9,0,1,0.0,-102.1,-97.9,0.0,2.0,-2371.0,2677.0,306.0,1,1,1,0,1,0,0,0,0,0
617920,2026-05-01,Odisha,511.54,511.54,0.0,3.0,MoRTH,False,334.0,1247.0,0.0,0.0,3.0,0,1,0.0,-23.78428227746592,-3.0,0.0,0.2678428227746592,913.0,334.0,1247.0,1,1,0,0,1,0,0,0,0,0
617921,2026-05-01,Odisha,499.79,499.79,129.74,60.65,MoRTH,False,1065.0,457.0,25.958902739150442,25.958902739150442,34.69109726084956,0,1,0.0,-139.35,-34.69109726084956,0.0,2.0,-608.0,1065.0,457.0,1,1,1,0,1,0,0,0,0,0
617922,2026-05-01,Odisha,587.1,587.1,52.48,23.0,MoRTH,False,485.0,1218.0,8.938851984329755,8.938851984329755,14.061148015670245,0,1,2.0,-16.81937602627258,-14.061148015670245,0.0,0.3981937602627258,733.0,485.0,1218.0,1,0,0,0,0,0,0,0,0,0
617923,2026-05-01,Odisha,155.97,155.97,44.71,25.0,MoRTH,False,365.0,820.0,28.665769058152208,28.665769058152208,-3.6657690581522075,0,1,5.0,-19.512195121951223,3.665769058152208,0.0,0.4451219512195122,455.0,365.0,820.0,1,0,0,0,0,0,0,0,0,1
617925,2026-05-01,Odisha,157.49,157.49,33.61,82.0,MoRTH,False,1096.0,454.0,21.34103752619214,21.34103752619214,60.65896247380786,0,1,0.0,-118.0,-60.65896247380786,0.0,2.0,-642.0,1096.0,454.0,1,1,1,0,1,0,0,0,0,1
617926,2026-05-01,Gujarat,398.4,398.4,0.0,33.0,MoRTH,False,273.0,518.0,0.0,0.0,33.0,0,1,0.0,-19.70270270270269,-33.0,0.0,0.527027027027027,245.0,273.0,518.0,1,0,0,0,1,0,0,0,0,0
617927,2026-05-01,Gujarat,699.19,699.19,0.0,24.0,MoRTH,False,242.0,549.0,0.0,0.0,24.0,0,1,0.0,-20.080145719489984,-24.0,0.0,0.4408014571948998,307.0,242.0,549.0,1,1,0,0,1,0,0,0,0,0
617928,2026-05-01,Gujarat,151.13,171.27,0.0,98.0,MoRTH,False,791.0,731.0,0.0,0.0,98.0,1,1,0.0,-10.207934336525312,-98.0,0.0,1.0820793433652531,-60.0,791.0,731.0,1,0,0,0,1,0,0,0,0,1
617929,2026-05-01,Uttarakhand,247.41,247.41,110.98,73.5,MoRTH,False,2922.0,89.0,44.8567155733398,44.8567155733398,28.643284426660202,0,1,0.0,-126.5,-28.6432844266602,0.0,2.0,-2833.0,2922.0,89.0,1,1,1,0,1,0,0,0,0,1
617930,2026-05-01,Odisha,196.94,196.94,51.17,75.0,MoRTH,False,1522.0,365.0,25.982532751091703,25.982532751091703,49.0174672489083,0,1,0.0,-125.0,-49.0174672489083,0.0,2.0,-1157.0,1522.0,365.0,1,1,1,0,1,0,0,0,0,1
617931,2026-05-01,West Bengal,155.87,138.57,0.0,16.35,MoRTH,False,1004.0,2709.0,0.0,0.0,16.35,1,1,0.6500000000000021,-20.711646363971944,-16.35,0.0,0.3706164636397194,1705.0,1004.0,2709.0,1,1,0,0,0,0,0,0,0,0
617932,2026-05-01,Maharashtra,496.64,496.64,0.0,70.14,MoRTH,False,1035.0,487.0,0.0,0.0,70.14,0,1,0.0,-129.86,-70.14,0.0,2.0,-548.0,1035.0,487.0,1,1,1,0,1,0,0,0,0,1
617934,2026-05-01,Maharashtra,406.54,406.54,0.0,95.84,MoRTH,False,3164.0,62.0,0.0,0.0,95.84,0,1,0.0,-104.16,-95.84,0.0,2.0,-3102.0,3164.0,62.0,1,1,1,0,1,0,0,0,0,1
617935,2026-05-01,Karnataka,298.0,349.49,175.06,65.0,MoRTH,False,1795.0,304.0,50.09013133422988,50.09013133422988,14.90986866577012,1,1,13.0,-135.0,-14.90986866577012,0.0,2.0,-1491.0,1795.0,304.0,1,1,1,0,0,0,0,0,0,1
617936,2026-05-01,Telangana,253.99,183.26,0.0,100.0,MoRTH,False,3348.0,151.0,0.0,0.0,100.0,1,0,0.0,-100.0,-100.0,0.0,2.0,-3197.0,3348.0,151.0,1,1,1,0,1,0,0,0,0,0
617937,2026-05-01,Maharashtra,809.77,809.77,0.0,0.0,MoRTH,False,30.0,516.0,0.0,0.0,0.0,0,0,0.0,-5.813953488372093,0.0,0.0,0.0581395348837209,486.0,30.0,516.0,0,0,0,0,1,0,0,0,0,0
617938,2026-05-01,Maharashtra,574.18,574.18,0.07,10.0,MoRTH,False,242.0,274.0,0.012191298895816645,0.012191298895816645,9.987808701104184,0,1,0.0,-78.32116788321169,-9.987808701104184,0.0,0.8832116788321168,32.0,242.0,274.0,1,1,1,0,1,0,0,0,0,0
617939,2026-05-01,Telangana,1297.75,1297.75,0.0,37.5,MoRTH,False,669.0,488.0,0.0,0.0,37.5,0,1,0.0,-99.59016393442624,-37.5,0.0,1.3709016393442623,-181.0,669.0,488.0,1,1,1,0,1,1,0,0,0,1
617940,2026-05-01,Telangana,545.11,545.11,275.13,81.79,MoRTH,False,1400.0,487.0,50.472381721120506,50.472381721120506,31.3176182788795,0,1,1.2000000000000028,-118.21,-31.3176182788795,0.0,2.0,-913.0,1400.0,487.0,1,1,1,0,0,0,0,0,0,1
617941,2026-05-01,Goa,398.25,398.25,0.0,0.5,MoRTH,False,89.0,580.0,0.0,0.0,0.5,0,1,0.5,-14.844827586206897,-0.5,0.0,0.1534482758620689,491.0,89.0,580.0,1,0,0,0,0,0,0,0,0,0
617942,2026-05-01,Goa,641.46,641.46,0.0,96.75,MoRTH,False,760.0,366.0,0.0,0.0,96.75,0,1,6.159999999999997,-103.25,-96.75,0.0,2.0,-394.0,760.0,366.0,1,1,1,0,0,0,0,0,0,0
617943,2026-05-01,Goa,746.75,746.75,0.0,0.0,MoRTH,False,30.0,486.0,0.0,0.0,0.0,0,0,,-6.172839506172839,0.0,,0.0617283950617283,456.0,30.0,486.0,0,0,0,0,0,0,0,0,0,0
617945,2026-05-01,Maharashtra,354.21,354.21,0.0,58.14,MoRTH,False,212.0,214.0,0.0,0.0,58.14,0,1,6.049999999999997,-40.92542056074767,-58.14,0.0,0.9906542056074766,2.0,212.0,214.0,1,1,1,0,0,0,0,0,0,0
617946,2026-05-01,Maharashtra,1142.62,1142.62,0.0,97.5,MoRTH,False,3011.0,702.0,0.0,0.0,97.5,0,1,0.0,-102.5,-97.5,0.0,2.0,-2309.0,3011.0,702.0,1,1,1,0,1,0,0,0,0,0
617947,2026-05-01,Maharashtra,1006.99,1443.09,0.0,80.06,MoRTH,False,3103.0,610.0,0.0,0.0,80.06,1,1,0.0,-119.94,-80.06,0.0,2.0,-2493.0,3103.0,610.0,1,1,1,0,1,0,0,0,0,0
617948,2026-05-01,Maharashtra,1117.75,2020.56,287.96,90.14,MoRTH,False,3103.0,610.0,14.25149463515065,14.25149463515065,75.88850536484935,1,1,0.0,-109.86,-75.88850536484935,0.0,2.0,-2493.0,3103.0,610.0,1,1,1,0,1,0,0,0,0,1
617949,2026-05-01,Andhra Pradesh,159.66,159.66,59.26,100.0,MoRTH,False,791.0,366.0,37.11637229111863,37.11637229111863,62.88362770888137,0,1,0.0,-100.0,-62.88362770888137,0.0,2.0,-425.0,791.0,366.0,1,1,1,0,1,0,0,0,0,1
617950,2026-05-01,Karnataka,204.42,204.42,0.0,0.0,MoRTH,False,304.0,973.0,0.0,0.0,0.0,0,1,0.0,-31.24357656731757,0.0,0.0,0.3124357656731757,669.0,304.0,973.0,1,1,1,0,1,0,0,0,0,0
617951,2026-05-01,Karnataka,314.55,314.55,0.0,0.0,MoRTH,False,120.0,1037.0,0.0,0.0,0.0,0,1,0.0,-11.571841851494696,0.0,0.0,0.1157184185149469,917.0,120.0,1037.0,1,0,0,0,1,0,0,0,0,0
617955,2026-05-01,Karnataka,718.52,718.52,308.84,83.0,MoRTH,False,1157.0,365.0,42.98279797361243,42.98279797361243,40.01720202638757,0,1,1.0,-117.0,-40.01720202638757,0.0,2.0,-792.0,1157.0,365.0,1,1,1,0,0,0,0,0,0,0
617958,2026-05-01,Bihar,566.1,566.1,253.68,95.01,MoRTH,False,1277.0,610.0,44.81187069422363,44.81187069422363,50.198129305776376,0,1,0.0100000000000051,-104.99,-50.198129305776376,0.0,2.0,-667.0,1277.0,610.0,1,1,1,0,0,0,0,0,0,1
617960,2026-05-01,West Bengal,271.17,291.2,209.23,84.78,MoRTH,False,3468.0,92.0,71.85096153846153,71.85096153846153,12.929038461538468,1,1,0.1800000000000068,-115.22,-12.929038461538468,0.0,2.0,-3376.0,3468.0,92.0,1,1,1,0,0,0,0,0,0,1
617961,2026-05-01,Bihar,1408.85,2138.16,0.0,97.0,MoRTH,False,3468.0,1035.0,0.0,0.0,97.0,1,1,0.0,-103.0,-97.0,0.0,2.0,-2433.0,3468.0,1035.0,1,1,1,0,1,0,0,0,0,1
617962,2026-05-01,Tamil Nadu,238.97,260.07,119.33,94.0,MoRTH,False,607.0,915.0,45.883800515245895,45.883800515245895,48.116199484754105,1,1,1.0,27.661202185792348,-48.116199484754105,0.0,0.6633879781420765,308.0,607.0,915.0,0,0,0,0,0,0,0,0,0,1
617963,2026-05-01,Uttar Pradesh,296.02,351.78,0.0,33.0,MoRTH,False,485.0,1096.0,0.0,0.0,33.0,1,1,-2.0,-11.251824817518248,-33.0,0.0,0.4425182481751825,611.0,485.0,1096.0,1,0,0,1,0,0,0,0,0,0
617964,2026-05-01,Uttar Pradesh,309.63,309.63,37.26,26.0,MoRTH,False,546.0,701.0,12.033717663017148,12.033717663017148,13.966282336982852,0,1,1.0,-51.88873038516405,-13.966282336982852,0.0,0.7788873038516405,155.0,546.0,701.0,1,1,1,0,0,0,0,0,0,0
617965,2026-05-01,Maharashtra,195.38,195.38,0.0,80.0,MoRTH,False,1216.0,214.0,0.0,0.0,80.0,0,1,0.0,-120.0,-80.0,0.0,2.0,-1002.0,1216.0,214.0,1,1,1,0,1,0,0,0,0,1
617966,2026-05-01,Bihar,780.77,961.33,0.04,99.74,MoRTH,False,3499.0,1004.0,0.004160902083571718,0.004160902083571718,99.73583909791643,1,1,0.0,-100.26,-99.73583909791644,0.0,2.0,-2495.0,3499.0,1004.0,1,1,1,0,1,0,0,0,0,0
617967,2026-05-01,Uttarakhand,251.88,251.88,0.0,99.0,MoRTH,False,1216.0,699.0,0.0,0.0,99.0,0,1,0.0,-74.96280400572246,-99.0,0.0,1.7396280400572246,-517.0,1216.0,699.0,1,1,1,0,1,0,0,0,0,1
617968,2026-05-01,Uttarakhand,418.89,418.89,422.72,95.0,MoRTH,False,3011.0,337.0,100.91432118217195,100.0,-5.0,0,1,0.0,-105.0,5.914321182171946,0.0,2.0,-2674.0,3011.0,337.0,1,1,1,0,1,0,0,0,0,0
617969,2026-05-01,Bihar,201.08,201.08,0.01,60.0,MoRTH,False,669.0,488.0,0.004973145016908692,0.004973145016908692,59.99502685498309,0,1,2.0,-77.09016393442624,-59.99502685498309,0.0,1.3709016393442623,-181.0,669.0,488.0,1,1,1,0,0,0,0,0,0,1
617971,2026-05-01,Chhattisgarh,322.4,322.4,1.1,66.0,MoRTH,False,426.0,821.0,0.34119106699751867,0.34119106699751867,65.65880893300248,0,1,4.0,14.112058465286232,-65.65880893300248,0.0,0.5188794153471377,395.0,426.0,821.0,0,0,0,0,0,0,0,0,0,0
617972,2026-05-01,Chhattisgarh,200.67,200.67,14.99,0.0,MoRTH,False,516.0,731.0,7.469975581800966,7.469975581800966,-7.469975581800966,0,0,0.0,-70.58823529411765,7.469975581800966,0.0,0.7058823529411765,215.0,516.0,731.0,1,1,1,0,1,0,0,0,0,0
617974,2026-05-01,Uttarakhand,344.73,344.73,0.0,23.38,MoRTH,False,212.0,153.0,0.0,0.0,23.38,0,0,5.599999999999998,-115.18209150326796,-23.38,0.0,1.3856209150326797,-59.0,212.0,153.0,1,1,1,0,0,1,0,0,0,0
617976,2026-05-01,Gujarat,530.2,530.2,58.29,90.0,MoRTH,False,699.0,458.0,10.993964541682383,10.993964541682383,79.00603545831761,0,1,10.0,-62.62008733624455,-79.00603545831761,0.0,1.5262008733624457,-241.0,699.0,458.0,1,1,1,0,0,0,0,0,0,1
617978,2026-05-01,Maharashtra,631.76,631.76,187.58,78.2,MoRTH,False,365.0,426.0,29.69165505888312,29.69165505888312,48.50834494111688,0,1,3.6599999999999966,-7.480751173708924,-48.50834494111688,0.0,0.8568075117370892,61.0,365.0,426.0,0,0,0,0,0,0,0,0,0,0
617979,2026-05-01,Maharashtra,533.76,533.76,0.0,65.57,MoRTH,True,365.0,426.0,0.0,0.0,65.57,0,1,-3.3800000000000097,-20.11075117370893,-65.57,0.0,0.8568075117370892,61.0,365.0,426.0,1,1,0,1,0,0,0,0,0,0
617980,2026-05-01,Telangana,626.76,626.76,16.13,52.32,MoRTH,False,2861.0,122.0,2.5735528751037076,2.5735528751037076,49.74644712489629,0,1,0.6199999999999974,-147.68,-49.74644712489629,0.0,2.0,-2739.0,2861.0,122.0,1,1,1,0,0,0,0,0,0,0
617983,2026-05-01,Telangana,317.19,300.56,175.28,88.0,MoRTH,False,1400.0,487.0,58.31780676071333,58.31780676071333,29.68219323928667,1,1,1.0,-112.0,-29.68219323928667,0.0,2.0,-913.0,1400.0,487.0,1,1,1,0,0,0,0,0,0,1
617984,2026-05-01,Andhra Pradesh,317.22,317.22,0.0,73.46,MoRTH,False,1096.0,426.0,0.0,0.0,73.46,0,1,0.0,-126.54,-73.46,0.0,2.0,-670.0,1096.0,426.0,1,1,1,0,1,0,0,0,0,1
617985,2026-05-01,Andhra Pradesh,529.54,588.65,0.0,69.62,MoRTH,False,1642.0,610.0,0.0,0.0,69.62,1,1,0.0,-130.38,-69.62,0.0,2.0,-1032.0,1642.0,610.0,1,1,1,0,1,0,0,0,0,0
617986,2026-05-01,Andhra Pradesh,292.63,292.63,0.0,90.97,MoRTH,False,516.0,641.0,0.0,0.0,90.97,0,1,8.400000000000006,10.470780031201244,-90.97,0.0,0.8049921996879875,125.0,516.0,641.0,0,0,0,0,0,0,0,0,0,0
617987,2026-05-01,Andhra Pradesh,691.81,691.81,0.0,42.28,MoRTH,False,242.0,335.0,0.0,0.0,42.28,0,1,1.7899999999999991,-29.958805970149257,-42.28,0.0,0.7223880597014926,93.0,242.0,335.0,1,1,0,0,0,0,0,0,0,0
617988,2026-05-01,Andhra Pradesh,776.17,644.14,0.0,23.38,MoRTH,False,304.0,273.0,0.0,0.0,23.38,1,1,2.4399999999999977,-87.97531135531136,-23.38,0.0,1.1135531135531136,-31.0,304.0,273.0,1,1,1,0,0,1,0,0,0,0
617989,2026-05-01,Karnataka,157.32,187.61,103.33,69.0,MoRTH,False,2557.0,61.0,55.077021480731304,55.077021480731304,13.922978519268696,1,1,1.0,-131.0,-13.922978519268696,0.0,2.0,-2496.0,2557.0,61.0,1,1,1,0,0,0,0,0,0,0
617991,2026-05-01,Andhra Pradesh,290.15,290.15,140.23,91.9,MoRTH,False,3287.0,181.0,48.330174047906254,48.330174047906254,43.56982595209375,0,1,0.0,-108.1,-43.56982595209375,0.0,2.0,-3106.0,3287.0,181.0,1,1,1,0,1,0,0,0,0,1
617994,2026-05-01,Telangana,294.13,257.61,239.25,88.22,MoRTH,False,2891.0,120.0,92.87294747874694,92.87294747874694,-4.652947478746938,1,1,0.0,-111.78,4.652947478746938,0.0,2.0,-2771.0,2891.0,120.0,1,1,1,0,1,0,0,0,0,1
617995,2026-05-01,Telangana,300.0,300.0,175.1,99.2,MoRTH,False,3287.0,120.0,58.36666666666667,58.36666666666667,40.833333333333336,0,1,0.0,-100.8,-40.833333333333336,0.0,2.0,-3167.0,3287.0,120.0,1,1,1,0,1,0,0,0,0,1
617997,2026-05-01,Karnataka,538.71,538.71,0.28,6.0,MoRTH,False,89.0,1068.0,0.05197601678082828,0.05197601678082828,5.948023983219172,0,1,,-2.333333333333332,-5.948023983219172,,0.0833333333333333,979.0,89.0,1068.0,0,0,0,0,0,0,0,0,0,1
617998,2026-05-01,Karnataka,177.94,177.94,111.41,83.0,MoRTH,False,1185.0,337.0,62.610992469371695,62.610992469371695,20.389007530628305,0,1,8.0,-117.0,-20.389007530628305,0.0,2.0,-848.0,1185.0,337.0,1,1,1,0,0,0,0,0,0,1
617999,2026-05-01,Karnataka,471.62,471.62,80.08,64.33,MoRTH,False,607.0,550.0,16.979771850218395,16.979771850218395,47.3502281497816,0,1,0.0,-46.03363636363635,-47.3502281497816,0.0,1.1036363636363635,-57.0,607.0,550.0,1,1,1,0,1,0,0,0,0,1
618000,2026-05-01,Karnataka,170.34,147.39,106.88,92.65,MoRTH,False,1369.0,153.0,72.51509600379946,72.51509600379946,20.13490399620055,1,1,0.0,-107.35,-20.13490399620055,0.0,2.0,-1216.0,1369.0,153.0,1,1,1,0,1,0,0,0,0,1
618001,2026-05-01,Telangana,216.53,265.88,156.4,92.1,MoRTH,False,1795.0,1127.0,58.82352941176471,58.82352941176471,33.276470588235284,1,1,0.0,-67.17240461401954,-33.276470588235284,0.0,1.5927240461401952,-668.0,1795.0,1127.0,1,1,1,0,1,0,0,0,0,1
618003,2026-05-01,Odisha,154.49,154.49,22.32,72.0,MoRTH,False,1065.0,577.0,14.447537057414719,14.447537057414719,57.55246294258528,0,1,0.0,-112.57538994800694,-57.55246294258528,0.0,1.8457538994800693,-488.0,1065.0,577.0,1,1,1,0,1,0,0,0,0,1
618004,2026-05-01,Bihar,179.86,179.86,0.0,0.05,MoRTH,False,485.0,1065.0,0.0,0.0,0.05,0,1,0.0,-45.48990610328639,-0.05,0.0,0.4553990610328638,580.0,485.0,1065.0,1,1,1,0,1,0,0,0,0,1
618005,2026-05-01,Bihar,178.85,278.53,0.0,98.65,MoRTH,False,3652.0,90.0,0.0,0.0,98.65,1,1,0.0,-101.35,-98.65,0.0,2.0,-3562.0,3652.0,90.0,1,1,1,0,1,0,0,0,0,1
618009,2026-05-01,Uttar Pradesh,319.96,347.8,0.0,95.0,MoRTH,False,2038.0,305.0,0.0,0.0,95.0,1,1,0.0,-105.0,-95.0,0.0,2.0,-1733.0,2038.0,305.0,1,1,1,0,1,0,0,0,0,1
618010,2026-05-01,Punjab,546.67,546.67,0.0,45.0,MoRTH,False,365.0,792.0,0.0,0.0,45.0,0,1,0.0,-1.0858585858585883,-45.0,0.0,0.4608585858585858,427.0,365.0,792.0,0,0,0,0,1,0,0,0,0,0
618011,2026-05-01,Rajasthan,411.44,411.44,66.63,91.04,MoRTH,False,1461.0,151.0,16.194341823838226,16.194341823838226,74.84565817616178,0,1,3.440000000000012,-108.96,-74.84565817616178,0.0,2.0,-1310.0,1461.0,151.0,1,1,1,0,0,0,0,0,0,1
618012,2026-05-01,Odisha,186.52,186.52,42.93,60.0,MoRTH,False,820.0,702.0,23.01629852026592,23.01629852026592,36.98370147973408,0,1,0.0,-56.8091168091168,-36.98370147973408,0.0,1.168091168091168,-118.0,820.0,702.0,1,1,1,0,1,0,0,0,0,1
618013,2026-05-01,Andhra Pradesh,1318.59,909.19,341.52,79.5,MoRTH,False,912.0,396.0,37.56310562148725,37.56310562148725,41.93689437851275,1,1,0.0,-120.5,-41.93689437851275,0.0,2.0,-516.0,912.0,396.0,1,1,1,0,1,0,0,0,0,1
618014,2026-05-01,Chhattisgarh,199.05,199.05,28.95,32.87,MoRTH,False,365.0,1157.0,14.544084400904294,14.544084400904294,18.3259155990957,0,1,1.8699999999999972,1.322895419187553,-18.3259155990957,0.0,0.3154710458081244,792.0,365.0,1157.0,0,0,0,0,0,0,0,0,0,1
618015,2026-05-01,Chhattisgarh,225.41,228.93,70.96,57.0,MoRTH,False,669.0,853.0,30.99637443760101,30.99637443760101,26.00362556239899,1,1,2.0,-21.42907385697538,-26.00362556239899,0.0,0.7842907385697538,184.0,669.0,853.0,1,1,0,0,0,0,0,0,0,0
618016,2026-05-01,Chhattisgarh,397.44,397.44,24.33,17.25,MoRTH,False,365.0,1157.0,6.121678743961352,6.121678743961352,11.128321256038648,0,1,7.029999999999999,-14.297104580812444,-11.128321256038648,0.0,0.3154710458081244,792.0,365.0,1157.0,1,0,0,0,0,0,0,0,0,0
618017,2026-05-01,Chhattisgarh,286.0,286.0,78.7,60.0,MoRTH,False,669.0,853.0,27.517482517482517,27.517482517482517,32.48251748251748,0,1,0.0,-18.42907385697538,-32.48251748251748,0.0,0.7842907385697538,184.0,669.0,853.0,1,0,0,0,1,0,0,0,0,1
618018,2026-05-01,Chhattisgarh,351.19,351.19,11.48,11.0,MoRTH,False,851.0,671.0,3.2688857883197127,3.2688857883197127,7.731114211680287,0,1,1.0,-115.82563338301044,-7.731114211680287,0.0,1.2682563338301045,-180.0,851.0,671.0,1,1,1,0,0,1,0,0,0,0
618019,2026-05-01,Madhya Pradesh,365.21,365.21,0.0,88.0,MoRTH,False,1096.0,426.0,0.0,0.0,88.0,0,1,0.0,-112.0,-88.0,0.0,2.0,-670.0,1096.0,426.0,1,1,1,0,1,0,0,0,0,1
618020,2026-05-01,Madhya Pradesh,386.49,386.49,164.43,64.71,MoRTH,False,1185.0,337.0,42.544438407203295,42.544438407203295,22.1655615927967,0,1,0.0,-135.29000000000002,-22.1655615927967,0.0,2.0,-848.0,1185.0,337.0,1,1,1,0,1,0,0,0,0,1
618021,2026-05-01,Madhya Pradesh,425.97,425.97,0.0,29.74,MoRTH,False,151.0,669.0,0.0,0.0,29.74,0,1,10.43,7.168998505231688,-29.74,0.0,0.2257100149476831,518.0,151.0,669.0,0,0,0,0,0,0,0,0,0,0
618022,2026-05-01,Gujarat,173.06,219.08,22.53,67.0,MoRTH,False,820.0,427.0,10.283914551761914,10.283914551761914,56.71608544823809,1,1,0.0,-125.03747072599532,-56.71608544823809,0.0,1.920374707259953,-393.0,820.0,427.0,1,1,1,0,1,0,0,0,0,0
618023,2026-05-01,Punjab,152.58,152.58,0.0,100.0,MoRTH,False,943.0,579.0,0.0,0.0,100.0,0,1,0.0,-62.86701208981003,-100.0,0.0,1.6286701208981005,-364.0,943.0,579.0,1,1,1,0,1,0,0,0,0,0
618024,2026-05-01,Punjab,263.19,263.19,0.0,83.0,MoRTH,False,943.0,944.0,0.0,0.0,83.0,0,1,0.0,-16.89406779661016,-83.0,0.0,0.9989406779661016,1.0,943.0,944.0,1,0,0,0,1,0,0,0,0,1
618025,2026-05-01,Telangana,192.67,192.67,141.81,96.0,MoRTH,False,2891.0,92.0,73.60253282815177,73.60253282815177,22.397467171848234,0,1,0.0,-104.0,-22.397467171848238,0.0,2.0,-2799.0,2891.0,92.0,1,1,1,0,1,0,0,0,0,1
618027,2026-05-01,Karnataka,445.62,445.62,0.0,85.0,MoRTH,False,791.0,394.0,0.0,0.0,85.0,0,1,,-115.0,-85.0,,2.0,-397.0,791.0,394.0,1,1,1,0,0,0,0,0,0,0
618028,2026-05-01,Karnataka,333.96,333.96,48.88,31.0,MoRTH,False,334.0,851.0,14.63648341118697,14.63648341118697,16.363516588813027,0,1,11.0,-8.247943595769684,-16.363516588813027,0.0,0.3924794359576968,517.0,334.0,851.0,0,0,0,0,0,0,0,0,0,0
618029,2026-05-01,Karnataka,350.69,312.06,191.38,81.62,MoRTH,False,1216.0,365.0,61.327949753252575,61.327949753252575,20.29205024674743,1,1,3.5400000000000063,-118.38,-20.29205024674743,0.0,2.0,-851.0,1216.0,365.0,1,1,1,0,0,0,0,0,0,1
618030,2026-05-01,Karnataka,264.14,264.14,3.58,0.0,MoRTH,False,1277.0,273.0,1.355341864162944,1.355341864162944,-1.355341864162944,0,1,0.0,-200.0,1.355341864162944,0.0,2.0,-1004.0,1277.0,273.0,1,1,1,0,1,1,0,0,0,0
618031,2026-05-01,Karnataka,516.96,516.96,105.08,98.0,MoRTH,False,1612.0,334.0,20.326524295883626,20.326524295883626,77.67347570411637,0,1,23.0,-102.0,-77.67347570411637,0.0,2.0,-1278.0,1612.0,334.0,1,1,1,0,0,0,0,0,0,1
618033,2026-05-01,Arunachal Pradesh,496.47,496.47,165.43,51.37,MoRTH,False,1612.0,548.0,33.32124801095736,33.32124801095736,18.048751989042636,0,1,0.0,-148.63,-18.04875198904264,0.0,2.0,-1064.0,1612.0,548.0,1,1,1,0,1,0,0,0,0,1
618034,2026-05-01,Assam,173.65,173.65,8.07,20.0,MoRTH,False,454.0,703.0,4.6472790095018714,4.6472790095018714,15.352720990498128,0,1,0.0,-44.58036984352773,-15.352720990498128,0.0,0.6458036984352774,249.0,454.0,703.0,1,1,1,0,1,0,0,0,0,1
618035,2026-05-01,Madhya Pradesh,275.4,275.4,0.0,53.0,MoRTH,False,546.0,611.0,0.0,0.0,53.0,0,1,0.0,-36.36170212765957,-53.0,0.0,0.8936170212765957,65.0,546.0,611.0,1,1,1,0,1,0,0,0,0,0
618036,2026-05-01,Madhya Pradesh,315.55,315.55,0.0,25.3,MoRTH,False,546.0,611.0,0.0,0.0,25.3,0,1,0.0,-64.06170212765957,-25.3,0.0,0.8936170212765957,65.0,546.0,611.0,1,1,1,0,1,0,0,0,0,1
618037,2026-05-01,Andhra Pradesh,439.82,359.52,199.72,82.0,MoRTH,False,1461.0,151.0,55.5518469069871,55.5518469069871,26.4481530930129,1,1,0.0,-118.0,-26.4481530930129,0.0,2.0,-1310.0,1461.0,151.0,1,1,1,0,1,0,0,0,0,1
618038,2026-05-01,"Jammu andKashmir",224.44,224.44,0.0,3.0,MoRTH,False,120.0,671.0,0.0,0.0,3.0,0,0,0.0,-14.883755588673624,-3.0,0.0,0.1788375558867362,551.0,120.0,671.0,1,0,0,0,1,0,0,0,0,0
618039,2026-05-01,Uttarakhand,346.82,346.82,0.0,30.29,MoRTH,False,212.0,639.0,0.0,0.0,30.29,0,0,0.6499999999999986,-2.886838810641628,-30.29,0.0,0.3317683881064163,427.0,212.0,639.0,0,0,0,0,0,0,0,0,0,0
618040,2026-05-01,Uttarakhand,452.81,452.81,0.0,42.0,MoRTH,False,485.0,1037.0,0.0,0.0,42.0,0,0,0.0,-4.769527483124392,-42.0,0.0,0.4676952748312439,552.0,485.0,1037.0,0,0,0,0,1,0,0,0,0,0
618041,2026-05-01,Uttarakhand,299.31,299.31,0.0,2.0,MoRTH,False,151.0,1399.0,0.0,0.0,2.0,0,0,0.0,-8.793423874195854,-2.0,0.0,0.1079342387419585,1248.0,151.0,1399.0,0,0,0,0,1,0,0,0,0,0
618042,2026-05-01,Maharashtra,163.86,163.86,0.0,42.78,MoRTH,False,912.0,610.0,0.0,0.0,42.78,0,1,0.0,-106.72819672131148,-42.78,0.0,1.4950819672131148,-302.0,912.0,610.0,1,1,1,0,1,1,0,0,0,0
618043,2026-05-01,Madhya Pradesh,492.12,523.71,0.0,88.0,MoRTH,False,851.0,671.0,0.0,0.0,88.0,1,1,0.5,-38.82563338301043,-88.0,0.0,1.2682563338301045,-180.0,851.0,671.0,1,1,1,0,0,0,0,0,0,1
618044,2026-05-01,Madhya Pradesh,851.4,851.4,0.0,0.0,MoRTH,False,61.0,759.0,0.0,0.0,0.0,0,0,0.0,-8.036890645586297,0.0,0.0,0.0803689064558629,698.0,61.0,759.0,0,0,0,0,1,0,0,0,0,0
618047,2026-05-01,Maharashtra,657.16,657.16,0.0,79.44,MoRTH,False,365.0,426.0,0.0,0.0,79.44,0,1,7.239999999999995,-6.240751173708929,-79.44,0.0,0.8568075117370892,61.0,365.0,426.0,0,0,0,0,0,0,0,0,0,0
618049,2026-05-01,Maharashtra,183.41,183.41,64.87,95.0,MoRTH,False,485.0,306.0,35.36884575541138,35.36884575541138,59.63115424458862,0,1,0.0,-63.496732026143775,-59.63115424458862,0.0,1.5849673202614378,-179.0,485.0,306.0,1,1,1,0,1,0,0,0,0,1
618052,2026-05-01,Andhra Pradesh,808.7,808.7,0.0,18.72,MoRTH,False,273.0,304.0,0.0,0.0,18.72,0,1,0.0,-71.08263157894737,-18.72,0.0,0.8980263157894737,31.0,273.0,304.0,1,1,1,0,1,0,0,0,0,0
618053,2026-05-01,Andhra Pradesh,1019.97,1019.97,0.0,26.07,MoRTH,False,273.0,304.0,0.0,0.0,26.07,0,1,5.440000000000001,-63.73263157894737,-26.07,0.0,0.8980263157894737,31.0,273.0,304.0,1,1,1,0,0,0,0,0,0,0
618054,2026-05-01,Uttar Pradesh,515.69,515.69,118.71,52.0,MoRTH,False,638.0,609.0,23.019643584323912,23.019643584323912,28.980356415676088,0,1,6.0,-52.76190476190477,-28.980356415676088,0.0,1.0476190476190477,-29.0,638.0,609.0,1,1,1,0,0,0,0,0,0,0
618055,2026-05-01,Uttar Pradesh,225.17,225.17,0.0,73.0,MoRTH,False,851.0,457.0,0.0,0.0,73.0,0,1,0.0,-113.21444201312912,-73.0,0.0,1.8621444201312911,-394.0,851.0,457.0,1,1,1,0,1,0,0,0,0,0
618056,2026-05-01,Uttar Pradesh,509.65,484.42,106.67,56.0,MoRTH,False,791.0,790.0,22.020147805623218,22.020147805623218,33.97985219437678,1,1,0.0,-44.12658227848101,-33.97985219437678,0.0,1.00126582278481,-1.0,791.0,790.0,1,1,1,0,1,0,0,0,0,0
618057,2026-05-01,Uttar Pradesh,189.31,189.31,0.0,50.0,MoRTH,False,912.0,396.0,0.0,0.0,50.0,0,1,0.7800000000000011,-150.0,-50.0,0.0,2.0,-516.0,912.0,396.0,1,1,1,0,0,0,0,0,0,0
618059,2026-05-01,Maharashtra,328.11,328.11,0.0,34.15,MoRTH,False,820.0,365.0,0.0,0.0,34.15,0,1,0.0,-165.85,-34.15,0.0,2.0,-455.0,820.0,365.0,1,1,1,0,1,1,0,0,0,1
618060,2026-05-01,Jharkhand,315.21,315.21,129.54,87.0,MoRTH,False,1216.0,365.0,41.096411915865616,41.096411915865616,45.903588084134384,0,1,0.0,-113.0,-45.903588084134384,0.0,2.0,-851.0,1216.0,365.0,1,1,1,0,1,0,0,0,0,1
618061,2026-05-01,Maharashtra,386.16,386.16,30.86,58.42,MoRTH,False,426.0,365.0,7.991506111456391,7.991506111456391,50.42849388854361,0,1,1.5600000000000025,-58.292328767123294,-50.42849388854361,0.0,1.167123287671233,-61.0,426.0,365.0,1,1,1,0,0,0,0,0,0,1
618063,2026-05-01,Uttar Pradesh,262.37,343.77,115.39,92.0,MoRTH,False,1157.0,1095.0,33.5660470663525,33.5660470663525,58.4339529336475,1,1,0.0,-13.662100456621005,-58.4339529336475,0.0,1.05662100456621,-62.0,1157.0,1095.0,1,0,0,0,1,0,0,0,0,0
618065,2026-05-01,Maharashtra,316.44,316.44,0.0,37.0,MoRTH,False,791.0,731.0,0.0,0.0,37.0,0,1,5.030000000000001,-71.20793433652531,-37.0,0.0,1.0820793433652531,-60.0,791.0,731.0,1,1,1,0,0,1,0,0,0,1
618066,2026-05-01,Uttar Pradesh,283.86,283.86,31.97,44.0,MoRTH,False,454.0,793.0,11.262594236595504,11.262594236595504,32.737405763404496,0,1,1.0,-13.250945775535946,-32.737405763404496,0.0,0.5725094577553594,339.0,454.0,793.0,1,0,0,0,0,0,0,0,0,0
618067,2026-05-01,Uttar Pradesh,1086.3,1086.3,0.0,5.0,MoRTH,False,181.0,915.0,0.0,0.0,5.0,0,1,1.0,-14.78142076502732,-5.0,0.0,0.1978142076502732,734.0,181.0,915.0,1,0,0,0,0,0,0,0,0,0
618068,2026-05-01,Madhya Pradesh,158.36,158.36,0.0,60.0,MoRTH,False,943.0,579.0,0.0,0.0,60.0,0,1,0.0,-102.86701208981005,-60.0,0.0,1.6286701208981005,-364.0,943.0,579.0,1,1,1,0,1,0,0,0,0,0
618069,2026-05-01,Rajasthan,334.64,334.64,0.0,68.0,MoRTH,False,577.0,945.0,0.0,0.0,68.0,0,1,0.0,6.941798941798943,-68.0,0.0,0.6105820105820106,368.0,577.0,945.0,0,0,0,0,1,0,0,0,0,0
618070,2026-05-01,Kerala,294.28,315.63,0.0,98.0,MoRTH,False,3195.0,181.0,0.0,0.0,98.0,1,1,0.0,-102.0,-98.0,0.0,2.0,-3014.0,3195.0,181.0,1,1,1,0,1,0,0,0,0,0
618071,2026-05-01,Sikkim,385.15,342.89,0.0,90.0,MoRTH,False,1461.0,212.0,0.0,0.0,90.0,1,1,0.0,-110.0,-90.0,0.0,2.0,-1249.0,1461.0,212.0,1,1,1,0,1,0,0,0,0,1
618072,2026-05-01,Nagaland,297.25,297.25,149.19,100.0,MoRTH,False,1400.0,487.0,50.19007569386038,50.19007569386038,49.80992430613962,0,1,0.0,-100.0,-49.80992430613962,0.0,2.0,-913.0,1400.0,487.0,1,1,1,0,1,0,0,0,0,1
618073,2026-05-01,Bihar,226.16,226.16,0.0,50.0,MoRTH,False,638.0,182.0,0.0,0.0,50.0,0,1,6.0,-150.0,-50.0,0.0,2.0,-456.0,638.0,182.0,1,1,1,0,0,0,0,0,0,1
618074,2026-05-01,Bihar,624.43,624.43,153.21,94.0,MoRTH,False,1096.0,454.0,24.5359768108515,24.5359768108515,69.46402318914849,0,1,3.0,-106.0,-69.46402318914849,0.0,2.0,-642.0,1096.0,454.0,1,1,1,0,0,0,0,0,0,1
618075,2026-05-01,Uttar Pradesh,840.93,773.58,185.58,71.0,MoRTH,False,820.0,792.0,23.98976188629489,23.98976188629489,47.010238113705114,1,1,7.0,-32.53535353535352,-47.01023811370512,0.0,1.0353535353535352,-28.0,820.0,792.0,1,1,1,0,0,0,0,0,0,0
618076,2026-05-01,Meghalaya,504.0,350.67,0.0,2.5,MoRTH,False,365.0,517.0,0.0,0.0,2.5,1,0,0.0,-68.09961315280464,-2.5,0.0,0.7059961315280464,152.0,365.0,517.0,1,1,1,0,1,0,0,0,0,0
618079,2026-05-01,Odisha,172.66,172.66,0.0,15.0,MoRTH,False,395.0,762.0,0.0,0.0,15.0,0,1,0.0,-36.83727034120735,-15.0,0.0,0.5183727034120735,367.0,395.0,762.0,1,1,1,0,1,0,0,0,0,0
618080,2026-05-01,Bihar,353.27,353.27,0.0,3.1,MoRTH,False,607.0,974.0,0.0,0.0,3.1,0,0,0.0,-59.22032854209446,-3.1,0.0,0.6232032854209446,367.0,607.0,974.0,1,1,1,0,1,0,0,0,0,1
618081,2026-05-01,Uttar Pradesh,438.24,362.39,0.0,52.0,MoRTH,False,820.0,337.0,0.0,0.0,52.0,1,1,0.0,-148.0,-52.0,0.0,2.0,-483.0,820.0,337.0,1,1,1,0,1,0,0,0,0,0
618082,2026-05-01,Uttar Pradesh,395.62,392.03,0.0,94.0,MoRTH,False,1277.0,610.0,0.0,0.0,94.0,1,1,,-106.0,-94.0,,2.0,-667.0,1277.0,610.0,1,1,1,0,0,0,0,0,0,0
618084,2026-05-01,Jharkhand,153.01,133.67,85.59,95.0,MoRTH,False,1734.0,547.0,64.03082217401062,64.03082217401062,30.969177825989377,1,1,2.0,-105.0,-30.969177825989377,0.0,2.0,-1187.0,1734.0,547.0,1,1,1,0,0,0,0,0,0,1
618085,2026-05-01,Madhya Pradesh,305.12,293.74,0.0,78.0,MoRTH,False,1126.0,486.0,0.0,0.0,78.0,1,1,0.0,-122.0,-78.0,0.0,2.0,-640.0,1126.0,486.0,1,1,1,0,1,0,0,0,0,1
618086,2026-05-01,Karnataka,617.28,617.28,4.72,47.7,MoRTH,False,304.0,853.0,0.7646448937273198,0.7646448937273198,46.93535510627268,0,1,7.700000000000003,12.06107854630715,-46.93535510627268,0.0,0.3563892145369285,549.0,304.0,853.0,0,0,0,0,0,0,0,0,0,0
618087,2026-05-01,Karnataka,255.88,255.88,179.66,96.0,MoRTH,False,1216.0,306.0,70.2125996560888,70.2125996560888,25.7874003439112,0,1,3.0,-104.0,-25.7874003439112,0.0,2.0,-910.0,1216.0,306.0,1,1,1,0,0,0,0,0,0,1
618088,2026-05-01,Maharashtra,325.79,325.79,22.7,27.0,MoRTH,False,334.0,273.0,6.967678565947388,6.967678565947388,20.032321434052612,0,1,0.0,-95.34432234432236,-20.03232143405261,0.0,1.2234432234432235,-61.0,334.0,273.0,1,1,1,0,1,1,0,0,0,0
618089,2026-05-01,Maharashtra,206.54,206.54,0.0,65.14,MoRTH,False,1126.0,396.0,0.0,0.0,65.14,0,1,0.0,-134.86,-65.14,0.0,2.0,-730.0,1126.0,396.0,1,1,1,0,1,0,0,0,0,1
618091,2026-05-01,Telangana,512.98,512.98,117.6,41.97,MoRTH,False,820.0,702.0,22.924870365316387,22.924870365316387,19.04512963468361,0,1,0.1700000000000017,-74.8391168091168,-19.04512963468361,0.0,1.168091168091168,-118.0,820.0,702.0,1,1,1,0,0,1,0,0,0,1
618092,2026-05-01,Rajasthan,606.61,606.61,0.0,55.23,MoRTH,False,577.0,608.0,0.0,0.0,55.23,0,1,2.729999999999997,-39.67131578947369,-55.23,0.0,0.9490131578947368,31.0,577.0,608.0,1,1,1,0,0,0,0,0,0,0
618094,2026-05-01,Maharashtra,369.39,369.39,330.37,86.3,MoRTH,False,2891.0,92.0,89.43663878285824,89.43663878285824,-3.136638782858242,0,1,0.0,-113.7,3.136638782858242,0.0,2.0,-2799.0,2891.0,92.0,1,1,1,0,1,0,0,0,0,0
618095,2026-05-01,Karnataka,196.05,196.05,0.0,71.0,MoRTH,False,607.0,578.0,0.0,0.0,71.0,0,1,41.0,-34.017301038062286,-71.0,0.0,1.0501730103806228,-29.0,607.0,578.0,1,1,1,0,0,0,0,0,0,0
618096,2026-05-01,Maharashtra,181.45,181.45,0.0,87.0,MoRTH,False,577.0,243.0,0.0,0.0,87.0,0,1,0.0,-113.0,-87.0,0.0,2.0,-334.0,577.0,243.0,1,1,1,0,1,0,0,0,0,0
618097,2026-05-01,Maharashtra,407.2,407.2,0.0,91.89,MoRTH,False,3256.0,151.0,0.0,0.0,91.89,0,1,0.0,-108.11,-91.89,0.0,2.0,-3105.0,3256.0,151.0,1,1,1,0,1,0,0,0,0,0
618098,2026-05-01,Maharashtra,167.97,167.97,0.0,93.75,MoRTH,False,1277.0,610.0,0.0,0.0,93.75,0,1,0.0,-106.25,-93.75,0.0,2.0,-667.0,1277.0,610.0,1,1,1,0,1,0,0,0,0,1
618101,2026-05-01,Andhra Pradesh,881.61,881.61,0.0,37.95,MoRTH,False,395.0,182.0,0.0,0.0,37.95,0,1,1.1300000000000026,-162.05,-37.95,0.0,2.0,-213.0,395.0,182.0,1,1,1,0,0,1,0,0,0,0
618103,2026-05-01,Andhra Pradesh,279.29,279.29,159.13,90.33,MoRTH,False,577.0,945.0,56.97661928461455,56.97661928461455,33.35338071538545,0,1,2.0799999999999983,29.27179894179894,-33.35338071538545,0.0,0.6105820105820106,368.0,577.0,945.0,0,0,0,0,0,0,0,0,0,1
618104,2026-05-01,Telangana,886.69,886.69,584.84,86.74,MoRTH,False,1035.0,487.0,65.95766276827302,65.95766276827302,20.78233723172697,0,1,1.0799999999999983,-113.26,-20.78233723172697,0.0,2.0,-548.0,1035.0,487.0,1,1,1,0,0,0,0,0,0,1
618105,2026-05-01,Telangana,631.49,631.49,92.56,30.8,MoRTH,False,943.0,579.0,14.65739758349301,14.65739758349301,16.14260241650699,0,1,0.0,-132.06701208981002,-16.14260241650699,0.0,1.6286701208981005,-364.0,943.0,579.0,1,1,1,0,1,1,0,0,0,1
618106,2026-05-01,Telangana,703.68,703.68,279.83,90.69,MoRTH,False,1216.0,365.0,39.76665529786266,39.76665529786266,50.923344702137335,0,1,0.0,-109.31,-50.923344702137335,0.0,2.0,-851.0,1216.0,365.0,1,1,1,0,1,0,0,0,0,1
618107,2026-05-01,Gujarat,1155.21,1155.21,63.35,16.0,MoRTH,False,151.0,669.0,5.483851420953766,5.483851420953766,10.516148579046234,0,1,5.0,-6.571001494768311,-10.516148579046234,0.0,0.2257100149476831,518.0,151.0,669.0,0,0,0,0,0,0,0,0,0,1
618108,2026-05-01,Gujarat,237.28,237.28,0.0,63.0,MoRTH,False,882.0,456.0,0.0,0.0,63.0,0,1,0.0,-130.42105263157893,-63.0,0.0,1.9342105263157892,-426.0,882.0,456.0,1,1,1,0,1,0,0,0,0,0
618109,2026-05-01,Karnataka,355.72,355.72,184.79,88.33,MoRTH,False,1247.0,334.0,51.948161475317654,51.948161475317654,36.381838524682344,0,1,11.47,-111.67,-36.38183852468234,0.0,2.0,-913.0,1247.0,334.0,1,1,1,0,0,0,0,0,0,1
618111,2026-05-01,Uttar Pradesh,403.36,345.34,0.0,94.0,MoRTH,False,882.0,852.0,0.0,0.0,94.0,1,1,0.0,-9.521126760563376,-94.0,0.0,1.0352112676056338,-30.0,882.0,852.0,0,0,0,0,1,0,0,0,0,1
618112,2026-05-01,Uttar Pradesh,912.5,912.5,1.9,4.0,MoRTH,False,365.0,1157.0,0.20821917808219176,0.20821917808219176,3.791780821917808,0,1,1.0,-27.547104580812444,-3.791780821917808,0.0,0.3154710458081244,792.0,365.0,1157.0,1,1,0,0,0,0,0,0,0,0
618113,2026-05-01,Uttar Pradesh,587.97,587.97,47.45,39.0,MoRTH,False,365.0,1157.0,8.07013963297447,8.07013963297447,30.92986036702553,0,1,11.0,7.452895419187556,-30.92986036702553,0.0,0.3154710458081244,792.0,365.0,1157.0,0,0,0,0,0,0,0,0,0,0
618114,2026-05-01,Uttar Pradesh,1192.33,1192.33,0.0,2.0,MoRTH,False,89.0,1068.0,0.0,0.0,2.0,0,1,2.0,-6.333333333333332,-2.0,0.0,0.0833333333333333,979.0,89.0,1068.0,0,0,0,0,0,0,0,0,0,0
618116,2026-05-01,Uttar Pradesh,1679.75,1679.75,97.67,34.5,MoRTH,False,120.0,1157.0,5.814555737460932,5.814555737460932,28.685444262539068,0,1,9.1,24.128349178910977,-28.685444262539068,0.0,0.1037165082108902,1037.0,120.0,1157.0,0,0,0,0,0,0,0,0,0,0
618117,2026-05-01,Rajasthan,154.89,154.89,14.8,23.0,MoRTH,False,546.0,274.0,9.555168183872427,9.555168183872427,13.444831816127573,0,1,0.0,-176.27007299270073,-13.444831816127571,0.0,1.9927007299270072,-272.0,546.0,274.0,1,1,1,0,1,1,0,0,0,1
618119,2026-05-01,Uttarakhand,472.23,472.23,0.0,60.0,MoRTH,False,638.0,884.0,0.0,0.0,60.0,0,0,0.0,-12.171945701357458,-60.0,0.0,0.7217194570135747,246.0,638.0,884.0,1,0,0,0,1,0,0,0,0,0
618120,2026-05-01,Bihar,1060.16,1060.16,0.0,0.0,MoRTH,False,120.0,1218.0,0.0,0.0,0.0,0,1,0.0,-9.852216748768472,0.0,0.0,0.0985221674876847,1098.0,120.0,1218.0,0,0,0,0,1,0,0,0,0,0
618121,2026-05-01,Bihar,427.29,427.29,178.43,93.0,MoRTH,False,1065.0,485.0,41.75852465538627,41.75852465538627,51.24147534461373,0,1,0.0,-107.0,-51.24147534461373,0.0,2.0,-580.0,1065.0,485.0,1,1,1,0,1,0,0,0,0,1
618122,2026-05-01,Odisha,172.09,172.09,0.0,32.0,MoRTH,False,577.0,945.0,0.0,0.0,32.0,0,1,11.75,-29.058201058201057,-32.0,0.0,0.6105820105820106,368.0,577.0,945.0,1,1,0,0,0,0,0,0,0,0
618123,2026-05-01,Jharkhand,423.18,423.18,4.11,0.0,MoRTH,False,1004.0,518.0,0.9712179214518646,0.9712179214518646,-0.9712179214518646,0,0,0.0,-193.82239382239385,0.9712179214518646,0.0,1.938223938223938,-486.0,1004.0,518.0,1,1,1,0,1,1,0,0,0,0
618124,2026-05-01,Uttar Pradesh,343.54,343.54,83.27,65.0,MoRTH,False,820.0,761.0,24.2388077079816,24.2388077079816,40.7611922920184,0,1,0.0,-42.75295663600527,-40.7611922920184,0.0,1.0775295663600526,-59.0,820.0,761.0,1,1,1,0,1,0,0,0,0,0
618125,2026-05-01,Andhra Pradesh,228.32,228.32,44.45,100.0,MoRTH,False,2799.0,184.0,19.468290119131044,19.468290119131044,80.53170988086896,0,1,0.0,-100.0,-80.53170988086896,0.0,2.0,-2615.0,2799.0,184.0,1,1,1,0,1,0,0,0,0,0
618126,2026-05-01,Bihar,479.37,479.37,11.75,58.0,MoRTH,False,516.0,761.0,2.451133779752592,2.451133779752592,55.548866220247405,0,1,0.0,-9.805519053876466,-55.548866220247405,0.0,0.6780551905387647,245.0,516.0,761.0,0,0,0,0,1,0,0,0,0,1
618127,2026-05-01,Jharkhand,255.73,255.73,10.06,10.4,MoRTH,False,181.0,976.0,3.933836468150002,3.933836468150002,6.466163531849999,0,1,1.9000000000000004,-8.145081967213114,-6.466163531849999,0.0,0.1854508196721311,795.0,181.0,976.0,0,0,0,0,0,0,0,0,0,0
618129,2026-05-01,Madhya Pradesh,467.93,467.93,0.0,86.03,MoRTH,False,516.0,641.0,0.0,0.0,86.03,0,1,0.0,5.530780031201246,-86.03,0.0,0.8049921996879875,125.0,516.0,641.0,0,0,0,0,1,0,0,0,0,0
618130,2026-05-01,Telangana,490.92,490.92,0.0,76.02,MoRTH,False,730.0,578.0,0.0,0.0,76.02,0,1,0.6400000000000006,-50.27757785467129,-76.02,0.0,1.2629757785467128,-152.0,730.0,578.0,1,1,1,0,0,0,0,0,0,1
618133,2026-05-01,Maharashtra,280.57,280.57,0.0,65.0,MoRTH,False,1430.0,457.0,0.0,0.0,65.0,0,1,3.390000000000001,-135.0,-65.0,0.0,2.0,-973.0,1430.0,457.0,1,1,1,0,0,0,0,0,0,0
618134,2026-05-01,Maharashtra,459.39,459.39,0.0,79.87,MoRTH,False,607.0,578.0,0.0,0.0,79.87,0,1,10.72,-25.14730103806228,-79.87,0.0,1.0501730103806228,-29.0,607.0,578.0,1,1,0,0,0,0,0,0,0,0
618137,2026-05-01,Maharashtra,540.35,540.35,139.12,56.55,MoRTH,False,365.0,426.0,25.74627556213565,25.74627556213565,30.803724437864346,0,1,6.659999999999997,-29.13075117370893,-30.803724437864343,0.0,0.8568075117370892,61.0,365.0,426.0,1,1,0,0,0,0,0,0,0,0
618138,2026-05-01,Maharashtra,349.57,349.57,0.0,49.75,MoRTH,False,365.0,426.0,0.0,0.0,49.75,0,1,8.619999999999997,-35.93075117370893,-49.75,0.0,0.8568075117370892,61.0,365.0,426.0,1,1,1,0,0,0,0,0,0,0
618139,2026-05-01,Maharashtra,355.12,355.12,0.0,43.46,MoRTH,False,395.0,396.0,0.0,0.0,43.46,0,1,0.0,-56.287474747474754,-43.46,0.0,0.9974747474747476,1.0,395.0,396.0,1,1,1,0,1,0,0,0,0,0
618140,2026-05-01,Telangana,445.76,445.76,18.32,9.22,MoRTH,False,454.0,854.0,4.109834888729361,4.109834888729361,5.110165111270639,0,1,-1.58,-43.94159250585481,-5.110165111270639,0.0,0.531615925058548,400.0,454.0,854.0,1,1,1,1,0,0,0,0,0,0
618141,2026-05-01,Telangana,423.48,423.48,160.2,77.34,MoRTH,False,1247.0,334.0,37.82941343156701,37.82941343156701,39.51058656843299,0,1,0.4200000000000017,-122.66,-39.51058656843299,0.0,2.0,-913.0,1247.0,334.0,1,1,1,0,0,0,0,0,0,1
618146,2026-05-01,Bihar,495.16,495.16,0.0,36.0,MoRTH,False,577.0,1004.0,0.0,0.0,36.0,0,1,3.0,-21.470119521912352,-36.0,0.0,0.5747011952191236,427.0,577.0,1004.0,1,1,0,0,0,0,0,0,0,0
618147,2026-05-01,Karnataka,166.58,166.58,35.33,65.0,MoRTH,False,791.0,425.0,21.209028694921354,21.209028694921354,43.79097130507864,0,1,25.0,-121.11764705882352,-43.79097130507864,0.0,1.8611764705882352,-366.0,791.0,425.0,1,1,1,0,0,0,0,0,0,1
618148,2026-05-01,Karnataka,785.79,785.79,0.0,0.0,MoRTH,False,30.0,1127.0,0.0,0.0,0.0,0,1,,-2.6619343389529724,0.0,,0.0266193433895297,1097.0,30.0,1127.0,0,0,0,0,0,0,0,0,0,0
618149,2026-05-01,Karnataka,957.09,957.09,248.81,60.21,MoRTH,False,485.0,700.0,25.996510255043937,25.996510255043937,34.213489744956064,0,1,60.21,-9.075714285714277,-34.213489744956064,0.0,0.6928571428571428,215.0,485.0,700.0,0,0,0,0,0,0,0,0,0,1
618150,2026-05-01,Maharashtra,761.83,761.83,0.0,15.0,MoRTH,False,365.0,426.0,0.0,0.0,15.0,0,1,0.0,-70.68075117370893,-15.0,0.0,0.8568075117370892,61.0,365.0,426.0,1,1,1,0,1,0,0,0,0,0
618151,2026-05-01,Karnataka,1084.29,1084.29,0.0,0.0,MoRTH,False,0.0,1157.0,0.0,0.0,0.0,0,0,,0.0,0.0,,0.0,1157.0,0.0,1157.0,0,0,0,0,0,0,0,0,0,0
618152,2026-05-01,Maharashtra,488.6,488.6,0.0,96.19,MoRTH,False,3195.0,212.0,0.0,0.0,96.19,0,1,0.0,-103.81,-96.19,0.0,2.0,-2983.0,3195.0,212.0,1,1,1,0,1,0,0,0,0,1
618153,2026-05-01,Maharashtra,653.46,653.46,7.33,98.08,MoRTH,False,3195.0,212.0,1.1217212989318397,1.1217212989318397,96.95827870106815,0,1,0.0,-101.92,-96.95827870106817,0.0,2.0,-2983.0,3195.0,212.0,1,1,1,0,1,0,0,0,0,1
618154,2026-05-01,Maharashtra,157.62,157.62,0.0,68.93,MoRTH,False,1216.0,306.0,0.0,0.0,68.93,0,1,0.0,-131.07,-68.93,0.0,2.0,-910.0,1216.0,306.0,1,1,1,0,1,0,0,0,0,0
618155,2026-05-01,Maharashtra,396.17,396.17,85.57,73.05,MoRTH,False,485.0,306.0,21.59931342605447,21.59931342605447,51.45068657394553,0,1,2.25,-85.44673202614378,-51.45068657394553,0.0,1.5849673202614378,-179.0,485.0,306.0,1,1,1,0,0,0,0,0,0,1
618156,2026-05-01,Madhya Pradesh,492.66,492.66,0.0,72.1,MoRTH,False,577.0,608.0,0.0,0.0,72.1,0,1,2.8499999999999943,-22.80131578947369,-72.1,0.0,0.9490131578947368,31.0,577.0,608.0,1,1,0,0,0,0,0,0,0,0
618157,2026-05-01,Madhya Pradesh,348.06,348.06,0.0,68.7,MoRTH,False,516.0,641.0,0.0,0.0,68.7,0,1,0.2900000000000062,-11.799219968798752,-68.7,0.0,0.8049921996879875,125.0,516.0,641.0,1,0,0,0,0,0,0,0,0,0
618158,2026-05-01,Madhya Pradesh,416.96,416.96,0.0,13.11,MoRTH,False,516.0,641.0,0.0,0.0,13.11,0,1,0.0,-67.38921996879876,-13.11,0.0,0.8049921996879875,125.0,516.0,641.0,1,1,1,0,1,0,0,0,0,0
618159,2026-05-01,Assam,382.1,382.1,25.58,5.24,MoRTH,False,242.0,578.0,6.694582570007851,6.694582570007851,-1.454582570007851,0,1,5.24,-36.62851211072664,1.454582570007851,0.0,0.4186851211072664,336.0,242.0,578.0,1,1,1,0,0,0,0,0,0,0
618160,2026-05-01,Assam,1019.17,1019.17,0.0,2.41,MoRTH,False,151.0,275.0,0.0,0.0,2.41,0,1,0.5900000000000001,-52.49909090909091,-2.41,0.0,0.5490909090909091,124.0,151.0,275.0,1,1,1,0,0,0,0,0,0,0
618162,2026-05-01,Uttar Pradesh,2008.7,2008.7,0.0,12.0,MoRTH,False,120.0,976.0,0.0,0.0,12.0,0,1,7.0,-0.2950819672131146,-12.0,0.0,0.1229508196721311,856.0,120.0,976.0,0,0,0,0,0,0,0,0,0,0
618163,2026-05-01,Uttar Pradesh,809.25,603.19,0.0,59.0,MoRTH,False,699.0,458.0,0.0,0.0,59.0,1,1,1.0,-93.62008733624457,-59.0,0.0,1.5262008733624457,-241.0,699.0,458.0,1,1,1,0,0,0,0,0,0,0
618164,2026-05-01,Uttar Pradesh,1141.67,1157.31,0.0,86.0,MoRTH,False,699.0,823.0,0.0,0.0,86.0,1,1,1.0,1.066828675577156,-86.0,0.0,0.8493317132442284,124.0,699.0,823.0,0,0,0,0,0,0,0,0,0,0
618165,2026-05-01,Uttar Pradesh,1156.72,1156.72,0.0,100.0,MoRTH,False,820.0,761.0,0.0,0.0,100.0,0,1,2.0,-7.7529566360052655,-100.0,0.0,1.0775295663600526,-59.0,820.0,761.0,0,0,0,0,0,0,0,0,0,1
618166,2026-05-01,Uttar Pradesh,697.66,697.66,0.04,100.0,MoRTH,False,943.0,638.0,0.005733451824671044,0.005733451824671044,99.99426654817533,0,1,1.0,-47.80564263322884,-99.99426654817532,0.0,1.4780564263322884,-305.0,943.0,638.0,1,1,1,0,0,0,0,0,0,1
618168,2026-05-01,Uttar Pradesh,917.91,965.3,128.0,56.0,MoRTH,False,851.0,671.0,13.260126385579612,13.260126385579612,42.73987361442039,1,1,0.0,-70.82563338301043,-42.73987361442039,0.0,1.2682563338301045,-180.0,851.0,671.0,1,1,1,0,1,0,0,0,0,0
618169,2026-05-01,Uttar Pradesh,640.18,602.76,242.32,96.79,MoRTH,False,912.0,610.0,40.201738668790234,40.201738668790234,56.58826133120977,1,1,0.8100000000000023,-52.718196721311486,-56.58826133120977,0.0,1.4950819672131148,-302.0,912.0,610.0,1,1,1,0,0,0,0,0,0,1
618170,2026-05-01,Madhya Pradesh,214.07,214.07,0.0,40.3,MoRTH,False,791.0,366.0,0.0,0.0,40.3,0,1,0.0,-159.7,-40.3,0.0,2.0,-425.0,791.0,366.0,1,1,1,0,1,1,0,0,0,0
618171,2026-05-01,Madhya Pradesh,352.69,352.69,0.0,47.29,MoRTH,False,851.0,671.0,0.0,0.0,47.29,0,1,0.0,-79.53563338301043,-47.29,0.0,1.2682563338301045,-180.0,851.0,671.0,1,1,1,0,1,1,0,0,0,1
618172,2026-05-01,Maharashtra,341.8,341.8,0.0,82.0,MoRTH,False,3256.0,92.0,0.0,0.0,82.0,0,1,0.0,-118.0,-82.0,0.0,2.0,-3164.0,3256.0,92.0,1,1,1,0,1,0,0,0,0,1
618173,2026-05-01,Maharashtra,381.77,381.77,0.0,83.93,MoRTH,False,3256.0,120.0,0.0,0.0,83.93,0,1,0.0,-116.07,-83.93,0.0,2.0,-3136.0,3256.0,120.0,1,1,1,0,1,0,0,0,0,1
618174,2026-05-01,Maharashtra,226.58,226.58,0.0,100.0,MoRTH,False,395.0,396.0,0.0,0.0,100.0,0,1,0.0,0.2525252525252455,-100.0,0.0,0.9974747474747476,1.0,395.0,396.0,0,0,0,0,1,0,0,0,0,0
618175,2026-05-01,Maharashtra,428.8,428.8,0.0,93.46,MoRTH,False,1096.0,426.0,0.0,0.0,93.46,0,1,0.0,-106.54,-93.46,0.0,2.0,-670.0,1096.0,426.0,1,1,1,0,1,0,0,0,0,1
618176,2026-05-01,Maharashtra,349.08,349.08,0.0,21.6,MoRTH,False,120.0,306.0,0.0,0.0,21.6,0,0,0.0,-17.615686274509805,-21.6,0.0,0.392156862745098,186.0,120.0,306.0,1,0,0,0,1,0,0,0,0,0
618177,2026-05-01,Maharashtra,227.19,227.19,0.0,95.29,MoRTH,False,2891.0,92.0,0.0,0.0,95.29,0,1,-3.86,-104.71,-95.29,0.0,2.0,-2799.0,2891.0,92.0,1,1,1,1,0,0,0,0,0,0
618178,2026-05-01,Maharashtra,162.67,162.67,0.0,72.0,MoRTH,True,516.0,304.0,0.0,0.0,72.0,0,1,0.0,-97.73684210526316,-72.0,0.0,1.6973684210526316,-212.0,516.0,304.0,1,1,1,0,1,0,0,0,0,1
618179,2026-05-01,Maharashtra,181.58,181.58,0.0,93.01,MoRTH,False,638.0,153.0,0.0,0.0,93.01,0,1,0.0,-106.99,-93.01,0.0,2.0,-485.0,638.0,153.0,1,1,1,0,1,0,0,0,0,1
618180,2026-05-01,Maharashtra,223.46,223.46,0.0,89.08,MoRTH,False,2891.0,92.0,0.0,0.0,89.08,0,1,0.0,-110.92,-89.08,0.0,2.0,-2799.0,2891.0,92.0,1,1,1,0,1,0,0,0,0,1
618182,2026-05-01,Telangana,499.88,499.88,187.35,64.11,MoRTH,False,669.0,639.0,37.47899495879011,37.47899495879011,26.63100504120989,0,1,0.6700000000000017,-40.58483568075117,-26.63100504120989,0.0,1.0469483568075115,-30.0,669.0,639.0,1,1,1,0,0,0,0,0,0,0
618183,2026-05-01,Telangana,399.01,399.01,0.0,66.04,MoRTH,False,638.0,670.0,0.0,0.0,66.04,0,1,0.0,-29.18388059701492,-66.04,0.0,0.9522388059701492,32.0,638.0,670.0,1,1,0,0,1,0,0,0,0,0
618184,2026-05-01,Karnataka,313.56,313.56,0.0,65.0,MoRTH,False,820.0,396.0,0.0,0.0,65.0,0,1,18.48,-135.0,-65.0,0.0,2.0,-424.0,820.0,396.0,1,1,1,0,0,0,0,0,0,1
618185,2026-05-01,Karnataka,394.95,394.95,0.0,0.0,MoRTH,False,273.0,974.0,0.0,0.0,0.0,0,1,0.0,-28.02874743326489,0.0,0.0,0.2802874743326489,701.0,273.0,974.0,1,1,0,0,1,0,0,0,0,0
618186,2026-05-01,Telangana,549.28,549.28,296.89,94.01,MoRTH,False,1247.0,334.0,54.05075735508302,54.05075735508302,39.95924264491698,0,1,0.0,-105.99,-39.95924264491698,0.0,2.0,-913.0,1247.0,334.0,1,1,1,0,1,0,0,0,0,1
618187,2026-05-01,Uttar Pradesh,947.15,947.15,0.0,6.0,MoRTH,False,212.0,884.0,0.0,0.0,6.0,0,1,2.0,-17.981900452488688,-6.0,0.0,0.2398190045248869,672.0,212.0,884.0,1,0,0,0,0,0,0,0,0,0
618188,2026-05-01,Maharashtra,253.78,253.78,0.0,99.75,MoRTH,False,912.0,273.0,0.0,0.0,99.75,0,1,0.0,-100.25,-99.75,0.0,2.0,-639.0,912.0,273.0,1,1,1,0,1,0,0,0,0,1
618189,2026-05-01,Karnataka,613.65,613.65,0.0,0.0,MoRTH,False,181.0,670.0,0.0,0.0,0.0,0,0,0.0,-27.01492537313433,0.0,0.0,0.2701492537313433,489.0,181.0,670.0,1,1,0,0,1,0,0,0,0,0
618190,2026-05-01,Telangana,644.45,644.45,350.2,98.6,MoRTH,False,1157.0,365.0,54.34091085421677,54.34091085421677,44.25908914578322,0,1,0.0,-101.4,-44.25908914578322,0.0,2.0,-792.0,1157.0,365.0,1,1,1,0,1,0,0,0,0,1
618193,2026-05-01,Andhra Pradesh,368.63,368.63,37.59,22.55,MoRTH,False,395.0,456.0,10.197216721373737,10.197216721373737,12.352783278626264,0,1,0.0,-64.07280701754387,-12.352783278626264,0.0,0.8662280701754386,61.0,395.0,456.0,1,1,1,0,1,0,0,0,0,1
618194,2026-05-01,Andhra Pradesh,294.13,285.29,312.39,98.52,MoRTH,False,2830.0,153.0,109.4991061726664,100.0,-1.480000000000004,1,1,0.0,-101.48,10.979106172666404,0.0,2.0,-2677.0,2830.0,153.0,1,1,1,0,1,0,1,0,0,0
618196,2026-05-01,Telangana,578.85,578.85,0.0,85.0,MoRTH,False,1247.0,334.0,0.0,0.0,85.0,0,1,0.0,-115.0,-85.0,0.0,2.0,-913.0,1247.0,334.0,1,1,1,0,1,0,0,0,0,1
618197,2026-05-01,Telangana,882.18,882.18,347.73,74.06,MoRTH,False,1216.0,365.0,39.41712575664831,39.41712575664831,34.64287424335169,0,1,0.0,-125.94,-34.64287424335169,0.0,2.0,-851.0,1216.0,365.0,1,1,1,0,1,0,0,0,0,1
618198,2026-05-01,Maharashtra,388.93,341.69,0.0,93.07,MoRTH,False,1581.0,1402.0,0.0,0.0,93.07,1,1,0.0699999999999931,-19.697475035663345,-93.07,0.0,1.1276747503566331,-179.0,1581.0,1402.0,1,0,0,0,0,0,0,0,0,1
618199,2026-05-01,Maharashtra,723.13,723.13,0.0,52.5,MoRTH,False,669.0,516.0,0.0,0.0,52.5,0,1,4.0,-77.1511627906977,-52.5,0.0,1.2965116279069768,-153.0,669.0,516.0,1,1,1,0,0,0,0,0,0,1
618200,2026-05-01,Rajasthan,317.74,317.74,6.08,48.2,MoRTH,False,943.0,579.0,1.9135141939950904,1.9135141939950904,46.28648580600491,0,1,11.330000000000004,-114.66701208981004,-46.28648580600491,0.0,1.6286701208981005,-364.0,943.0,579.0,1,1,1,0,0,1,0,0,0,0
618201,2026-05-01,"Jammu andKashmir",702.1,702.1,0.0,49.22,MoRTH,False,546.0,427.0,0.0,0.0,49.22,0,1,4.219999999999999,-78.64885245901641,-49.22,0.0,1.278688524590164,-119.0,546.0,427.0,1,1,1,0,0,1,0,0,0,0
618202,2026-05-01,"Jammu andKashmir",992.43,992.43,34.26,44.1,MoRTH,False,607.0,550.0,3.452132644115958,3.452132644115958,40.647867355884046,0,1,4.259999999999998,-66.26363636363635,-40.647867355884046,0.0,1.1036363636363635,-57.0,607.0,550.0,1,1,1,0,0,1,0,0,0,1
618203,2026-05-01,"Jammu andKashmir",980.21,980.21,16.44,53.67,MoRTH,False,638.0,519.0,1.6771916222034056,1.6771916222034056,51.9928083777966,0,1,3.660000000000004,-69.2587090558767,-51.9928083777966,0.0,1.229287090558767,-119.0,638.0,519.0,1,1,1,0,0,0,0,0,0,1
618204,2026-05-01,"Jammu andKashmir",426.15,426.15,97.91,54.89,MoRTH,False,1065.0,577.0,22.975478118033557,22.975478118033557,31.914521881966444,0,1,0.0,-129.68538994800696,-31.914521881966444,0.0,1.8457538994800693,-488.0,1065.0,577.0,1,1,1,0,1,0,0,0,0,1
618205,2026-05-01,"Jammu andKashmir",823.46,823.46,277.76,83.67,MoRTH,False,1004.0,426.0,33.73084302819809,33.73084302819809,49.939156971801914,0,1,0.6700000000000017,-116.33,-49.93915697180192,0.0,2.0,-578.0,1004.0,426.0,1,1,1,0,0,0,0,0,0,0
618206,2026-05-01,"Jammu andKashmir",1404.94,1404.94,118.48,40.0,MoRTH,False,546.0,245.0,8.433100345922245,8.433100345922245,31.566899654077755,0,0,3.5,-160.0,-31.566899654077755,0.0,2.0,-301.0,546.0,245.0,1,1,1,0,0,1,0,0,0,0
618207,2026-05-01,Uttarakhand,573.96,573.96,0.0,20.78,MoRTH,False,943.0,365.0,0.0,0.0,20.78,0,1,0.0,-179.22,-20.78,0.0,2.0,-578.0,943.0,365.0,1,1,1,0,1,1,0,0,0,0
618209,2026-05-01,Uttarakhand,258.85,258.85,0.0,35.6,MoRTH,False,1338.0,184.0,0.0,0.0,35.6,0,1,0.0,-164.4,-35.6,0.0,2.0,-1154.0,1338.0,184.0,1,1,1,0,1,1,0,0,0,0
618210,2026-05-01,Uttarakhand,603.92,603.92,0.0,81.17,MoRTH,False,1612.0,456.0,0.0,0.0,81.17,0,1,0.0,-118.83,-81.17,0.0,2.0,-1156.0,1612.0,456.0,1,1,1,0,1,0,0,0,0,1
618211,2026-05-01,Uttarakhand,649.6,649.6,0.0,29.72,MoRTH,False,546.0,915.0,0.0,0.0,29.72,0,1,0.0,-29.95213114754099,-29.72,0.0,0.5967213114754099,369.0,546.0,915.0,1,1,0,0,1,0,0,0,0,0
618212,2026-05-01,Uttarakhand,197.26,197.26,0.0,22.0,MoRTH,False,212.0,639.0,0.0,0.0,22.0,0,0,6.94,-11.176838810641629,-22.0,0.0,0.3317683881064163,427.0,212.0,639.0,1,0,0,0,0,0,0,0,0,0
618213,2026-05-01,Uttarakhand,273.76,273.76,0.0,96.46,MoRTH,False,2677.0,306.0,0.0,0.0,96.46,0,1,0.0,-103.54,-96.46,0.0,2.0,-2371.0,2677.0,306.0,1,1,1,0,1,0,0,0,0,1
618214,2026-05-01,Uttarakhand,346.5,346.5,0.0,100.0,MoRTH,False,2677.0,306.0,0.0,0.0,100.0,0,1,0.0,-100.0,-100.0,0.0,2.0,-2371.0,2677.0,306.0,1,1,1,0,1,0,0,0,0,0
618215,2026-05-01,Himachal Pradesh,274.36,194.0,0.0,22.26,MoRTH,False,699.0,1096.0,0.0,0.0,22.26,1,1,0.0,-41.51737226277372,-22.26,0.0,0.6377737226277372,397.0,699.0,1096.0,1,1,1,0,1,0,0,0,0,0
618216,2026-05-01,Himachal Pradesh,230.55,203.15,15.16,23.24,MoRTH,False,1035.0,852.0,7.462466158011321,7.462466158011321,15.777533841988678,1,1,0.0,-98.23887323943664,-15.777533841988678,0.0,1.2147887323943662,-183.0,1035.0,852.0,1,1,1,0,1,1,0,0,0,1
618217,2026-05-01,Himachal Pradesh,314.67,244.15,76.97,60.02,MoRTH,False,1096.0,791.0,31.525701413065736,31.525701413065736,28.494298586934267,1,1,0.0,-78.53878634639693,-28.494298586934267,0.0,1.3855878634639696,-305.0,1096.0,791.0,1,1,1,0,1,0,0,0,0,1
618218,2026-05-01,Uttarakhand,338.38,338.38,0.0,78.2,MoRTH,False,1096.0,212.0,0.0,0.0,78.2,0,1,0.0,-121.8,-78.2,0.0,2.0,-884.0,1096.0,212.0,1,1,1,0,1,0,0,0,0,0
618219,2026-05-01,Uttarakhand,292.76,292.76,0.0,72.5,MoRTH,False,730.0,578.0,0.0,0.0,72.5,0,1,0.0,-53.79757785467129,-72.5,0.0,1.2629757785467128,-152.0,730.0,578.0,1,1,1,0,1,0,0,0,0,0
618221,2026-05-01,"Jammu andKashmir",734.64,734.64,0.0,46.39,MoRTH,False,669.0,1034.0,0.0,0.0,46.39,0,1,0.980000000000004,-18.310193423597667,-46.39,0.0,0.6470019342359767,365.0,669.0,1034.0,1,0,0,0,0,0,0,0,0,0
618222,2026-05-01,"Jammu andKashmir",562.45,562.45,137.19,70.35,MoRTH,False,851.0,457.0,24.391501466797045,24.391501466797045,45.95849853320295,0,1,0.3199999999999932,-115.86444201312912,-45.95849853320295,0.0,1.8621444201312911,-394.0,851.0,457.0,1,1,1,0,0,0,0,0,0,1
618223,2026-05-01,"Jammu andKashmir",152.93,152.93,75.64,89.51,MoRTH,False,1703.0,549.0,49.46053750081737,49.46053750081737,40.04946249918264,0,1,0.5700000000000074,-110.49,-40.04946249918264,0.0,2.0,-1154.0,1703.0,549.0,1,1,1,0,0,0,0,0,0,1
618224,2026-05-01,"Jammu andKashmir",796.97,796.97,432.45,92.02,MoRTH,False,1734.0,518.0,54.26176644039299,54.26176644039299,37.75823355960701,0,1,0.0099999999999909,-107.98,-37.75823355960701,0.0,2.0,-1216.0,1734.0,518.0,1,1,1,0,0,0,0,0,0,1
618225,2026-05-01,"Jammu andKashmir",395.25,395.25,144.04,89.16,MoRTH,False,1400.0,365.0,36.44275774826059,36.44275774826059,52.71724225173941,0,1,0.1099999999999994,-110.84,-52.71724225173941,0.0,2.0,-1035.0,1400.0,365.0,1,1,1,0,0,0,0,0,0,1
618226,2026-05-01,"Jammu andKashmir",272.49,272.49,157.74,94.0,MoRTH,False,1277.0,853.0,57.88836287570186,57.88836287570186,36.11163712429814,0,1,0.0,-55.70691676436107,-36.11163712429814,0.0,1.4970691676436108,-424.0,1277.0,853.0,1,1,1,0,1,0,0,0,0,0
618227,2026-05-01,West Bengal,995.04,1059.2,494.68,71.61,MoRTH,False,1157.0,365.0,46.703172205438065,46.703172205438065,24.906827794561934,1,1,0.5799999999999983,-128.39,-24.90682779456193,0.0,2.0,-792.0,1157.0,365.0,1,1,1,0,0,0,0,0,0,1
618228,2026-05-01,Bihar,2926.42,2926.42,0.0,73.69,MoRTH,False,1887.0,759.0,0.0,0.0,73.69,0,1,1.1799999999999926,-126.31,-73.69,0.0,2.0,-1128.0,1887.0,759.0,1,1,1,0,0,0,0,0,0,0
618230,2026-05-01,Himachal Pradesh,314.32,314.32,0.0,70.03,MoRTH,False,1308.0,791.0,0.0,0.0,70.03,0,1,2.1099999999999994,-95.33030341340074,-70.03,0.0,1.6536030341340076,-517.0,1308.0,791.0,1,1,1,0,0,0,0,0,0,0
618231,2026-05-01,Himachal Pradesh,371.93,371.93,198.34,93.53,MoRTH,False,1430.0,669.0,53.32723899658538,53.32723899658538,40.20276100341462,0,1,2.0400000000000063,-106.47,-40.20276100341462,0.0,2.0,-761.0,1430.0,669.0,1,1,1,0,0,0,0,0,0,1
618232,2026-05-01,Himachal Pradesh,251.62,190.02,75.88,57.63,MoRTH,False,912.0,1187.0,39.932638669613716,39.932638669613716,17.697361330386286,1,1,1.7800000000000011,-19.202350463352992,-17.697361330386286,0.0,0.7683235046335299,275.0,912.0,1187.0,1,0,0,0,0,0,0,0,0,0
618233,2026-05-01,Uttar Pradesh,1948.25,1465.41,0.0,88.9,MoRTH,False,1915.0,946.0,0.0,0.0,88.9,1,1,0.9900000000000092,-111.1,-88.9,0.0,2.0,-969.0,1915.0,946.0,1,1,1,0,0,0,0,0,0,0
618234,2026-05-01,Bihar,1478.4,1478.4,824.29,96.1,MoRTH,False,1795.0,1004.0,55.75554653679653,55.75554653679653,40.344453463203465,0,1,1.8999999999999917,-82.68486055776893,-40.344453463203465,0.0,1.7878486055776892,-791.0,1795.0,1004.0,1,1,1,0,0,0,0,0,0,1
618235,2026-05-01,Rajasthan,278.1,278.1,40.2,44.03,MoRTH,False,334.0,151.0,14.455231930960085,14.455231930960085,29.574768069039916,0,1,6.8700000000000045,-155.97,-29.57476806903992,0.0,2.0,-183.0,334.0,151.0,1,1,1,0,0,1,0,0,0,1
618236,2026-05-01,Andhra Pradesh,316.06,288.76,220.75,100.0,MoRTH,False,3652.0,90.0,76.44756891536224,76.44756891536224,23.55243108463776,1,1,0.0,-100.0,-23.55243108463776,0.0,2.0,-3562.0,3652.0,90.0,1,1,1,0,1,0,0,0,0,0
618238,2026-05-01,Andhra Pradesh,350.61,432.91,233.92,98.2,MoRTH,False,3407.0,153.0,54.0343258413989,54.0343258413989,44.1656741586011,1,1,0.0,-101.8,-44.1656741586011,0.0,2.0,-3254.0,3407.0,153.0,1,1,1,0,1,0,0,0,0,1
618239,2026-05-01,Andhra Pradesh,445.22,459.37,0.0,98.6,MoRTH,False,3529.0,184.0,0.0,0.0,98.6,1,1,0.0,-101.4,-98.6,0.0,2.0,-3345.0,3529.0,184.0,1,1,1,0,1,0,0,0,0,0
618240,2026-05-01,Uttar Pradesh,236.47,236.47,0.0,100.0,MoRTH,False,1338.0,883.0,0.0,0.0,100.0,0,1,10.0,-51.52887882219704,-100.0,0.0,1.5152887882219706,-455.0,1338.0,883.0,1,1,1,0,0,0,0,0,0,0
618242,2026-05-01,Jharkhand,300.46,300.46,85.48,48.73,MoRTH,False,851.0,610.0,28.449710443985893,28.449710443985893,20.280289556014104,0,1,2.509999999999998,-90.77819672131147,-20.280289556014104,0.0,1.3950819672131147,-241.0,851.0,610.0,1,1,1,0,0,1,0,0,0,1
618243,2026-05-01,Uttar Pradesh,1138.72,1138.72,0.0,30.0,MoRTH,False,334.0,913.0,0.0,0.0,30.0,0,1,3.0,-6.58269441401972,-30.0,0.0,0.3658269441401972,579.0,334.0,913.0,0,0,0,0,0,0,0,0,0,0
618244,2026-05-01,Uttar Pradesh,1273.72,1273.72,0.0,51.0,MoRTH,False,365.0,1157.0,0.0,0.0,51.0,0,1,6.630000000000003,19.45289541918756,-51.0,0.0,0.3154710458081244,792.0,365.0,1157.0,0,0,0,0,0,0,0,0,0,0
618246,2026-05-01,Bihar,1110.23,1110.23,0.0,50.78,MoRTH,False,1096.0,1034.0,0.0,0.0,50.78,0,1,1.0,-55.2161315280464,-50.78,0.0,1.059961315280464,-62.0,1096.0,1034.0,1,1,1,0,0,0,0,0,0,1
618247,2026-05-01,Uttar Pradesh,1708.62,1708.62,0.0,3.0,MoRTH,False,120.0,671.0,0.0,0.0,3.0,0,1,1.0,-14.883755588673624,-3.0,0.0,0.1788375558867362,551.0,120.0,671.0,1,0,0,0,0,0,0,0,0,0
618248,2026-05-01,Uttar Pradesh,1653.15,1653.15,0.0,14.0,MoRTH,False,120.0,976.0,0.0,0.0,14.0,0,1,4.0,1.7049180327868854,-14.0,0.0,0.1229508196721311,856.0,120.0,976.0,0,0,0,0,0,0,0,0,0,0
618249,2026-05-01,Uttar Pradesh,1511.57,1511.57,0.0,34.0,MoRTH,False,426.0,731.0,0.0,0.0,34.0,0,1,2.0,-24.276333789329684,-34.0,0.0,0.5827633378932968,305.0,426.0,731.0,1,1,0,0,0,0,0,0,0,0
618250,2026-05-01,Bihar,3064.45,3064.45,0.0,15.83,MoRTH,False,730.0,121.0,0.0,0.0,15.83,0,1,5.140000000000001,-184.17,-15.83,0.0,2.0,-609.0,730.0,121.0,1,1,1,0,0,1,0,0,0,0
618251,2026-05-01,Bihar,1661.25,1661.25,0.0,6.05,MoRTH,False,242.0,915.0,0.0,0.0,6.05,0,1,0.5300000000000002,-20.398087431693988,-6.05,0.0,0.2644808743169399,673.0,242.0,915.0,1,1,0,0,0,0,0,0,0,0
618252,2026-05-01,Uttar Pradesh,974.19,1344.61,0.85,56.0,MoRTH,False,546.0,1035.0,0.06321535612556801,0.06321535612556801,55.93678464387443,1,1,8.0,3.246376811594203,-55.93678464387443,0.0,0.527536231884058,489.0,546.0,1035.0,0,0,0,0,0,0,0,0,0,0
618253,2026-05-01,Himachal Pradesh,870.95,896.86,0.0,0.0,MoRTH,False,61.0,1004.0,0.0,0.0,0.0,1,1,0.0,-6.075697211155378,0.0,0.0,0.0607569721115537,943.0,61.0,1004.0,0,0,0,0,1,0,0,0,0,0
618254,2026-05-01,Andhra Pradesh,244.43,244.43,15.38,13.0,MoRTH,False,485.0,672.0,6.292189993045044,6.292189993045044,6.707810006954956,0,1,0.0,-59.17261904761905,-6.707810006954956,0.0,0.7217261904761905,187.0,485.0,672.0,1,1,1,0,1,0,0,0,0,1
618255,2026-05-01,Andhra Pradesh,361.24,358.05,114.73,43.22,MoRTH,False,912.0,1309.0,32.043010752688176,32.043010752688176,11.176989247311823,1,1,0.0,-26.451504965622615,-11.176989247311823,0.0,0.6967150496562261,397.0,912.0,1309.0,1,1,0,0,1,0,0,0,0,1
618256,2026-05-01,Andhra Pradesh,311.22,311.22,195.13,91.25,MoRTH,False,1308.0,791.0,62.69841269841269,62.69841269841269,28.55158730158731,0,1,0.0,-74.11030341340074,-28.55158730158731,0.0,1.6536030341340076,-517.0,1308.0,791.0,1,1,1,0,1,0,0,0,0,1
618257,2026-05-01,Andhra Pradesh,349.29,349.29,242.08,100.0,MoRTH,False,1400.0,699.0,69.30630708007672,69.30630708007672,30.69369291992328,0,1,0.0,-100.0,-30.69369291992328,0.0,2.0,-701.0,1400.0,699.0,1,1,1,0,1,0,0,0,0,1
618260,2026-05-01,Uttar Pradesh,1348.06,1348.06,0.0,30.04,MoRTH,False,181.0,1341.0,0.0,0.0,30.04,0,1,5.039999999999999,16.54260999254288,-30.04,0.0,0.1349739000745712,1160.0,181.0,1341.0,0,0,0,0,0,0,0,0,0,0
618262,2026-05-01,Uttar Pradesh,1734.7,1734.7,0.0,10.0,MoRTH,False,273.0,884.0,0.0,0.0,10.0,0,1,0.0,-20.88235294117647,-10.0,0.0,0.3088235294117647,611.0,273.0,884.0,1,1,0,0,1,0,0,0,0,0
618263,2026-05-01,Uttar Pradesh,701.02,701.02,0.0,81.18,MoRTH,False,485.0,672.0,0.0,0.0,81.18,0,1,0.0,9.007380952380956,-81.18,0.0,0.7217261904761905,187.0,485.0,672.0,0,0,0,0,1,0,0,0,0,1
618264,2026-05-01,Uttar Pradesh,2061.86,2061.86,0.0,30.0,MoRTH,False,151.0,945.0,0.0,0.0,30.0,0,1,5.0,14.021164021164022,-30.0,0.0,0.1597883597883597,794.0,151.0,945.0,0,0,0,0,0,0,0,0,0,0
618265,2026-05-01,Uttar Pradesh,172.5,169.56,0.0,91.0,MoRTH,False,1400.0,821.0,0.0,0.0,91.0,1,1,2.0,-79.5237515225335,-91.0,0.0,1.705237515225335,-579.0,1400.0,821.0,1,1,1,0,0,0,0,0,0,1
618266,2026-05-01,Uttar Pradesh,325.24,340.16,0.0,99.0,MoRTH,False,1277.0,944.0,0.0,0.0,99.0,1,1,1.0,-36.27542372881357,-99.0,0.0,1.3527542372881356,-333.0,1277.0,944.0,1,1,1,0,0,0,0,0,0,1
618267,2026-05-01,Uttar Pradesh,1590.2,1590.2,0.0,0.0,MoRTH,False,0.0,1157.0,0.0,0.0,0.0,0,0,,0.0,0.0,,0.0,1157.0,0.0,1157.0,0,0,0,0,0,0,0,0,0,0
618282,2026-05-01,Assam,1264.9,1264.9,470.6,62.16,NHIDCL,False,882.0,275.0,37.20452209660843,37.20452209660843,24.955477903391568,0,1,5.25,-137.84,-24.955477903391568,0.0,2.0,-607.0,882.0,275.0,1,1,1,0,0,0,0,0,0,1
618283,2026-05-01,Assam,1000.27,1000.27,417.06,54.68,NHIDCL,False,882.0,275.0,41.69474241954672,41.69474241954672,12.985257580453279,0,1,3.759999999999998,-145.32,-12.98525758045328,0.0,2.0,-607.0,882.0,275.0,1,1,1,0,0,0,0,0,0,1
618284,2026-05-01,Assam,1457.59,1457.59,847.08,79.91,NHIDCL,False,882.0,275.0,58.115107814954825,58.115107814954825,21.79489218504517,0,1,0.4500000000000028,-120.09,-21.79489218504517,0.0,2.0,-607.0,882.0,275.0,1,1,1,0,0,0,0,0,0,0
618286,2026-05-01,Assam,746.76,746.76,417.02,79.23,NHIDCL,False,1642.0,61.0,55.84391236809685,55.84391236809685,23.386087631903152,0,1,2.760000000000005,-120.77,-23.386087631903152,0.0,2.0,-1581.0,1642.0,61.0,1,1,1,0,0,0,0,0,0,0
618287,2026-05-01,Assam,1338.61,1338.61,0.0,12.45,NHIDCL,False,516.0,396.0,0.0,0.0,12.45,0,1,0.0,-117.85303030303032,-12.45,0.0,1.303030303030303,-120.0,516.0,396.0,1,1,1,0,1,1,0,0,0,0
618288,2026-05-01,Assam,1081.15,1081.15,0.0,30.8,NHIDCL,False,454.0,366.0,0.0,0.0,30.8,0,1,2.0600000000000023,-93.24371584699456,-30.8,0.0,1.2404371584699454,-88.0,454.0,366.0,1,1,1,0,0,1,0,0,0,0
618289,2026-05-01,Assam,224.85,224.85,204.31,97.76,NHIDCL,False,2160.0,92.0,90.86502112519457,90.86502112519457,6.894978874805432,0,1,0.0,-102.24,-6.894978874805432,0.0,2.0,-2068.0,2160.0,92.0,1,1,1,0,1,0,0,0,0,1
618290,2026-05-01,Nagaland,202.36,202.36,94.2,45.55,NHIDCL,False,2038.0,92.0,46.55070171970745,46.55070171970745,-1.0007017197074504,0,1,0.029999999999994,-154.45,1.0007017197074504,0.0,2.0,-1946.0,2038.0,92.0,1,1,1,0,0,1,0,0,0,1
618291,2026-05-01,Nagaland,159.85,342.29,84.66,37.38,NHIDCL,False,1065.0,1065.0,24.733413187647898,24.733413187647898,12.646586812352105,1,1,0.0,-62.62,-12.646586812352105,0.0,1.0,0.0,1065.0,1065.0,1,1,1,0,1,0,0,0,0,1
618292,2026-05-01,Nagaland,277.44,277.44,192.83,69.82,NHIDCL,False,2038.0,92.0,69.50331603229529,69.50331603229529,0.3166839677047051,0,1,0.0,-130.18,-0.3166839677047051,0.0,2.0,-1946.0,2038.0,92.0,1,1,1,0,1,0,0,0,0,1
618293,2026-05-01,Nagaland,232.29,350.88,16.22,25.61,NHIDCL,False,912.0,1218.0,4.62266301869585,4.62266301869585,20.98733698130415,1,1,0.0,-49.2668472906404,-20.98733698130415,0.0,0.7487684729064039,306.0,912.0,1218.0,1,1,1,0,1,0,0,0,0,1
618294,2026-05-01,Meghalaya,801.07,801.07,64.53,24.74,NHIDCL,False,242.0,915.0,8.055475801116007,8.055475801116007,16.68452419888399,0,1,0.6099999999999994,-1.7080874316939898,-16.68452419888399,0.0,0.2644808743169399,673.0,242.0,915.0,0,0,0,0,0,0,0,0,0,1
618295,2026-05-01,Meghalaya,705.83,705.83,0.0,42.09,NHIDCL,False,426.0,731.0,0.0,0.0,42.09,0,1,3.3400000000000034,-16.18633378932968,-42.09,0.0,0.5827633378932968,305.0,426.0,731.0,1,0,0,0,0,0,0,0,0,0
618296,2026-05-01,Nagaland,330.8,330.8,0.0,93.04,NHIDCL,False,912.0,1340.0,0.0,0.0,93.04,0,1,0.0,24.98029850746269,-93.04,0.0,0.6805970149253732,428.0,912.0,1340.0,0,0,0,0,1,0,0,0,0,1
618297,2026-05-01,Nagaland,355.79,355.79,0.0,43.13,NHIDCL,False,851.0,1401.0,0.0,0.0,43.13,0,1,2.25,-17.612326909350465,-43.13,0.0,0.6074232690935046,550.0,851.0,1401.0,1,0,0,0,0,0,0,0,0,0
618298,2026-05-01,Manipur,211.7,211.7,237.43,91.76,NHIDCL,False,1765.0,122.0,112.15399149740199,100.0,-8.239999999999995,0,1,0.8000000000000114,-108.24,20.393991497401984,0.0,2.0,-1643.0,1765.0,122.0,1,1,1,0,0,0,1,1,0,1
618299,2026-05-01,Manipur,268.98,268.98,0.0,56.16,NHIDCL,False,516.0,1552.0,0.0,0.0,56.16,0,1,1.009999999999998,22.912577319587623,-56.16,0.0,0.3324742268041237,1036.0,516.0,1552.0,0,0,0,0,0,0,0,0,0,0
618300,2026-05-01,Manipur,379.39,379.39,302.13,91.31,NHIDCL,False,2038.0,30.0,79.63573104193574,79.63573104193574,11.67426895806426,0,1,0.0,-108.69,-11.67426895806426,0.0,2.0,-2008.0,2038.0,30.0,1,1,1,0,1,0,0,0,0,1
618301,2026-05-01,Manipur,228.97,228.97,33.77,48.16,NHIDCL,False,454.0,1614.0,14.748657029305152,14.748657029305152,33.41134297069485,0,1,0.0,20.03112763320941,-33.41134297069485,0.0,0.2812887236679058,1160.0,454.0,1614.0,0,0,0,0,1,0,0,0,0,1
618302,2026-05-01,Manipur,256.04,256.04,0.0,97.12,NHIDCL,False,2130.0,122.0,0.0,0.0,97.12,0,1,0.0,-102.88,-97.12,0.0,2.0,-2008.0,2130.0,122.0,1,1,1,0,1,0,0,0,0,1
618303,2026-05-01,Manipur,222.77,222.77,0.0,88.85,NHIDCL,False,2130.0,122.0,0.0,0.0,88.85,0,1,0.0,-111.15,-88.85,0.0,2.0,-2008.0,2130.0,122.0,1,1,1,0,1,0,0,0,0,1
618304,2026-05-01,Manipur,164.89,164.89,125.76,23.56,NHIDCL,False,516.0,641.0,76.26902783673965,76.26902783673965,-52.70902783673965,0,1,0.0,-56.93921996879875,52.70902783673965,0.0,0.8049921996879875,125.0,516.0,641.0,1,1,1,0,1,0,1,1,1,1
618305,2026-05-01,Manipur,554.66,554.66,201.52,22.55,NHIDCL,False,516.0,641.0,36.332167453935746,36.332167453935746,-13.782167453935745,0,1,0.0,-57.94921996879876,13.782167453935743,0.0,0.8049921996879875,125.0,516.0,641.0,1,1,1,0,1,0,1,0,0,1
618306,2026-05-01,Manipur,564.05,564.05,72.58,14.08,NHIDCL,False,365.0,792.0,12.867653576810568,12.867653576810568,1.212346423189432,0,1,0.0,-32.00585858585859,-1.212346423189432,0.0,0.4608585858585858,427.0,365.0,792.0,1,1,1,0,1,0,0,0,0,1
618308,2026-05-01,Assam,676.18,728.97,0.0,57.17,NHIDCL,False,638.0,519.0,0.0,0.0,57.17,1,1,0.0,-65.7587090558767,-57.17,0.0,1.229287090558767,-119.0,638.0,519.0,1,1,1,0,1,0,0,0,0,0
618309,2026-05-01,Assam,1319.55,1319.55,0.0,14.6,NHIDCL,False,273.0,547.0,0.0,0.0,14.6,0,1,0.0,-35.30859232175503,-14.6,0.0,0.4990859232175503,274.0,273.0,547.0,1,1,1,0,1,0,0,0,0,0
618310,2026-05-01,Assam,791.79,791.79,0.06,40.4,NHIDCL,False,454.0,366.0,0.007577766832114576,0.007577766832114576,40.392422233167885,0,1,0.0,-83.64371584699455,-40.392422233167885,0.0,1.2404371584699454,-88.0,454.0,366.0,1,1,1,0,1,1,0,0,0,0
618311,2026-05-01,Assam,870.0,870.0,0.0,31.83,NHIDCL,False,426.0,365.0,0.0,0.0,31.83,0,1,0.0,-84.8823287671233,-31.83,0.0,1.167123287671233,-61.0,426.0,365.0,1,1,1,0,1,1,0,0,0,0
618312,2026-05-01,Assam,1258.13,1258.13,0.0,11.0,NHIDCL,False,395.0,425.0,0.0,0.0,11.0,0,1,0.0,-81.94117647058823,-11.0,0.0,0.9294117647058824,30.0,395.0,425.0,1,1,1,0,1,0,0,0,0,0
618313,2026-05-01,Assam,1181.55,1181.55,0.0,0.0,NHIDCL,False,242.0,549.0,0.0,0.0,0.0,0,1,0.0,-44.080145719489984,0.0,0.0,0.4408014571948998,307.0,242.0,549.0,1,1,1,0,1,0,0,0,0,0
618314,2026-05-01,Assam,1716.21,1716.21,937.33,79.34,NHIDCL,False,820.0,337.0,54.616276562891485,54.616276562891485,24.723723437108518,0,1,0.0,-120.66,-24.72372343710852,0.0,2.0,-483.0,820.0,337.0,1,1,1,0,1,0,0,0,0,0
618315,2026-05-01,Assam,1256.9,1256.9,551.61,55.46,NHIDCL,False,851.0,334.0,43.8865462646193,43.8865462646193,11.573453735380703,0,1,0.0,-144.54,-11.573453735380705,0.0,2.0,-517.0,851.0,334.0,1,1,1,0,1,0,0,0,0,0
618316,2026-05-01,Mizoram,491.39,491.39,34.51,17.86,NHIDCL,True,304.0,1308.0,7.022934939660962,7.022934939660962,10.837065060339038,0,1,0.0,-5.38159021406728,-10.837065060339038,0.0,0.2324159021406728,1004.0,304.0,1308.0,0,0,0,0,1,0,0,0,0,1
618317,2026-05-01,Mizoram,561.91,561.91,0.0,17.12,NHIDCL,True,304.0,1308.0,0.0,0.0,17.12,0,1,0.0,-6.121590214067279,-17.12,0.0,0.2324159021406728,1004.0,304.0,1308.0,0,0,0,0,1,0,0,0,0,0
618318,2026-05-01,Mizoram,720.4,720.4,40.57,11.86,NHIDCL,True,304.0,1338.0,5.631593559133815,5.631593559133815,6.228406440866184,0,1,0.0,-10.860478325859493,-6.228406440866184,0.0,0.2272047832585949,1034.0,304.0,1338.0,1,0,0,0,1,0,0,0,0,1
618319,2026-05-01,Mizoram,595.65,595.65,21.02,6.72,NHIDCL,True,304.0,1308.0,3.5289179887517843,3.5289179887517843,3.1910820112482154,0,1,0.0,-16.52159021406728,-3.1910820112482154,0.0,0.2324159021406728,1004.0,304.0,1308.0,1,0,0,0,1,0,0,0,0,1
618320,2026-05-01,Mizoram,866.32,866.32,0.0,18.9,NHIDCL,False,212.0,608.0,0.0,0.0,18.9,0,0,0.0,-15.968421052631577,-18.9,0.0,0.3486842105263157,396.0,212.0,608.0,1,0,0,0,1,0,0,0,0,0
618321,2026-05-01,Mizoram,875.79,875.79,0.0,13.95,NHIDCL,False,181.0,639.0,0.0,0.0,13.95,0,0,0.0,-14.375508607198746,-13.95,0.0,0.2832550860719874,458.0,181.0,639.0,1,0,0,0,1,0,0,0,0,0
618323,2026-05-01,Mizoram,1313.28,1313.28,0.0,0.0,NHIDCL,False,151.0,700.0,0.0,0.0,0.0,0,0,0.0,-21.571428571428573,0.0,0.0,0.2157142857142857,549.0,151.0,700.0,1,1,0,0,1,0,0,0,0,0
618324,2026-05-01,Mizoram,720.72,720.72,0.0,15.1,NHIDCL,False,212.0,973.0,0.0,0.0,15.1,0,0,0.0,-6.688283658787254,-15.1,0.0,0.2178828365878725,761.0,212.0,973.0,0,0,0,0,1,0,0,0,0,0
618325,2026-05-01,Assam,204.1,204.1,0.0,0.0,NHIDCL,False,1216.0,426.0,0.0,0.0,0.0,0,1,0.0,-200.0,0.0,0.0,2.0,-790.0,1216.0,426.0,1,1,1,0,1,1,0,0,0,1
618326,2026-05-01,Assam,516.88,516.88,0.0,98.41,NHIDCL,False,912.0,304.0,0.0,0.0,98.41,0,1,0.4500000000000028,-101.59,-98.41,0.0,2.0,-608.0,912.0,304.0,1,1,1,0,0,0,0,0,0,0
618328,2026-05-01,Nagaland,562.98,794.75,119.71,82.59,NHIDCL,False,973.0,2740.0,15.062598301352626,15.062598301352626,67.52740169864738,1,0,0.0,47.07905109489051,-67.52740169864738,0.0,0.3551094890510949,1767.0,973.0,2740.0,0,0,0,0,1,0,0,0,0,1
618331,2026-05-01,Assam,957.95,957.95,149.54,36.56,NHIDCL,False,485.0,366.0,15.610418080275586,15.610418080275586,20.949581919724416,0,1,0.0,-95.9536612021858,-20.949581919724416,0.0,1.325136612021858,-119.0,485.0,366.0,1,1,1,0,1,1,0,0,0,0
618333,2026-05-01,Manipur,760.16,760.16,419.61,91.32,NHIDCL,False,882.0,334.0,55.20022100610398,55.20022100610398,36.11977899389601,0,1,0.7999999999999972,-108.68,-36.11977899389601,0.0,2.0,-548.0,882.0,334.0,1,1,1,0,0,0,0,0,0,1
618334,2026-05-01,Manipur,504.76,504.76,308.08,95.2,NHIDCL,False,1185.0,427.0,61.03494730168792,61.03494730168792,34.16505269831208,0,1,0.2000000000000028,-104.8,-34.16505269831208,0.0,2.0,-758.0,1185.0,427.0,1,1,1,0,0,0,0,0,0,1
618335,2026-05-01,Manipur,410.68,410.68,341.99,89.95,NHIDCL,False,1277.0,335.0,83.27408201032435,83.27408201032435,6.6759179896756535,0,1,0.0,-110.05,-6.6759179896756535,0.0,2.0,-942.0,1277.0,335.0,1,1,1,0,1,0,0,0,0,1
618336,2026-05-01,Manipur,579.63,579.63,381.11,85.89,NHIDCL,False,1430.0,273.0,65.75056501561342,65.75056501561342,20.139434984386583,0,1,1.0300000000000011,-114.11,-20.139434984386583,0.0,2.0,-1157.0,1430.0,273.0,1,1,1,0,0,0,0,0,0,1
618337,2026-05-01,Manipur,467.0,467.0,571.25,86.33,NHIDCL,False,1703.0,184.0,122.32334047109208,100.0,-13.670000000000002,0,1,0.0,-113.67,35.99334047109208,0.0,2.0,-1519.0,1703.0,184.0,1,1,1,0,1,0,1,1,1,0
618338,2026-05-01,Manipur,195.14,195.14,0.0,90.72,NHIDCL,False,426.0,1461.0,0.0,0.0,90.72,0,1,14.539999999999992,61.56188911704312,-90.72,0.0,0.2915811088295688,1035.0,426.0,1461.0,0,0,0,0,0,0,0,0,0,1
618339,2026-05-01,Assam,356.65,356.65,0.0,20.45,NHIDCL,False,882.0,334.0,0.0,0.0,20.45,0,0,0.0,-179.55,-20.45,0.0,2.0,-548.0,882.0,334.0,1,1,1,0,1,1,0,0,0,1
618340,2026-05-01,Assam,458.59,458.59,236.85,85.15,NHIDCL,False,1096.0,120.0,51.647441069364795,51.647441069364795,33.50255893063521,0,1,1.7600000000000051,-114.85,-33.50255893063521,0.0,2.0,-976.0,1096.0,120.0,1,1,1,0,0,0,0,0,0,1
618344,2026-05-01,Manipur,673.27,673.27,508.53,83.6,NHIDCL,False,1734.0,153.0,75.53136186076908,75.53136186076908,8.068638139230913,0,1,0.6699999999999875,-116.4,-8.068638139230913,0.0,2.0,-1581.0,1734.0,153.0,1,1,1,0,0,0,0,0,0,1
618345,2026-05-01,Manipur,365.53,365.53,187.39,87.28,NHIDCL,False,2099.0,61.0,51.26528602303505,51.26528602303505,36.01471397696495,0,1,2.1899999999999977,-112.72,-36.01471397696495,0.0,2.0,-2038.0,2099.0,61.0,1,1,1,0,0,0,0,0,0,1
618346,2026-05-01,Manipur,232.99,232.99,150.9,100.0,NHIDCL,False,2130.0,91.0,64.76672818575905,64.76672818575905,35.23327181424095,0,1,3.6500000000000057,-100.0,-35.23327181424095,0.0,2.0,-2039.0,2130.0,91.0,1,1,1,0,0,0,0,0,0,1
618347,2026-05-01,Manipur,241.52,241.52,152.86,100.0,NHIDCL,False,2130.0,91.0,63.29082477641603,63.29082477641603,36.70917522358397,0,1,3.4599999999999937,-100.0,-36.70917522358397,0.0,2.0,-2039.0,2130.0,91.0,1,1,1,0,0,0,0,0,0,1
618348,2026-05-01,Manipur,177.76,177.76,2.62,4.45,NHIDCL,False,181.0,1979.0,1.473897389738974,1.473897389738974,2.976102610261026,0,1,3.4800000000000004,-4.696033350176857,-2.976102610261026,0.0,0.0914603335017685,1798.0,181.0,1979.0,0,0,0,0,0,0,0,0,0,1
618349,2026-05-01,Manipur,204.12,204.12,0.0,22.5,NHIDCL,False,273.0,1948.0,0.0,0.0,22.5,0,1,1.1099999999999994,8.485626283367555,-22.5,0.0,0.1401437371663244,1675.0,273.0,1948.0,0,0,0,0,0,0,0,0,0,0
618350,2026-05-01,Tripura,920.66,920.66,0.0,43.8,NHIDCL,False,607.0,275.0,0.0,0.0,43.8,0,1,0.0,-156.2,-43.8,0.0,2.0,-332.0,607.0,275.0,1,1,1,0,1,1,0,0,0,0
618351,2026-05-01,Assam,890.33,693.15,588.02,90.5,NHIDCL,False,1004.0,153.0,84.8330087282695,84.8330087282695,5.666991271730495,1,1,8.599999999999994,-109.5,-5.666991271730495,0.0,2.0,-851.0,1004.0,153.0,1,1,1,0,0,0,0,0,0,1
618352,2026-05-01,Assam,860.37,614.43,545.83,87.5,NHIDCL,False,1004.0,153.0,88.83518057386523,88.83518057386523,-1.3351805738652303,1,1,0.0,-112.5,1.3351805738652305,0.0,2.0,-851.0,1004.0,153.0,1,1,1,0,1,0,0,0,0,1
618353,2026-05-01,Assam,904.04,904.04,538.33,85.2,NHIDCL,False,1004.0,153.0,59.547143931684445,59.547143931684445,25.652856068315558,0,1,0.0,-114.8,-25.65285606831556,0.0,2.0,-851.0,1004.0,153.0,1,1,1,0,1,0,0,0,0,1
618354,2026-05-01,Assam,846.82,846.82,0.0,85.29,NHIDCL,False,791.0,91.0,0.0,0.0,85.29,0,1,0.0,-114.71,-85.29,0.0,2.0,-700.0,791.0,91.0,1,1,1,0,1,0,0,0,0,0
618355,2026-05-01,Manipur,483.87,483.87,363.16,95.28,NHIDCL,False,1703.0,62.0,75.05321677310022,75.05321677310022,20.226783226899784,0,1,0.0,-104.72,-20.226783226899784,0.0,2.0,-1641.0,1703.0,62.0,1,1,1,0,1,0,0,0,0,1
618356,2026-05-01,Manipur,234.08,234.08,197.91,100.0,NHIDCL,False,1795.0,92.0,84.54801777170198,84.54801777170198,15.451982228298021,0,1,0.0,-100.0,-15.45198222829802,0.0,2.0,-1703.0,1795.0,92.0,1,1,1,0,1,0,0,0,0,1
618357,2026-05-01,Manipur,477.86,477.86,330.1,84.87,NHIDCL,False,1642.0,61.0,69.07880969321559,69.07880969321559,15.791190306784415,0,1,0.0,-115.13,-15.791190306784417,0.0,2.0,-1581.0,1642.0,61.0,1,1,1,0,1,0,0,0,0,0
618358,2026-05-01,Manipur,311.18,311.18,230.69,86.73,NHIDCL,False,1642.0,61.0,74.13394177003664,74.13394177003664,12.596058229963361,0,1,0.0,-113.27,-12.59605822996336,0.0,2.0,-1581.0,1642.0,61.0,1,1,1,0,1,0,0,0,0,0
618359,2026-05-01,"Multi-States(ArunachalPradesh, Assam)",665.47,665.47,305.63,96.7,NHIDCL,False,607.0,550.0,45.92693885524516,45.92693885524516,50.77306114475484,0,1,0.0,-13.663636363636344,-50.77306114475484,0.0,1.1036363636363635,-57.0,607.0,550.0,1,0,0,0,1,0,0,0,0,1
618362,2026-05-01,Mizoram,698.45,698.45,557.98,64.78,NHIDCL,False,1795.0,92.0,79.888324146324,79.888324146324,-15.108324146323994,0,1,0.0,-135.22,15.108324146323994,0.0,2.0,-1703.0,1795.0,92.0,1,1,1,0,1,0,1,0,0,1
618363,2026-05-01,Mizoram,740.58,740.58,432.25,61.34,NHIDCL,False,1765.0,30.0,58.366415512166135,58.366415512166135,2.973584487833868,0,1,0.0,-138.66,-2.973584487833868,0.0,2.0,-1735.0,1765.0,30.0,1,1,1,0,1,0,0,0,0,1
618364,2026-05-01,Nagaland,430.24,430.24,0.0,87.0,NHIDCL,False,1004.0,243.0,0.0,0.0,87.0,0,1,0.0,-113.0,-87.0,0.0,2.0,-761.0,1004.0,243.0,1,1,1,0,1,0,0,0,0,0
618365,2026-05-01,Nagaland,497.18,497.18,0.0,85.67,NHIDCL,False,1004.0,243.0,0.0,0.0,85.67,0,1,0.0,-114.33,-85.67,0.0,2.0,-761.0,1004.0,243.0,1,1,1,0,1,0,0,0,0,0
618366,2026-05-01,Nagaland,442.54,442.54,0.0,58.5,NHIDCL,False,1004.0,243.0,0.0,0.0,58.5,0,1,3.8400000000000034,-141.5,-58.5,0.0,2.0,-761.0,1004.0,243.0,1,1,1,0,0,0,0,0,0,0
618367,2026-05-01,Tripura,726.9,726.9,213.5,8.95,NHIDCL,False,516.0,335.0,29.37130279268125,29.37130279268125,-20.42130279268125,0,1,0.2999999999999989,-145.07985074626865,20.42130279268125,0.0,1.5402985074626865,-181.0,516.0,335.0,1,1,1,0,0,1,1,1,0,1
618368,2026-05-01,Tripura,670.9,670.9,0.0,14.1,NHIDCL,False,607.0,244.0,0.0,0.0,14.1,0,1,0.0999999999999996,-185.9,-14.1,0.0,2.0,-363.0,607.0,244.0,1,1,1,0,0,1,0,0,0,0
618369,2026-05-01,Tripura,657.21,657.21,0.0,60.05,NHIDCL,False,607.0,244.0,0.0,0.0,60.05,0,1,2.0999999999999943,-139.95,-60.05,0.0,2.0,-363.0,607.0,244.0,1,1,1,0,0,0,0,0,0,0
618370,2026-05-01,Tripura,431.78,431.78,0.0,58.12,NHIDCL,False,669.0,182.0,0.0,0.0,58.12,0,1,0.0,-141.88,-58.12,0.0,2.0,-487.0,669.0,182.0,1,1,1,0,1,0,0,0,0,1
618371,2026-05-01,Assam,613.89,613.89,260.02,84.98,NHIDCL,False,546.0,976.0,42.35612243235759,42.35612243235759,42.62387756764242,0,1,6.890000000000001,29.03737704918033,-42.62387756764242,0.0,0.5594262295081968,430.0,546.0,976.0,0,0,0,0,0,0,0,0,0,1
618373,2026-05-01,Assam,4997.04,4997.04,2837.17,76.01,NHIDCL,False,1977.0,580.0,56.77701199109874,56.77701199109874,19.232988008901266,0,1,1.6500000000000057,-123.99,-19.232988008901263,0.0,2.0,-1397.0,1977.0,580.0,1,1,1,0,0,0,0,0,0,1
618374,2026-05-01,Meghalaya,284.21,284.21,0.0,41.42,NHIDCL,False,730.0,1400.0,0.0,0.0,41.42,0,1,2.6499999999999986,-10.722857142857144,-41.42,0.0,0.5214285714285715,670.0,730.0,1400.0,1,0,0,0,0,0,0,0,0,1
618375,2026-05-01,Meghalaya,445.51,445.51,42.36,50.8,NHIDCL,False,760.0,1370.0,9.508204080716483,9.508204080716483,41.291795919283516,0,1,1.75,-4.674452554744526,-41.29179591928352,0.0,0.5547445255474452,610.0,760.0,1370.0,0,0,0,0,0,0,0,0,0,0
618376,2026-05-01,Meghalaya,525.67,525.67,0.0,50.66,NHIDCL,False,820.0,1310.0,0.0,0.0,50.66,0,1,1.3499999999999943,-11.935419847328255,-50.66,0.0,0.6259541984732825,490.0,820.0,1310.0,1,0,0,0,0,0,0,0,0,0
618377,2026-05-01,Meghalaya,351.12,351.12,0.0,98.72,NHIDCL,False,943.0,1187.0,0.0,0.0,98.72,0,1,5.659999999999997,19.276023588879525,-98.72,0.0,0.7944397641112048,244.0,943.0,1187.0,0,0,0,0,0,0,0,0,0,0
618379,2026-05-01,Mizoram,752.89,752.89,125.62,95.35,NHIDCL,False,2404.0,30.0,16.685040311333662,16.685040311333662,78.66495968866633,0,1,0.0,-104.65,-78.66495968866633,0.0,2.0,-2374.0,2404.0,30.0,1,1,1,0,1,0,0,0,0,0
618380,2026-05-01,Mizoram,867.09,867.09,159.47,97.51,NHIDCL,False,2404.0,30.0,18.391401123297467,18.391401123297467,79.11859887670253,0,1,0.0,-102.49,-79.11859887670253,0.0,2.0,-2374.0,2404.0,30.0,1,1,1,0,1,0,0,0,0,0
618383,2026-05-01,Mizoram,637.06,637.06,101.89,99.82,NHIDCL,False,2252.0,182.0,15.993783944997334,15.993783944997334,83.82621605500266,0,1,0.0,-100.18,-83.82621605500266,0.0,2.0,-2070.0,2252.0,182.0,1,1,1,0,1,0,0,0,0,0
618385,2026-05-01,Tripura,174.43,174.43,0.0,41.9,NHIDCL,False,607.0,1674.0,0.0,0.0,41.9,0,1,0.0,5.639545997610512,-41.9,0.0,0.3626045400238948,1067.0,607.0,1674.0,0,0,0,0,1,0,0,0,0,0
618387,2026-05-01,Manipur,578.98,578.98,249.58,80.02,NHIDCL,False,791.0,366.0,43.106843068845215,43.106843068845215,36.91315693115478,0,1,0.519999999999996,-119.98,-36.91315693115478,0.0,2.0,-425.0,791.0,366.0,1,1,1,0,0,0,0,0,0,1
618388,2026-05-01,Manipur,315.56,315.56,228.02,91.11,NHIDCL,False,1035.0,668.0,72.25884142476868,72.25884142476868,18.851158575231324,0,1,0.2000000000000028,-63.83011976047904,-18.851158575231324,0.0,1.5494011976047903,-367.0,1035.0,668.0,1,1,1,0,0,0,0,0,0,1
618389,2026-05-01,Manipur,310.76,310.76,247.28,97.0,NHIDCL,False,1369.0,334.0,79.57266057407647,79.57266057407647,17.427339425923535,0,1,0.2000000000000028,-103.0,-17.427339425923535,0.0,2.0,-1035.0,1369.0,334.0,1,1,1,0,0,0,0,0,0,1
618390,2026-05-01,Uttarakhand,1383.78,1383.78,710.42,72.85,NHIDCL,False,2861.0,122.0,51.33908569281244,51.33908569281244,21.510914307187555,0,1,2.2099999999999937,-127.15,-21.510914307187555,0.0,2.0,-2739.0,2861.0,122.0,1,1,1,0,0,0,0,0,0,1
618391,2026-05-01,Uttarakhand,250.33,250.33,0.0,83.54,NHIDCL,False,699.0,183.0,0.0,0.0,83.54,0,1,1.2900000000000065,-116.46,-83.54,0.0,2.0,-516.0,699.0,183.0,1,1,1,0,0,0,0,0,0,0
618392,2026-05-01,Uttarakhand,259.64,259.64,0.0,62.93,NHIDCL,False,516.0,366.0,0.0,0.0,62.93,0,1,3.18,-78.05360655737704,-62.93,0.0,1.4098360655737705,-150.0,516.0,366.0,1,1,1,0,0,0,0,0,0,0
618393,2026-05-01,Uttarakhand,216.68,216.68,107.69,96.0,NHIDCL,False,699.0,183.0,49.70001846040243,49.70001846040243,46.29998153959757,0,0,0.0,-104.0,-46.29998153959757,0.0,2.0,-516.0,699.0,183.0,1,1,1,0,1,0,0,0,0,0
618394,2026-05-01,"Jammu andKashmir",228.39,225.37,163.81,94.26,NHIDCL,False,2038.0,92.0,72.68491813462306,72.68491813462306,21.575081865376944,1,1,0.0,-105.74,-21.575081865376944,0.0,2.0,-1946.0,2038.0,92.0,1,1,1,0,1,0,0,0,0,1
618395,2026-05-01,"Jammu andKashmir",512.43,512.43,155.69,53.49,NHIDCL,False,1734.0,153.0,30.382686415705564,30.382686415705564,23.107313584294438,0,1,0.0,-146.51,-23.10731358429444,0.0,2.0,-1581.0,1734.0,153.0,1,1,1,0,1,0,0,0,0,1
618397,2026-05-01,"Jammu andKashmir",255.9,255.9,0.0,0.0,NHIDCL,False,2738.0,245.0,0.0,0.0,0.0,0,1,0.0,-200.0,0.0,0.0,2.0,-2493.0,2738.0,245.0,1,1,1,0,1,1,0,0,0,1
618398,2026-05-01,"Jammu andKashmir",210.79,210.79,174.92,96.95,NHIDCL,False,2038.0,92.0,82.98306371269985,82.98306371269985,13.966936287300157,0,1,0.0,-103.05,-13.966936287300156,0.0,2.0,-1946.0,2038.0,92.0,1,1,1,0,1,0,0,0,0,1
618399,2026-05-01,"Jammu andKashmir",859.67,859.67,309.16,50.05,NHIDCL,False,1734.0,153.0,35.96263682575873,35.96263682575873,14.087363174241268,0,1,0.0,-149.95,-14.087363174241268,0.0,2.0,-1581.0,1734.0,153.0,1,1,1,0,1,0,0,0,0,1
618400,2026-05-01,"Jammu andKashmir",398.51,398.51,99.35,98.55,NHIDCL,False,1765.0,122.0,24.930365611904342,24.930365611904342,73.61963438809565,0,1,0.0,-101.45,-73.61963438809565,0.0,2.0,-1643.0,1765.0,122.0,1,1,1,0,1,0,0,0,0,1
618401,2026-05-01,Arunachal Pradesh,1418.67,1418.67,0.0,1.7,NHIDCL,False,304.0,516.0,0.0,0.0,1.7,0,1,0.0,-57.21472868217055,-1.7,0.0,0.5891472868217055,212.0,304.0,516.0,1,1,1,0,1,0,0,0,0,0
618402,2026-05-01,Arunachal Pradesh,1262.43,1262.43,233.94,17.15,NHIDCL,False,426.0,394.0,18.53092844751788,18.53092844751788,-1.3809284475178814,0,1,0.3999999999999986,-90.97182741116752,1.3809284475178814,0.0,1.0812182741116751,-32.0,426.0,394.0,1,1,1,0,0,1,0,0,0,0
618403,2026-05-01,Arunachal Pradesh,275.5,275.5,0.0,49.83,NHIDCL,False,485.0,335.0,0.0,0.0,49.83,0,1,0.6000000000000014,-94.94611940298508,-49.83,0.0,1.4477611940298507,-150.0,485.0,335.0,1,1,1,0,0,1,0,0,0,0
618404,2026-05-01,Arunachal Pradesh,625.61,625.61,0.0,21.67,NHIDCL,False,365.0,517.0,0.0,0.0,21.67,0,1,0.3000000000000007,-48.92961315280464,-21.67,0.0,0.7059961315280464,152.0,365.0,517.0,1,1,1,0,0,0,0,0,0,0
618405,2026-05-01,Arunachal Pradesh,898.19,898.19,0.0,39.5,NHIDCL,False,485.0,366.0,0.0,0.0,39.5,0,1,0.3999999999999986,-93.0136612021858,-39.5,0.0,1.325136612021858,-119.0,485.0,366.0,1,1,1,0,0,1,0,0,0,0
618406,2026-05-01,"Jammu andKashmir",322.49,322.49,0.0,0.0,NHIDCL,False,2496.0,487.0,0.0,0.0,0.0,0,1,0.0,-200.0,0.0,0.0,2.0,-2009.0,2496.0,487.0,1,1,1,0,1,1,0,0,0,1
618407,2026-05-01,"Jammu andKashmir",245.3,245.3,82.62,74.67,NHIDCL,False,1216.0,1767.0,33.68120668569099,33.68120668569099,40.988793314309014,0,1,6.6000000000000085,5.852795698924723,-40.98879331430901,0.0,0.6881720430107527,551.0,1216.0,1767.0,0,0,0,0,0,0,0,0,0,1
618408,2026-05-01,Ladakh,398.37,398.37,286.27,90.59,NHIDCL,False,1765.0,122.0,71.86033084820643,71.86033084820643,18.729669151793573,0,1,0.0,-109.41,-18.729669151793573,0.0,2.0,-1643.0,1765.0,122.0,1,1,1,0,1,0,0,0,0,1
618409,2026-05-01,Ladakh,381.01,381.01,229.62,82.74,NHIDCL,False,1765.0,122.0,60.2661347471195,60.2661347471195,22.473865252880493,0,1,0.0,-117.26,-22.473865252880493,0.0,2.0,-1643.0,1765.0,122.0,1,1,1,0,1,0,0,0,0,1
618410,2026-05-01,Ladakh,404.89,404.89,321.72,75.38,NHIDCL,False,1765.0,122.0,79.45861839018006,79.45861839018006,-4.078618390180068,0,1,0.0,-124.62,4.078618390180068,0.0,2.0,-1643.0,1765.0,122.0,1,1,1,0,1,0,0,0,0,0
618411,2026-05-01,Tripura,195.95,195.95,86.33,70.13,NHIDCL,False,1096.0,120.0,44.05715743812197,44.05715743812197,26.072842561878026,0,1,0.3499999999999943,-129.87,-26.072842561878023,0.0,2.0,-976.0,1096.0,120.0,1,1,1,0,0,0,0,0,0,1
618412,2026-05-01,Andhra Pradesh,6808.69,6808.69,3215.86,66.05,NHIDCL,False,2038.0,1004.0,47.231699489916565,47.231699489916565,18.818300510083432,0,1,0.0,-133.95,-18.818300510083432,0.0,2.0,-1034.0,2038.0,1004.0,1,1,1,0,1,0,0,0,0,1
618413,2026-05-01,Nagaland,177.77,199.02,0.0,93.37,NHIDCL,False,1065.0,850.0,0.0,0.0,93.37,1,1,0.0,-31.92411764705882,-93.37,0.0,1.2529411764705882,-215.0,1065.0,850.0,1,1,1,0,1,0,0,0,0,1
618414,2026-05-01,Nagaland,258.52,258.52,65.15,96.53,NHIDCL,False,973.0,973.0,25.201144979111874,25.201144979111874,71.32885502088813,0,1,0.0,-3.469999999999999,-71.32885502088813,0.0,1.0,0.0,973.0,973.0,0,0,0,0,1,0,0,0,0,1
618415,2026-05-01,Manipur,188.36,188.36,0.0,100.0,NHIDCL,False,1795.0,120.0,0.0,0.0,100.0,0,1,0.0,-100.0,-100.0,0.0,2.0,-1675.0,1795.0,120.0,1,1,1,0,1,0,0,0,0,0
618416,2026-05-01,Manipur,226.32,226.32,179.09,74.58,NHIDCL,False,1795.0,120.0,79.13131848709793,79.13131848709793,-4.55131848709793,0,1,0.0,-125.42,4.55131848709793,0.0,2.0,-1675.0,1795.0,120.0,1,1,1,0,1,0,0,0,0,1
618417,2026-05-01,Tripura,2026.05,2026.05,318.48,9.2,NHIDCL,False,791.0,366.0,15.719256681720589,15.719256681720589,-6.51925668172059,0,1,0.0,-190.8,6.51925668172059,0.0,2.0,-425.0,791.0,366.0,1,1,1,0,1,1,0,0,0,1
618418,2026-05-01,Meghalaya,359.86,359.86,214.21,80.49,NHIDCL,False,1461.0,242.0,59.52592674929139,59.52592674929139,20.9640732507086,0,1,0.0,-119.51,-20.9640732507086,0.0,2.0,-1219.0,1461.0,242.0,1,1,1,0,1,0,0,0,0,1
618419,2026-05-01,Meghalaya,562.48,562.48,92.14,51.47,NHIDCL,False,607.0,550.0,16.38102688095577,16.38102688095577,35.088973119044226,0,1,0.5600000000000023,-58.89363636363635,-35.088973119044226,0.0,1.1036363636363635,-57.0,607.0,550.0,1,1,1,0,0,0,0,0,0,1
618420,2026-05-01,Meghalaya,686.03,686.03,236.66,47.05,NHIDCL,False,607.0,550.0,34.49703365742023,34.49703365742023,12.552966342579765,0,1,0.5399999999999991,-63.31363636363635,-12.552966342579763,0.0,1.1036363636363635,-57.0,607.0,550.0,1,1,1,0,0,1,0,0,0,1
618421,2026-05-01,Meghalaya,620.3,620.3,216.26,70.82,NHIDCL,False,607.0,550.0,34.86377559245526,34.86377559245526,35.95622440754473,0,1,1.9699999999999989,-39.54363636363635,-35.95622440754473,0.0,1.1036363636363635,-57.0,607.0,550.0,1,1,1,0,0,0,0,0,0,1
618422,2026-05-01,Nagaland,161.73,161.73,14.12,99.5,NHIDCL,False,973.0,914.0,8.730600383354975,8.730600383354975,90.76939961664502,0,1,0.0,-6.955142231947477,-90.76939961664502,0.0,1.0645514223194747,-59.0,973.0,914.0,0,0,0,0,1,0,0,0,0,1
618423,2026-05-01,Nagaland,215.79,215.79,28.71,100.0,NHIDCL,False,1004.0,1979.0,13.304601696093425,13.304601696093425,86.69539830390657,0,1,0.0,49.26730672056594,-86.69539830390657,0.0,0.5073269327943406,975.0,1004.0,1979.0,0,0,0,0,1,0,0,0,0,1
618426,2026-05-01,Sikkim,264.84,380.94,0.0,86.04,NHIDCL,False,1216.0,1767.0,0.0,0.0,86.04,1,1,0.8900000000000006,17.222795698924728,-86.04,0.0,0.6881720430107527,551.0,1216.0,1767.0,0,0,0,0,0,0,0,0,0,0
618427,2026-05-01,West Bengal,311.02,273.78,6.11,95.72,NHIDCL,False,2038.0,122.0,2.2317188983855654,2.2317188983855654,93.48828110161443,1,1,0.1200000000000045,-104.28,-93.48828110161443,0.0,2.0,-1916.0,2038.0,122.0,1,1,1,0,0,0,0,0,0,0
618428,2026-05-01,Sikkim,264.84,380.94,61.27,100.0,NHIDCL,False,1856.0,90.0,16.08389772667612,16.08389772667612,83.91610227332387,1,1,2.430000000000007,-100.0,-83.91610227332387,0.0,2.0,-1766.0,1856.0,90.0,1,1,1,0,0,0,0,0,0,1
618429,2026-05-01,West Bengal,345.38,395.59,395.8,95.72,NHIDCL,False,2038.0,122.0,100.05308526504714,100.0,-4.280000000000001,1,1,1.0100000000000051,-104.28,4.333085265047146,0.0,2.0,-1916.0,2038.0,122.0,1,1,1,0,0,0,0,0,0,1
618430,2026-05-01,West Bengal,402.94,402.94,0.0,98.54,NHIDCL,False,2404.0,579.0,0.0,0.0,98.54,0,1,0.0,-101.46,-98.54,0.0,2.0,-1825.0,2404.0,579.0,1,1,1,0,1,0,0,0,0,1
618431,2026-05-01,West Bengal,295.97,295.97,0.39,96.99,NHIDCL,False,2038.0,945.0,0.131770111835659,0.131770111835659,96.85822988816433,0,1,0.0799999999999983,-103.01,-96.85822988816432,0.0,2.0,-1093.0,2038.0,945.0,1,1,1,0,0,0,0,0,0,0
618433,2026-05-01,Arunachal Pradesh,184.89,184.89,0.0,99.69,NHIDCL,False,2038.0,1338.0,0.0,0.0,99.69,0,1,0.0,-52.62689088191331,-99.69,0.0,1.5231689088191331,-700.0,2038.0,1338.0,1,1,1,0,1,0,0,0,0,0
618434,2026-05-01,Arunachal Pradesh,1718.59,1718.59,178.84,82.28,NHIDCL,False,2983.0,393.0,10.406205086728074,10.406205086728074,71.87379491327192,0,1,0.2399999999999948,-117.72,-71.87379491327192,0.0,2.0,-2590.0,2983.0,393.0,1,1,1,0,0,0,0,0,0,1
618435,2026-05-01,Assam,386.51,386.51,352.16,97.13,NHIDCL,False,3134.0,639.0,91.11277845333886,91.11277845333886,6.017221546661133,0,1,0.0,-102.87,-6.017221546661133,0.0,2.0,-2495.0,3134.0,639.0,1,1,1,0,1,0,0,0,0,1
618436,2026-05-01,Assam,599.0,599.0,405.1,100.0,NHIDCL,False,3438.0,641.0,67.62938230383973,67.62938230383973,32.37061769616027,0,1,0.0,-100.0,-32.37061769616027,0.0,2.0,-2797.0,3438.0,641.0,1,1,1,0,1,0,0,0,0,1
618437,2026-05-01,Assam,274.34,274.34,93.43,100.0,NHIDCL,False,607.0,3166.0,34.05628052781221,34.05628052781221,65.94371947218778,0,1,0.0,80.8275426405559,-65.94371947218778,0.0,0.1917245735944409,2559.0,607.0,3166.0,0,0,0,0,1,0,0,0,0,1
618438,2026-05-01,Assam,385.57,385.57,145.89,100.0,NHIDCL,False,1216.0,2557.0,37.83748735638146,37.83748735638146,62.16251264361854,0,1,0.0,52.44427062964412,-62.16251264361854,0.0,0.4755572937035588,1341.0,1216.0,2557.0,0,0,0,0,1,0,0,0,0,1
618439,2026-05-01,Assam,478.3,478.3,0.0,96.79,NHIDCL,False,820.0,31.0,0.0,0.0,96.79,0,0,0.0,-103.21,-96.79,0.0,2.0,-789.0,820.0,31.0,1,1,1,0,1,0,0,0,0,1
618440,2026-05-01,Assam,187.09,100.22,0.0,0.0,NHIDCL,False,577.0,3196.0,0.0,0.0,0.0,1,0,0.0,-18.053817271589487,0.0,0.0,0.1805381727158948,2619.0,577.0,3196.0,1,0,0,0,1,0,0,0,0,1
618441,2026-05-01,Assam,467.79,476.5,72.13,0.0,NHIDCL,False,577.0,3196.0,15.137460650577122,15.137460650577122,-15.137460650577122,1,0,0.0,-18.053817271589487,15.137460650577122,0.0,0.1805381727158948,2619.0,577.0,3196.0,1,0,0,0,1,0,1,0,0,1
618442,2026-05-01,Assam,358.72,358.72,0.07,99.05,NHIDCL,False,820.0,31.0,0.019513826940231935,0.019513826940231935,99.03048617305977,0,0,0.0,-100.95,-99.03048617305976,0.0,2.0,-789.0,820.0,31.0,1,1,1,0,1,0,0,0,0,1
618443,2026-05-01,Assam,438.44,438.44,0.0,95.86,NHIDCL,False,820.0,31.0,0.0,0.0,95.86,0,0,0.0,-104.14,-95.86,0.0,2.0,-789.0,820.0,31.0,1,1,1,0,1,0,0,0,0,1
618444,2026-05-01,Assam,279.01,279.01,0.0,94.73,NHIDCL,False,820.0,31.0,0.0,0.0,94.73,0,0,0.0,-105.27,-94.73,0.0,2.0,-789.0,820.0,31.0,1,1,1,0,1,0,0,0,0,1
618445,2026-05-01,Arunachal Pradesh,353.9,353.9,0.0,18.63,NHIDCL,False,334.0,1765.0,0.0,0.0,18.63,0,1,0.7199999999999989,-0.2935127478753543,-18.63,0.0,0.1892351274787535,1431.0,334.0,1765.0,0,0,0,0,0,0,0,0,0,0
618446,2026-05-01,Sikkim,493.42,478.79,0.0,78.83,NHIDCL,False,1826.0,212.0,0.0,0.0,78.83,1,1,1.7600000000000051,-121.17,-78.83,0.0,2.0,-1614.0,1826.0,212.0,1,1,1,0,0,0,0,0,0,0
618447,2026-05-01,Sikkim,410.6,379.3,0.0,81.89,NHIDCL,False,1915.0,31.0,0.0,0.0,81.89,1,1,0.0600000000000022,-118.11,-81.89,0.0,2.0,-1884.0,1915.0,31.0,1,1,1,0,0,0,0,0,0,1
618448,2026-05-01,Sikkim,816.79,786.6,32.28,63.25,NHIDCL,False,1977.0,61.0,4.103737604881769,4.103737604881769,59.14626239511823,1,1,2.369999999999997,-136.75,-59.14626239511823,0.0,2.0,-1916.0,1977.0,61.0,1,1,1,0,0,0,0,0,0,1
618449,2026-05-01,Sikkim,230.45,244.91,0.0,83.74,NHIDCL,False,2038.0,92.0,0.0,0.0,83.74,1,1,3.280000000000001,-116.26,-83.74,0.0,2.0,-1946.0,2038.0,92.0,1,1,1,0,0,0,0,0,0,0
618450,2026-05-01,Sikkim,292.8,292.8,1.91,65.12,NHIDCL,False,2038.0,92.0,0.6523224043715846,0.6523224043715846,64.46767759562842,0,1,0.0200000000000102,-134.88,-64.46767759562842,0.0,2.0,-1946.0,2038.0,92.0,1,1,1,0,0,0,0,0,0,0
618452,2026-05-01,Mizoram,781.85,781.85,20.78,4.71,NHIDCL,False,516.0,669.0,2.6577988105135257,2.6577988105135257,2.0522011894864742,0,1,0.0,-72.42004484304934,-2.0522011894864742,0.0,0.7713004484304933,153.0,516.0,669.0,1,1,1,0,1,0,0,0,0,1
618454,2026-05-01,Assam,693.97,693.97,37.6,93.23,NHIDCL,False,1977.0,304.0,5.418101647045261,5.418101647045261,87.81189835295474,0,1,0.0,-106.77,-87.81189835295474,0.0,2.0,-1673.0,1977.0,304.0,1,1,1,0,1,0,0,0,0,0
618455,2026-05-01,Assam,693.97,693.97,296.96,100.0,NHIDCL,False,2068.0,213.0,42.79147513581278,42.79147513581278,57.20852486418722,0,1,0.0,-100.0,-57.20852486418722,0.0,2.0,-1855.0,2068.0,213.0,1,1,1,0,1,0,0,0,0,1
618457,2026-05-01,Rajasthan,1272.97,1265.16,1091.86,95.25,National Highways Authority of India [NHAI],False,1826.0,547.0,86.30212779411298,86.30212779411298,8.947872205887023,1,1,0.0,-104.75,-8.947872205887023,0.0,2.0,-1279.0,1826.0,547.0,1,1,1,0,1,0,0,0,0,1
618458,2026-05-01,Rajasthan,1854.68,1854.68,1424.12,95.08,National Highways Authority of India [NHAI],False,1765.0,365.0,76.78521362175684,76.78521362175684,18.29478637824316,0,1,1.6400000000000006,-104.92,-18.29478637824316,0.0,2.0,-1400.0,1765.0,365.0,1,1,1,0,0,0,0,0,0,1
618459,2026-05-01,Gujarat,1555.2,1556.4,1135.14,81.6,NHAI,False,1247.0,821.0,72.9336931380108,72.9336931380108,8.666306861989199,1,1,4.399999999999992,-70.28794153471378,-8.666306861989199,0.0,1.5188794153471377,-426.0,1247.0,821.0,1,1,1,0,0,0,0,0,0,1
618460,2026-05-01,Gujarat,1263.38,1266.98,865.87,100.0,National Highways Authority of India [NHAI],False,1642.0,426.0,68.34125242703121,68.34125242703121,31.658747572968792,1,1,0.0,-100.0,-31.658747572968792,0.0,2.0,-1216.0,1642.0,426.0,1,1,1,0,1,0,0,0,0,1
618462,2026-05-01,Gujarat,1644.85,1651.14,990.1,100.0,NHAI,False,1826.0,547.0,59.96463049771673,59.96463049771673,40.03536950228327,1,1,0.0,-100.0,-40.03536950228327,0.0,2.0,-1279.0,1826.0,547.0,1,1,1,0,1,0,0,0,0,1
618463,2026-05-01,Gujarat,1324.84,2807.48,1275.92,91.34,National Highways Authority of India [NHAI],False,2373.0,638.0,45.44716257996495,45.44716257996495,45.89283742003505,1,1,0.0,-108.66,-45.89283742003505,0.0,2.0,-1735.0,2373.0,638.0,1,1,1,0,1,0,0,0,0,1
618466,2026-05-01,Gujarat,3834.24,3820.2,197.13,4.85,National Highways Authority of India [NHAI],False,638.0,397.0,5.160201036594943,5.160201036594943,-0.31020103659494325,1,1,0.0,-155.85528967254407,0.3102010365949432,0.0,1.6070528967254407,-241.0,638.0,397.0,1,1,1,0,1,1,0,0,0,0
618467,2026-05-01,Gujarat,2594.17,2587.04,212.88,21.75,National Highways Authority of India [NHAI],False,760.0,275.0,8.228709258457542,8.228709258457542,13.521290741542458,1,1,0.0,-178.25,-13.521290741542458,0.0,2.0,-485.0,760.0,275.0,1,1,1,0,1,1,0,0,0,0
618469,2026-05-01,Maharashtra,3536.9,4679.54,1793.48,90.86,National Highways Authority of India [NHAI],False,1550.0,610.0,38.32598930664125,38.32598930664125,52.53401069335875,1,1,0.0,-109.14,-52.53401069335875,0.0,2.0,-940.0,1550.0,610.0,1,1,1,0,1,0,0,0,0,1
618470,2026-05-01,Maharashtra,2058.79,2324.72,630.06,97.7,National Highways Authority of India [NHAI],False,1277.0,549.0,27.10261881000723,27.10261881000723,70.59738118999277,1,1,11.700000000000005,-102.3,-70.59738118999277,0.0,2.0,-728.0,1277.0,549.0,1,1,1,0,0,0,0,0,0,1
618471,2026-05-01,Maharashtra,2610.88,2918.39,621.87,91.5,National Highways Authority of India [NHAI],False,1277.0,549.0,21.308666764894344,21.308666764894344,70.19133323510566,1,1,0.0,-108.5,-70.19133323510566,0.0,2.0,-728.0,1277.0,549.0,1,1,1,0,1,0,0,0,0,1
618472,2026-05-01,Maharashtra,4051.8,4315.56,905.81,90.7,National Highways Authority of India [NHAI],False,1277.0,518.0,20.989396509375375,20.989396509375375,69.71060349062464,1,1,0.0,-109.3,-69.71060349062464,0.0,2.0,-759.0,1277.0,518.0,1,1,1,0,1,0,0,0,0,1
618473,2026-05-01,Maharashtra,2208.68,2463.02,874.32,85.79,National Highways Authority of India [NHAI],False,1216.0,487.0,35.49788471063979,35.49788471063979,50.29211528936022,1,1,1.5400000000000065,-114.21,-50.29211528936022,0.0,2.0,-729.0,1216.0,487.0,1,1,1,0,0,0,0,0,0,1
618475,2026-05-01,Andhra Pradesh,2548.04,2548.04,1227.08,92.59,National Highways Authority of India [NHAI],False,1065.0,850.0,48.157799720569535,48.157799720569535,44.43220027943047,0,1,0.4500000000000028,-32.70411764705882,-44.43220027943047,0.0,1.2529411764705882,-215.0,1065.0,850.0,1,1,1,0,0,0,0,0,0,1
618476,2026-05-01,Andhra Pradesh,1407.33,1407.33,750.7,99.46,National Highways Authority of India [NHAI],False,1308.0,699.0,53.34214434425473,53.34214434425473,46.11785565574527,0,1,0.0,-87.66446351931332,-46.11785565574527,0.0,1.871244635193133,-609.0,1308.0,699.0,1,1,1,0,1,0,0,0,0,1
618477,2026-05-01,"Multi-States(Andhra Pradesh,Tamil Nadu)",1481.87,1481.87,711.06,99.02,National Highways Authority of India [NHAI],False,1461.0,577.0,47.983966204862774,47.983966204862774,51.03603379513722,0,1,0.0,-100.98,-51.03603379513722,0.0,2.0,-884.0,1461.0,577.0,1,1,1,0,1,0,0,0,0,1
618478,2026-05-01,Tamil Nadu,1106.65,1106.65,590.08,93.04,National Highways Authority of India [NHAI],False,1400.0,546.0,53.32128495911083,53.32128495911083,39.71871504088918,0,1,0.0,-106.96,-39.71871504088918,0.0,2.0,-854.0,1400.0,546.0,1,1,1,0,1,0,0,0,0,1
618479,2026-05-01,Tamil Nadu,1525.1,1525.1,360.3,53.56,National Highways Authority of India [NHAI],False,1369.0,608.0,23.62468034882959,23.62468034882959,29.935319651170413,0,1,0.0,-146.44,-29.935319651170413,0.0,2.0,-761.0,1369.0,608.0,1,1,1,0,1,0,0,0,0,0
618480,2026-05-01,Tamil Nadu,162.55,162.56,48.18,35.81,National Highways Authority of India [NHAI],False,820.0,276.0,29.638287401574804,29.638287401574804,6.171712598425199,1,1,11.680000000000003,-164.19,-6.171712598425199,0.0,2.0,-544.0,820.0,276.0,1,1,1,0,0,1,0,0,0,0
618481,2026-05-01,Tamil Nadu,3605.73,3605.73,918.09,88.14,National Highways Authority of India [NHAI],False,1400.0,515.0,25.461973026266527,25.461973026266527,62.67802697373347,0,1,4.689999999999998,-111.86,-62.67802697373347,0.0,2.0,-885.0,1400.0,515.0,1,1,1,0,0,0,0,0,0,0
618482,2026-05-01,Haryana,1866.49,2429.9,1081.56,99.91,National Highways Authority of India [NHAI],False,1612.0,365.0,44.51047368204453,44.51047368204453,55.39952631795547,1,1,0.0,-100.09,-55.39952631795547,0.0,2.0,-1247.0,1612.0,365.0,1,1,1,0,1,0,0,0,0,1
618483,2026-05-01,Haryana,1533.87,1792.53,971.09,99.89,National Highways Authority of India [NHAI],False,1581.0,396.0,54.17426765521358,54.17426765521358,45.71573234478642,1,1,0.0,-100.11,-45.71573234478642,0.0,2.0,-1185.0,1581.0,396.0,1,1,1,0,1,0,0,0,0,1
618486,2026-05-01,"Multi-States(Haryana, Punjab)",1741.86,2281.02,924.58,98.7,National Highways Authority of India [NHAI],False,1461.0,485.0,40.53362092397261,40.53362092397261,58.16637907602739,1,1,0.0,-101.3,-58.16637907602739,0.0,2.0,-976.0,1461.0,485.0,1,1,1,0,1,0,0,0,0,1
618488,2026-05-01,Punjab,1895.74,2034.94,751.95,31.08,National Highways Authority of India [NHAI],False,1157.0,820.0,36.95194944322683,36.95194944322683,-5.871949443226832,1,0,0.0,-110.01756097560975,5.871949443226832,0.0,1.4109756097560977,-337.0,1157.0,820.0,1,1,1,0,1,1,0,0,0,1
618489,2026-05-01,Punjab,1851.47,2407.14,1370.36,73.32,National Highways Authority of India [NHAI],False,1400.0,577.0,56.92896964862866,56.92896964862866,16.391030351371334,1,1,0.059999999999988,-126.68,-16.391030351371334,0.0,2.0,-823.0,1400.0,577.0,1,1,1,0,0,0,0,0,0,1
618490,2026-05-01,Punjab,2177.54,2062.74,1004.28,62.99,National Highways Authority of India [NHAI],False,1400.0,577.0,48.686698275109805,48.686698275109805,14.303301724890197,1,1,0.0,-137.01,-14.303301724890195,0.0,2.0,-823.0,1400.0,577.0,1,1,1,0,1,0,0,0,0,1
618491,2026-05-01,Punjab,2175.35,2206.71,941.19,43.45,National Highways Authority of India [NHAI],False,1277.0,610.0,42.651277240779265,42.651277240779265,0.7987227592207375,1,0,0.0,-156.55,-0.7987227592207375,0.0,2.0,-667.0,1277.0,610.0,1,1,1,0,1,1,0,0,0,1
618492,2026-05-01,Punjab,1734.18,1538.47,470.92,27.05,National Highways Authority of India [NHAI],False,851.0,1036.0,30.609631647025942,30.609631647025942,-3.5596316470259417,1,1,0.0,-55.09285714285714,3.5596316470259417,0.0,0.8214285714285714,185.0,851.0,1036.0,1,1,1,0,1,0,0,0,0,1
618493,2026-05-01,Punjab,2165.23,1519.6,422.45,32.69,National Highways Authority of India [NHAI],False,1126.0,486.0,27.800078968149517,27.800078968149517,4.889921031850481,1,1,0.9199999999999982,-167.31,-4.889921031850481,0.0,2.0,-640.0,1126.0,486.0,1,1,1,0,0,1,0,0,0,1
618494,2026-05-01,"Jammu andKashmir",2714.95,3716.56,1655.87,89.37,National Highways Authority of India [NHAI],False,1338.0,335.0,44.55383472888908,44.55383472888908,44.816165271110926,1,1,0.5,-110.63,-44.816165271110926,0.0,2.0,-1003.0,1338.0,335.0,1,1,1,0,0,0,0,0,0,1
618495,2026-05-01,"Jammu andKashmir",2894.74,2894.74,847.67,64.68,National Highways Authority of India [NHAI],False,1065.0,365.0,29.283113509330715,29.283113509330715,35.39688649066929,0,1,2.680000000000007,-135.32,-35.39688649066929,0.0,2.0,-700.0,1065.0,365.0,1,1,1,0,0,0,0,0,0,1
618496,2026-05-01,"Jammu andKashmir",1821.72,2522.56,1171.13,94.14,National Highways Authority of India [NHAI],False,1338.0,365.0,46.42624952429279,46.42624952429279,47.71375047570721,1,1,0.0,-105.86,-47.71375047570721,0.0,2.0,-973.0,1338.0,365.0,1,1,1,0,1,0,0,0,0,1
618497,2026-05-01,"Jammu andKashmir",975.38,975.38,564.48,66.69,National Highways Authority of India [NHAI],False,912.0,335.0,57.87282905124157,57.87282905124157,8.81717094875843,0,1,4.280000000000001,-133.31,-8.81717094875843,0.0,2.0,-577.0,912.0,335.0,1,1,1,0,0,0,0,0,0,1
618499,2026-05-01,Uttar Pradesh,1972.94,1943.27,769.45,94.14,National Highways Authority of India [NHAI],False,1185.0,427.0,39.59563004626223,39.59563004626223,54.54436995373777,1,1,0.0,-105.86,-54.54436995373777,0.0,2.0,-758.0,1185.0,427.0,1,1,1,0,1,0,0,0,0,1
618500,2026-05-01,Uttar Pradesh,1081.39,1116.19,441.91,76.0,National Highways Authority of India [NHAI],False,1522.0,181.0,39.59092985961172,39.59092985961172,36.40907014038828,1,1,0.0,-124.0,-36.40907014038828,0.0,2.0,-1341.0,1522.0,181.0,1,1,1,0,1,0,0,0,0,1
618503,2026-05-01,Gujarat,1034.04,1155.41,1009.77,100.0,National Highways Authority of India [NHAI],False,1765.0,426.0,87.39495071013752,87.39495071013752,12.605049289862478,1,1,0.0,-100.0,-12.605049289862478,0.0,2.0,-1339.0,1765.0,426.0,1,1,1,0,1,0,0,0,0,1
618504,2026-05-01,Gujarat,1181.76,1358.73,1206.44,97.99,National Highways Authority of India [NHAI],False,1612.0,579.0,88.79173934482937,88.79173934482937,9.198260655170628,1,1,0.0699999999999931,-102.01,-9.198260655170628,0.0,2.0,-1033.0,1612.0,579.0,1,1,1,0,0,0,0,0,0,1
618505,2026-05-01,"Multi-States(Haryana,Rajasthan)",409.64,290.64,198.94,88.9,National Highways Authority of India [NHAI],False,1247.0,122.0,68.44894026974953,68.44894026974953,20.451059730250478,1,1,1.7600000000000051,-111.1,-20.45105973025048,0.0,2.0,-1125.0,1247.0,122.0,1,1,1,0,0,0,0,0,0,1
618506,2026-05-01,Haryana,401.74,240.02,105.22,50.65,National Highways Authority of India [NHAI],False,365.0,365.0,43.83801349887509,43.83801349887509,6.811986501124906,1,1,,-49.35,-6.811986501124906,,1.0,0.0,365.0,365.0,1,1,1,0,0,0,0,0,0,0
618507,2026-05-01,Gujarat,466.8,501.48,554.37,89.5,National Highways Authority of India [NHAI],False,638.0,61.0,110.54678152668103,100.0,-10.5,1,1,5.349999999999994,-110.5,21.04678152668103,0.0,2.0,-577.0,638.0,61.0,1,1,1,0,0,0,1,1,0,0
618508,2026-05-01,Gujarat,907.39,907.39,345.88,48.0,National Highways Authority of India [NHAI],False,485.0,306.0,38.11811900065022,38.11811900065022,9.881880999349782,0,1,1.6099999999999994,-110.49673202614376,-9.881880999349782,0.0,1.5849673202614378,-179.0,485.0,306.0,1,1,1,0,0,1,0,0,0,0
618509,2026-05-01,Delhi,2089.94,2203.45,1809.77,99.99,National Highways Authority of India [NHAI],False,1673.0,457.0,82.13347250901995,82.13347250901995,17.856527490980042,1,1,0.0,-100.01,-17.856527490980042,0.0,2.0,-1216.0,1673.0,457.0,1,1,1,0,1,0,0,0,0,0
618511,2026-05-01,Maharashtra,604.59,388.78,54.16,18.85,National Highways Authority of India [NHAI],False,334.0,151.0,13.93075775502855,13.93075775502855,4.919242244971452,1,1,4.150000000000002,-181.15,-4.919242244971452,0.0,2.0,-183.0,334.0,151.0,1,1,1,0,0,1,0,0,0,0
618512,2026-05-01,Maharashtra,907.03,816.12,545.2,87.5,National Highways Authority of India [NHAI],False,2646.0,457.0,66.80390138705093,66.80390138705093,20.696098612949072,1,1,0.2300000000000039,-112.5,-20.696098612949072,0.0,2.0,-2189.0,2646.0,457.0,1,1,1,0,0,0,0,0,0,1
618513,2026-05-01,Maharashtra,2111.95,1435.46,631.96,45.47,National Highways Authority of India [NHAI],False,1216.0,396.0,44.02491187493904,44.02491187493904,1.4450881250609555,1,1,-4.410000000000004,-154.53,-1.4450881250609555,0.0,2.0,-820.0,1216.0,396.0,1,1,1,1,0,1,0,0,0,0
618514,2026-05-01,Maharashtra,2330.71,317.4,197.23,73.96,National Highways Authority of India [NHAI],False,1247.0,365.0,62.139256458727154,62.139256458727154,11.82074354127284,1,1,0.0,-126.04,-11.82074354127284,0.0,2.0,-882.0,1247.0,365.0,1,1,1,0,1,0,0,0,0,1
618516,2026-05-01,"Multi-States(Karnataka,Maharashtra)",1388.7,1066.86,1153.03,84.3,National Highways Authority of India [NHAI],False,1308.0,273.0,108.07697354854433,100.0,-15.700000000000003,1,1,0.7999999999999972,-115.7,23.776973548544333,0.0,2.0,-1035.0,1308.0,273.0,1,1,1,0,0,0,1,1,0,1
618517,2026-05-01,Karnataka,1135.39,763.36,739.28,83.19,National Highways Authority of India [NHAI],False,1157.0,455.0,96.84552504715992,96.84552504715992,-13.655525047159927,1,1,0.2999999999999971,-116.81,13.655525047159928,0.0,2.0,-702.0,1157.0,455.0,1,1,1,0,0,0,1,0,0,1
618518,2026-05-01,Karnataka,1454.67,1805.84,690.64,98.87,National Highways Authority of India [NHAI],False,3042.0,365.0,38.24480574137244,38.24480574137244,60.625194258627566,1,1,0.0,-101.13,-60.625194258627566,0.0,2.0,-2677.0,3042.0,365.0,1,1,1,0,1,0,0,0,0,1
618520,2026-05-01,Karnataka,1438.74,1786.57,1051.89,99.2,National Highways Authority of India [NHAI],False,1856.0,243.0,58.87762584169667,58.87762584169667,40.32237415830333,1,1,0.0,-100.8,-40.32237415830333,0.0,2.0,-1613.0,1856.0,243.0,1,1,1,0,1,0,0,0,0,1
618522,2026-05-01,Tamil Nadu,411.16,411.16,120.44,35.05,National Highways Authority of India [NHAI],False,485.0,214.0,29.292732756104677,29.292732756104677,5.7572672438953205,0,1,3.889999999999997,-164.95,-5.7572672438953205,0.0,2.0,-271.0,485.0,214.0,1,1,1,0,0,1,0,0,0,1
618523,2026-05-01,Odisha,844.67,1394.82,586.54,91.32,National Highways Authority of India [NHAI],False,2618.0,1581.0,42.05130411092471,42.05130411092471,49.26869588907528,1,1,0.0,-74.27139784946237,-49.26869588907528,0.0,1.6559139784946235,-1037.0,2618.0,1581.0,1,1,1,0,1,0,0,0,0,1
618524,2026-05-01,Andhra Pradesh,257.98,192.85,46.52,34.6,National Highways Authority of India [NHAI],False,426.0,243.0,24.12237490277418,24.12237490277418,10.477625097225822,1,1,0.1000000000000014,-140.70864197530864,-10.477625097225822,0.0,1.7530864197530864,-183.0,426.0,243.0,1,1,1,0,0,1,0,0,0,1
618525,2026-05-01,Andhra Pradesh,326.61,223.29,20.21,8.8,National Highways Authority of India [NHAI],False,212.0,214.0,9.051009897442789,9.051009897442789,-0.25100989744278834,1,1,0.0,-90.26542056074769,0.2510098974427883,0.0,0.9906542056074766,2.0,212.0,214.0,1,1,1,0,1,0,0,0,0,0
618526,2026-05-01,Andhra Pradesh,665.59,665.59,512.1,95.73,National Highways Authority of India [NHAI],False,2312.0,457.0,76.93925689989332,76.93925689989332,18.79074310010668,0,1,0.0,-104.27,-18.79074310010668,0.0,2.0,-1855.0,2312.0,457.0,1,1,1,0,1,0,0,0,0,1
618529,2026-05-01,Uttar Pradesh,1991.71,1832.66,1016.28,95.37,National Highways Authority of India [NHAI],False,2646.0,427.0,55.4538212216123,55.4538212216123,39.9161787783877,1,1,0.5799999999999983,-104.63,-39.9161787783877,0.0,2.0,-2219.0,2646.0,427.0,1,1,1,0,0,0,0,0,0,1
618530,2026-05-01,"Multi-States(Bihar, UttarPradesh)",3241.56,3241.56,1418.27,99.75,National Highways Authority of India [NHAI],False,5356.0,942.0,43.75269931761251,43.75269931761251,55.99730068238749,0,1,4.170000000000002,-100.25,-55.99730068238749,0.0,2.0,-4414.0,5356.0,942.0,1,1,1,0,0,0,0,0,0,1
618531,2026-05-01,"Multi-States(Bihar, Jharkhand)",1054.46,786.81,110.8,23.69,National Highways Authority of India [NHAI],False,516.0,1399.0,14.082179941790269,14.082179941790269,9.607820058209732,1,1,2.8100000000000023,-13.193488205861332,-9.607820058209732,0.0,0.3688348820586133,883.0,516.0,1399.0,1,0,0,0,0,0,0,0,0,1
618533,2026-05-01,"Multi-States(Jharkhand, WestBengal)",1560.39,1568.22,91.5,100.0,National Highways Authority of India [NHAI],False,4413.0,1339.0,5.834640547882312,5.834640547882312,94.16535945211768,1,1,0.0,-100.0,-94.16535945211768,0.0,2.0,-3074.0,4413.0,1339.0,1,1,1,0,1,0,0,0,0,1
618534,2026-05-01,Jharkhand,470.75,470.75,0.89,0.0,National Highways Authority of India [NHAI],True,89.0,396.0,0.18906001062134892,0.18906001062134892,-0.18906001062134892,0,1,,-22.474747474747478,0.1890600106213489,,0.2247474747474747,307.0,89.0,396.0,1,1,0,0,0,0,0,0,0,1
618535,2026-05-01,Jharkhand,687.77,442.52,47.69,14.6,National Highways Authority of India [NHAI],False,242.0,243.0,10.776914037783602,10.776914037783602,3.823085962216398,1,1,2.799999999999999,-84.98847736625515,-3.823085962216398,0.0,0.9958847736625516,1.0,242.0,243.0,1,1,1,0,0,0,0,0,0,1
618536,2026-05-01,Uttar Pradesh,1603.53,1192.16,226.57,34.76,National Highways Authority of India [NHAI],False,516.0,669.0,19.004999328949133,19.004999328949133,15.755000671050865,1,1,1.93,-42.370044843049335,-15.755000671050864,0.0,0.7713004484304933,153.0,516.0,669.0,1,1,1,0,0,0,0,0,0,0
618537,2026-05-01,Uttar Pradesh,1753.75,1311.7,416.64,57.81,National Highways Authority of India [NHAI],False,882.0,334.0,31.763360524510176,31.763360524510176,26.046639475489826,1,1,2.0900000000000034,-142.19,-26.046639475489823,0.0,2.0,-548.0,882.0,334.0,1,1,1,0,0,0,0,0,0,0
618538,2026-05-01,Uttar Pradesh,1792.68,1126.75,231.19,28.12,National Highways Authority of India [NHAI],False,485.0,488.0,20.518304859108056,20.518304859108056,7.601695140891945,1,1,5.310000000000002,-71.26524590163933,-7.601695140891945,0.0,0.9938524590163934,3.0,485.0,488.0,1,1,1,0,0,0,0,0,0,0
618539,2026-05-01,Uttar Pradesh,1089.41,1106.92,40.76,14.5,National Highways Authority of India [NHAI],False,426.0,212.0,3.68228959635746,3.68228959635746,10.81771040364254,1,1,0.8300000000000001,-185.5,-10.81771040364254,0.0,2.0,-214.0,426.0,212.0,1,1,1,0,0,1,0,0,0,0
618540,2026-05-01,Uttar Pradesh,1089.41,977.45,234.6,45.52,National Highways Authority of India [NHAI],False,181.0,457.0,24.001227684280522,24.001227684280522,21.51877231571948,1,1,2.6700000000000017,5.913873085339169,-21.51877231571948,0.0,0.3960612691466083,276.0,181.0,457.0,0,0,0,0,0,0,0,0,0,0
618541,2026-05-01,"Jammu andKashmir",2919.96,2604.76,1774.2,87.5,National Highways Authority of India [NHAI],False,1734.0,153.0,68.1137609607027,68.1137609607027,19.386239039297294,1,1,0.5,-112.5,-19.38623903929729,0.0,2.0,-1581.0,1734.0,153.0,1,1,1,0,0,0,0,0,0,1
618542,2026-05-01,"Jammu andKashmir",827.98,827.98,25.21,0.0,National Highways Authority of India [NHAI],False,0.0,516.0,3.044759535254475,3.044759535254475,-3.044759535254475,0,1,,0.0,3.044759535254475,,0.0,516.0,0.0,516.0,0,0,0,0,0,0,0,0,0,1
618543,2026-05-01,"Jammu andKashmir",1912.17,1034.3,370.25,28.9,National Highways Authority of India [NHAI],False,1369.0,396.0,35.797157497824614,35.797157497824614,-6.897157497824615,1,1,1.8999999999999984,-171.1,6.897157497824615,0.0,2.0,-973.0,1369.0,396.0,1,1,1,0,0,1,0,0,0,1
618544,2026-05-01,"Jammu andKashmir",1401.87,1020.99,1029.97,87.1,National Highways Authority of India [NHAI],False,1550.0,215.0,100.87953848715463,100.0,-12.900000000000006,1,1,0.0,-112.9,13.77953848715464,0.0,2.0,-1335.0,1550.0,215.0,1,1,1,0,1,0,1,0,0,0
618545,2026-05-01,"Jammu andKashmir",614.48,444.76,263.75,42.8,National Highways Authority of India [NHAI],False,1550.0,215.0,59.30164583145966,59.30164583145966,-16.501645831459662,1,1,0.0,-157.2,16.501645831459662,0.0,2.0,-1335.0,1550.0,215.0,1,1,1,0,1,1,1,0,0,1
618547,2026-05-01,"Jammu andKashmir",961.0,643.64,430.82,51.02,National Highways Authority of India [NHAI],False,882.0,395.0,66.93493257100242,66.93493257100242,-15.914932571002417,1,1,2.220000000000006,-148.98,15.914932571002415,0.0,2.0,-487.0,882.0,395.0,1,1,1,0,0,0,1,0,0,1
618549,2026-05-01,"Jammu andKashmir",242.65,731.59,664.39,83.87,National Highways Authority of India [NHAI],False,1065.0,212.0,90.81452726253775,90.81452726253775,-6.944527262537747,1,1,0.0,-116.13,6.944527262537747,0.0,2.0,-853.0,1065.0,212.0,1,1,1,0,1,0,0,0,0,1
618550,2026-05-01,"Jammu andKashmir",855.74,215.68,198.69,74.63,National Highways Authority of India [NHAI],False,1247.0,183.0,92.1225890207715,92.1225890207715,-17.492589020771504,1,1,0.0,-125.37,17.492589020771504,0.0,2.0,-1064.0,1247.0,183.0,1,1,1,0,1,0,1,0,0,1
618551,2026-05-01,Punjab,666.81,690.47,57.9,28.0,National Highways Authority of India [NHAI],False,304.0,242.0,8.385592422552754,8.385592422552754,19.614407577447246,1,1,3.25,-97.6198347107438,-19.61440757744725,0.0,1.256198347107438,-62.0,304.0,242.0,1,1,1,0,0,1,0,0,0,1
618552,2026-05-01,Punjab,1754.84,2167.39,884.83,50.56,National Highways Authority of India [NHAI],False,1216.0,671.0,40.824678530398316,40.824678530398316,9.735321469601686,1,1,2.3599999999999994,-130.6620566318927,-9.735321469601686,0.0,1.812220566318927,-545.0,1216.0,671.0,1,1,1,0,0,0,0,0,0,1
618554,2026-05-01,Uttar Pradesh,879.26,787.58,623.64,93.8,National Highways Authority of India [NHAI],False,1157.0,243.0,79.18433682927449,79.18433682927449,14.615663170725512,1,1,2.0999999999999943,-106.2,-14.615663170725512,0.0,2.0,-914.0,1157.0,243.0,1,1,1,0,0,0,0,0,0,0
618556,2026-05-01,"Multi-States(Madhya Pradesh,Uttar Pradesh)",665.91,665.91,533.07,96.25,National Highways Authority of India [NHAI],False,791.0,394.0,80.05135829166105,80.05135829166105,16.198641708338954,0,1,1.0600000000000025,-103.75,-16.198641708338954,0.0,2.0,-397.0,791.0,394.0,1,1,1,0,0,0,0,0,0,1
618557,2026-05-01,Maharashtra,1038.84,918.53,673.93,83.0,National Highways Authority of India [NHAI],False,1035.0,122.0,73.37049415914558,73.37049415914558,9.62950584085442,1,1,1.230000000000004,-117.0,-9.62950584085442,0.0,2.0,-913.0,1035.0,122.0,1,1,1,0,0,0,0,0,0,0
618558,2026-05-01,Telangana,955.49,903.17,427.43,35.96,National Highways Authority of India [NHAI],False,1216.0,306.0,47.32553118460533,47.32553118460533,-11.36553118460533,1,1,0.0,-164.04,11.36553118460533,0.0,2.0,-910.0,1216.0,306.0,1,1,1,0,1,1,1,0,0,1
618559,2026-05-01,Telangana,521.53,528.21,256.53,50.5,National Highways Authority of India [NHAI],False,1369.0,243.0,48.56591128528425,48.56591128528425,1.9340887147157488,1,1,0.0,-149.5,-1.9340887147157488,0.0,2.0,-1126.0,1369.0,243.0,1,1,1,0,1,0,0,0,0,1
618560,2026-05-01,Telangana,541.58,527.43,72.23,17.05,National Highways Authority of India [NHAI],False,1157.0,365.0,13.694708302523559,13.694708302523559,3.355291697476442,1,0,0.0,-182.95,-3.355291697476442,0.0,2.0,-792.0,1157.0,365.0,1,1,1,0,1,1,0,0,0,1
618561,2026-05-01,Tamil Nadu,904.99,731.09,183.57,41.45,National Highways Authority of India [NHAI],False,426.0,365.0,25.109083696945657,25.109083696945657,16.340916303054346,1,1,5.830000000000005,-75.2623287671233,-16.340916303054346,0.0,1.167123287671233,-61.0,426.0,365.0,1,1,1,0,0,1,0,0,0,0
618563,2026-05-01,Tamil Nadu,900.05,900.05,671.34,98.55,National Highways Authority of India [NHAI],False,2252.0,456.0,74.58918948947282,74.58918948947282,23.960810510527182,0,1,0.75,-101.45,-23.960810510527185,0.0,2.0,-1796.0,2252.0,456.0,1,1,1,0,0,0,0,0,0,1
618564,2026-05-01,Gujarat,1553.76,34.34,28.26,61.04,National Highways Authority of India [NHAI],False,882.0,334.0,82.2947000582411,82.2947000582411,-21.254700058241106,1,1,3.449999999999996,-138.96,21.254700058241102,0.0,2.0,-548.0,882.0,334.0,1,1,1,0,0,0,1,1,0,0
618566,2026-05-01,Uttar Pradesh,1973.98,1244.44,1005.8,71.98,National Highways Authority of India [NHAI],False,851.0,334.0,80.82350294108193,80.82350294108193,-8.843502941081923,1,1,3.030000000000001,-128.01999999999998,8.843502941081923,0.0,2.0,-517.0,851.0,334.0,1,1,1,0,0,0,0,0,0,0
618567,2026-05-01,Uttar Pradesh,2289.34,1834.25,233.67,30.14,NHAI,False,304.0,334.0,12.739266730271229,12.739266730271229,17.40073326972877,1,1,4.010000000000002,-60.87796407185628,-17.40073326972877,0.0,0.9101796407185628,30.0,304.0,334.0,1,1,1,0,0,0,0,0,0,0
618568,2026-05-01,Uttar Pradesh,2541.13,1983.05,297.45,38.23,NHAI,False,426.0,212.0,14.999621794710169,14.999621794710169,23.230378205289828,1,1,3.0899999999999963,-161.77,-23.230378205289828,0.0,2.0,-214.0,426.0,212.0,1,1,1,0,0,1,0,0,0,0
618569,2026-05-01,Bihar,210.05,358.3,116.57,64.05,National Highways Authority of India [NHAI],False,1400.0,242.0,32.53418922690482,32.53418922690482,31.515810773095176,1,1,0.0,-135.95,-31.515810773095176,0.0,2.0,-1158.0,1400.0,242.0,1,1,1,0,1,0,0,0,0,1
618571,2026-05-01,Bihar,227.25,321.23,224.56,80.95,National Highways Authority of India [NHAI],False,882.0,609.0,69.90629766833733,69.90629766833733,11.043702331662672,1,1,0.4900000000000091,-63.87758620689654,-11.043702331662672,0.0,1.4482758620689655,-273.0,882.0,609.0,1,1,1,0,0,0,0,0,0,0
618572,2026-05-01,West Bengal,309.99,306.02,1.94,2.11,National Highways Authority of India [NHAI],False,181.0,245.0,0.6339454937585779,0.6339454937585779,1.476054506241422,1,1,1.0399999999999998,-71.76755102040816,-1.476054506241422,0.0,0.7387755102040816,64.0,181.0,245.0,1,1,1,0,0,0,0,0,0,0
618574,2026-05-01,West Bengal,1818.46,962.31,457.06,56.54,National Highways Authority of India [NHAI],False,516.0,396.0,47.49612910600535,47.49612910600535,9.04387089399465,1,1,1.3399999999999963,-73.76303030303032,-9.04387089399465,0.0,1.303030303030303,-120.0,516.0,396.0,1,1,1,0,0,0,0,0,0,0
618577,2026-05-01,"Multi-States (Delhi,Haryana)",2228.26,2298.37,999.69,100.0,National Highways Authority of India [NHAI],False,2738.0,304.0,43.49560775680156,43.49560775680156,56.50439224319844,1,1,0.0,-100.0,-56.50439224319844,0.0,2.0,-2434.0,2738.0,304.0,1,1,1,0,1,0,0,0,0,1
618579,2026-05-01,Andhra Pradesh,2527.0,2957.25,1012.02,100.0,National Highways Authority of India [NHAI],False,2677.0,365.0,34.221658635556686,34.221658635556686,65.77834136444332,1,1,0.0,-100.0,-65.77834136444332,0.0,2.0,-2312.0,2677.0,365.0,1,1,1,0,1,0,0,0,0,1
618580,2026-05-01,Haryana,1275.31,1957.44,734.13,97.86,National Highways Authority of India [NHAI],False,2130.0,547.0,37.50459784207945,37.50459784207945,60.35540215792055,1,1,0.0,-102.14,-60.35540215792055,0.0,2.0,-1583.0,2130.0,547.0,1,1,1,0,1,0,0,0,0,1
618581,2026-05-01,"Multi-States(Karnataka, TamilNadu)",1757.27,1828.66,927.75,78.7,National Highways Authority of India [NHAI],False,1308.0,365.0,50.73387070313782,50.73387070313782,27.966129296862185,1,1,0.0,-121.3,-27.966129296862185,0.0,2.0,-943.0,1308.0,365.0,1,1,1,0,1,0,0,0,0,1
618584,2026-05-01,"Multi-States(Bihar, WestBengal)",962.84,855.56,99.24,12.42,National Highways Authority of India [NHAI],False,151.0,334.0,11.599420262751883,11.599420262751883,0.8205797372481172,1,1,3.209999999999999,-32.78958083832335,-0.8205797372481172,0.0,0.4520958083832335,183.0,151.0,334.0,1,1,1,0,0,0,0,0,0,1
618585,2026-05-01,Maharashtra,856.93,718.84,126.14,36.5,National Highways Authority of India [NHAI],False,577.0,243.0,17.547715764286906,17.547715764286906,18.952284235713094,1,1,5.0,-163.5,-18.95228423571309,0.0,2.0,-334.0,577.0,243.0,1,1,1,0,0,1,0,0,0,0
618586,2026-05-01,Maharashtra,254.78,147.64,104.21,76.0,National Highways Authority of India [NHAI],False,334.0,92.0,70.58385261446762,70.58385261446762,5.416147385532383,1,1,0.0,-124.0,-5.416147385532383,0.0,2.0,-242.0,334.0,92.0,1,1,1,0,1,0,0,0,0,1
618588,2026-05-01,Maharashtra,540.24,468.92,464.27,99.79,National Highways Authority of India [NHAI],False,1642.0,273.0,99.00835963490573,99.00835963490573,0.781640365094276,1,1,0.0,-100.21,-0.781640365094276,0.0,2.0,-1369.0,1642.0,273.0,1,1,1,0,1,0,0,0,0,1
618589,2026-05-01,Chhattisgarh,1828.0,1656.73,715.96,69.87,National Highways Authority of India [NHAI],False,1035.0,395.0,43.215249316424526,43.215249316424526,26.65475068357548,1,1,0.0,-130.13,-26.65475068357548,0.0,2.0,-640.0,1035.0,395.0,1,1,1,0,1,0,0,0,0,1
618590,2026-05-01,Chhattisgarh,1958.9,1561.97,568.17,71.45,National Highways Authority of India [NHAI],False,1065.0,365.0,36.37521847410641,36.37521847410641,35.07478152589359,1,1,2.75,-128.55,-35.07478152589359,0.0,2.0,-700.0,1065.0,365.0,1,1,1,0,0,0,0,0,0,1
618591,2026-05-01,Odisha,374.17,211.74,103.78,50.87,National Highways Authority of India [NHAI],False,699.0,92.0,49.012940398602055,49.012940398602055,1.8570596013979426,1,1,0.8699999999999974,-149.13,-1.8570596013979423,0.0,2.0,-607.0,699.0,92.0,1,1,1,0,0,0,0,0,0,1
618592,2026-05-01,Odisha,320.64,244.85,48.6,22.85,National Highways Authority of India [NHAI],False,546.0,427.0,19.848887073718604,19.848887073718604,3.0011129262813974,1,1,4.850000000000001,-105.0188524590164,-3.0011129262813974,0.0,1.278688524590164,-119.0,546.0,427.0,1,1,1,0,0,1,0,0,0,1
618593,2026-05-01,Odisha,263.32,163.07,9.17,9.8,National Highways Authority of India [NHAI],False,365.0,61.0,5.623351934751947,5.623351934751947,4.176648065248053,1,1,1.0,-190.2,-4.176648065248053,0.0,2.0,-304.0,365.0,61.0,1,1,1,0,0,1,0,0,0,1
618594,2026-05-01,Maharashtra,329.82,196.87,185.04,96.89,National Highways Authority of India [NHAI],False,1157.0,90.0,93.99095850053334,93.99095850053334,2.8990414994666622,1,1,0.0,-103.11,-2.8990414994666622,0.0,2.0,-1067.0,1157.0,90.0,1,1,1,0,1,0,0,0,0,1
618595,2026-05-01,Kerala,1746.45,2538.06,960.04,90.68,National Highways Authority of India [NHAI],False,1673.0,487.0,37.82574092023041,37.82574092023041,52.8542590797696,1,1,0.5,-109.32,-52.8542590797696,0.0,2.0,-1186.0,1673.0,487.0,1,1,1,0,0,0,0,0,0,1
618596,2026-05-01,Kerala,2714.6,3557.65,1055.13,83.0,National Highways Authority of India [NHAI],False,1642.0,457.0,29.658060798560847,29.658060798560847,53.34193920143915,1,1,0.1299999999999954,-117.0,-53.34193920143915,0.0,2.0,-1185.0,1642.0,457.0,1,1,1,0,0,0,0,0,0,1
618597,2026-05-01,Kerala,3205.77,3898.46,776.84,60.07,National Highways Authority of India [NHAI],False,1673.0,365.0,19.926842907199255,19.926842907199255,40.14315709280075,1,1,0.0,-139.93,-40.14315709280075,0.0,2.0,-1308.0,1673.0,365.0,1,1,1,0,1,0,0,0,0,1
618598,2026-05-01,Kerala,210.0,216.94,77.9,100.0,National Highways Authority of India [NHAI],False,1977.0,275.0,35.90854614179036,35.90854614179036,64.09145385820963,1,1,0.0,-100.0,-64.09145385820963,0.0,2.0,-1702.0,1977.0,275.0,1,1,1,0,1,0,0,0,0,1
618599,2026-05-01,Kerala,4924.11,4919.46,1815.81,99.75,National Highways Authority of India [NHAI],False,1581.0,365.0,36.91075849788391,36.91075849788391,62.83924150211609,1,1,0.0,-100.25,-62.83924150211609,0.0,2.0,-1216.0,1581.0,365.0,1,1,1,0,1,0,0,0,0,1
618600,2026-05-01,Kerala,4023.94,4023.94,1497.77,98.84,National Highways Authority of India [NHAI],False,1581.0,334.0,37.22147944551857,37.22147944551857,61.618520554481435,0,1,0.0,-101.16,-61.61852055448144,0.0,2.0,-1247.0,1581.0,334.0,1,1,1,0,1,0,0,0,0,1
618601,2026-05-01,Kerala,4225.59,4225.59,717.06,88.2,National Highways Authority of India [NHAI],False,1338.0,457.0,16.96946461914194,16.96946461914194,71.23053538085806,0,1,0.0,-111.8,-71.23053538085806,0.0,2.0,-881.0,1338.0,457.0,1,1,1,0,1,0,0,0,0,1
618602,2026-05-01,Kerala,4302.06,4302.06,783.1,84.18,National Highways Authority of India [NHAI],False,1338.0,457.0,18.202907444340617,18.202907444340617,65.9770925556594,0,1,0.0,-115.82,-65.9770925556594,0.0,2.0,-881.0,1338.0,457.0,1,1,1,0,1,0,0,0,0,1
618603,2026-05-01,Kerala,3465.82,3606.2,853.77,70.81,National Highways Authority of India [NHAI],False,1308.0,334.0,23.67505961954412,23.67505961954412,47.13494038045589,1,1,5.879999999999996,-129.19,-47.13494038045589,0.0,2.0,-974.0,1308.0,334.0,1,1,1,0,0,0,0,0,0,1
618604,2026-05-01,Kerala,2429.52,2382.83,1765.01,90.34,National Highways Authority of India [NHAI],False,1185.0,184.0,74.07200681542537,74.07200681542537,16.267993184574635,1,1,6.409999999999997,-109.66,-16.267993184574635,0.0,2.0,-1001.0,1185.0,184.0,1,1,1,0,0,0,0,0,0,0
618605,2026-05-01,Kerala,2878.97,2638.67,2170.03,79.5,National Highways Authority of India [NHAI],False,1522.0,181.0,82.23953734267643,82.23953734267643,-2.739537342676428,1,1,1.2199999999999989,-120.5,2.739537342676428,0.0,2.0,-1341.0,1522.0,181.0,1,1,1,0,0,0,0,0,0,1
618606,2026-05-01,Kerala,3273.61,3200.24,1275.39,71.2,National Highways Authority of India [NHAI],False,1369.0,243.0,39.852948528860345,39.852948528860345,31.347051471139658,1,1,0.0,-128.8,-31.347051471139658,0.0,2.0,-1126.0,1369.0,243.0,1,1,1,0,1,0,0,0,0,1
618607,2026-05-01,Kerala,2842.14,3680.49,907.19,73.89,National Highways Authority of India [NHAI],False,1491.0,304.0,24.648620156555246,24.648620156555246,49.241379843444754,1,1,0.0,-126.11,-49.241379843444754,0.0,2.0,-1187.0,1491.0,304.0,1,1,1,0,1,0,0,0,0,1
618608,2026-05-01,Tamil Nadu,1564.23,1263.42,958.93,78.41,National Highways Authority of India [NHAI],False,1004.0,273.0,75.8995425115955,75.8995425115955,2.510457488404498,1,1,2.3100000000000023,-121.59,-2.510457488404498,0.0,2.0,-731.0,1004.0,273.0,1,1,1,0,0,0,0,0,0,0
618609,2026-05-01,Goa,463.08,316.28,127.34,48.59,National Highways Authority of India [NHAI],False,638.0,213.0,40.26179334766663,40.26179334766663,8.328206652333371,1,1,4.840000000000003,-151.41,-8.328206652333371,0.0,2.0,-425.0,638.0,213.0,1,1,1,0,0,1,0,0,0,1
618610,2026-05-01,Punjab,789.26,1318.91,518.7,99.0,National Highways Authority of India [NHAI],False,1004.0,1187.0,39.32792988149305,39.32792988149305,59.67207011850695,1,1,0.0,14.417017691659652,-59.67207011850695,0.0,0.8458298230834035,183.0,1004.0,1187.0,0,0,0,0,1,0,0,0,0,1
618611,2026-05-01,Rajasthan,520.63,548.42,426.09,100.0,National Highways Authority of India [NHAI],False,1795.0,851.0,77.69410305969878,77.69410305969878,22.305896940301224,1,1,0.0,-100.0,-22.305896940301224,0.0,2.0,-944.0,1795.0,851.0,1,1,1,0,1,0,0,0,0,1
618612,2026-05-01,Rajasthan,846.59,740.62,676.19,100.0,National Highways Authority of India [NHAI],False,1734.0,670.0,91.30053198671384,91.30053198671384,8.699468013286165,1,1,0.0,-100.0,-8.699468013286165,0.0,2.0,-1064.0,1734.0,670.0,1,1,1,0,1,0,0,0,0,1
618613,2026-05-01,Rajasthan,662.08,597.77,511.76,99.2,National Highways Authority of India [NHAI],False,1765.0,639.0,85.61152282650518,85.61152282650518,13.588477173494823,1,1,0.0,-100.8,-13.588477173494825,0.0,2.0,-1126.0,1765.0,639.0,1,1,1,0,1,0,0,0,0,1
618615,2026-05-01,Gujarat,778.15,835.55,672.59,99.7,National Highways Authority of India [NHAI],False,1887.0,394.0,80.49667883430077,80.49667883430077,19.203321165699236,1,1,0.0,-100.3,-19.20332116569924,0.0,2.0,-1493.0,1887.0,394.0,1,1,1,0,1,0,0,0,0,1
618616,2026-05-01,Gujarat,625.58,455.54,126.13,31.05,National Highways Authority of India [NHAI],False,454.0,337.0,27.688018615269787,27.688018615269787,3.361981384730214,1,1,5.050000000000001,-103.66810089020773,-3.361981384730214,0.0,1.3471810089020773,-117.0,454.0,337.0,1,1,1,0,0,1,0,0,0,1
618617,2026-05-01,Punjab,1229.38,1549.32,772.82,71.02,National Highways Authority of India [NHAI],False,1277.0,610.0,49.881238220638735,49.881238220638735,21.13876177936126,1,1,0.7399999999999949,-128.98000000000002,-21.13876177936126,0.0,2.0,-667.0,1277.0,610.0,1,1,1,0,0,0,0,0,0,1
618618,2026-05-01,Punjab,2029.17,2677.23,515.11,72.0,National Highways Authority of India [NHAI],False,699.0,1188.0,19.24040893012554,19.24040893012554,52.75959106987446,1,1,0.0,13.161616161616166,-52.75959106987446,0.0,0.5883838383838383,489.0,699.0,1188.0,0,0,0,0,1,0,0,0,0,1
618619,2026-05-01,Madhya Pradesh,998.95,998.95,22.06,0.0,National Highways Authority of India [NHAI],False,120.0,306.0,2.208318734671405,2.208318734671405,-2.208318734671405,0,1,0.0,-39.21568627450981,2.208318734671405,0.0,0.392156862745098,186.0,120.0,306.0,1,1,1,0,1,0,0,0,0,1
618620,2026-05-01,Madhya Pradesh,207.77,211.27,130.73,79.72,National Highways Authority of India [NHAI],False,1216.0,153.0,61.87816538079234,61.87816538079234,17.84183461920766,1,1,2.950000000000003,-120.28,-17.84183461920766,0.0,2.0,-1063.0,1216.0,153.0,1,1,1,0,0,0,0,0,0,1
618621,2026-05-01,Madhya Pradesh,1162.8,1530.82,547.21,85.6,National Highways Authority of India [NHAI],False,1216.0,306.0,35.74620138226572,35.74620138226572,49.85379861773428,1,1,0.7999999999999972,-114.4,-49.85379861773428,0.0,2.0,-910.0,1216.0,306.0,1,1,1,0,0,0,0,0,0,1
618622,2026-05-01,Madhya Pradesh,1001.69,888.81,713.78,90.5,National Highways Authority of India [NHAI],False,1491.0,455.0,80.30737727973359,80.30737727973359,10.192622720266414,1,1,1.5,-109.5,-10.192622720266414,0.0,2.0,-1036.0,1491.0,455.0,1,1,1,0,0,0,0,0,0,1
618623,2026-05-01,Madhya Pradesh,1504.37,1132.34,501.45,88.2,National Highways Authority of India [NHAI],False,820.0,457.0,44.28440221134995,44.28440221134995,43.915597788650054,1,1,2.0,-91.23107221006563,-43.91559778865005,0.0,1.7943107221006565,-363.0,820.0,457.0,1,1,1,0,0,0,0,0,0,0
618626,2026-05-01,Maharashtra,819.52,400.0,121.02,63.13,National Highways Authority of India [NHAI],False,577.0,305.0,30.255,30.255,32.875,1,1,1.1000000000000014,-126.05032786885246,-32.875,0.0,1.8918032786885248,-272.0,577.0,305.0,1,1,1,0,0,0,0,0,0,0
618627,2026-05-01,Maharashtra,168.52,112.03,17.61,26.37,National Highways Authority of India [NHAI],False,304.0,181.0,15.719003838257608,15.719003838257608,10.650996161742393,1,1,0.0,-141.58580110497238,-10.650996161742391,0.0,1.6795580110497237,-123.0,304.0,181.0,1,1,1,0,1,1,0,0,0,1
618628,2026-05-01,Maharashtra,150.21,87.59,65.16,48.0,National Highways Authority of India [NHAI],False,912.0,457.0,74.39205388743007,74.39205388743007,-26.392053887430066,1,1,0.0,-151.56236323851203,26.392053887430063,0.0,1.9956236323851204,-455.0,912.0,457.0,1,1,1,0,1,1,1,1,0,1
618629,2026-05-01,Andhra Pradesh,416.07,444.58,110.65,98.47,National Highways Authority of India [NHAI],False,2983.0,120.0,24.8886589590175,24.8886589590175,73.5813410409825,1,1,0.0,-101.53,-73.5813410409825,0.0,2.0,-2863.0,2983.0,120.0,1,1,1,0,1,0,0,0,0,1
618630,2026-05-01,Karnataka,2355.56,1923.3,887.73,77.72,National Highways Authority of India [NHAI],False,1247.0,303.0,46.15660583372329,46.15660583372329,31.56339416627671,1,1,1.5999999999999943,-122.28,-31.56339416627671,0.0,2.0,-944.0,1247.0,303.0,1,1,1,0,0,0,0,0,0,1
618631,2026-05-01,"Multi-States(Karnataka,Telangana)",1499.73,1457.48,829.48,99.51,National Highways Authority of India [NHAI],False,1277.0,245.0,56.91193018086012,56.91193018086012,42.59806981913989,1,1,0.0,-100.49,-42.59806981913989,0.0,2.0,-1032.0,1277.0,245.0,1,1,1,0,1,0,0,0,0,1
618632,2026-05-01,"Multi-States(Karnataka,Telangana)",972.06,1044.06,443.31,91.47,National Highways Authority of India [NHAI],False,1216.0,334.0,42.4602034365841,42.4602034365841,49.0097965634159,1,1,1.3400000000000034,-108.53,-49.0097965634159,0.0,2.0,-882.0,1216.0,334.0,1,1,1,0,0,0,0,0,0,1
618633,2026-05-01,Andhra Pradesh,1732.66,1732.66,0.03,1.0,National Highways Authority of India [NHAI],False,61.0,1186.0,0.0017314418293260074,0.0017314418293260074,0.998268558170674,0,1,1.0,-4.143338954468803,-0.998268558170674,0.0,0.051433389544688,1125.0,61.0,1186.0,0,0,0,0,0,0,0,0,0,1
618634,2026-05-01,"Multi-States(Andhra Pradesh,Tamil Nadu)",1439.77,1439.77,735.0,98.89,National Highways Authority of India [NHAI],False,1216.0,671.0,51.04982045743417,51.04982045743417,47.84017954256583,0,1,0.0,-82.33205663189271,-47.84017954256583,0.0,1.812220566318927,-545.0,1216.0,671.0,1,1,1,0,1,0,0,0,0,1
618635,2026-05-01,Tamil Nadu,1359.81,1359.81,337.16,39.38,National Highways Authority of India [NHAI],False,1216.0,699.0,24.794640427706817,24.794640427706817,14.585359572293186,0,1,1.9400000000000048,-134.5828040057225,-14.585359572293186,0.0,1.7396280400572246,-517.0,1216.0,699.0,1,1,1,0,0,1,0,0,0,1
618636,2026-05-01,"Multi-States(Karnataka,Maharashtra)",1370.75,1403.49,275.78,49.35,National Highways Authority of India [NHAI],False,577.0,580.0,19.649587813236998,19.649587813236998,29.700412186763003,1,1,2.3500000000000014,-50.132758620689664,-29.700412186763003,0.0,0.9948275862068966,3.0,577.0,580.0,1,1,1,0,0,0,0,0,0,0
618639,2026-05-01,Chhattisgarh,1855.59,2523.86,1295.24,94.81,National Highways Authority of India [NHAI],False,1522.0,699.0,51.319803792603395,51.319803792603395,43.49019620739661,1,1,0.0,-105.19,-43.49019620739661,0.0,2.0,-823.0,1522.0,699.0,1,1,1,0,1,0,0,0,0,1
618640,2026-05-01,Chhattisgarh,2261.3,2860.36,961.31,74.43,National Highways Authority of India [NHAI],False,820.0,702.0,33.608007383685965,33.608007383685965,40.82199261631404,1,1,1.6600000000000108,-42.3791168091168,-40.82199261631404,0.0,1.168091168091168,-118.0,820.0,702.0,1,1,1,0,0,0,0,0,0,0
618641,2026-05-01,Jharkhand,1325.8,1325.8,13.87,1.35,National Highways Authority of India [NHAI],False,89.0,549.0,1.0461608085684115,1.0461608085684115,0.30383919143158855,0,1,0.3500000000000001,-14.86129326047359,-0.3038391914315885,0.0,0.1621129326047359,460.0,89.0,549.0,1,0,0,0,0,0,0,0,0,1
618642,2026-05-01,Jharkhand,1882.93,1895.75,918.87,98.96,National Highways Authority of India [NHAI],False,1491.0,761.0,48.46999868126072,48.46999868126072,50.490001318739274,1,1,0.0,-96.96641261498031,-50.49000131873928,0.0,1.959264126149803,-730.0,1491.0,761.0,1,1,1,0,1,0,0,0,0,1
618644,2026-05-01,Jharkhand,1214.93,1462.19,864.26,86.57,National Highways Authority of India [NHAI],False,1065.0,485.0,59.107229566608986,59.107229566608986,27.462770433391007,1,1,0.0,-113.43,-27.462770433391007,0.0,2.0,-580.0,1065.0,485.0,1,1,1,0,1,0,0,0,0,1
618645,2026-05-01,Jharkhand,1007.97,1030.64,439.04,78.1,National Highways Authority of India [NHAI],False,1065.0,485.0,42.59877357758286,42.59877357758286,35.50122642241713,1,1,0.0,-121.9,-35.50122642241713,0.0,2.0,-580.0,1065.0,485.0,1,1,1,0,1,0,0,0,0,1
618646,2026-05-01,Chhattisgarh,3147.07,3147.07,0.0,0.0,National Highways Authority of India [NHAI],False,30.0,608.0,0.0,0.0,0.0,0,1,,-4.934210526315789,0.0,,0.0493421052631578,578.0,30.0,608.0,0,0,0,0,0,0,0,0,0,0
618647,2026-05-01,Punjab,906.51,1020.52,490.23,81.5,National Highways Authority of India [NHAI],False,973.0,822.0,48.037275114647436,48.037275114647436,33.462724885352564,1,1,0.0,-36.869829683698285,-33.462724885352564,0.0,1.183698296836983,-151.0,973.0,822.0,1,1,1,0,1,0,0,0,0,1
618649,2026-05-01,Karnataka,1246.15,1012.78,276.78,51.17,National Highways Authority of India [NHAI],False,546.0,611.0,27.328738719169017,27.328738719169017,23.841261280830985,1,1,5.3700000000000045,-38.19170212765957,-23.841261280830985,0.0,0.8936170212765957,65.0,546.0,611.0,1,1,1,0,0,0,0,0,0,1
618650,2026-05-01,Karnataka,1363.9,1219.62,115.94,20.45,National Highways Authority of India [NHAI],False,395.0,456.0,9.50623964841508,9.50623964841508,10.943760351584919,1,1,1.1999999999999993,-66.17280701754386,-10.94376035158492,0.0,0.8662280701754386,61.0,395.0,456.0,1,1,1,0,0,0,0,0,0,1
618651,2026-05-01,Karnataka,1427.88,1293.94,455.59,48.8,National Highways Authority of India [NHAI],False,426.0,394.0,35.20951512434888,35.20951512434888,13.590484875651114,1,1,6.759999999999998,-59.32182741116752,-13.590484875651114,0.0,1.0812182741116751,-32.0,426.0,394.0,1,1,1,0,0,1,0,0,0,1
618653,2026-05-01,Maharashtra,1236.08,3466.58,900.78,96.22,National Highways Authority of India [NHAI],False,2618.0,365.0,25.98468807874043,25.98468807874043,70.23531192125957,1,1,0.019999999999996,-103.78,-70.23531192125957,0.0,2.0,-2253.0,2618.0,365.0,1,1,1,0,0,0,0,0,0,1
618655,2026-05-01,Madhya Pradesh,200.99,120.75,109.85,93.93,National Highways Authority of India [NHAI],False,638.0,153.0,90.97308488612836,90.97308488612836,2.956915113871645,1,1,8.510000000000005,-106.07,-2.956915113871645,0.0,2.0,-485.0,638.0,153.0,1,1,1,0,0,0,0,0,0,1
618661,2026-05-01,Madhya Pradesh,1032.3,1038.18,73.97,11.05,National Highways Authority of India [NHAI],False,181.0,396.0,7.124968695216628,7.124968695216628,3.9250313047833725,1,1,2.09,-34.6570707070707,-3.925031304783373,0.0,0.457070707070707,215.0,181.0,396.0,1,1,1,0,0,0,0,0,0,1
618662,2026-05-01,Madhya Pradesh,980.2,980.2,1.56,6.18,National Highways Authority of India [NHAI],False,61.0,516.0,0.15915119363395225,0.15915119363395225,6.020848806366048,0,1,4.48,-5.641705426356589,-6.020848806366048,0.0,0.1182170542635659,455.0,61.0,516.0,0,0,0,0,0,0,0,0,0,1
618663,2026-05-01,Madhya Pradesh,1003.87,941.12,384.74,87.14,National Highways Authority of India [NHAI],False,882.0,456.0,40.88107786467188,40.88107786467188,46.25892213532812,1,1,3.799999999999997,-106.28105263157892,-46.25892213532812,0.0,1.9342105263157892,-426.0,882.0,456.0,1,1,1,0,0,0,0,0,0,0
618664,2026-05-01,Madhya Pradesh,524.84,471.31,371.08,91.5,National Highways Authority of India [NHAI],False,1277.0,273.0,78.73374212301881,78.73374212301881,12.766257876981186,1,1,3.5,-108.5,-12.766257876981186,0.0,2.0,-1004.0,1277.0,273.0,1,1,1,0,0,0,0,0,0,1
618666,2026-05-01,Madhya Pradesh,710.92,539.08,467.33,93.31,National Highways Authority of India [NHAI],False,638.0,731.0,86.69028715589522,86.69028715589522,6.619712844104782,1,1,5.659999999999997,6.0322982216142265,-6.619712844104782,0.0,0.8727770177838577,93.0,638.0,731.0,0,0,0,0,0,0,0,0,0,1
618667,2026-05-01,Madhya Pradesh,1005.59,882.21,111.98,27.74,National Highways Authority of India [NHAI],False,212.0,365.0,12.693122952584984,12.693122952584984,15.046877047415014,1,1,6.899999999999999,-30.34219178082192,-15.046877047415014,0.0,0.5808219178082191,153.0,212.0,365.0,1,1,1,0,0,0,0,0,0,1
618668,2026-05-01,"Multi-States(Madhya Pradesh,Uttar Pradesh)",996.5,846.68,137.19,33.27,National Highways Authority of India [NHAI],False,242.0,335.0,16.20328813719469,16.20328813719469,17.066711862805313,1,1,2.3800000000000026,-38.968805970149255,-17.066711862805313,0.0,0.7223880597014926,93.0,242.0,335.0,1,1,1,0,0,0,0,0,0,1
618669,2026-05-01,Uttar Pradesh,1632.93,1425.43,338.64,53.75,National Highways Authority of India [NHAI],True,454.0,854.0,23.757041734774766,23.757041734774766,29.992958265225234,1,1,3.5,0.5884074941451942,-29.992958265225237,0.0,0.531615925058548,400.0,454.0,854.0,0,0,0,0,0,0,0,0,0,1
618671,2026-05-01,Madhya Pradesh,618.33,342.69,24.57,8.51,National Highways Authority of India [NHAI],False,151.0,275.0,7.16974525080977,7.16974525080977,1.3402547491902297,1,1,3.43,-46.39909090909091,-1.3402547491902297,0.0,0.5490909090909091,124.0,151.0,275.0,1,1,1,0,0,0,0,0,0,1
618672,2026-05-01,Madhya Pradesh,903.44,592.44,108.89,30.01,National Highways Authority of India [NHAI],False,181.0,396.0,18.379920329484843,18.379920329484843,11.630079670515158,1,1,4.990000000000002,-15.697070707070704,-11.630079670515158,0.0,0.457070707070707,215.0,181.0,396.0,1,0,0,0,0,0,0,0,0,1
618673,2026-05-01,Chhattisgarh,1368.19,1129.14,673.52,98.39,National Highways Authority of India [NHAI],False,1338.0,304.0,59.64893635864462,59.64893635864462,38.74106364135538,1,1,0.0,-101.61,-38.74106364135538,0.0,2.0,-1034.0,1338.0,304.0,1,1,1,0,1,0,0,0,0,1
618674,2026-05-01,Chhattisgarh,1470.73,1461.81,756.12,100.0,National Highways Authority of India [NHAI],False,1216.0,396.0,51.724916370800585,51.724916370800585,48.275083629199415,1,1,1.0,-100.0,-48.275083629199415,0.0,2.0,-820.0,1216.0,396.0,1,1,1,0,0,0,0,0,0,1
618675,2026-05-01,Chhattisgarh,1307.16,1303.63,480.24,64.89,National Highways Authority of India [NHAI],False,943.0,579.0,36.838673550010355,36.838673550010355,28.051326449989645,1,1,1.230000000000004,-97.97701208981005,-28.051326449989645,0.0,1.6286701208981005,-364.0,943.0,579.0,1,1,1,0,0,0,0,0,0,0
618677,2026-05-01,Odisha,1539.75,1918.49,978.89,95.59,National Highways Authority of India [NHAI],False,1461.0,242.0,51.023982402827215,51.023982402827215,44.56601759717279,1,1,0.7800000000000011,-104.41,-44.56601759717279,0.0,2.0,-1219.0,1461.0,242.0,1,1,1,0,0,0,0,0,0,0
618678,2026-05-01,Odisha,1265.59,1635.44,869.4,99.04,National Highways Authority of India [NHAI],False,1430.0,304.0,53.16000586997994,53.16000586997994,45.879994130020066,1,1,0.0800000000000125,-100.96,-45.87999413002007,0.0,2.0,-1126.0,1430.0,304.0,1,1,1,0,0,0,0,0,0,1
618680,2026-05-01,Odisha,1492.74,1912.84,1050.21,99.9,National Highways Authority of India [NHAI],False,1308.0,304.0,54.90318061102863,54.90318061102863,44.996819388971375,1,1,2.430000000000007,-100.1,-44.996819388971375,0.0,2.0,-1004.0,1308.0,304.0,1,1,1,0,0,0,0,0,0,1
618681,2026-05-01,"Multi-States(Andhra Pradesh,Odisha)",1216.12,1241.66,697.87,99.63,National Highways Authority of India [NHAI],False,1522.0,393.0,56.20459707166212,56.20459707166212,43.425402928337874,1,1,3.3999999999999915,-100.37,-43.425402928337874,0.0,2.0,-1129.0,1522.0,393.0,1,1,1,0,0,0,0,0,0,1
618682,2026-05-01,Andhra Pradesh,1112.7,1127.63,823.69,99.26,National Highways Authority of India [NHAI],False,1550.0,365.0,73.04612328512012,73.04612328512012,26.213876714879888,1,1,0.0,-100.74,-26.213876714879888,0.0,2.0,-1185.0,1550.0,365.0,1,1,1,0,1,0,0,0,0,1
618684,2026-05-01,Madhya Pradesh,917.26,786.47,499.13,75.61,National Highways Authority of India [NHAI],False,791.0,486.0,63.46459496229989,63.46459496229989,12.145405037700108,1,1,1.0499999999999972,-87.14720164609052,-12.145405037700108,0.0,1.627572016460905,-305.0,791.0,486.0,1,1,1,0,0,0,0,0,0,1
618685,2026-05-01,Madhya Pradesh,911.24,773.23,502.56,79.8,National Highways Authority of India [NHAI],False,791.0,547.0,64.99489155878587,64.99489155878587,14.80510844121413,1,1,2.799999999999997,-64.80694698354661,-14.80510844121413,0.0,1.446069469835466,-244.0,791.0,547.0,1,1,1,0,0,0,0,0,0,1
618686,2026-05-01,Madhya Pradesh,612.94,509.82,341.9,76.1,National Highways Authority of India [NHAI],False,791.0,578.0,67.06288493978266,67.06288493978266,9.037115060217332,1,1,0.0,-60.751211072664375,-9.037115060217332,0.0,1.3685121107266436,-213.0,791.0,578.0,1,1,1,0,1,0,0,0,0,0
618687,2026-05-01,Madhya Pradesh,652.33,651.88,482.93,88.0,National Highways Authority of India [NHAI],False,1157.0,181.0,74.08265324906425,74.08265324906425,13.91734675093575,1,1,0.0,-112.0,-13.91734675093575,0.0,2.0,-976.0,1157.0,181.0,1,1,1,0,1,0,0,0,0,0
618688,2026-05-01,Madhya Pradesh,794.7,539.9,69.49,26.95,National Highways Authority of India [NHAI],False,212.0,365.0,12.870902018892389,12.870902018892389,14.07909798110761,1,1,1.8299999999999983,-31.13219178082192,-14.07909798110761,0.0,0.5808219178082191,153.0,212.0,365.0,1,1,1,0,0,0,0,0,0,0
618690,2026-05-01,Uttar Pradesh,1663.38,1685.69,544.81,16.75,National Highways Authority of India [NHAI],False,426.0,365.0,32.31970291097414,32.31970291097414,-15.569702910974137,1,1,1.0,-99.9623287671233,15.569702910974137,0.0,1.167123287671233,-61.0,426.0,365.0,1,1,1,0,0,1,1,0,0,0
618691,2026-05-01,"Multi-States(Haryana, UttarPradesh)",939.17,903.94,182.25,10.95,National Highways Authority of India [NHAI],False,273.0,518.0,20.161736398433522,20.161736398433522,-9.211736398433523,1,1,3.4499999999999997,-41.75270270270269,9.211736398433525,0.0,0.527027027027027,245.0,273.0,518.0,1,1,1,0,0,0,0,0,0,1
618692,2026-05-01,Uttar Pradesh,1226.64,2069.6,769.4,100.0,National Highways Authority of India [NHAI],False,2646.0,337.0,37.17626594511017,37.17626594511017,62.82373405488983,1,1,0.0,-100.0,-62.82373405488983,0.0,2.0,-2309.0,2646.0,337.0,1,1,1,0,1,0,0,0,0,1
618693,2026-05-01,Maharashtra,1344.78,1292.7,785.78,97.69,National Highways Authority of India [NHAI],False,1581.0,334.0,60.78595188365436,60.78595188365436,36.904048116345635,1,1,0.0,-102.31,-36.90404811634564,0.0,2.0,-1247.0,1581.0,334.0,1,1,1,0,1,0,0,0,0,1
618694,2026-05-01,Madhya Pradesh,1011.29,813.03,417.14,93.08,National Highways Authority of India [NHAI],False,1277.0,304.0,51.306839846008145,51.306839846008145,41.77316015399185,1,1,1.3499999999999943,-106.92,-41.77316015399185,0.0,2.0,-973.0,1277.0,304.0,1,1,1,0,0,0,0,0,0,1
618697,2026-05-01,Karnataka,626.01,284.05,111.79,36.4,National Highways Authority of India [NHAI],False,638.0,182.0,39.35574722760077,39.35574722760077,-2.9557472276007744,1,1,0.8999999999999986,-163.6,2.9557472276007744,0.0,2.0,-456.0,638.0,182.0,1,1,1,0,0,1,0,0,0,1
618700,2026-05-01,Andhra Pradesh,1863.09,2510.14,1490.28,98.6,National Highways Authority of India [NHAI],False,1581.0,671.0,59.370393683220854,59.370393683220854,39.22960631677914,1,1,0.0,-101.4,-39.22960631677914,0.0,2.0,-910.0,1581.0,671.0,1,1,1,0,1,0,0,0,0,1
618702,2026-05-01,Karnataka,1660.19,1318.24,1359.13,94.21,National Highways Authority of India [NHAI],False,1642.0,335.0,103.10186309018086,100.0,-5.790000000000006,1,1,0.0,-105.79,8.891863090180863,0.0,2.0,-1307.0,1642.0,335.0,1,1,1,0,1,0,0,0,0,0
618704,2026-05-01,Odisha,150.86,106.32,106.16,99.99,National Highways Authority of India [NHAI],True,699.0,274.0,99.84951091045899,99.84951091045899,0.14048908954100625,1,1,0.0099999999999909,-100.01,-0.1404890895410062,0.0,2.0,-425.0,699.0,274.0,1,1,1,0,0,0,0,0,0,1
618705,2026-05-01,Odisha,973.12,973.12,165.17,2.0,National Highways Authority of India [NHAI],False,89.0,427.0,16.973240710292668,16.973240710292668,-14.973240710292668,0,1,0.5,-18.843091334894616,14.973240710292668,0.0,0.2084309133489461,338.0,89.0,427.0,1,0,0,0,0,0,1,0,0,1
618706,2026-05-01,Karnataka,3496.01,4087.42,604.63,99.19,National Highways Authority of India [NHAI],False,2557.0,454.0,14.792460769874394,14.792460769874394,84.3975392301256,1,1,0.0,-100.81,-84.3975392301256,0.0,2.0,-2103.0,2557.0,454.0,1,1,1,0,1,0,0,0,0,1
618707,2026-05-01,Karnataka,738.37,738.37,14.28,7.29,National Highways Authority of India [NHAI],False,120.0,426.0,1.9339897341441283,1.9339897341441283,5.356010265855872,0,1,1.66,-20.879014084507045,-5.356010265855872,0.0,0.2816901408450704,306.0,120.0,426.0,1,1,0,0,0,0,0,0,0,0
618708,2026-05-01,Kerala,1187.47,1265.47,715.77,65.83,National Highways Authority of India [NHAI],False,1065.0,273.0,56.56159371616869,56.56159371616869,9.268406283831311,1,1,13.119999999999996,-134.17000000000002,-9.268406283831313,0.0,2.0,-792.0,1065.0,273.0,1,1,1,0,0,0,0,0,0,1
618709,2026-05-01,Karnataka,1340.15,992.6,922.0,91.45,National Highways Authority of India [NHAI],False,1096.0,61.0,92.88736651219021,92.88736651219021,-1.4373665121902093,1,1,0.0,-108.55,1.4373665121902093,0.0,2.0,-1035.0,1096.0,61.0,1,1,1,0,1,0,0,0,0,0
618710,2026-05-01,Uttar Pradesh,2002.79,1889.78,1733.16,100.0,National Highways Authority of India [NHAI],False,1826.0,242.0,91.71226280307762,91.71226280307762,8.287737196922379,1,1,0.0,-100.0,-8.287737196922379,0.0,2.0,-1584.0,1826.0,242.0,1,1,1,0,1,0,0,0,0,1
618711,2026-05-01,"Multi-States (UttarPradesh,Uttarakhand)",796.65,560.03,502.83,99.29,National Highways Authority of India [NHAI],False,1277.0,214.0,89.78626145027945,89.78626145027945,9.503738549720552,1,1,0.0,-100.71,-9.503738549720552,0.0,2.0,-1063.0,1277.0,214.0,1,1,1,0,1,0,0,0,0,1
618712,2026-05-01,Andhra Pradesh,912.94,798.25,333.4,86.23,National Highways Authority of India [NHAI],False,820.0,396.0,41.76636392107736,41.76636392107736,44.46363607892265,1,1,1.2199999999999989,-113.77,-44.46363607892265,0.0,2.0,-424.0,820.0,396.0,1,1,1,0,0,0,0,0,0,1
618713,2026-05-01,Andhra Pradesh,1200.42,1019.69,259.18,42.51,National Highways Authority of India [NHAI],False,820.0,365.0,25.417528856809422,25.417528856809422,17.092471143190576,1,1,4.100000000000001,-157.49,-17.092471143190576,0.0,2.0,-455.0,820.0,365.0,1,1,1,0,0,1,0,0,0,0
618714,2026-05-01,Andhra Pradesh,1253.26,1095.78,339.35,63.52,National Highways Authority of India [NHAI],False,820.0,730.0,30.968807607366443,30.968807607366443,32.55119239263356,1,1,1.5,-48.80876712328767,-32.55119239263356,0.0,1.1232876712328768,-90.0,820.0,730.0,1,1,1,0,0,0,0,0,0,1
618715,2026-05-01,Andhra Pradesh,1058.9,946.1,377.91,75.63,National Highways Authority of India [NHAI],False,820.0,396.0,39.94398055173872,39.94398055173872,35.68601944826128,1,1,1.6999999999999886,-124.37,-35.68601944826128,0.0,2.0,-424.0,820.0,396.0,1,1,1,0,0,0,0,0,0,1
618716,2026-05-01,Andhra Pradesh,992.91,888.07,320.04,75.54,National Highways Authority of India [NHAI],False,791.0,456.0,36.03769973087707,36.03769973087707,39.502300269122934,1,1,2.440000000000012,-97.92491228070176,-39.50230026912293,0.0,1.7346491228070176,-335.0,791.0,456.0,1,1,1,0,0,0,0,0,0,0
618717,2026-05-01,Andhra Pradesh,750.81,626.91,226.47,84.72,National Highways Authority of India [NHAI],False,791.0,425.0,36.12480260324449,36.12480260324449,48.59519739675551,1,1,2.539999999999992,-101.39764705882352,-48.59519739675551,0.0,1.8611764705882352,-366.0,791.0,425.0,1,1,1,0,0,0,0,0,0,1
618718,2026-05-01,Andhra Pradesh,1092.18,956.4,200.12,41.6,National Highways Authority of India [NHAI],False,454.0,731.0,20.924299456294438,20.924299456294438,20.675700543705563,1,1,5.600000000000001,-20.506703146374832,-20.675700543705563,0.0,0.6210670314637483,277.0,454.0,731.0,1,1,0,0,0,0,0,0,0,0
618719,2026-05-01,Andhra Pradesh,909.02,751.81,273.33,58.08,National Highways Authority of India [NHAI],False,820.0,365.0,36.35626022532289,36.35626022532289,21.723739774677107,1,1,2.0700000000000003,-141.92000000000002,-21.723739774677107,0.0,2.0,-455.0,820.0,365.0,1,1,1,0,0,0,0,0,0,0
618720,2026-05-01,Andhra Pradesh,987.1,848.06,319.74,67.98,National Highways Authority of India [NHAI],False,791.0,394.0,37.70252104803905,37.70252104803905,30.27747895196095,1,1,,-132.01999999999998,-30.27747895196095,,2.0,-397.0,791.0,394.0,1,1,1,0,0,0,0,0,0,0
618721,2026-05-01,Andhra Pradesh,1292.65,1110.33,319.98,58.8,National Highways Authority of India [NHAI],False,820.0,365.0,28.818459376941995,28.818459376941995,29.981540623058002,1,1,0.3799999999999954,-141.2,-29.981540623058,0.0,2.0,-455.0,820.0,365.0,1,1,1,0,0,0,0,0,0,0
618722,2026-05-01,Uttar Pradesh,1843.59,1247.55,708.41,58.9,National Highways Authority of India [NHAI],False,1096.0,334.0,56.78409682978638,56.78409682978638,2.1159031702136204,1,1,0.0,-141.1,-2.1159031702136204,0.0,2.0,-762.0,1096.0,334.0,1,1,1,0,1,0,0,0,0,0
618723,2026-05-01,"Multi-States(Haryana, UttarPradesh)",1554.21,1241.89,801.92,78.5,National Highways Authority of India [NHAI],False,1096.0,334.0,64.57254668287851,64.57254668287851,13.92745331712149,1,1,4.0,-121.5,-13.92745331712149,0.0,2.0,-762.0,1096.0,334.0,1,1,1,0,0,0,0,0,0,1
618724,2026-05-01,"Multi-States(Bihar, Jharkhand)",1719.2,1723.42,127.14,22.31,National Highways Authority of India [NHAI],False,304.0,853.0,7.377191862691625,7.377191862691625,14.932808137308374,1,1,5.209999999999997,-13.328921453692852,-14.932808137308374,0.0,0.3563892145369285,549.0,304.0,853.0,1,0,0,0,0,0,0,0,0,1
618725,2026-05-01,Bihar,1915.99,1920.21,129.12,14.15,National Highways Authority of India [NHAI],False,242.0,915.0,6.724264533566641,6.724264533566641,7.425735466433359,1,1,3.77,-12.298087431693988,-7.425735466433359,0.0,0.2644808743169399,673.0,242.0,915.0,1,0,0,0,0,0,0,0,0,1
618726,2026-05-01,Bihar,1240.93,1341.52,168.48,21.22,National Highways Authority of India [NHAI],False,212.0,945.0,12.55888842507007,12.55888842507007,8.66111157492993,1,1,7.139999999999999,-1.2138624338624346,-8.66111157492993,0.0,0.2243386243386243,733.0,212.0,945.0,0,0,0,0,0,0,0,0,0,1
618727,2026-05-01,Bihar,1576.94,1711.44,181.24,20.15,National Highways Authority of India [NHAI],False,212.0,945.0,10.589912588229796,10.589912588229796,9.560087411770203,1,1,4.149999999999999,-2.283862433862435,-9.560087411770205,0.0,0.2243386243386243,733.0,212.0,945.0,0,0,0,0,0,0,0,0,0,1
618728,2026-05-01,"Multi-States(Bihar, UttarPradesh)",1433.39,1564.15,400.72,41.88,National Highways Authority of India [NHAI],False,546.0,611.0,25.619026308218523,25.619026308218523,16.26097369178148,1,1,2.960000000000001,-47.48170212765957,-16.26097369178148,0.0,0.8936170212765957,65.0,546.0,611.0,1,1,1,0,0,0,0,0,0,1
618730,2026-05-01,Jharkhand,1546.27,1546.27,0.26,0.0,National Highways Authority of India [NHAI],False,0.0,1157.0,0.016814657207344125,0.016814657207344125,-0.016814657207344125,0,1,,0.0,0.0168146572073441,,0.0,1157.0,0.0,1157.0,0,0,0,0,0,0,0,0,0,1
618732,2026-05-01,"Multi-States(Bihar, Jharkhand)",1728.17,1728.17,3.57,0.0,National Highways Authority of India [NHAI],False,0.0,1157.0,0.20657689926338263,0.20657689926338263,-0.20657689926338263,0,1,,0.0,0.2065768992633826,,0.0,1157.0,0.0,1157.0,0,0,0,0,0,0,0,0,0,1
618734,2026-05-01,"Multi-States(Jharkhand, WestBengal)",1154.49,1319.18,138.04,20.43,National Highways Authority of India [NHAI],False,242.0,915.0,10.464076168528933,10.464076168528933,9.965923831471066,1,1,3.210000000000001,-6.0180874316939885,-9.965923831471066,0.0,0.2644808743169399,673.0,242.0,915.0,0,0,0,0,0,0,0,0,0,1
618735,2026-05-01,Madhya Pradesh,909.84,976.55,436.49,99.0,National Highways Authority of India [NHAI],False,1338.0,274.0,44.697148123495985,44.697148123495985,54.302851876504015,1,1,0.0,-101.0,-54.302851876504015,0.0,2.0,-1064.0,1338.0,274.0,1,1,1,0,1,0,0,0,0,1
618736,2026-05-01,Jharkhand,936.26,832.2,294.23,44.42,National Highways Authority of India [NHAI],False,607.0,184.0,35.35568372987263,35.35568372987263,9.064316270127371,1,1,1.2100000000000009,-155.57999999999998,-9.064316270127373,0.0,2.0,-423.0,607.0,184.0,1,1,1,0,0,1,0,0,0,0
618737,2026-05-01,Jharkhand,303.53,5.58,3.88,0.0,National Highways Authority of India [NHAI],False,151.0,334.0,69.53405017921148,69.53405017921148,-69.53405017921148,1,1,0.0,-45.20958083832336,69.53405017921148,0.0,0.4520958083832335,183.0,151.0,334.0,1,1,1,0,1,0,1,1,1,1
618738,2026-05-01,Bihar,6291.69,3351.62,660.36,20.1,National Highways Authority of India [NHAI],False,973.0,365.0,19.702710927849818,19.702710927849818,0.3972890721501834,1,1,1.0800000000000018,-179.9,-0.3972890721501834,0.0,2.0,-608.0,973.0,365.0,1,1,1,0,0,1,0,0,0,1
618739,2026-05-01,Bihar,1390.92,1427.43,368.03,46.79,National Highways Authority of India [NHAI],False,1157.0,393.0,25.782700377601703,25.782700377601703,21.007299622398296,1,1,1.4399999999999975,-153.21,-21.007299622398296,0.0,2.0,-764.0,1157.0,393.0,1,1,1,0,0,1,0,0,0,1
618740,2026-05-01,Bihar,1494.31,1546.07,282.33,43.8,National Highways Authority of India [NHAI],False,1035.0,515.0,18.261139534432463,18.261139534432463,25.538860465567534,1,1,0.1999999999999957,-156.2,-25.53886046556753,0.0,2.0,-520.0,1035.0,515.0,1,1,1,0,0,1,0,0,0,1
618741,2026-05-01,Bihar,1857.58,1969.3,425.65,32.68,NHAI,False,1185.0,337.0,21.614279185497384,21.614279185497384,11.065720814502615,1,1,0.509999999999998,-167.32,-11.065720814502615,0.0,2.0,-848.0,1185.0,337.0,1,1,1,0,0,1,0,0,0,1
618744,2026-05-01,Tamil Nadu,1076.97,791.6,679.49,95.41,National Highways Authority of India [NHAI],False,1185.0,337.0,85.83754421424962,85.83754421424962,9.572455785750378,1,1,0.0,-104.59,-9.572455785750378,0.0,2.0,-848.0,1185.0,337.0,1,1,1,0,1,0,0,0,0,0
618746,2026-05-01,Telangana,797.36,1337.18,635.37,96.4,National Highways Authority of India [NHAI],False,1308.0,638.0,47.51566729983996,47.51566729983996,48.884332700160044,1,1,0.6000000000000085,-103.6,-48.88433270016005,0.0,2.0,-670.0,1308.0,638.0,1,1,1,0,0,0,0,0,0,1
618747,2026-05-01,"Multi-States(Andhra Pradesh,Telangana)",829.5,1227.07,518.87,98.82,National Highways Authority of India [NHAI],False,1338.0,608.0,42.28528119830165,42.28528119830165,56.53471880169835,1,1,0.0,-101.18,-56.53471880169835,0.0,2.0,-730.0,1338.0,608.0,1,1,1,0,1,0,0,0,0,1
618749,2026-05-01,Andhra Pradesh,711.94,926.48,423.04,99.66,National Highways Authority of India [NHAI],False,1338.0,639.0,45.660996459718504,45.660996459718504,53.99900354028149,1,1,0.0,-100.34,-53.99900354028149,0.0,2.0,-699.0,1338.0,639.0,1,1,1,0,1,0,0,0,0,1
618751,2026-05-01,Madhya Pradesh,581.65,592.71,246.07,69.04,National Highways Authority of India [NHAI],False,973.0,335.0,41.51608712523831,41.51608712523831,27.5239128747617,1,1,0.0,-130.95999999999998,-27.5239128747617,0.0,2.0,-638.0,973.0,335.0,1,1,1,0,1,0,0,0,0,1
618754,2026-05-01,Maharashtra,538.11,307.24,113.19,38.51,National Highways Authority of India [NHAI],False,334.0,92.0,36.840906132014055,36.840906132014055,1.6690938679859428,1,1,5.140000000000001,-161.49,-1.6690938679859428,0.0,2.0,-242.0,334.0,92.0,1,1,1,0,0,1,0,0,0,1
618756,2026-05-01,Tamil Nadu,1103.86,1085.41,787.61,94.85,National Highways Authority of India [NHAI],False,2252.0,456.0,72.56336315309422,72.56336315309422,22.28663684690578,1,1,2.6999999999999886,-105.15,-22.28663684690578,0.0,2.0,-1796.0,2252.0,456.0,1,1,1,0,0,0,0,0,0,1
618757,2026-05-01,Rajasthan,2010.2,1565.88,707.68,37.27,National Highways Authority of India [NHAI],False,791.0,547.0,45.193756865149304,45.193756865149304,-7.923756865149301,1,1,0.0300000000000011,-107.3369469835466,7.923756865149301,0.0,1.446069469835466,-244.0,791.0,547.0,1,1,1,0,0,1,0,0,0,0
618758,2026-05-01,Rajasthan,1764.86,1239.24,310.1,39.33,National Highways Authority of India [NHAI],False,607.0,731.0,25.023401439592007,25.023401439592007,14.306598560407991,1,1,2.509999999999998,-43.706935704514365,-14.306598560407991,0.0,0.8303693570451436,124.0,607.0,731.0,1,1,1,0,0,0,0,0,0,1
618759,2026-05-01,Andhra Pradesh,1063.57,1103.87,502.82,90.4,National Highways Authority of India [NHAI],False,973.0,488.0,45.550653609573594,45.550653609573594,44.84934639042641,1,1,0.0,-108.98524590163936,-44.84934639042641,0.0,1.9938524590163933,-485.0,973.0,488.0,1,1,1,0,1,0,0,0,0,1
618761,2026-05-01,Uttar Pradesh,991.89,977.73,854.1,96.22,National Highways Authority of India [NHAI],False,1185.0,488.0,87.35540486637416,87.35540486637416,8.86459513362584,1,1,1.0,-103.78,-8.86459513362584,0.0,2.0,-697.0,1185.0,488.0,1,1,1,0,0,0,0,0,0,0
618762,2026-05-01,Madhya Pradesh,950.27,788.33,399.27,100.0,National Highways Authority of India [NHAI],False,3011.0,184.0,50.647571448505055,50.647571448505055,49.352428551494945,1,1,0.0,-100.0,-49.35242855149495,0.0,2.0,-2827.0,3011.0,184.0,1,1,1,0,1,0,0,0,0,1
618764,2026-05-01,Punjab,1032.59,1264.17,669.84,76.0,National Highways Authority of India [NHAI],False,1247.0,944.0,52.98654453119438,52.98654453119438,23.013455468805617,1,1,0.0,-56.09745762711864,-23.013455468805617,0.0,1.3209745762711864,-303.0,1247.0,944.0,1,1,1,0,1,0,0,0,0,1
618765,2026-05-01,Telangana,2146.86,2486.51,962.12,92.4,National Highways Authority of India [NHAI],False,1035.0,487.0,38.69359061495831,38.69359061495831,53.706409385041695,1,1,0.0,-107.6,-53.706409385041695,0.0,2.0,-548.0,1035.0,487.0,1,1,1,0,1,0,0,0,0,1
618766,2026-05-01,Maharashtra,862.0,617.93,210.48,43.61,NHAI,False,395.0,182.0,34.06211059505122,34.06211059505122,9.547889404948776,1,1,7.289999999999999,-156.39,-9.547889404948776,0.0,2.0,-213.0,395.0,182.0,1,1,1,0,0,1,0,0,0,1
618768,2026-05-01,Uttar Pradesh,1309.08,1309.08,30.46,0.64,National Highways Authority of India [NHAI],False,61.0,638.0,2.326824945763437,2.326824945763437,-1.686824945763437,0,1,0.64,-8.921128526645766,1.686824945763437,0.0,0.0956112852664576,577.0,61.0,638.0,0,0,0,0,0,0,0,0,0,1
618769,2026-05-01,"Multi-States(Andhra Pradesh,Tamil Nadu)",1338.14,1214.7,154.67,11.03,National Highways Authority of India [NHAI],False,242.0,274.0,12.733185148596359,12.733185148596359,-1.7031851485963596,1,1,0.9599999999999992,-77.29116788321168,1.7031851485963596,0.0,0.8832116788321168,32.0,242.0,274.0,1,1,1,0,0,0,0,0,0,1
618772,2026-05-01,"Multi-States(Andhra Pradesh,Tamil Nadu)",702.52,799.36,370.76,98.42,National Highways Authority of India [NHAI],False,943.0,972.0,46.38210568454764,46.38210568454764,52.03789431545236,1,1,0.6700000000000017,1.403539094650199,-52.03789431545236,0.0,0.970164609053498,29.0,943.0,972.0,0,0,0,0,0,0,0,0,0,1
618775,2026-05-01,Bihar,226.32,226.32,4.48,21.03,National Highways Authority of India [NHAI],False,212.0,214.0,1.9794980558501238,1.9794980558501238,19.05050194414988,0,1,5.100000000000001,-78.03542056074767,-19.05050194414988,0.0,0.9906542056074766,2.0,212.0,214.0,1,1,1,0,0,0,0,0,0,0
618776,2026-05-01,Punjab,1237.65,1301.15,1017.51,88.82,National Highways Authority of India [NHAI],False,1096.0,426.0,78.20082234946008,78.20082234946008,10.61917765053991,1,1,0.0,-111.18,-10.61917765053991,0.0,2.0,-670.0,1096.0,426.0,1,1,1,0,1,0,0,0,0,1
618777,2026-05-01,Andhra Pradesh,1877.47,592.85,246.34,98.84,National Highways Authority of India [NHAI],False,943.0,579.0,41.551825925613564,41.551825925613564,57.28817407438644,1,1,0.0,-64.02701208981003,-57.28817407438644,0.0,1.6286701208981005,-364.0,943.0,579.0,1,1,1,0,1,0,0,0,0,0
618778,2026-05-01,Andhra Pradesh,1877.47,1994.1,1147.49,94.9,National Highways Authority of India [NHAI],False,1216.0,334.0,57.54425555388396,57.54425555388396,37.35574444611605,1,1,0.0,-105.1,-37.35574444611605,0.0,2.0,-882.0,1216.0,334.0,1,1,1,0,1,0,0,0,0,1
618782,2026-05-01,Uttar Pradesh,1394.14,1394.14,587.94,62.0,National Highways Authority of India [NHAI],False,791.0,394.0,42.17223521310629,42.17223521310629,19.82776478689371,0,1,3.140000000000001,-138.0,-19.82776478689371,0.0,2.0,-397.0,791.0,394.0,1,1,1,0,0,0,0,0,0,0
618783,2026-05-01,"Multi-States (UttarPradesh,Uttarakhand)",1471.19,1471.19,438.75,40.0,National Highways Authority of India [NHAI],False,791.0,425.0,29.822796511667427,29.822796511667427,10.177203488332573,0,1,4.799999999999997,-146.1176470588235,-10.177203488332571,0.0,1.8611764705882352,-366.0,791.0,425.0,1,1,1,0,0,1,0,0,0,0
618784,2026-05-01,Madhya Pradesh,355.36,355.36,223.53,84.44,NHAI,False,760.0,244.0,62.90240882485367,62.90240882485367,21.537591175146325,0,1,0.0,-115.56,-21.537591175146325,0.0,2.0,-516.0,760.0,244.0,1,1,1,0,1,0,0,0,0,1
618785,2026-05-01,Punjab,1501.02,1815.13,992.99,78.6,National Highways Authority of India [NHAI],False,1185.0,580.0,54.706274481717564,54.706274481717564,23.89372551828243,1,1,0.0,-121.4,-23.89372551828243,0.0,2.0,-605.0,1185.0,580.0,1,1,1,0,1,0,0,0,0,1
618786,2026-05-01,Punjab,1196.38,1503.79,161.12,16.8,National Highways Authority of India [NHAI],False,426.0,851.0,10.714261964769017,10.714261964769017,6.0857380352309836,1,1,2.83,-33.25875440658049,-6.085738035230984,0.0,0.500587544065805,425.0,426.0,851.0,1,1,1,0,0,0,0,0,0,1
618787,2026-05-01,Gujarat,1373.06,1687.25,837.67,96.0,National Highways Authority of India [NHAI],False,1216.0,306.0,49.64705882352941,49.64705882352941,46.35294117647059,1,1,0.0,-104.0,-46.35294117647059,0.0,2.0,-910.0,1216.0,306.0,1,1,1,0,1,0,0,0,0,1
618788,2026-05-01,Haryana,927.22,1173.66,369.17,87.05,National Highways Authority of India [NHAI],False,1065.0,457.0,31.45459502752075,31.45459502752075,55.595404972479244,1,1,0.0,-112.95,-55.59540497247925,0.0,2.0,-608.0,1065.0,457.0,1,1,1,0,1,0,0,0,0,1
618790,2026-05-01,Bihar,1422.37,1537.99,273.74,43.5,National Highways Authority of India [NHAI],False,577.0,580.0,17.798555257186326,17.798555257186326,25.701444742813674,1,1,2.5,-55.98275862068967,-25.701444742813678,0.0,0.9948275862068966,3.0,577.0,580.0,1,1,1,0,0,0,0,0,0,1
618791,2026-05-01,Bihar,1538.76,1538.76,146.2,21.54,National Highways Authority of India [NHAI],False,120.0,457.0,9.501156775585535,9.501156775585535,12.038843224414464,0,1,4.379999999999999,-4.718205689277898,-12.038843224414464,0.0,0.2625820568927789,337.0,120.0,457.0,0,0,0,0,0,0,0,0,0,1
618792,2026-05-01,Haryana,1330.23,1144.21,454.93,99.5,National Highways Authority of India [NHAI],False,882.0,395.0,39.75930991688589,39.75930991688589,59.74069008311411,1,1,0.0,-100.5,-59.74069008311411,0.0,2.0,-487.0,882.0,395.0,1,1,1,0,1,0,0,0,0,1
618793,2026-05-01,Punjab,1409.88,1674.04,609.22,60.0,National Highways Authority of India [NHAI],False,760.0,397.0,36.39220090320423,36.39220090320423,23.607799096795773,1,1,,-131.43576826196474,-23.607799096795773,,1.9143576826196476,-363.0,760.0,397.0,1,1,1,0,0,0,0,0,0,1
618794,2026-05-01,Punjab,524.88,416.58,388.52,96.0,National Highways Authority of India [NHAI],False,1522.0,455.0,93.2641989533823,93.2641989533823,2.735801046617695,1,1,0.0,-104.0,-2.735801046617695,0.0,2.0,-1067.0,1522.0,455.0,1,1,1,0,1,0,0,0,0,1
618795,2026-05-01,Punjab,1474.77,1228.42,864.82,82.06,National Highways Authority of India [NHAI],False,1369.0,546.0,70.4010029143127,70.4010029143127,11.658997085687304,1,1,1.0100000000000051,-117.94,-11.658997085687304,0.0,2.0,-823.0,1369.0,546.0,1,1,1,0,0,0,0,0,0,1
618796,2026-05-01,Rajasthan,828.58,830.37,405.49,100.0,National Highways Authority of India [NHAI],False,2587.0,424.0,48.832448185748525,48.832448185748525,51.167551814251475,1,1,0.0,-100.0,-51.16755181425148,0.0,2.0,-2163.0,2587.0,424.0,1,1,1,0,1,0,0,0,0,1
618797,2026-05-01,Rajasthan,1237.71,927.02,68.73,18.44,National Highways Authority of India [NHAI],False,151.0,275.0,7.414079523634874,7.414079523634874,11.025920476365126,1,1,12.840000000000002,-36.46909090909091,-11.025920476365126,0.0,0.5490909090909091,124.0,151.0,275.0,1,1,1,0,0,0,0,0,0,0
618798,2026-05-01,Uttar Pradesh,2555.5,2275.43,1307.22,89.0,National Highways Authority of India [NHAI],False,1157.0,455.0,57.44936121963761,57.44936121963761,31.55063878036239,1,1,5.0,-111.0,-31.55063878036239,0.0,2.0,-702.0,1157.0,455.0,1,1,1,0,0,0,0,0,0,0
618799,2026-05-01,Karnataka,456.79,456.79,459.3,94.06,National Highways Authority of India [NHAI],False,1977.0,1006.0,100.54948663499638,100.0,-5.939999999999998,0,1,2.4099999999999966,-102.46087475149103,6.489486634996382,0.0,1.9652087475149105,-971.0,1977.0,1006.0,1,1,1,0,0,0,0,0,0,1
618800,2026-05-01,Tamil Nadu,1616.97,1616.97,193.14,18.13,National Highways Authority of India [NHAI],False,912.0,245.0,11.944562978904989,11.944562978904989,6.1854370210950105,0,1,0.5899999999999999,-181.87,-6.1854370210950105,0.0,2.0,-667.0,912.0,245.0,1,1,1,0,0,1,0,0,0,1
618801,2026-05-01,Tamil Nadu,1388.59,1388.59,209.2,22.8,National Highways Authority of India [NHAI],False,912.0,245.0,15.065642126185555,15.065642126185555,7.734357873814446,0,1,0.870000000000001,-177.2,-7.734357873814446,0.0,2.0,-667.0,912.0,245.0,1,1,1,0,0,1,0,0,0,1
618803,2026-05-01,Andhra Pradesh,645.63,750.2,604.48,90.98,National Highways Authority of India [NHAI],False,1004.0,334.0,80.57584644094908,80.57584644094908,10.404153559050926,1,1,0.480000000000004,-109.02,-10.404153559050926,0.0,2.0,-670.0,1004.0,334.0,1,1,1,0,0,0,0,0,0,1
618804,2026-05-01,Andhra Pradesh,348.72,341.36,184.68,78.95,National Highways Authority of India [NHAI],False,2708.0,275.0,54.10124209046169,54.10124209046169,24.848757909538314,1,1,1.019999999999996,-121.05,-24.848757909538318,0.0,2.0,-2433.0,2708.0,275.0,1,1,1,0,0,0,0,0,0,1
618805,2026-05-01,Andhra Pradesh,977.33,977.33,64.78,5.0,National Highways Authority of India [NHAI],False,89.0,427.0,6.628262715766425,6.628262715766425,-1.6282627157664251,0,1,1.0,-15.843091334894616,1.6282627157664251,0.0,0.2084309133489461,338.0,89.0,427.0,1,0,0,0,0,0,0,0,0,1
618806,2026-05-01,Andhra Pradesh,685.99,680.21,466.29,79.0,National Highways Authority of India [NHAI],False,820.0,396.0,68.55088869613796,68.55088869613796,10.44911130386204,1,1,0.0,-121.0,-10.44911130386204,0.0,2.0,-424.0,820.0,396.0,1,1,1,0,1,0,0,0,0,1
618807,2026-05-01,Andhra Pradesh,609.43,559.98,535.32,81.81,National Highways Authority of India [NHAI],False,973.0,396.0,95.59627129540341,95.59627129540341,-13.78627129540341,1,1,3.1899999999999977,-118.19,13.78627129540341,0.0,2.0,-577.0,973.0,396.0,1,1,1,0,0,0,1,0,0,1
618808,2026-05-01,West Bengal,1212.56,1203.11,321.57,38.85,National Highways Authority of India [NHAI],False,699.0,458.0,26.72822933896319,26.72822933896319,12.121770661036813,1,1,1.5,-113.77008733624456,-12.121770661036813,0.0,1.5262008733624457,-241.0,699.0,458.0,1,1,1,0,0,1,0,0,0,1
618809,2026-05-01,Punjab,809.51,966.99,501.76,66.9,National Highways Authority of India [NHAI],False,1065.0,669.0,51.88885097053743,51.88885097053743,15.011149029462572,1,1,0.9100000000000108,-92.2928251121076,-15.011149029462572,0.0,1.5919282511210762,-396.0,1065.0,669.0,1,1,1,0,0,0,0,0,0,1
618810,2026-05-01,Punjab,1003.38,993.6,599.6,79.39,National Highways Authority of India [NHAI],False,1065.0,608.0,60.34621578099839,60.34621578099839,19.04378421900161,1,1,0.4000000000000057,-95.77447368421052,-19.04378421900161,0.0,1.7516447368421053,-457.0,1065.0,608.0,1,1,1,0,0,0,0,0,0,1
618811,2026-05-01,Telangana,1183.71,1170.64,83.68,0.0,National Highways Authority of India [NHAI],False,334.0,823.0,7.148226611084535,7.148226611084535,-7.148226611084535,1,1,0.0,-40.58323207776427,7.148226611084535,0.0,0.4058323207776427,489.0,334.0,823.0,1,1,1,0,1,0,0,0,0,1
618812,2026-05-01,Telangana,1129.33,1145.41,79.95,6.33,National Highways Authority of India [NHAI],False,334.0,882.0,6.980033350503313,6.980033350503313,-0.6500333505033131,1,1,0.0300000000000002,-31.538480725623582,0.6500333505033131,0.0,0.3786848072562358,548.0,334.0,882.0,1,1,1,0,0,0,0,0,0,1
618813,2026-05-01,Telangana,1127.9,1104.27,110.98,9.2,National Highways Authority of India [NHAI],False,516.0,641.0,10.050078332291921,10.050078332291921,-0.8500783322919219,1,1,0.1999999999999993,-71.29921996879875,0.8500783322919219,0.0,0.8049921996879875,125.0,516.0,641.0,1,1,1,0,0,0,0,0,0,1
618815,2026-05-01,Telangana,1092.88,1083.11,304.91,70.76,National Highways Authority of India [NHAI],False,760.0,397.0,28.15134196895976,28.15134196895976,42.60865803104025,1,1,5.079999999999998,-120.67576826196472,-42.60865803104025,0.0,1.9143576826196476,-363.0,760.0,397.0,1,1,1,0,0,0,0,0,0,1
618816,2026-05-01,Telangana,1105.25,1098.05,108.59,6.46,National Highways Authority of India [NHAI],False,304.0,853.0,9.88934930103365,9.88934930103365,-3.4293493010336507,1,1,,-29.17892145369285,3.4293493010336507,,0.3563892145369285,549.0,304.0,853.0,1,1,0,0,0,0,0,0,0,1
618817,2026-05-01,Telangana,973.45,1021.96,228.13,43.1,National Highways Authority of India [NHAI],False,426.0,731.0,22.322791498688794,22.322791498688794,20.777208501311208,1,1,0.9500000000000028,-15.176333789329682,-20.777208501311208,0.0,0.5827633378932968,305.0,426.0,731.0,1,0,0,0,0,0,0,0,0,1
618818,2026-05-01,"Multi-States(Andhra Pradesh,Telangana)",1183.23,1225.14,2.01,3.0,National Highways Authority of India [NHAI],False,365.0,792.0,0.1640628826093344,0.1640628826093344,2.8359371173906656,1,1,0.2000000000000001,-43.08585858585859,-2.8359371173906656,0.0,0.4608585858585858,427.0,365.0,792.0,1,1,1,0,0,0,0,0,0,1
618820,2026-05-01,Odisha,861.84,938.55,390.01,91.0,National Highways Authority of India [NHAI],False,882.0,275.0,41.554525597996914,41.554525597996914,49.445474402003086,1,1,0.0,-109.0,-49.445474402003086,0.0,2.0,-607.0,882.0,275.0,1,1,1,0,1,0,0,0,0,0
618821,2026-05-01,Odisha,920.47,950.4,421.58,91.0,National Highways Authority of India [NHAI],False,882.0,275.0,44.35816498316498,44.35816498316498,46.64183501683502,1,1,0.0,-109.0,-46.64183501683502,0.0,2.0,-607.0,882.0,275.0,1,1,1,0,1,0,0,0,0,0
618822,2026-05-01,Odisha,929.91,869.45,365.06,92.3,National Highways Authority of India [NHAI],False,882.0,275.0,41.9874633388924,41.9874633388924,50.3125366611076,1,1,0.0,-107.7,-50.3125366611076,0.0,2.0,-607.0,882.0,275.0,1,1,1,0,1,0,0,0,0,1
618823,2026-05-01,West Bengal,352.01,346.39,87.2,39.55,National Highways Authority of India [NHAI],False,638.0,182.0,25.17393689194261,25.17393689194261,14.376063108057387,1,1,3.769999999999996,-160.45,-14.376063108057387,0.0,2.0,-456.0,638.0,182.0,1,1,1,0,0,1,0,0,0,0
618824,2026-05-01,West Bengal,201.1,197.74,56.99,52.6,National Highways Authority of India [NHAI],False,669.0,122.0,28.82067361181349,28.82067361181349,23.77932638818651,1,1,3.780000000000001,-147.4,-23.77932638818651,0.0,2.0,-547.0,669.0,122.0,1,1,1,0,0,0,0,0,0,0
618825,2026-05-01,West Bengal,622.04,646.1,367.17,96.17,National Highways Authority of India [NHAI],False,2708.0,122.0,56.82866429345302,56.82866429345302,39.34133570654698,1,1,0.0,-103.83,-39.34133570654698,0.0,2.0,-2586.0,2708.0,122.0,1,1,1,0,1,0,0,0,0,1
618826,2026-05-01,Andhra Pradesh,907.76,905.98,450.16,91.97,National Highways Authority of India [NHAI],False,1035.0,273.0,49.68763107353363,49.68763107353363,42.28236892646637,1,1,0.5699999999999932,-108.03,-42.28236892646637,0.0,2.0,-762.0,1035.0,273.0,1,1,1,0,0,0,0,0,0,1
618827,2026-05-01,Andhra Pradesh,1097.57,1055.23,388.54,82.05,National Highways Authority of India [NHAI],False,1004.0,304.0,36.8204088208258,36.8204088208258,45.2295911791742,1,1,11.36999999999999,-117.95,-45.2295911791742,0.0,2.0,-700.0,1004.0,304.0,1,1,1,0,0,0,0,0,0,1
618830,2026-05-01,Jharkhand,1517.87,1652.09,992.09,76.95,National Highways Authority of India [NHAI],False,912.0,396.0,60.050602570077906,60.050602570077906,16.899397429922097,1,1,0.0,-123.05,-16.899397429922097,0.0,2.0,-516.0,912.0,396.0,1,1,1,0,1,0,0,0,0,1
618831,2026-05-01,Jharkhand,1436.8,1301.54,200.87,27.6,National Highways Authority of India [NHAI],False,577.0,580.0,15.433255989059116,15.433255989059116,12.166744010940885,1,1,1.0,-71.88275862068966,-12.166744010940883,0.0,0.9948275862068966,3.0,577.0,580.0,1,1,1,0,0,0,0,0,0,1
618832,2026-05-01,Jharkhand,1274.82,1274.82,86.46,7.41,National Highways Authority of India [NHAI],False,120.0,700.0,6.782133948322117,6.782133948322117,0.6278660516778833,0,1,2.41,-9.732857142857142,-0.6278660516778833,0.0,0.1714285714285714,580.0,120.0,700.0,0,0,0,0,0,0,0,0,0,1
618833,2026-05-01,Gujarat,894.01,1127.42,457.06,98.79,National Highways Authority of India [NHAI],False,3011.0,731.0,40.54034876088769,40.54034876088769,58.24965123911232,1,1,0.0,-101.21,-58.24965123911232,0.0,2.0,-2280.0,3011.0,731.0,1,1,1,0,1,0,0,0,0,1
618836,2026-05-01,Maharashtra,1985.38,1798.0,463.4,79.98,National Highways Authority of India [NHAI],False,1096.0,454.0,25.77308120133481,25.77308120133481,54.20691879866519,1,1,0.7999999999999972,-120.02,-54.20691879866519,0.0,2.0,-642.0,1096.0,454.0,1,1,1,0,0,0,0,0,0,1
618837,2026-05-01,Maharashtra,1939.23,1910.41,483.41,67.57,National Highways Authority of India [NHAI],False,1096.0,454.0,25.303992336723528,25.303992336723528,42.26600766327647,1,1,1.1199999999999903,-132.43,-42.26600766327647,0.0,2.0,-642.0,1096.0,454.0,1,1,1,0,0,0,0,0,0,1
618838,2026-05-01,Rajasthan,736.75,512.77,400.32,99.0,National Highways Authority of India [NHAI],False,1369.0,273.0,78.07008990385553,78.07008990385553,20.929910096144468,1,1,0.0,-101.0,-20.929910096144468,0.0,2.0,-1096.0,1369.0,273.0,1,1,1,0,1,0,0,0,0,1
618840,2026-05-01,Bihar,664.02,891.64,352.28,97.71,National Highways Authority of India [NHAI],False,3499.0,305.0,39.50921896729621,39.50921896729621,58.20078103270378,1,1,0.039999999999992,-102.29,-58.20078103270378,0.0,2.0,-3194.0,3499.0,305.0,1,1,1,0,0,0,0,0,0,1
618841,2026-05-01,Bihar,491.04,348.38,345.21,95.72,National Highways Authority of India [NHAI],False,1430.0,243.0,99.09007405706413,99.09007405706413,-3.37007405706413,1,1,1.8400000000000036,-104.28,3.37007405706413,0.0,2.0,-1187.0,1430.0,243.0,1,1,1,0,0,0,0,0,0,1
618843,2026-05-01,Uttar Pradesh,197.6,165.28,37.94,15.05,National Highways Authority of India [NHAI],False,242.0,212.0,22.95498547918683,22.95498547918683,-7.904985479186831,1,1,2.66,-99.10094339622644,7.904985479186831,0.0,1.1415094339622642,-30.0,242.0,212.0,1,1,1,0,0,1,0,0,0,1
618844,2026-05-01,"Multi-States(Puducherry, TamilNadu)",1358.31,1162.44,524.89,98.32,National Highways Authority of India [NHAI],False,1642.0,1341.0,45.154158494201845,45.154158494201845,53.16584150579815,1,1,0.0,-24.12593586875465,-53.16584150579815,0.0,1.2244593586875463,-301.0,1642.0,1341.0,1,1,0,0,1,0,0,0,0,1
618845,2026-05-01,"Multi-States(Puducherry, TamilNadu)",1588.4,1415.9,448.72,98.75,National Highways Authority of India [NHAI],False,1642.0,1341.0,31.69150363726252,31.69150363726252,67.05849636273749,1,1,0.0,-23.69593586875465,-67.05849636273749,0.0,1.2244593586875463,-301.0,1642.0,1341.0,1,1,0,0,1,0,0,0,0,1
618846,2026-05-01,Tamil Nadu,2565.63,2319.35,1088.33,99.8,National Highways Authority of India [NHAI],False,1581.0,1402.0,46.92392265074266,46.92392265074266,52.876077349257336,1,1,0.0,-12.96747503566334,-52.876077349257336,0.0,1.1276747503566331,-179.0,1581.0,1402.0,1,0,0,0,1,0,0,0,0,1
618847,2026-05-01,"Multi-States(Puducherry, TamilNadu)",2899.77,2899.77,1206.31,84.2,National Highways Authority of India [NHAI],False,2038.0,945.0,41.60019587760409,41.60019587760409,42.599804122395916,0,1,1.9000000000000057,-115.8,-42.59980412239592,0.0,2.0,-1093.0,2038.0,945.0,1,1,1,0,0,0,0,0,0,1
618848,2026-05-01,Uttar Pradesh,649.44,649.44,0.09,6.7,National Highways Authority of India [NHAI],False,242.0,212.0,0.013858093126385806,0.013858093126385806,6.6861419068736145,0,1,0.1000000000000005,-107.45094339622642,-6.686141906873615,0.0,1.1415094339622642,-30.0,242.0,212.0,1,1,1,0,0,1,0,0,0,0
618850,2026-05-01,Himachal Pradesh,1464.12,1651.67,851.56,100.0,National Highways Authority of India [NHAI],False,3042.0,671.0,51.557514515611466,51.557514515611466,48.442485484388534,1,1,0.0,-100.0,-48.44248548438853,0.0,2.0,-2371.0,3042.0,671.0,1,1,1,0,1,0,0,0,0,1
618851,2026-05-01,Himachal Pradesh,3419.95,4465.94,1923.02,95.65,National Highways Authority of India [NHAI],False,2983.0,273.0,43.05969180060637,43.05969180060637,52.59030819939363,1,1,0.0300000000000011,-104.35,-52.59030819939363,0.0,2.0,-2710.0,2983.0,273.0,1,1,1,0,0,0,0,0,0,1
618852,2026-05-01,Himachal Pradesh,191.11,192.11,182.2,100.0,National Highways Authority of India [NHAI],False,1430.0,120.0,94.84149705897661,94.84149705897661,5.158502941023386,1,1,0.0,-100.0,-5.158502941023386,0.0,2.0,-1310.0,1430.0,120.0,1,1,1,0,1,0,0,0,0,1
618853,2026-05-01,Rajasthan,353.3,241.34,180.55,82.61,National Highways Authority of India [NHAI],False,669.0,182.0,74.81146929642829,74.81146929642829,7.798530703571714,1,1,1.6700000000000017,-117.39,-7.798530703571714,0.0,2.0,-487.0,669.0,182.0,1,1,1,0,0,0,0,0,0,0
618856,2026-05-01,Uttar Pradesh,1101.79,1212.26,357.18,63.51,National Highways Authority of India [NHAI],False,912.0,426.0,29.463976374705098,29.463976374705098,34.0460236252949,1,1,0.0,-136.49,-34.0460236252949,0.0,2.0,-486.0,912.0,426.0,1,1,1,0,1,0,0,0,0,1
618858,2026-05-01,Uttar Pradesh,955.34,955.34,283.62,66.35,National Highways Authority of India [NHAI],False,851.0,487.0,29.687859819540684,29.687859819540684,36.66214018045931,0,1,2.1499999999999915,-108.39332648870638,-36.66214018045931,0.0,1.7474332648870636,-364.0,851.0,487.0,1,1,1,0,0,0,0,0,0,1
618859,2026-05-01,Uttar Pradesh,575.66,553.61,371.98,99.33,National Highways Authority of India [NHAI],False,1308.0,395.0,67.1917053521432,67.1917053521432,32.138294647856796,1,1,0.0,-100.67,-32.1382946478568,0.0,2.0,-913.0,1308.0,395.0,1,1,1,0,1,0,0,0,0,1
618861,2026-05-01,Bihar,897.45,1397.47,897.13,97.85,National Highways Authority of India [NHAI],False,1856.0,212.0,64.19672694225994,64.19672694225994,33.65327305774005,1,1,0.0,-102.15,-33.65327305774005,0.0,2.0,-1644.0,1856.0,212.0,1,1,1,0,1,0,0,0,0,1
618862,2026-05-01,Bihar,2156.22,3046.61,1668.28,99.14,National Highways Authority of India [NHAI],False,1612.0,456.0,54.75856771953088,54.75856771953088,44.38143228046912,1,1,0.0,-100.86,-44.38143228046912,0.0,2.0,-1156.0,1612.0,456.0,1,1,1,0,1,0,0,0,0,1
618863,2026-05-01,Jharkhand,662.44,826.59,510.72,98.5,National Highways Authority of India [NHAI],False,2373.0,1003.0,61.78637534932675,61.78637534932675,36.71362465067325,1,1,0.0,-101.5,-36.71362465067325,0.0,2.0,-1370.0,2373.0,1003.0,1,1,1,0,1,0,0,0,0,1
618866,2026-05-01,Uttar Pradesh,2077.0,1112.44,305.32,22.0,National Highways Authority of India [NHAI],False,181.0,335.0,27.445974614361223,27.445974614361223,-5.445974614361223,1,1,5.989999999999998,-32.02985074626866,5.445974614361223,0.0,0.5402985074626866,154.0,181.0,335.0,1,1,1,0,0,0,0,0,0,1
618867,2026-05-01,Uttar Pradesh,2009.11,1936.61,194.38,32.95,National Highways Authority of India [NHAI],False,365.0,792.0,10.037126731763237,10.037126731763237,22.912873268236766,1,1,4.740000000000002,-13.135858585858584,-22.91287326823677,0.0,0.4608585858585858,427.0,365.0,792.0,1,0,0,0,0,0,0,0,0,1
618868,2026-05-01,Uttar Pradesh,2289.52,2223.71,486.69,68.4,National Highways Authority of India [NHAI],False,699.0,458.0,21.886397057170225,21.886397057170225,46.51360294282978,1,1,5.920000000000009,-84.22008733624455,-46.51360294282978,0.0,1.5262008733624457,-241.0,699.0,458.0,1,1,1,0,0,0,0,0,0,1
618869,2026-05-01,Uttar Pradesh,1122.02,1869.59,169.77,13.0,National Highways Authority of India [NHAI],False,151.0,365.0,9.080600559480958,9.080600559480958,3.919399440519042,1,1,2.789999999999999,-28.369863013698637,-3.919399440519042,0.0,0.4136986301369863,214.0,151.0,365.0,1,1,0,0,0,0,0,0,0,1
618870,2026-05-01,Karnataka,883.62,1726.65,61.61,21.79,National Highways Authority of India [NHAI],False,395.0,790.0,3.568181160049807,3.568181160049807,18.221818839950192,1,1,1.6899999999999975,-28.21,-18.221818839950192,0.0,0.5,395.0,395.0,790.0,1,1,0,0,0,0,0,0,0,1
618871,2026-05-01,Karnataka,909.86,896.42,33.14,9.85,National Highways Authority of India [NHAI],False,151.0,1034.0,3.696927779389126,3.696927779389126,6.153072220610873,1,1,2.67,-4.753481624758223,-6.153072220610873,0.0,0.1460348162475822,883.0,151.0,1034.0,0,0,0,0,0,0,0,0,0,1
618872,2026-05-01,Karnataka,1062.76,952.03,93.27,16.33,National Highways Authority of India [NHAI],False,395.0,790.0,9.796960179826266,9.796960179826266,6.533039820173732,1,1,1.4799999999999986,-33.67,-6.533039820173732,0.0,0.5,395.0,395.0,790.0,1,1,1,0,0,0,0,0,0,1
618873,2026-05-01,Karnataka,1272.71,1203.2,97.85,15.84,National Highways Authority of India [NHAI],False,395.0,821.0,8.13248005319149,8.13248005319149,7.70751994680851,1,1,2.789999999999999,-32.27205846528624,-7.70751994680851,0.0,0.4811205846528623,426.0,395.0,821.0,1,1,1,0,0,0,0,0,0,1
618875,2026-05-01,Uttarakhand,183.92,142.11,113.06,70.42,National Highways Authority of India [NHAI],False,1369.0,273.0,79.55808880444725,79.55808880444725,-9.13808880444725,1,1,0.0,-129.57999999999998,9.13808880444725,0.0,2.0,-1096.0,1369.0,273.0,1,1,1,0,1,0,0,0,0,1
618878,2026-05-01,Himachal Pradesh,696.65,776.59,318.1,98.24,National Highways Authority of India [NHAI],False,973.0,549.0,40.961124917910354,40.961124917910354,57.27887508208964,1,1,1.6400000000000006,-78.99132969034609,-57.27887508208964,0.0,1.7723132969034607,-424.0,973.0,549.0,1,1,1,0,0,0,0,0,0,1
618879,2026-05-01,Himachal Pradesh,930.86,930.86,370.19,94.83,National Highways Authority of India [NHAI],False,546.0,884.0,39.7686010785725,39.7686010785725,55.0613989214275,0,1,2.819999999999993,33.065294117647056,-55.0613989214275,0.0,0.6176470588235294,338.0,546.0,884.0,0,0,0,0,0,0,0,0,0,1
618880,2026-05-01,Himachal Pradesh,815.68,666.79,218.66,54.22,National Highways Authority of India [NHAI],False,791.0,609.0,32.792933307338146,32.792933307338146,21.427066692661853,1,1,2.6599999999999966,-75.66505747126439,-21.427066692661853,0.0,1.2988505747126438,-182.0,791.0,609.0,1,1,1,0,0,0,0,0,0,1
618881,2026-05-01,Himachal Pradesh,1113.02,1112.39,398.71,31.09,National Highways Authority of India [NHAI],False,426.0,759.0,35.84264511547209,35.84264511547209,-4.752645115472088,1,1,3.289999999999999,-25.03648221343873,4.752645115472088,0.0,0.5612648221343873,333.0,426.0,759.0,1,1,0,0,0,0,0,0,0,1
618882,2026-05-01,"Multi-States(Bihar, UttarPradesh)",531.61,444.92,36.75,17.62,National Highways Authority of India [NHAI],False,273.0,518.0,8.259911894273127,8.259911894273127,9.360088105726874,1,1,2.110000000000001,-35.08270270270269,-9.360088105726874,0.0,0.527027027027027,245.0,273.0,518.0,1,1,1,0,0,0,0,0,0,0
618883,2026-05-01,Uttar Pradesh,1706.47,1579.59,866.24,100.0,National Highways Authority of India [NHAI],False,1035.0,273.0,54.83954697104946,54.83954697104946,45.16045302895054,1,1,0.8900000000000006,-100.0,-45.16045302895054,0.0,2.0,-762.0,1035.0,273.0,1,1,1,0,0,0,0,0,0,1
618884,2026-05-01,Uttar Pradesh,1493.65,1311.44,727.02,96.29,National Highways Authority of India [NHAI],False,943.0,365.0,55.4367717928384,55.4367717928384,40.85322820716161,1,1,0.7900000000000063,-103.71,-40.85322820716161,0.0,2.0,-578.0,943.0,365.0,1,1,1,0,0,0,0,0,0,1
618885,2026-05-01,Uttar Pradesh,617.88,549.02,249.49,91.1,National Highways Authority of India [NHAI],False,1065.0,243.0,45.44278896943646,45.44278896943646,45.65721103056354,1,1,7.219999999999999,-108.9,-45.65721103056354,0.0,2.0,-822.0,1065.0,243.0,1,1,1,0,0,0,0,0,0,1
618886,2026-05-01,"Multi-States (UttarPradesh,Uttarakhand)",238.66,0.1,20.2,16.4,National Highways Authority of India [NHAI],False,212.0,183.0,20199.999999999996,100.0,-83.6,1,1,5.279999999999999,-99.44699453551912,20183.599999999995,0.0,1.1584699453551912,-29.0,212.0,183.0,1,1,1,0,0,1,1,1,1,0
618887,2026-05-01,Karnataka,2082.98,2545.11,865.76,83.36,National Highways Authority of India [NHAI],False,1673.0,1004.0,34.01660439037998,34.01660439037998,49.34339560962002,1,1,0.480000000000004,-83.27346613545818,-49.34339560962002,0.0,1.6663346613545815,-669.0,1673.0,1004.0,1,1,1,0,0,0,0,0,0,1
618888,2026-05-01,Himachal Pradesh,1146.19,1358.62,293.56,93.05,National Highways Authority of India [NHAI],False,1126.0,396.0,21.60721908995893,21.60721908995893,71.44278091004107,1,1,1.7000000000000028,-106.95,-71.44278091004107,0.0,2.0,-730.0,1126.0,396.0,1,1,1,0,0,0,0,0,0,1
618889,2026-05-01,Himachal Pradesh,1322.95,1829.49,878.58,97.45,National Highways Authority of India [NHAI],False,1247.0,640.0,48.0232195857862,48.0232195857862,49.4267804142138,1,1,0.0,-97.39375,-49.4267804142138,0.0,1.9484375,-607.0,1247.0,640.0,1,1,1,0,1,0,0,0,0,1
618890,2026-05-01,Himachal Pradesh,739.39,754.82,233.46,92.8,National Highways Authority of India [NHAI],False,943.0,426.0,30.92922816035611,30.92922816035611,61.870771839643886,1,1,0.2300000000000039,-107.2,-61.870771839643886,0.0,2.0,-517.0,943.0,426.0,1,1,1,0,0,0,0,0,0,1
618891,2026-05-01,Himachal Pradesh,1244.43,786.91,94.67,22.24,National Highways Authority of India [NHAI],False,365.0,486.0,12.03060070401952,12.03060070401952,10.209399295980479,1,1,1.2899999999999991,-52.86288065843621,-10.20939929598048,0.0,0.7510288065843621,121.0,365.0,486.0,1,1,1,0,0,0,0,0,0,0
618893,2026-05-01,Uttar Pradesh,2966.63,3475.65,866.7,97.35,National Highways Authority of India [NHAI],False,3317.0,731.0,24.936342842346036,24.936342842346036,72.41365715765396,1,1,0.0,-102.65,-72.41365715765396,0.0,2.0,-2586.0,3317.0,731.0,1,1,1,0,1,0,0,0,0,1
618894,2026-05-01,Tamil Nadu,1772.13,1772.13,499.66,95.52,National Highways Authority of India [NHAI],False,1977.0,700.0,28.19544841518399,28.19544841518399,67.324551584816,0,1,3.6799999999999926,-104.48,-67.324551584816,0.0,2.0,-1277.0,1977.0,700.0,1,1,1,0,0,0,0,0,0,1
618895,2026-05-01,Tamil Nadu,1319.42,1319.42,417.73,92.0,National Highways Authority of India [NHAI],False,1946.0,731.0,31.66012338754907,31.66012338754907,60.33987661245093,0,1,0.0699999999999931,-108.0,-60.33987661245093,0.0,2.0,-1215.0,1946.0,731.0,1,1,1,0,0,0,0,0,0,1
618896,2026-05-01,Karnataka,1386.41,2038.71,976.79,70.41,National Highways Authority of India [NHAI],False,1308.0,579.0,47.912160140480985,47.912160140480985,22.49783985951901,1,1,0.1899999999999977,-129.59,-22.49783985951901,0.0,2.0,-729.0,1308.0,579.0,1,1,1,0,0,0,0,0,0,1
618898,2026-05-01,Tamil Nadu,1163.17,834.46,199.66,29.72,National Highways Authority of India [NHAI],False,334.0,151.0,23.926850897586462,23.926850897586462,5.793149102413537,1,1,3.02,-170.28,-5.793149102413537,0.0,2.0,-183.0,334.0,151.0,1,1,1,0,0,1,0,0,0,0
618899,2026-05-01,Tamil Nadu,1499.12,1499.12,685.7,100.0,National Highways Authority of India [NHAI],False,2587.0,424.0,45.74016756497146,45.74016756497146,54.25983243502854,0,1,0.0,-100.0,-54.25983243502854,0.0,2.0,-2163.0,2587.0,424.0,1,1,1,0,1,0,0,0,0,1
618901,2026-05-01,Gujarat,1181.34,1098.23,918.87,86.2,National Highways Authority of India [NHAI],False,1157.0,455.0,83.66826621017455,83.66826621017455,2.531733789825452,1,1,1.5,-113.8,-2.531733789825452,0.0,2.0,-702.0,1157.0,455.0,1,1,1,0,0,0,0,0,0,0
618902,2026-05-01,Bihar,662.44,1311.22,933.08,88.38,National Highways Authority of India [NHAI],False,2343.0,1033.0,71.1612086453837,71.1612086453837,17.2187913546163,1,1,3.1299999999999955,-111.62,-17.2187913546163,0.0,2.0,-1310.0,2343.0,1033.0,1,1,1,0,0,0,0,0,0,1
618903,2026-05-01,Bihar,1028.28,1244.09,831.69,91.03,National Highways Authority of India [NHAI],False,2708.0,640.0,66.85127281788296,66.85127281788296,24.178727182117044,1,1,0.0,-108.97,-24.178727182117044,0.0,2.0,-2068.0,2708.0,640.0,1,1,1,0,1,0,0,0,0,1
618904,2026-05-01,Bihar,2127.86,2171.6,98.07,89.81,National Highways Authority of India [NHAI],False,5599.0,184.0,4.516025050653895,4.516025050653895,85.29397494934611,1,1,0.0,-110.19,-85.29397494934611,0.0,2.0,-5415.0,5599.0,184.0,1,1,1,0,1,0,0,0,0,1
618905,2026-05-01,Bihar,470.5,528.48,250.42,68.43,National Highways Authority of India [NHAI],False,638.0,182.0,47.38495307296397,47.38495307296397,21.04504692703604,1,1,-0.4399999999999977,-131.57,-21.04504692703604,0.0,2.0,-456.0,638.0,182.0,1,1,1,1,0,0,0,0,0,1
618906,2026-05-01,Punjab,857.91,1443.47,517.35,67.9,National Highways Authority of India [NHAI],False,1430.0,547.0,35.84071716073074,35.84071716073074,32.059282839269265,1,1,0.8000000000000114,-132.1,-32.059282839269265,0.0,2.0,-883.0,1430.0,547.0,1,1,1,0,0,0,0,0,0,1
618907,2026-05-01,"Multi-States(HimachalPradesh, Punjab)",571.34,481.88,66.37,25.73,National Highways Authority of India [NHAI],False,365.0,792.0,13.773138540715532,13.773138540715532,11.956861459284468,1,1,0.8599999999999994,-20.355858585858588,-11.956861459284468,0.0,0.4608585858585858,427.0,365.0,792.0,1,1,0,0,0,0,0,0,0,1
618908,2026-05-01,Odisha,153.61,103.68,73.59,38.0,National Highways Authority of India [NHAI],False,1369.0,122.0,70.97800925925925,70.97800925925925,-32.97800925925925,1,1,0.0,-162.0,32.97800925925925,0.0,2.0,-1247.0,1369.0,122.0,1,1,1,0,1,1,1,1,1,0
618909,2026-05-01,"Multi-States(Jharkhand, WestBengal)",1652.4,1771.88,749.49,97.4,National Highways Authority of India [NHAI],False,2343.0,640.0,42.29913989660699,42.29913989660699,55.10086010339302,1,1,0.0,-102.6,-55.10086010339302,0.0,2.0,-1703.0,2343.0,640.0,1,1,1,0,1,0,0,0,0,1
618910,2026-05-01,West Bengal,557.55,562.57,468.78,94.12,National Highways Authority of India [NHAI],False,1550.0,396.0,83.32829692304956,83.32829692304956,10.79170307695044,1,1,0.0,-105.88,-10.79170307695044,0.0,2.0,-1154.0,1550.0,396.0,1,1,1,0,1,0,0,0,0,1
618911,2026-05-01,Uttar Pradesh,646.27,637.83,168.56,63.79,National Highways Authority of India [NHAI],False,1096.0,516.0,26.427104400859164,26.427104400859164,37.362895599140835,1,1,0.0,-136.21,-37.36289559914084,0.0,2.0,-580.0,1096.0,516.0,1,1,1,0,1,0,0,0,0,1
618914,2026-05-01,Bihar,4432.97,2625.4,1444.1,58.88,National Highways Authority of India [NHAI],False,791.0,517.0,55.00495162641883,55.00495162641883,3.8750483735811727,1,1,3.890000000000001,-94.1180657640232,-3.8750483735811727,0.0,1.5299806576402322,-274.0,791.0,517.0,1,1,1,0,0,0,0,0,0,0
618917,2026-05-01,Bihar,488.24,419.66,101.05,80.83,National Highways Authority of India [NHAI],False,791.0,244.0,24.079016346566267,24.079016346566267,56.750983653433735,1,1,0.0,-119.17,-56.750983653433735,0.0,2.0,-547.0,791.0,244.0,1,1,1,0,1,0,0,0,0,0
618920,2026-05-01,Andhra Pradesh,1346.82,1260.37,171.28,36.49,National Highways Authority of India [NHAI],False,516.0,275.0,13.589660179153743,13.589660179153743,22.90033982084626,1,1,1.5100000000000051,-151.14636363636365,-22.90033982084626,0.0,1.8763636363636365,-241.0,516.0,275.0,1,1,1,0,0,1,0,0,0,0
618921,2026-05-01,Himachal Pradesh,1703.48,2648.8,980.97,53.81,National Highways Authority of India [NHAI],False,1126.0,396.0,37.03450619148293,37.03450619148293,16.77549380851707,1,1,-0.1899999999999977,-146.19,-16.77549380851707,0.0,2.0,-730.0,1126.0,396.0,1,1,1,1,0,0,0,0,0,0
618922,2026-05-01,Himachal Pradesh,1956.26,2880.72,1265.52,63.17,National Highways Authority of India [NHAI],False,791.0,700.0,43.93068399566775,43.93068399566775,19.239316004332252,1,1,0.0,-49.829999999999984,-19.23931600433225,0.0,1.13,-91.0,791.0,700.0,1,1,1,0,1,0,0,0,0,1
618923,2026-05-01,Uttar Pradesh,2158.2,2553.12,705.65,66.81,National Highways Authority of India [NHAI],False,730.0,427.0,27.638732217835432,27.638732217835432,39.17126778216457,1,1,1.6000000000000083,-104.15018735362996,-39.17126778216457,0.0,1.7096018735362997,-303.0,730.0,427.0,1,1,1,0,0,0,0,0,0,1
618924,2026-05-01,Uttar Pradesh,188.87,99.2,33.72,55.9,National Highways Authority of India [NHAI],False,791.0,882.0,33.99193548387097,33.99193548387097,21.90806451612903,1,1,5.460000000000001,-33.782539682539685,-21.90806451612903,0.0,0.8968253968253969,91.0,791.0,882.0,1,1,1,0,0,0,0,0,0,1
618925,2026-05-01,Uttar Pradesh,300.58,334.48,265.09,99.01,National Highways Authority of India [NHAI],False,1642.0,273.0,79.25436498445347,79.25436498445347,19.75563501554653,1,1,2.480000000000004,-100.99,-19.75563501554653,0.0,2.0,-1369.0,1642.0,273.0,1,1,1,0,0,0,0,0,0,1
618926,2026-05-01,Bihar,1431.36,1927.04,190.78,10.08,National Highways Authority of India [NHAI],False,546.0,823.0,9.900157754898704,9.900157754898704,0.17984224510129643,1,1,0.0099999999999997,-56.26264884568651,-0.1798422451012964,0.0,0.6634264884568651,277.0,546.0,823.0,1,1,1,0,0,0,0,0,0,1
618927,2026-05-01,Uttar Pradesh,2006.82,1890.05,919.25,49.64,National Highways Authority of India [NHAI],False,791.0,517.0,48.63627946350626,48.63627946350626,1.0037205364937378,1,1,2.1300000000000026,-103.3580657640232,-1.0037205364937378,0.0,1.5299806576402322,-274.0,791.0,517.0,1,1,1,0,0,1,0,0,0,0
618928,2026-05-01,"Multi-States (UttarPradesh,Uttarakhand)",936.12,717.5,348.8,50.11,National Highways Authority of India [NHAI],False,791.0,394.0,48.61324041811847,48.61324041811847,1.496759581881527,1,1,5.969999999999999,-149.89,-1.496759581881527,0.0,2.0,-397.0,791.0,394.0,1,1,1,0,0,0,0,0,0,0
618929,2026-05-01,Uttar Pradesh,1841.92,1843.54,996.0,79.96,National Highways Authority of India [NHAI],False,973.0,304.0,54.0264925089773,54.0264925089773,25.933507491022695,1,1,3.059999999999988,-120.04,-25.93350749102269,0.0,2.0,-669.0,973.0,304.0,1,1,1,0,0,0,0,0,0,1
618930,2026-05-01,Gujarat,1188.46,898.0,99.47,17.19,National Highways Authority of India [NHAI],False,181.0,976.0,11.07683741648107,11.07683741648107,6.113162583518932,1,1,3.210000000000001,-1.3550819672131134,-6.113162583518932,0.0,0.1854508196721311,795.0,181.0,976.0,0,0,0,0,0,0,0,0,0,0
618931,2026-05-01,Gujarat,764.02,566.96,25.88,4.63,National Highways Authority of India [NHAI],False,181.0,976.0,4.564695922110907,4.564695922110907,0.06530407788909276,1,1,2.03,-13.915081967213116,-0.0653040778890927,0.0,0.1854508196721311,795.0,181.0,976.0,1,0,0,0,0,0,0,0,0,1
618932,2026-05-01,Madhya Pradesh,1534.7,1472.68,313.15,19.78,National Highways Authority of India [NHAI],False,120.0,700.0,21.26395415161474,21.26395415161474,-1.4839541516147392,1,1,9.71,2.637142857142859,1.4839541516147392,0.0,0.1714285714285714,580.0,120.0,700.0,0,0,0,0,0,0,0,0,0,1
618933,2026-05-01,Madhya Pradesh,1430.56,1430.56,8.62,0.0,National Highways Authority of India [NHAI],False,61.0,730.0,0.6025612347612124,0.6025612347612124,-0.6025612347612124,0,0,0.0,-8.356164383561644,0.6025612347612124,0.0,0.0835616438356164,669.0,61.0,730.0,0,0,0,0,1,0,0,0,0,1
618934,2026-05-01,Assam,5729.47,5729.47,3.49,0.0,National Highways Authority of India [NHAI],False,120.0,518.0,0.060913138562554654,0.060913138562554654,-0.060913138562554654,0,1,0.0,-23.16602316602317,0.0609131385625546,0.0,0.2316602316602316,398.0,120.0,518.0,1,1,0,0,1,0,0,0,0,1
618936,2026-05-01,Haryana,1269.5,919.43,679.52,64.7,National Highways Authority of India [NHAI],False,1185.0,337.0,73.90665956081486,73.90665956081486,-9.206659560814856,1,1,1.7000000000000028,-135.3,9.206659560814856,0.0,2.0,-848.0,1185.0,337.0,1,1,1,0,0,0,0,0,0,0
618937,2026-05-01,Maharashtra,1166.96,1432.82,979.65,81.54,National Highways Authority of India [NHAI],False,1673.0,242.0,68.37216119261316,68.37216119261316,13.167838807386843,1,1,0.0,-118.46,-13.167838807386843,0.0,2.0,-1431.0,1673.0,242.0,1,1,1,0,1,0,0,0,0,1
618939,2026-05-01,Maharashtra,191.31,107.76,28.32,34.05,National Highways Authority of India [NHAI],False,304.0,150.0,26.280623608017816,26.280623608017816,7.769376391982181,1,1,4.089999999999996,-165.95,-7.769376391982181,0.0,2.0,-154.0,304.0,150.0,1,1,1,0,0,1,0,0,0,1
618941,2026-05-01,"Multi-States(Maharashtra,Telangana)",968.05,1187.19,600.11,70.02,National Highways Authority of India [NHAI],False,791.0,731.0,50.548774838063,50.548774838063,19.471225161937,1,1,1.8699999999999903,-38.18793433652532,-19.471225161937,0.0,1.0820793433652531,-60.0,791.0,731.0,1,1,1,0,0,0,0,0,0,1
618942,2026-05-01,"Multi-States (Goa,Karnataka)",226.76,149.44,110.23,82.45,National Highways Authority of India [NHAI],False,1277.0,304.0,73.76204496788009,73.76204496788009,8.687955032119916,1,1,0.0,-117.55,-8.687955032119916,0.0,2.0,-973.0,1277.0,304.0,1,1,1,0,1,0,0,0,0,0
618944,2026-05-01,Telangana,958.86,1218.49,212.78,20.4,National Highways Authority of India [NHAI],False,546.0,1127.0,17.462597148930232,17.462597148930232,2.9374028510697663,1,1,4.619999999999999,-28.0472049689441,-2.9374028510697663,0.0,0.484472049689441,581.0,546.0,1127.0,1,1,0,0,0,0,0,0,0,1
618945,2026-05-01,Telangana,1149.17,1606.99,787.9,99.98,National Highways Authority of India [NHAI],False,1581.0,365.0,49.029552144070585,49.029552144070585,50.95044785592942,1,1,0.0,-100.02,-50.95044785592942,0.0,2.0,-1216.0,1581.0,365.0,1,1,1,0,1,0,0,0,0,1
618947,2026-05-01,Jharkhand,1504.8,1508.21,804.77,91.83,National Highways Authority of India [NHAI],False,1612.0,1371.0,53.35928020633731,53.35928020633731,38.47071979366269,1,1,0.0,-25.7484099197666,-38.47071979366269,0.0,1.175784099197666,-241.0,1612.0,1371.0,1,1,0,0,1,0,0,0,0,1
618948,2026-05-01,"Multi-States(Jharkhand, WestBengal)",782.18,782.18,44.31,4.44,National Highways Authority of India [NHAI],False,89.0,365.0,5.664936459638447,5.664936459638447,-1.2249364596384469,0,1,0.1400000000000005,-19.94356164383561,1.2249364596384469,0.0,0.2438356164383561,276.0,89.0,365.0,1,0,0,0,0,0,0,0,0,1
618949,2026-05-01,Jharkhand,1444.94,1553.76,652.67,86.44,National Highways Authority of India [NHAI],False,882.0,456.0,42.005843888374,42.005843888374,44.434156111625995,1,1,0.0,-106.98105263157892,-44.434156111626,0.0,1.9342105263157892,-426.0,882.0,456.0,1,1,1,0,1,0,0,0,0,0
618950,2026-05-01,Jharkhand,1565.47,1565.47,49.08,6.55,National Highways Authority of India [NHAI],False,120.0,426.0,3.1351606865669734,3.1351606865669734,3.4148393134330264,0,1,1.5300000000000002,-21.619014084507043,-3.4148393134330264,0.0,0.2816901408450704,306.0,120.0,426.0,1,1,0,0,0,0,0,0,0,0
618951,2026-05-01,"Multi-States(Bihar, Jharkhand)",1125.78,1186.56,609.94,91.3,National Highways Authority of India [NHAI],False,1522.0,546.0,51.40405879180152,51.40405879180152,39.89594120819848,1,1,0.0,-108.7,-39.89594120819848,0.0,2.0,-976.0,1522.0,546.0,1,1,1,0,1,0,0,0,0,1
618952,2026-05-01,"Multi-States(Bihar, Jharkhand)",1954.77,1978.01,1862.87,85.96,National Highways Authority of India [NHAI],False,2007.0,1492.0,94.17899808393284,94.17899808393284,-8.218998083932846,1,1,0.789999999999992,-48.55742627345846,8.218998083932846,0.0,1.3451742627345844,-515.0,2007.0,1492.0,1,1,1,0,0,0,0,0,0,1
618953,2026-05-01,Bihar,1199.58,1223.94,1147.24,91.14,NHAI,False,2281.0,365.0,93.73335294213769,93.73335294213769,-2.5933529421376846,1,1,1.9099999999999968,-108.86,2.5933529421376846,0.0,2.0,-1916.0,2281.0,365.0,1,1,1,0,0,0,0,0,0,1
618954,2026-05-01,Bihar,1473.2,1703.02,587.15,17.45,NHAI,False,485.0,884.0,34.47698793907294,34.47698793907294,-17.026987939072942,1,1,1.0399999999999991,-37.41425339366516,17.026987939072942,0.0,0.5486425339366516,399.0,485.0,884.0,1,1,1,0,0,0,1,0,0,0
618955,2026-05-01,Bihar,638.29,1067.51,622.86,99.8,NHAI,False,2373.0,669.0,58.34699440754654,58.34699440754654,41.45300559245346,1,1,0.1400000000000005,-100.2,-41.45300559245346,0.0,2.0,-1704.0,2373.0,669.0,1,1,1,0,0,0,0,0,0,1
618956,2026-05-01,Bihar,498.97,380.3,43.95,22.4,NHAI,False,577.0,243.0,11.556665790165658,11.556665790165658,10.84333420983434,1,1,1.9799999999999969,-177.6,-10.84333420983434,0.0,2.0,-334.0,577.0,243.0,1,1,1,0,0,1,0,0,0,1
618957,2026-05-01,Chhattisgarh,1002.33,1304.47,781.21,98.75,National Highways Authority of India [NHAI],False,1581.0,334.0,59.8871572362722,59.8871572362722,38.8628427637278,1,1,0.0,-101.25,-38.8628427637278,0.0,2.0,-1247.0,1581.0,334.0,1,1,1,0,1,0,0,0,0,1
618958,2026-05-01,Assam,1200.14,1200.14,0.0,52.0,National Highways Authority of India [NHAI],False,2922.0,151.0,0.0,0.0,52.0,0,1,0.0,-148.0,-52.0,0.0,2.0,-2771.0,2922.0,151.0,1,1,1,0,1,0,0,0,0,0
618960,2026-05-01,Uttar Pradesh,1377.51,1007.62,425.91,42.76,National Highways Authority of India [NHAI],False,882.0,122.0,42.268910898950004,42.268910898950004,0.4910891010499938,1,1,0.5,-157.24,-0.4910891010499938,0.0,2.0,-760.0,882.0,122.0,1,1,1,0,0,1,0,0,0,0
618961,2026-05-01,Uttar Pradesh,775.94,498.97,21.22,9.18,National Highways Authority of India [NHAI],False,151.0,303.0,4.252760687015251,4.252760687015251,4.9272393129847485,1,1,4.739999999999999,-40.65498349834984,-4.9272393129847485,0.0,0.4983498349834983,152.0,151.0,303.0,1,1,1,0,0,0,0,0,0,0
618962,2026-05-01,Madhya Pradesh,1102.97,770.21,93.7,22.4,National Highways Authority of India [NHAI],True,273.0,518.0,12.165513301567104,12.165513301567104,10.234486698432894,1,1,4.0,-30.302702702702696,-10.234486698432894,0.0,0.527027027027027,245.0,273.0,518.0,1,1,1,0,0,0,0,0,0,1
618963,2026-05-01,Madhya Pradesh,784.14,836.64,318.13,44.37,National Highways Authority of India [NHAI],False,426.0,394.0,38.02471791929623,38.02471791929623,6.345282080703768,1,1,1.5399999999999991,-63.75182741116752,-6.345282080703768,0.0,1.0812182741116751,-32.0,426.0,394.0,1,1,1,0,0,1,0,0,0,0
618964,2026-05-01,Madhya Pradesh,1425.98,1425.98,69.44,10.3,National Highways Authority of India [NHAI],False,120.0,306.0,4.869633515196567,4.869633515196567,5.430366484803434,0,1,2.280000000000001,-28.91568627450981,-5.430366484803434,0.0,0.392156862745098,186.0,120.0,306.0,1,1,0,0,0,0,0,0,0,1
618966,2026-05-01,Madhya Pradesh,1123.17,1103.22,119.13,16.26,National Highways Authority of India [NHAI],False,273.0,547.0,10.79839016696579,10.79839016696579,5.4616098330342115,1,1,0.5400000000000009,-33.64859232175503,-5.461609833034212,0.0,0.4990859232175503,274.0,273.0,547.0,1,1,1,0,0,0,0,0,0,0
618967,2026-05-01,"Jammu andKashmir",295.06,295.06,175.97,64.0,National Highways Authority of India [NHAI],False,638.0,153.0,59.638717548973084,59.638717548973084,4.361282451026916,0,1,0.2000000000000028,-136.0,-4.361282451026916,0.0,2.0,-485.0,638.0,153.0,1,1,1,0,0,0,0,0,0,0
618968,2026-05-01,Uttar Pradesh,1428.19,1439.35,1221.16,97.5,National Highways Authority of India [NHAI],False,1338.0,549.0,84.8410740959461,84.8410740959461,12.658925904053902,1,1,0.0,-102.5,-12.658925904053902,0.0,2.0,-789.0,1338.0,549.0,1,1,1,0,1,0,0,0,0,1
618969,2026-05-01,"Multi-States (UttarPradesh,Uttarakhand)",2155.95,2612.3,1482.54,91.6,National Highways Authority of India [NHAI],False,1185.0,457.0,56.75228725644068,56.75228725644068,34.84771274355931,1,1,0.0999999999999943,-108.4,-34.84771274355931,0.0,2.0,-728.0,1185.0,457.0,1,1,1,0,0,0,0,0,0,1
618970,2026-05-01,Uttar Pradesh,1335.45,1335.38,1021.32,92.89,National Highways Authority of India [NHAI],False,1338.0,549.0,76.48160074285971,76.48160074285971,16.40839925714029,1,1,0.0,-107.11,-16.40839925714029,0.0,2.0,-789.0,1338.0,549.0,1,1,1,0,1,0,0,0,0,1
618971,2026-05-01,Maharashtra,3626.24,3626.24,3.33,1.45,Maharashtra Metro Rail Corporation Limited [MMRCL],False,304.0,0.0,0.09183065654782915,0.09183065654782915,1.3581693434521709,0,0,0.07,,-1.3581693434521709,0.0,,-304.0,304.0,0.0,0,0,0,0,0,0,0,0,0,0
618972,2026-05-01,Gujarat,1456.77,1456.77,0.28,0.0,Western Railway [WR] - II,False,151.0,0.0,0.01922060448801115,0.01922060448801115,-0.01922060448801115,0,0,0.0,,0.0192206044880111,0.0,,-151.0,151.0,0.0,0,0,0,0,1,0,0,0,0,0
618976,2026-05-01,Madhya Pradesh,20446.0,20446.0,1945.1,8.2,National Thermal Power Corporation [NTPC],False,365.0,181.0,9.513352244937884,9.513352244937884,-1.3133522449378852,0,1,0.6999999999999993,-191.8,1.3133522449378852,0.0,2.0,-184.0,365.0,181.0,1,1,1,0,0,1,0,0,0,0
618977,2026-05-01,Rajasthan,1507.0,1507.0,46.66,13.1,Airport Authority of India [AAI],False,212.0,61.0,3.0962176509621764,3.0962176509621764,10.003782349037824,0,1,0.2999999999999989,-186.9,-10.003782349037824,0.0,2.0,-151.0,212.0,61.0,1,1,1,0,0,1,0,0,0,1
618978,2026-05-01,"Multi-States(Chhattisgarh,Maharashtra)",2222.53,2222.53,0.0,0.0,South Eastern Central Railway,False,212.0,0.0,0.0,0.0,0.0,0,0,0.0,,0.0,0.0,,-212.0,212.0,0.0,0,0,0,0,1,0,0,0,0,0
618982,2026-05-01,Odisha,522.45,522.45,324.74,73.65,NLC India Limited [NLCIL],False,1096.0,212.0,62.15714422432769,62.15714422432769,11.492855775672318,0,1,1.0,-126.35,-11.492855775672318,0.0,2.0,-884.0,1096.0,212.0,1,1,1,0,0,0,0,0,0,0
618985,2026-05-01,Maharashtra,9857.85,9857.85,5.49,0.52,Maharashtra Metro Rail Corporation Limited [MMRCL],False,151.0,0.0,0.05569165690287436,0.05569165690287436,0.46430834309712565,0,0,0.04,,-0.4643083430971256,0.0,,-151.0,151.0,0.0,0,0,0,0,0,0,0,0,0,0
618986,2026-05-01,Assam,3633.58,3633.58,0.0,0.0,Northeast Frontier Railway [NFR],False,242.0,0.0,0.0,0.0,0.0,0,0,0.0,,0.0,0.0,,-242.0,242.0,0.0,0,0,0,0,1,0,0,0,0,0
618991,2026-05-01,Gujarat,1221.41,1221.41,64.03,0.0,NLC India Limited [NLCIL],False,791.0,609.0,5.242301929736943,5.242301929736943,-5.242301929736943,0,0,0.0,-129.8850574712644,5.242301929736943,0.0,1.2988505747126438,-182.0,791.0,609.0,1,1,1,0,1,1,0,0,0,0
618992,2026-05-01,Gujarat,480.68,480.68,2.62,1.2,NLC India Limited [NLCIL],False,760.0,640.0,0.5450611633519181,0.5450611633519181,0.6549388366480818,0,0,0.0,-117.55,-0.6549388366480818,0.0,1.1875,-120.0,760.0,640.0,1,1,1,0,1,1,0,0,0,0
618995,2026-05-01,Odisha,2864.51,2864.51,1.06,0.0,Indian Railway,False,273.0,365.0,0.037004583680978594,0.037004583680978594,-0.037004583680978594,0,0,0.0,-74.79452054794521,0.0370045836809785,0.0,0.7479452054794521,92.0,273.0,365.0,1,1,1,0,1,0,0,0,0,0
619003,2026-05-01,Himachal Pradesh,881.74,1519.53,679.91,90.11,National Highways Authority of India [NHAI],False,2738.0,245.0,44.744756602370465,44.744756602370465,45.365243397629534,1,1,0.0,-109.89,-45.365243397629534,0.0,2.0,-2493.0,2738.0,245.0,1,1,1,0,1,0,0,0,0,1
619004,2026-05-01,West Bengal,560.79,560.79,0.0,4.0,MoRTH,False,151.0,1006.0,0.0,0.0,4.0,0,1,0.5,-11.009940357852884,-4.0,0.0,0.1500994035785288,855.0,151.0,1006.0,1,0,0,0,0,0,0,0,0,0
619005,2026-05-01,Jharkhand,235.42,199.2,0.0,12.0,MoRTH,True,120.0,1037.0,0.0,0.0,12.0,1,1,0.0,0.4281581485053038,-12.0,0.0,0.1157184185149469,917.0,120.0,1037.0,0,0,0,0,1,0,0,0,0,0
619007,2026-05-01,Madhya Pradesh,461.23,461.23,0.0,0.0,MoRTH,False,120.0,1037.0,0.0,0.0,0.0,0,0,0.0,-11.571841851494696,0.0,0.0,0.1157184185149469,917.0,120.0,1037.0,1,0,0,0,1,0,0,0,0,0
619008,2026-05-01,Maharashtra,157.69,157.69,0.0,51.0,MoRTH,True,120.0,306.0,0.0,0.0,51.0,0,1,51.0,11.784313725490192,-51.0,0.0,0.392156862745098,186.0,120.0,306.0,0,0,0,0,0,0,0,0,0,0
619009,2026-05-01,Telangana,690.33,690.33,0.0,0.0,MoRTH,True,0.0,1277.0,0.0,0.0,0.0,0,1,0.0,0.0,0.0,0.0,0.0,1277.0,0.0,1277.0,0,0,0,0,1,0,0,0,0,0
619010,2026-05-01,Mizoram,500.88,500.88,305.45,75.35,NHIDCL,False,912.0,700.0,60.98267049992015,60.98267049992015,14.367329500079848,0,1,0.0,-54.93571428571431,-14.367329500079848,0.0,1.302857142857143,-212.0,912.0,700.0,1,1,1,0,1,0,0,0,0,1
619013,2026-05-01,Assam,508.76,542.87,58.12,47.34,NHIDCL,False,577.0,3653.0,10.706062224842043,10.706062224842043,36.63393777515796,1,0,0.0,31.54476320832193,-36.63393777515796,0.0,0.1579523679167807,3076.0,577.0,3653.0,0,0,0,0,1,0,0,0,0,1
619014,2026-05-01,Arunachal Pradesh,316.73,316.73,0.0,1.71,NHIDCL,False,89.0,793.0,0.0,0.0,1.71,0,0,1.71,-9.513203026481715,-1.71,0.0,0.1122320302648171,704.0,89.0,793.0,0,0,0,0,0,0,0,0,0,0
619022,2026-05-01,Haryana,5452.72,5452.72,159.67,4.3,Gurugram Metro Rail Limited [GMRL],False,638.0,397.0,2.9282633254595867,2.9282633254595867,1.3717366745404131,0,0,4.3,-156.40528967254406,-1.3717366745404131,0.0,1.6070528967254407,-241.0,638.0,397.0,1,1,1,0,0,1,0,0,0,0
619024,2026-05-01,Madhya Pradesh,3125.32,3125.32,317.79,18.0,Adani Transmission Limited,False,426.0,0.0,10.16823877234971,10.16823877234971,7.83176122765029,0,0,1.0,,-7.83176122765029,0.0,,-426.0,426.0,0.0,0,0,0,0,0,0,0,0,0,0
619025,2026-05-01,"Multi-States(Madhya Pradesh,Rajasthan, UttarPradesh)",25000.0,25000.0,426.05,4.0,Adani Transmission Limited,False,485.0,0.0,1.7042000000000002,1.7042000000000002,2.2958,0,0,2.0,,-2.2958,0.0,,-485.0,485.0,0.0,0,0,0,0,0,0,0,0,0,0
619026,2026-05-01,Gujarat,19000.0,19000.0,20.0,1.0,Adani Transmission Limited,False,151.0,,0.10526315789473684,0.10526315789473684,0.8947368421052632,0,0,0.0,,-0.8947368421052632,0.0,,,151.0,,0,0,0,0,1,0,0,0,0,0
619027,2026-05-01,Maharashtra,2000.0,2000.0,36.0,5.0,Adani Transmission Limited,False,365.0,,1.7999999999999998,1.7999999999999998,3.2,0,0,0.0,,-3.2,0.0,,,365.0,,0,0,0,0,1,0,0,0,0,0
619028,2026-05-01,Kerala,173.14,173.14,2.08,1.5,Power Grid Corporation of India Limited [POWERGRID],False,273.0,0.0,1.2013399561048863,1.2013399561048863,0.2986600438951137,0,0,0.0,,-0.2986600438951137,0.0,,-273.0,273.0,0.0,0,0,0,0,1,0,0,0,0,0
619029,2026-05-01,Gujarat,319.42,319.42,51.1,21.0,Power Grid Corporation of India Limited [POWERGRID],False,607.0,0.0,15.997745914469977,15.997745914469977,5.002254085530023,0,1,3.0,,-5.002254085530023,0.0,,-607.0,607.0,0.0,0,0,0,0,0,0,0,0,0,0
619030,2026-05-01,"Multi-States(Andhra Pradesh,Odisha)",2722.5,2722.5,13.4,1.0,Power Grid Corporation of India Limited [POWERGRID],False,89.0,0.0,0.4921946740128558,0.4921946740128558,0.5078053259871442,0,0,0.0,,-0.5078053259871442,0.0,,-89.0,89.0,0.0,0,0,0,0,1,0,0,0,0,1
619031,2026-05-01,Delhi,12014.91,12014.9,256.11,5.55,Delhi Metro Rail Corporation Limited [DMRC],False,120.0,0.0,2.1316032592863863,2.1316032592863863,3.4183967407136135,1,0,0.2099999999999999,,-3.418396740713613,0.0,,-120.0,120.0,0.0,0,0,0,0,0,0,0,0,0,0
619032,2026-05-01,Madhya Pradesh,25560.48,25560.5,186.68,1.6,Northern Coalfields Limited [NCL],False,454.0,0.0,0.7303456505154438,0.7303456505154438,0.8696543494845563,1,0,0.28,,-0.8696543494845563,0.0,,-454.0,454.0,0.0,0,0,0,0,0,0,0,0,0,0
619033,2026-05-01,Odisha,198.97,198.97,42.55,43.0,NIT Rourkela,False,851.0,122.0,21.38513343720159,21.38513343720159,21.61486656279841,0,0,1.0,-157.0,-21.61486656279841,0.0,2.0,-729.0,851.0,122.0,1,1,1,0,0,1,0,0,0,0
619038,2026-05-01,"Jammu andKashmir",497.09,497.09,245.25,99.97,NHIDCL,False,1734.0,153.0,49.337142167414356,49.337142167414356,50.63285783258564,0,1,0.0,-100.03,-50.63285783258564,0.0,2.0,-1581.0,1734.0,153.0,1,1,1,0,1,0,0,0,0,1
619042,2026-05-01,Maharashtra,163.51,163.51,0.0,83.19,MoRTH,True,1522.0,393.0,0.0,0.0,83.19,0,1,2.6200000000000045,-116.81,-83.19,0.0,2.0,-1129.0,1522.0,393.0,1,1,1,0,0,0,0,0,0,0
619045,2026-05-01,Tamil Nadu,1205.4,1210.21,62.01,8.58,National Highways Authority of India [NHAI],False,912.0,245.0,5.123904115814611,5.123904115814611,3.4560958841853893,1,1,0.6699999999999999,-191.42,-3.4560958841853893,0.0,2.0,-667.0,912.0,245.0,1,1,1,0,0,1,0,0,0,1
619049,2026-05-01,Gujarat,4500.0,4500.0,2263.7,60.0,Adani Transmission Limited,False,638.0,0.0,50.30444444444444,50.30444444444444,9.695555555555558,0,0,2.0,,-9.695555555555558,0.0,,-638.0,638.0,0.0,0,0,0,0,0,0,0,0,0,1
619051,2026-05-01,Bihar,29948.0,29948.0,2865.29,11.45,National Thermal Power Corporation [NTPC],False,426.0,120.0,9.567550420729264,9.567550420729264,1.8824495792707356,0,1,1.2799999999999994,-188.55,-1.882449579270736,0.0,2.0,-306.0,426.0,120.0,1,1,1,0,0,1,0,0,0,0
619052,2026-05-01,Uttar Pradesh,5801.05,5801.05,0.0,1.1,Uttar Pradesh metro rail corporation [UPMRC],False,0.0,242.0,0.0,0.0,1.1,0,0,0.1,1.1,-1.1,0.0,0.0,242.0,0.0,242.0,0,0,0,0,0,0,0,0,0,0
619053,2026-05-01,Madhya Pradesh,1604.69,1604.69,74.71,0.3,SECL - CIL,False,365.0,0.0,4.655727897600159,4.655727897600159,-4.355727897600159,0,0,0.0,,4.355727897600159,0.0,,-365.0,365.0,0.0,0,0,0,0,1,0,0,0,0,0
619054,2026-05-01,Gujarat,363.1,363.1,87.88,38.18,Airport Authority of India [AAI],False,304.0,547.0,24.202698980996967,24.202698980996967,13.977301019003033,0,0,5.049999999999997,-17.395868372943326,-13.977301019003033,0.0,0.5557586837294333,243.0,304.0,547.0,1,0,0,0,0,0,0,0,0,0
619055,2026-05-01,Maharashtra,444.42,444.42,0.0,0.0,Western Coalfields Limited [WCL],False,273.0,0.0,0.0,0.0,0.0,0,0,0.0,,0.0,0.0,,-273.0,273.0,0.0,0,0,0,0,1,0,0,0,0,0
619056,2026-05-01,Odisha,11131.0,11131.0,472.8,2.35,National Thermal Power Corporation [NTPC],False,181.0,0.0,4.247596801724912,4.247596801724912,-1.8975968017249119,0,1,0.4000000000000001,,1.897596801724912,0.0,,-181.0,181.0,0.0,0,0,0,0,0,0,0,0,0,0
619057,2026-05-01,Assam,574.26,574.26,316.52,71.09,NHIDCL,False,820.0,365.0,55.117890850834115,55.117890850834115,15.972109149165888,0,1,0.0,-128.91,-15.972109149165888,0.0,2.0,-455.0,820.0,365.0,1,1,1,0,1,0,0,0,0,0
619059,2026-05-01,Nagaland,323.98,323.98,70.48,75.05,NHIDCL,False,973.0,2010.0,21.75442928575838,21.75442928575838,53.29557071424162,0,1,0.0,26.642039800995025,-53.29557071424162,0.0,0.4840796019900497,1037.0,973.0,2010.0,0,0,0,0,1,0,0,0,0,1
619060,2026-05-01,Assam,344.71,619.7,46.37,62.9,NHIDCL,False,577.0,3653.0,7.482652896562852,7.482652896562852,55.417347103437145,1,0,0.0,47.10476320832193,-55.417347103437145,0.0,0.1579523679167807,3076.0,577.0,3653.0,0,0,0,0,1,0,0,0,0,1
619061,2026-05-01,Gujarat,705.09,705.09,0.0,2.0,MoRTH,False,0.0,426.0,0.0,0.0,2.0,0,1,,2.0,-2.0,,0.0,426.0,0.0,426.0,0,0,0,0,0,0,0,0,0,0
619064,2026-05-01,"Multi-States(Dadra & NagarHaveli and Daman& Diu, Gujarat,Maharashtra)",1909.74,2652.24,672.44,36.23,National Highways Authority of India [NHAI],False,1522.0,516.0,25.353663318553377,25.353663318553377,10.87633668144662,1,1,0.0,-163.77,-10.87633668144662,0.0,2.0,-1006.0,1522.0,516.0,1,1,1,0,1,1,0,0,0,1
619066,2026-05-01,"Multi-States(Jammu andKashmir, Punjab)",3044.02,3707.91,1551.47,83.6,National Highways Authority of India [NHAI],False,1338.0,335.0,41.842169847703964,41.842169847703964,41.75783015229603,1,1,0.0,-116.4,-41.75783015229603,0.0,2.0,-1003.0,1338.0,335.0,1,1,1,0,1,0,0,0,0,1
619068,2026-05-01,"Multi-States(Haryana, UttarPradesh)",2920.69,3485.77,1089.34,69.77,National Highways Authority of India [NHAI],False,1065.0,335.0,31.251057872435645,31.251057872435645,38.51894212756435,1,1,0.0,-130.23000000000002,-38.51894212756435,0.0,2.0,-730.0,1065.0,335.0,1,1,1,0,1,0,0,0,0,1
619071,2026-05-01,Karnataka,2032.15,1664.2,598.88,60.74,National Highways Authority of India [NHAI],False,1369.0,518.0,35.986059367864435,35.986059367864435,24.753940632135567,1,1,0.9100000000000036,-139.26,-24.753940632135567,0.0,2.0,-851.0,1369.0,518.0,1,1,1,0,0,0,0,0,0,1
619072,2026-05-01,Karnataka,1181.68,1297.76,799.85,94.89,National Highways Authority of India [NHAI],False,1185.0,365.0,61.63312168659844,61.63312168659844,33.25687831340156,1,1,0.1700000000000017,-105.11,-33.25687831340156,0.0,2.0,-820.0,1185.0,365.0,1,1,1,0,0,0,0,0,0,1
619073,2026-05-01,Karnataka,1317.74,1846.52,1028.28,99.2,National Highways Authority of India [NHAI],False,1915.0,366.0,55.68745532136127,55.68745532136127,43.51254467863873,1,1,0.0,-100.8,-43.51254467863873,0.0,2.0,-1549.0,1915.0,366.0,1,1,1,0,1,0,0,0,0,1
619074,2026-05-01,Tamil Nadu,1673.17,781.74,270.37,99.99,National Highways Authority of India [NHAI],False,5448.0,547.0,34.58566786911249,34.58566786911249,65.4043321308875,1,1,0.0,-100.01,-65.4043321308875,0.0,2.0,-4901.0,5448.0,547.0,1,1,1,0,1,0,0,0,0,1
619076,2026-05-01,Andhra Pradesh,1581.24,1883.71,939.5,98.2,National Highways Authority of India [NHAI],False,1915.0,397.0,49.87498075606118,49.87498075606118,48.325019243938826,1,1,0.0,-101.8,-48.325019243938826,0.0,2.0,-1518.0,1915.0,397.0,1,1,1,0,1,0,0,0,0,1
619077,2026-05-01,"Multi-States(Andhra Pradesh,Tamil Nadu)",464.62,472.37,183.01,100.0,National Highways Authority of India [NHAI],False,2983.0,90.0,38.74293456400702,38.74293456400702,61.25706543599298,1,1,0.0,-100.0,-61.25706543599298,0.0,2.0,-2893.0,2983.0,90.0,1,1,1,0,1,0,0,0,0,1
619078,2026-05-01,"Multi-States(Bihar, Jharkhand)",1772.7,1689.17,574.1,78.0,National Highways Authority of India [NHAI],False,2526.0,547.0,33.98710609352522,33.98710609352522,44.01289390647478,1,1,0.0,-122.0,-44.01289390647478,0.0,2.0,-1979.0,2526.0,547.0,1,1,1,0,1,0,0,0,0,1
619080,2026-05-01,Haryana,1093.35,1225.41,429.94,83.75,National Highways Authority of India [NHAI],False,943.0,242.0,35.08539998857525,35.08539998857525,48.66460001142475,1,1,4.409999999999997,-116.25,-48.66460001142475,0.0,2.0,-701.0,943.0,242.0,1,1,1,0,0,0,0,0,0,1
619086,2026-05-01,Tamil Nadu,852.0,285.55,5.14,100.0,National Highways Authority of India [NHAI],False,5721.0,335.0,1.8000350201365785,1.8000350201365785,98.19996497986342,1,1,0.0,-100.0,-98.19996497986342,0.0,2.0,-5386.0,5721.0,335.0,1,1,1,0,1,0,0,0,0,0
619087,2026-05-01,Gujarat,2070.44,1390.29,967.76,71.63,National Highways Authority of India [NHAI],False,973.0,549.0,69.60849894626301,69.60849894626301,2.0215010537369835,1,1,1.9699999999999989,-105.60132969034608,-2.0215010537369835,0.0,1.7723132969034607,-424.0,973.0,549.0,1,1,1,0,0,0,0,0,0,1
619089,2026-05-01,Assam,1909.98,2745.74,1340.44,94.59,NHAI,False,1216.0,306.0,48.81889763779528,48.81889763779528,45.77110236220472,1,1,1.5100000000000051,-105.41,-45.77110236220472,0.0,2.0,-910.0,1216.0,306.0,1,1,1,0,0,0,0,0,0,1
619090,2026-05-01,Delhi,2067.67,2670.22,1909.72,100.0,National Highways Authority of India [NHAI],False,2404.0,638.0,71.51920066511374,71.51920066511374,28.480799334886257,1,1,0.0,-100.0,-28.480799334886257,0.0,2.0,-1766.0,2404.0,638.0,1,1,1,0,1,0,0,0,0,1
619092,2026-05-01,Haryana,994.22,1606.82,623.73,99.97,National Highways Authority of India [NHAI],False,2130.0,547.0,38.81766470419836,38.81766470419836,61.15233529580164,1,1,0.0,-100.03,-61.15233529580164,0.0,2.0,-1583.0,2130.0,547.0,1,1,1,0,1,0,0,0,0,1
619093,2026-05-01,"Multi-States(Haryana, Punjab)",609.32,454.34,191.74,72.7,National Highways Authority of India [NHAI],False,882.0,303.0,42.20187524761192,42.20187524761192,30.49812475238808,1,1,1.8700000000000043,-127.3,-30.49812475238808,0.0,2.0,-579.0,882.0,303.0,1,1,1,0,0,0,0,0,0,0
619094,2026-05-01,Tamil Nadu,1243.57,1272.11,629.81,77.57,National Highways Authority of India [NHAI],False,1612.0,1034.0,49.509083333988414,49.509083333988414,28.06091666601158,1,1,-4.990000000000009,-78.32941972920696,-28.06091666601158,0.0,1.5589941972920696,-578.0,1612.0,1034.0,1,1,1,1,0,0,0,0,0,1
619095,2026-05-01,Maharashtra,546.44,472.1,420.53,81.63,National Highways Authority of India [NHAI],False,1277.0,153.0,89.07646685024359,89.07646685024359,-7.446466850243596,1,1,0.0,-118.37,7.446466850243596,0.0,2.0,-1124.0,1277.0,153.0,1,1,1,0,1,0,0,0,0,1
619096,2026-05-01,Karnataka,1644.92,1990.99,329.51,97.8,National Highways Authority of India [NHAI],False,4444.0,608.0,16.55005801134109,16.55005801134109,81.2499419886589,1,1,0.0,-102.2,-81.2499419886589,0.0,2.0,-3836.0,4444.0,608.0,1,1,1,0,1,0,0,0,0,1
619097,2026-05-01,"Multi-States(Kerala,Puducherry)",1181.12,1573.18,710.24,100.0,National Highways Authority of India [NHAI],False,3073.0,91.0,45.14677277870301,45.14677277870301,54.85322722129699,1,1,0.0,-100.0,-54.85322722129699,0.0,2.0,-2982.0,3073.0,91.0,1,1,1,0,1,0,0,0,0,1
619098,2026-05-01,Kerala,1424.77,2139.18,1048.93,98.75,National Highways Authority of India [NHAI],False,1915.0,1096.0,49.0342093699455,49.0342093699455,49.7157906300545,1,1,0.0,-75.97627737226279,-49.7157906300545,0.0,1.7472627737226278,-819.0,1915.0,1096.0,1,1,1,0,1,0,0,0,0,1
619099,2026-05-01,Punjab,1801.37,2172.71,614.74,64.41,National Highways Authority of India [NHAI],False,699.0,1188.0,28.293697732325068,28.293697732325068,36.116302267674925,1,1,0.2099999999999937,5.571616161616163,-36.116302267674925,0.0,0.5883838383838383,489.0,699.0,1188.0,0,0,0,0,0,0,0,0,0,1
619100,2026-05-01,Madhya Pradesh,866.0,1185.04,638.17,99.8,National Highways Authority of India [NHAI],False,1734.0,578.0,53.852190643353815,53.852190643353815,45.94780935664618,1,1,0.0,-100.2,-45.94780935664618,0.0,2.0,-1156.0,1734.0,578.0,1,1,1,0,1,0,0,0,0,1
619101,2026-05-01,"Multi-States(Madhya Pradesh,Maharashtra)",784.35,659.52,329.11,64.0,National Highways Authority of India [NHAI],False,791.0,456.0,49.90144347404173,49.90144347404173,14.098556525958273,1,1,0.0,-109.46491228070175,-14.098556525958273,0.0,1.7346491228070176,-335.0,791.0,456.0,1,1,1,0,1,0,0,0,0,0
619102,2026-05-01,Andhra Pradesh,1500.11,1500.11,0.17,0.0,National Highways Authority of India [NHAI],False,61.0,1186.0,0.011332502283165902,0.011332502283165902,-0.011332502283165902,0,1,0.0,-5.143338954468803,0.0113325022831659,0.0,0.051433389544688,1125.0,61.0,1186.0,0,0,0,0,1,0,0,0,0,1
619103,2026-05-01,Chhattisgarh,1096.52,1172.36,105.97,100.0,National Highways Authority of India [NHAI],False,3682.0,183.0,9.03903237913269,9.03903237913269,90.96096762086731,1,1,0.0,-100.0,-90.96096762086732,0.0,2.0,-3499.0,3682.0,183.0,1,1,1,0,1,0,0,0,0,1
619105,2026-05-01,Punjab,1555.13,1564.66,217.96,23.18,National Highways Authority of India [NHAI],False,242.0,1523.0,13.930182915138111,13.930182915138111,9.249817084861888,1,1,3.09,7.290308601444517,-9.249817084861888,0.0,0.1588969139855548,1281.0,242.0,1523.0,0,0,0,0,0,0,0,0,0,1
619106,2026-05-01,Karnataka,1141.88,868.65,223.35,35.52,National Highways Authority of India [NHAI],False,546.0,611.0,25.712312208599553,25.712312208599553,9.80768779140045,1,1,2.480000000000004,-53.841702127659566,-9.80768779140045,0.0,0.8936170212765957,65.0,546.0,611.0,1,1,1,0,0,0,0,0,0,1
619107,2026-05-01,Karnataka,1311.41,1123.35,47.55,10.35,National Highways Authority of India [NHAI],False,242.0,578.0,4.232874883161971,4.232874883161971,6.117125116838029,1,1,1.4699999999999989,-31.51851211072664,-6.117125116838029,0.0,0.4186851211072664,336.0,242.0,578.0,1,1,1,0,0,0,0,0,0,1
619108,2026-05-01,Karnataka,1452.43,1256.55,210.48,35.6,National Highways Authority of India [NHAI],False,334.0,486.0,16.750626716008117,16.750626716008117,18.849373283991884,1,1,3.030000000000001,-33.124279835390944,-18.849373283991884,0.0,0.6872427983539094,152.0,334.0,486.0,1,1,1,0,0,0,0,0,0,1
619109,2026-05-01,Odisha,1101.76,1374.43,641.61,99.7,National Highways Authority of India [NHAI],False,1491.0,396.0,46.68189722284875,46.68189722284875,53.018102777151256,1,1,0.0,-100.3,-53.018102777151256,0.0,2.0,-1095.0,1491.0,396.0,1,1,1,0,1,0,0,0,0,1
619111,2026-05-01,Andhra Pradesh,840.51,840.51,573.89,99.32,National Highways Authority of India [NHAI],False,1522.0,393.0,68.27878311977253,68.27878311977253,31.041216880227466,0,1,0.0,-100.68,-31.041216880227463,0.0,2.0,-1129.0,1522.0,393.0,1,1,1,0,1,0,0,0,0,1
619112,2026-05-01,Andhra Pradesh,1012.57,1012.57,569.75,81.06,National Highways Authority of India [NHAI],False,1308.0,607.0,56.26771482465409,56.26771482465409,24.79228517534591,0,1,0.0,-118.94,-24.79228517534591,0.0,2.0,-701.0,1308.0,607.0,1,1,1,0,1,0,0,0,0,1
619114,2026-05-01,Madhya Pradesh,1081.51,1146.63,368.69,40.25,National Highways Authority of India [NHAI],False,791.0,425.0,32.154225861873485,32.154225861873485,8.095774138126515,1,1,0.0,-145.8676470588235,-8.095774138126515,0.0,1.8611764705882352,-366.0,791.0,425.0,1,1,1,0,1,1,0,0,0,0
619117,2026-05-01,Karnataka,1021.57,1091.4,698.85,97.8,National Highways Authority of India [NHAI],False,3348.0,456.0,64.03243540406817,64.03243540406817,33.76756459593183,1,1,0.0,-102.2,-33.76756459593183,0.0,2.0,-2892.0,3348.0,456.0,1,1,1,0,1,0,0,0,0,1
619118,2026-05-01,Odisha,2510.04,2632.91,1199.04,99.98,National Highways Authority of India [NHAI],False,3348.0,181.0,45.54048562237221,45.54048562237221,54.439514377627795,1,1,0.0,-100.02,-54.4395143776278,0.0,2.0,-3167.0,3348.0,181.0,1,1,1,0,1,0,0,0,0,1
619119,2026-05-01,Odisha,999.32,1178.31,513.53,99.0,National Highways Authority of India [NHAI],False,3042.0,92.0,43.58190968420874,43.58190968420874,55.41809031579126,1,1,0.0,-101.0,-55.41809031579126,0.0,2.0,-2950.0,3042.0,92.0,1,1,1,0,1,0,0,0,0,1
619120,2026-05-01,Karnataka,2919.8,4113.89,2280.1,99.19,National Highways Authority of India [NHAI],False,2343.0,668.0,55.42442797449615,55.42442797449615,43.76557202550385,1,1,0.0,-100.81,-43.76557202550385,0.0,2.0,-1675.0,2343.0,668.0,1,1,1,0,1,0,0,0,0,1
619123,2026-05-01,Andhra Pradesh,813.66,678.21,196.9,65.0,National Highways Authority of India [NHAI],False,820.0,365.0,29.03230562805031,29.03230562805031,35.96769437194969,1,1,3.5,-135.0,-35.96769437194969,0.0,2.0,-455.0,820.0,365.0,1,1,1,0,0,0,0,0,0,1
619124,2026-05-01,Andhra Pradesh,747.29,626.83,227.97,70.2,National Highways Authority of India [NHAI],False,820.0,365.0,36.36871241006333,36.36871241006333,33.83128758993667,1,1,0.6000000000000085,-129.8,-33.83128758993667,0.0,2.0,-455.0,820.0,365.0,1,1,1,0,0,0,0,0,0,1
619125,2026-05-01,Andhra Pradesh,1103.9,943.66,207.82,44.1,National Highways Authority of India [NHAI],False,820.0,365.0,22.022762435623,22.022762435623,22.077237564377,1,1,0.9400000000000048,-155.9,-22.077237564377,0.0,2.0,-455.0,820.0,365.0,1,1,1,0,0,1,0,0,0,1
619126,2026-05-01,Andhra Pradesh,976.41,798.71,332.94,73.0,National Highways Authority of India [NHAI],False,820.0,365.0,41.68471660552641,41.68471660552641,31.31528339447359,1,1,0.0,-127.0,-31.31528339447359,0.0,2.0,-455.0,820.0,365.0,1,1,1,0,1,0,0,0,0,1
619127,2026-05-01,Bihar,2185.75,2118.46,411.78,25.76,NHAI,False,791.0,731.0,19.437704747788487,19.437704747788487,6.322295252211514,1,1,1.09,-82.44793433652531,-6.322295252211514,0.0,1.0820793433652531,-60.0,791.0,731.0,1,1,1,0,0,1,0,0,0,1
619128,2026-05-01,Telangana,615.78,981.64,431.67,98.02,National Highways Authority of India [NHAI],False,1338.0,608.0,43.97436942259892,43.97436942259892,54.04563057740108,1,1,0.0,-101.98,-54.04563057740108,0.0,2.0,-730.0,1338.0,608.0,1,1,1,0,1,0,0,0,0,1
619129,2026-05-01,Tamil Nadu,1360.54,1477.94,560.86,58.65,National Highways Authority of India [NHAI],False,1461.0,1185.0,37.94876652638132,37.94876652638132,20.70123347361868,1,1,0.0,-64.64113924050633,-20.70123347361868,0.0,1.2329113924050632,-276.0,1461.0,1185.0,1,1,1,0,1,0,0,0,0,1
619130,2026-05-01,Tamil Nadu,1116.13,1463.75,588.22,53.41,National Highways Authority of India [NHAI],False,882.0,1764.0,40.18582408198122,40.18582408198122,13.22417591801878,1,1,0.0,3.4099999999999966,-13.22417591801878,0.0,0.5,882.0,882.0,1764.0,0,0,0,0,1,0,0,0,0,1
619131,2026-05-01,Tamil Nadu,837.61,823.93,169.32,99.75,National Highways Authority of India [NHAI],False,2738.0,245.0,20.55028946633816,20.55028946633816,79.19971053366184,1,1,0.0,-100.25,-79.19971053366184,0.0,2.0,-2493.0,2738.0,245.0,1,1,1,0,1,0,0,0,0,1
619132,2026-05-01,Haryana,1810.04,1917.5,608.36,76.69,National Highways Authority of India [NHAI],False,1642.0,549.0,31.726727509778357,31.726727509778357,44.96327249022164,1,1,4.189999999999998,-123.31,-44.96327249022164,0.0,2.0,-1093.0,1642.0,549.0,1,1,1,0,0,0,0,0,0,1
619134,2026-05-01,"Multi-States(Haryana, Punjab)",1641.66,1904.79,570.95,84.83,National Highways Authority of India [NHAI],False,943.0,579.0,29.974432877115063,29.974432877115063,54.855567122884935,1,1,4.179999999999993,-78.03701208981003,-54.855567122884935,0.0,1.6286701208981005,-364.0,943.0,579.0,1,1,1,0,0,0,0,0,0,1
619136,2026-05-01,Bihar,610.78,628.65,335.08,100.0,National Highways Authority of India [NHAI],False,820.0,610.0,53.301519128290785,53.301519128290785,46.698480871709215,1,1,0.5,-34.42622950819671,-46.698480871709215,0.0,1.3442622950819672,-210.0,820.0,610.0,1,1,1,0,0,0,0,0,0,1
619138,2026-05-01,Karnataka,309.9,309.9,82.28,23.84,National Highways Authority of India [NHAI],False,1522.0,181.0,26.55050016134237,26.55050016134237,-2.7105001613423703,0,1,2.719999999999999,-176.16,2.7105001613423703,0.0,2.0,-1341.0,1522.0,181.0,1,1,1,0,0,1,0,0,0,1
619139,2026-05-01,Tamil Nadu,1299.36,1299.36,152.42,17.24,National Highways Authority of India [NHAI],False,912.0,245.0,11.7303903460165,11.7303903460165,5.509609653983498,0,1,0.3599999999999994,-182.76,-5.509609653983498,0.0,2.0,-667.0,912.0,245.0,1,1,1,0,0,1,0,0,0,1
619140,2026-05-01,Andhra Pradesh,1398.84,965.58,334.61,48.9,National Highways Authority of India [NHAI],False,943.0,426.0,34.653783218376525,34.653783218376525,14.246216781623474,1,1,5.5,-151.1,-14.246216781623474,0.0,2.0,-517.0,943.0,426.0,1,1,1,0,0,1,0,0,0,1
619141,2026-05-01,Andhra Pradesh,864.2,844.39,305.44,54.11,National Highways Authority of India [NHAI],False,882.0,487.0,36.17285851324625,36.17285851324625,17.937141486753752,1,1,3.9399999999999977,-126.99882956878852,-17.937141486753752,0.0,1.811088295687885,-395.0,882.0,487.0,1,1,1,0,0,0,0,0,0,1
619142,2026-05-01,Uttarakhand,216.97,237.01,165.81,75.24,National Highways Authority of India [NHAI],False,1157.0,273.0,69.95907345681617,69.95907345681617,5.280926543183824,1,1,0.0,-124.76,-5.280926543183824,0.0,2.0,-884.0,1157.0,273.0,1,1,1,0,1,0,0,0,0,1
619143,2026-05-01,"Multi-States(Andhra Pradesh,Telangana)",826.01,862.58,103.08,22.58,National Highways Authority of India [NHAI],False,426.0,731.0,11.950195923856336,11.950195923856336,10.629804076143662,1,1,0.5,-35.696333789329685,-10.629804076143662,0.0,0.5827633378932968,305.0,426.0,731.0,1,1,1,0,0,0,0,0,0,1
619145,2026-05-01,Gujarat,877.71,1126.66,630.52,100.0,National Highways Authority of India [NHAI],False,3376.0,366.0,55.9636447552944,55.9636447552944,44.0363552447056,1,1,0.0,-100.0,-44.0363552447056,0.0,2.0,-3010.0,3376.0,366.0,1,1,1,0,1,0,0,0,0,1
619146,2026-05-01,Gujarat,750.53,955.78,363.42,97.93,National Highways Authority of India [NHAI],False,3348.0,394.0,38.023394505011616,38.023394505011616,59.90660549498839,1,1,0.0,-102.07,-59.90660549498839,0.0,2.0,-2954.0,3348.0,394.0,1,1,1,0,1,0,0,0,0,1
619149,2026-05-01,Maharashtra,1774.03,2108.41,809.19,93.75,National Highways Authority of India [NHAI],False,1277.0,273.0,38.37915775394729,38.37915775394729,55.37084224605271,1,1,0.0,-106.25,-55.37084224605271,0.0,2.0,-1004.0,1277.0,273.0,1,1,1,0,1,0,0,0,0,1
619150,2026-05-01,Karnataka,2082.69,2859.93,730.48,99.7,National Highways Authority of India [NHAI],False,3195.0,487.0,25.5418838922631,25.5418838922631,74.1581161077369,1,1,0.0,-100.3,-74.1581161077369,0.0,2.0,-2708.0,3195.0,487.0,1,1,1,0,1,0,0,0,0,1
619152,2026-05-01,Bihar,1182.94,1898.84,843.24,99.95,National Highways Authority of India [NHAI],False,3256.0,548.0,44.408164984938175,44.408164984938175,55.54183501506183,1,1,0.0,-100.05,-55.54183501506183,0.0,2.0,-2708.0,3256.0,548.0,1,1,1,0,1,0,0,0,0,1
619153,2026-05-01,Himachal Pradesh,1002.11,1363.04,580.32,60.06,National Highways Authority of India [NHAI],False,1461.0,426.0,42.575419650193695,42.575419650193695,17.484580349806308,1,1,0.0,-139.94,-17.484580349806308,0.0,2.0,-1035.0,1461.0,426.0,1,1,1,0,1,0,0,0,0,1
619154,2026-05-01,"Multi-States(Bihar, UttarPradesh)",1493.5,1493.59,576.71,84.5,National Highways Authority of India [NHAI],False,1004.0,304.0,38.612336718912154,38.612336718912154,45.887663281087846,1,1,6.349999999999994,-115.5,-45.887663281087846,0.0,2.0,-700.0,1004.0,304.0,1,1,1,0,0,0,0,0,0,1
619155,2026-05-01,Uttarakhand,1602.89,1423.89,590.01,79.25,National Highways Authority of India [NHAI],False,1308.0,334.0,41.43648736910856,41.43648736910856,37.81351263089144,1,1,2.510000000000005,-120.75,-37.81351263089144,0.0,2.0,-974.0,1308.0,334.0,1,1,1,0,0,0,0,0,0,1
619156,2026-05-01,Tamil Nadu,1853.16,1853.16,24.3,0.0,National Highways Authority of India [NHAI],False,0.0,304.0,1.3112737162468433,1.3112737162468433,-1.3112737162468433,0,1,,0.0,1.3112737162468433,,0.0,304.0,0.0,304.0,0,0,0,0,0,0,0,0,0,1
619157,2026-05-01,Odisha,795.18,810.71,403.24,99.0,National Highways Authority of India [NHAI],False,2646.0,396.0,49.73911756361707,49.73911756361707,49.26088243638293,1,1,0.0,-101.0,-49.26088243638293,0.0,2.0,-2250.0,2646.0,396.0,1,1,1,0,1,0,0,0,0,1
619158,2026-05-01,Odisha,789.0,907.61,572.17,86.0,National Highways Authority of India [NHAI],False,2281.0,761.0,63.04139443152895,63.04139443152895,22.95860556847105,1,1,0.0,-114.0,-22.95860556847105,0.0,2.0,-1520.0,2281.0,761.0,1,1,1,0,1,0,0,0,0,1
619160,2026-05-01,Andhra Pradesh,166.52,113.46,98.26,100.0,National Highways Authority of India [NHAI],False,1035.0,273.0,86.60320817909395,86.60320817909395,13.396791820906046,1,1,0.0,-100.0,-13.396791820906046,0.0,2.0,-762.0,1035.0,273.0,1,1,1,0,1,0,0,0,0,0
619161,2026-05-01,Tamil Nadu,1376.1,1247.7,133.97,37.27,National Highways Authority of India [NHAI],False,516.0,275.0,10.737356736394966,10.737356736394966,26.53264326360504,1,1,2.770000000000003,-150.36636363636364,-26.53264326360504,0.0,1.8763636363636365,-241.0,516.0,275.0,1,1,1,0,0,1,0,0,0,0
619162,2026-05-01,Uttar Pradesh,578.02,566.9,438.88,100.0,National Highways Authority of India [NHAI],False,1247.0,334.0,77.4175339566061,77.4175339566061,22.582466043393893,1,1,0.0,-100.0,-22.582466043393893,0.0,2.0,-913.0,1247.0,334.0,1,1,1,0,1,0,0,0,0,1
619163,2026-05-01,Maharashtra,1471.32,1297.48,927.1,86.2,National Highways Authority of India [NHAI],False,1703.0,243.0,71.45389524308659,71.45389524308659,14.746104756913411,1,1,0.0,-113.8,-14.746104756913413,0.0,2.0,-1460.0,1703.0,243.0,1,1,1,0,1,0,0,0,0,1
619164,2026-05-01,Karnataka,1214.3,1195.74,527.99,72.77,National Highways Authority of India [NHAI],False,2618.0,365.0,44.15592018331744,44.15592018331744,28.614079816682555,1,1,0.0,-127.23,-28.614079816682555,0.0,2.0,-2253.0,2618.0,365.0,1,1,1,0,1,0,0,0,0,1
619165,2026-05-01,Telangana,177.18,18.65,8.31,100.0,National Highways Authority of India [NHAI],False,4444.0,120.0,44.557640750670245,44.557640750670245,55.442359249329755,1,1,0.0,-100.0,-55.44235924932976,0.0,2.0,-4324.0,4444.0,120.0,1,1,1,0,1,0,0,0,0,0
619166,2026-05-01,Bihar,768.35,968.42,410.57,99.5,NHAI,False,882.0,426.0,42.395861299849244,42.395861299849244,57.104138700150756,1,1,0.0999999999999943,-100.5,-57.10413870015076,0.0,2.0,-456.0,882.0,426.0,1,1,1,0,0,0,0,0,0,1
619167,2026-05-01,Chhattisgarh,865.1,1275.26,587.71,93.1,National Highways Authority of India [NHAI],False,1977.0,366.0,46.085504132490634,46.085504132490634,47.01449586750936,1,1,0.0,-106.9,-47.01449586750936,0.0,2.0,-1611.0,1977.0,366.0,1,1,1,0,1,0,0,0,0,1
619168,2026-05-01,Uttar Pradesh,1602.48,1497.94,1215.08,99.11,National Highways Authority of India [NHAI],False,1338.0,549.0,81.11673364754262,81.11673364754262,17.993266352457383,1,1,0.0,-100.89,-17.993266352457383,0.0,2.0,-789.0,1338.0,549.0,1,1,1,0,1,0,0,0,0,1
619172,2026-05-01,Chhattisgarh,1859.19,1859.19,0.45,0.0,SECL - CIL,False,516.0,0.0,0.02420408887741436,0.02420408887741436,-0.02420408887741436,0,0,0.0,,0.0242040888774143,0.0,,-516.0,516.0,0.0,0,0,0,0,1,0,0,0,0,0
619181,2026-05-01,Odisha,882.45,1009.92,183.2,32.0,National Highways Authority of India [NHAI],False,546.0,611.0,18.140050697084916,18.140050697084916,13.859949302915084,1,1,0.0,-57.36170212765957,-13.859949302915084,0.0,0.8936170212765957,65.0,546.0,611.0,1,1,1,0,1,0,0,0,0,0
619183,2026-05-01,"Dadra & NagarHaveli and Daman& Diu",198.06,239.57,73.03,52.0,MoRTH,False,820.0,488.0,30.48378344533957,30.48378344533957,21.51621655466043,1,0,0.0,-116.03278688524593,-21.51621655466043,0.0,1.680327868852459,-332.0,820.0,488.0,1,1,1,0,1,0,0,0,0,1
619184,2026-05-01,"Andaman &Nicobar",207.45,376.48,0.0,78.01,NHIDCL,False,791.0,2220.0,0.0,0.0,78.01,1,1,0.0,42.37936936936937,-78.01,0.0,0.3563063063063063,1429.0,791.0,2220.0,0,0,0,0,1,0,0,0,0,0
619185,2026-05-01,"Andaman &Nicobar",183.56,333.12,0.0,47.28,NHIDCL,False,730.0,2281.0,0.0,0.0,47.28,1,1,0.0,15.276492766330556,-47.28,0.0,0.3200350723366944,1551.0,730.0,2281.0,0,0,0,0,1,0,0,0,0,1
619186,2026-05-01,"Andaman &Nicobar",262.96,371.88,0.0,12.64,NHIDCL,False,730.0,3349.0,0.0,0.0,12.64,1,1,0.0,-9.15755150791281,-12.64,0.0,0.2179755150791281,2619.0,730.0,3349.0,0,0,0,0,1,0,0,0,0,0
619187,2026-05-01,West Bengal,152.27,152.27,0.0,29.33,NHIDCL,False,334.0,486.0,0.0,0.0,29.33,0,1,2.0299999999999976,-39.39427983539095,-29.33,0.0,0.6872427983539094,152.0,334.0,486.0,1,1,1,0,0,0,0,0,0,0
619191,2026-05-01,Uttar Pradesh,202.0,202.0,129.69,58.0,MinistryofPetroleumNaturalGas,False,242.0,0.0,64.20297029702971,64.20297029702971,-6.202970297029708,0,1,4.0,,6.202970297029708,0.0,,-242.0,242.0,0.0,0,0,0,0,0,0,0,0,0,0
619193,2026-05-01,Telangana,295.47,334.82,375.14,82.76,MoRTH,False,4107.0,31.0,112.04229138044322,100.0,-17.239999999999995,1,1,0.0,-117.24,29.28229138044321,0.0,2.0,-4076.0,4107.0,31.0,1,1,1,0,1,0,1,1,0,1
619194,2026-05-01,Uttar Pradesh,168.05,168.05,0.0,1.5,MoRTH,False,0.0,426.0,0.0,0.0,1.5,0,0,,1.5,-1.5,,0.0,426.0,0.0,426.0,0,0,0,0,0,0,0,0,0,0
619196,2026-05-01,Haryana,359.0,359.0,33.94,38.2,IOCL,True,365.0,0.0,9.454038997214484,9.454038997214484,28.74596100278552,0,1,2.9000000000000057,,-28.74596100278552,0.0,,-365.0,365.0,0.0,0,0,0,0,0,0,0,0,0,0
619197,2026-05-01,Gujarat,1185.69,1259.27,1000.72,97.6,NHAI,False,1550.0,518.0,79.46826335893019,79.46826335893019,18.131736641069807,1,1,0.5999999999999943,-102.4,-18.131736641069807,0.0,2.0,-1032.0,1550.0,518.0,1,1,1,0,0,0,0,0,0,1
619198,2026-05-01,Maharashtra,1711.38,2388.52,979.26,99.38,National Highways Authority of India [NHAI],False,1522.0,577.0,40.99861001791905,40.99861001791905,58.38138998208095,1,1,0.0,-100.62,-58.38138998208095,0.0,2.0,-945.0,1522.0,577.0,1,1,1,0,1,0,0,0,0,1
619199,2026-05-01,"Multi-States(Andhra Pradesh,Karnataka)",1410.01,1410.01,241.42,98.92,National Highways Authority of India [NHAI],True,1308.0,669.0,17.121864383940537,17.121864383940537,81.79813561605947,0,1,0.4500000000000028,-96.59569506726456,-81.79813561605947,0.0,1.9551569506726456,-639.0,1308.0,669.0,1,1,1,0,0,0,0,0,0,1
619200,2026-05-01,Punjab,1641.75,1951.7,1041.24,33.07,National Highways Authority of India [NHAI],False,1277.0,610.0,53.350412460931494,53.350412460931494,-20.280412460931494,1,1,0.6000000000000014,-166.93,20.28041246093149,0.0,2.0,-667.0,1277.0,610.0,1,1,1,0,0,1,1,1,0,1
619201,2026-05-01,Haryana,1741.45,2041.54,461.41,94.41,National Highways Authority of India [NHAI],False,1004.0,273.0,22.601075658571474,22.601075658571474,71.80892434142852,1,1,2.799999999999997,-105.59,-71.80892434142852,0.0,2.0,-731.0,1004.0,273.0,1,1,1,0,0,0,0,0,0,1
619202,2026-05-01,Delhi,2144.67,3929.5,3106.86,98.8,National Highways Authority of India [NHAI],False,2068.0,915.0,79.06502099503754,79.06502099503754,19.734979004962454,1,1,0.0,-101.2,-19.73497900496245,0.0,2.0,-1153.0,2068.0,915.0,1,1,1,0,1,0,0,0,0,1
619203,2026-05-01,Maharashtra,1252.92,1371.27,482.38,80.78,National Highways Authority of India [NHAI],False,2677.0,306.0,35.177609077716276,35.177609077716276,45.602390922283725,1,1,4.180000000000007,-119.22,-45.602390922283725,0.0,2.0,-2371.0,2677.0,306.0,1,1,1,0,0,0,0,0,0,1
619205,2026-05-01,"Multi-States(Karnataka,Kerala)",1981.07,2681.48,1060.64,100.0,National Highways Authority of India [NHAI],False,1642.0,549.0,39.554275996837575,39.554275996837575,60.445724003162425,1,1,0.7999999999999972,-100.0,-60.445724003162425,0.0,2.0,-1093.0,1642.0,549.0,1,1,1,0,0,0,0,0,0,1
619206,2026-05-01,Kerala,3041.65,3867.66,1104.11,86.65,National Highways Authority of India [NHAI],False,1673.0,487.0,28.547235279212753,28.547235279212753,58.10276472078725,1,1,0.0,-113.35,-58.10276472078725,0.0,2.0,-1186.0,1673.0,487.0,1,1,1,0,1,0,0,0,0,1
619207,2026-05-01,Kerala,2641.37,3309.06,931.86,81.8,National Highways Authority of India [NHAI],False,1308.0,487.0,28.160867436673858,28.160867436673858,53.63913256332614,1,1,0.0,-118.2,-53.63913256332614,0.0,2.0,-821.0,1308.0,487.0,1,1,1,0,1,0,0,0,0,1
619208,2026-05-01,Kerala,3635.64,3526.33,595.69,44.34,National Highways Authority of India [NHAI],False,1400.0,212.0,16.89263341774593,16.89263341774593,27.447366582254073,1,1,0.0,-155.66,-27.447366582254077,0.0,2.0,-1188.0,1400.0,212.0,1,1,1,0,1,1,0,0,0,1
619210,2026-05-01,Maharashtra,1411.71,1358.68,1047.2,97.4,National Highways Authority of India [NHAI],False,1703.0,243.0,77.07480790178703,77.07480790178703,20.32519209821298,1,1,0.0,-102.6,-20.32519209821298,0.0,2.0,-1460.0,1703.0,243.0,1,1,1,0,1,0,0,0,0,1
619211,2026-05-01,Karnataka,2104.7,2065.83,795.13,73.9,National Highways Authority of India [NHAI],False,1126.0,396.0,38.48961434387147,38.48961434387147,35.41038565612853,1,1,0.0,-126.1,-35.41038565612853,0.0,2.0,-730.0,1126.0,396.0,1,1,1,0,1,0,0,0,0,1
619212,2026-05-01,"Multi-States(Andhra Pradesh,Telangana)",1227.57,1315.87,527.81,68.53,National Highways Authority of India [NHAI],False,1216.0,365.0,40.111105200361735,40.111105200361735,28.418894799638267,1,1,3.2900000000000063,-131.47,-28.418894799638267,0.0,2.0,-851.0,1216.0,365.0,1,1,1,0,0,0,0,0,0,0
619213,2026-05-01,Odisha,791.17,1070.63,727.42,99.95,National Highways Authority of India [NHAI],False,1522.0,393.0,67.94317364542371,67.94317364542371,32.00682635457629,1,1,0.0,-100.05,-32.00682635457629,0.0,2.0,-1129.0,1522.0,393.0,1,1,1,0,1,0,0,0,0,1
619214,2026-05-01,Karnataka,688.0,684.54,586.06,82.34,National Highways Authority of India [NHAI],False,1946.0,275.0,85.61369678908464,85.61369678908464,-3.2736967890846387,1,1,0.0,-117.66,3.2736967890846387,0.0,2.0,-1671.0,1946.0,275.0,1,1,1,0,1,0,0,0,0,1
619215,2026-05-01,Odisha,991.41,1168.82,500.25,99.66,National Highways Authority of India [NHAI],False,2983.0,151.0,42.799575640389456,42.799575640389456,56.86042435961054,1,1,0.0,-100.34,-56.86042435961054,0.0,2.0,-2832.0,2983.0,151.0,1,1,1,0,1,0,0,0,0,1
619216,2026-05-01,"Multi-States(Haryana, Punjab)",1491.72,1122.86,721.14,74.98,National Highways Authority of India [NHAI],False,1096.0,365.0,64.22350070356056,64.22350070356056,10.756499296439443,1,1,3.870000000000005,-125.02,-10.756499296439443,0.0,2.0,-731.0,1096.0,365.0,1,1,1,0,0,0,0,0,0,0
619217,2026-05-01,"Multi-States (UttarPradesh,Uttarakhand)",1659.12,1622.49,842.68,97.64,National Highways Authority of India [NHAI],False,3042.0,762.0,51.937454159964005,51.937454159964005,45.702545840035995,1,1,0.0,-102.36,-45.702545840036,0.0,2.0,-2280.0,3042.0,762.0,1,1,1,0,1,0,0,0,0,1
619218,2026-05-01,Karnataka,1364.14,1692.12,614.73,100.0,National Highways Authority of India [NHAI],False,2404.0,607.0,36.328983760017024,36.328983760017024,63.671016239982976,1,1,0.0,-100.0,-63.671016239982976,0.0,2.0,-1797.0,2404.0,607.0,1,1,1,0,1,0,0,0,0,1
619219,2026-05-01,Karnataka,1505.85,1989.89,656.52,99.97,National Highways Authority of India [NHAI],False,2404.0,607.0,32.992778495293706,32.992778495293706,66.97722150470629,1,1,0.0,-100.03,-66.97722150470629,0.0,2.0,-1797.0,2404.0,607.0,1,1,1,0,1,0,0,0,0,1
619220,2026-05-01,Karnataka,1444.5,1834.81,872.45,97.75,National Highways Authority of India [NHAI],False,1887.0,1124.0,47.54988254914678,47.54988254914678,50.20011745085322,1,1,0.4500000000000028,-70.13256227758006,-50.20011745085322,0.0,1.6788256227758007,-763.0,1887.0,1124.0,1,1,1,0,0,0,0,0,0,0
619222,2026-05-01,Tamil Nadu,467.99,699.68,451.47,97.92,National Highways Authority of India [NHAI],False,1338.0,184.0,64.5252115252687,64.5252115252687,33.3947884747313,1,1,0.0,-102.08,-33.3947884747313,0.0,2.0,-1154.0,1338.0,184.0,1,1,1,0,1,0,0,0,0,1
619223,2026-05-01,Maharashtra,13626.0,13626.0,63.9,5.3,Ministry of Petroleum & Natural Gas,False,365.0,0.0,0.4689564068692206,0.4689564068692206,4.831043593130779,0,1,0.8999999999999995,,-4.831043593130779,0.0,,-365.0,365.0,0.0,0,0,0,0,0,0,0,0,0,0
619224,2026-05-01,Maharashtra,844.0,844.0,0.61,6.7,Ministry of Petroleum & Natural Gas,False,334.0,0.0,0.07227488151658767,0.07227488151658767,6.627725118483412,0,1,0.6000000000000005,,-6.627725118483412,0.0,,-334.0,334.0,0.0,0,0,0,0,0,0,0,0,0,0
619225,2026-05-01,Maharashtra,260.2,260.2,0.0,0.0,Ministry of Petroleum & Natural Gas,False,395.0,0.0,0.0,0.0,0.0,0,1,0.0,,0.0,0.0,,-395.0,395.0,0.0,0,0,0,0,1,0,0,0,0,0
619226,2026-05-01,Andhra Pradesh,258.34,258.34,4.65,14.2,Ministry of Petroleum and Natural Gas,False,242.0,0.0,1.7999535495858174,1.7999535495858174,12.400046450414182,0,1,3.6999999999999993,,-12.400046450414182,0.0,,-242.0,242.0,0.0,0,0,0,0,0,0,0,0,0,0
619227,2026-05-01,Maharashtra,1420.0,1420.0,2.84,0.5,Power Grid Corporation of India Limited [POWERGRID],False,61.0,0.0,0.2,0.2,0.3,0,0,0.0,,-0.3,0.0,,-61.0,61.0,0.0,0,0,0,0,1,0,0,0,0,0
619228,2026-05-01,Karnataka,1111.0,1111.0,5.5,1.0,Power Grid Corporation of India Limited [POWERGRID],False,89.0,0.0,0.49504950495049505,0.49504950495049505,0.504950495049505,0,0,,,-0.504950495049505,,,-89.0,89.0,0.0,0,0,0,0,0,0,0,0,0,0
619251,2026-05-01,Rajasthan,170.49,170.49,0.0,0.0,MoRTH,False,61.0,365.0,0.0,0.0,0.0,0,0,,-16.71232876712329,0.0,,0.1671232876712328,304.0,61.0,365.0,1,0,0,0,0,0,0,0,0,0
619253,2026-05-01,Telangana,516.17,516.17,0.0,47.2,MoRTH,False,212.0,365.0,0.0,0.0,47.2,0,1,4.07,-10.882191780821913,-47.2,0.0,0.5808219178082191,153.0,212.0,365.0,1,0,0,0,0,0,0,0,0,0
619289,2026-05-01,Bihar,1659.81,1696.66,547.01,78.09,NHAI,False,1522.0,424.0,32.240401730458665,32.240401730458665,45.84959826954134,1,1,0.0,-121.91,-45.84959826954134,0.0,2.0,-1098.0,1522.0,424.0,1,1,1,0,1,0,0,0,0,1
619291,2026-05-01,"Multi-States(HimachalPradesh,Uttarakhand)",524.54,657.32,254.27,94.25,NHAI,False,1096.0,426.0,38.68283332319114,38.68283332319114,55.56716667680886,1,1,0.0,-105.75,-55.56716667680886,0.0,2.0,-670.0,1096.0,426.0,1,1,1,0,1,0,0,0,0,1
619292,2026-05-01,Uttarakhand,1092.9,1072.5,736.07,93.9,NHAI,False,1185.0,337.0,68.63123543123544,68.63123543123544,25.268764568764567,1,1,0.0,-106.1,-25.268764568764567,0.0,2.0,-848.0,1185.0,337.0,1,1,1,0,1,0,0,0,0,0
619293,2026-05-01,Uttarakhand,715.97,337.11,159.18,54.86,NHAI,False,395.0,487.0,47.21900863219721,47.21900863219721,7.6409913678027905,1,1,7.019999999999996,-26.24882956878849,-7.6409913678027905,0.0,0.811088295687885,92.0,395.0,487.0,1,1,0,0,0,0,0,0,0,1
619294,2026-05-01,Uttarakhand,720.67,388.19,2.6,1.0,NHAI,False,89.0,276.0,0.6697751101264845,0.6697751101264845,0.3302248898735155,1,1,0.0,-31.246376811594203,-0.3302248898735155,0.0,0.322463768115942,187.0,89.0,276.0,1,1,1,0,1,0,0,0,0,0
619295,2026-05-01,Uttarakhand,742.43,664.92,0.52,0.0,NHAI,False,151.0,1034.0,0.07820489682969381,0.07820489682969381,-0.07820489682969381,1,1,0.0,-14.603481624758222,0.0782048968296938,0.0,0.1460348162475822,883.0,151.0,1034.0,1,0,0,0,1,0,0,0,0,1
619301,2026-05-01,Bihar,537.88,633.91,200.58,99.99,NHAI,False,2708.0,1979.0,31.641715700967016,31.641715700967016,68.34828429903298,1,1,0.0,-36.84678625568471,-68.34828429903298,0.0,1.368367862556847,-729.0,2708.0,1979.0,1,1,1,0,1,0,0,0,0,1
619305,2026-05-01,Bihar,1769.5,2024.59,574.1,76.01,NHAI,False,1491.0,455.0,28.35635857136507,28.35635857136507,47.653641428634934,1,1,0.9699999999999988,-123.99,-47.65364142863493,0.0,2.0,-1036.0,1491.0,455.0,1,1,1,0,0,0,0,0,0,1
619306,2026-05-01,Bihar,1020.84,1235.65,480.53,93.13,NHAI,False,1522.0,393.0,38.88884392829684,38.88884392829684,54.24115607170315,1,1,0.0,-106.87,-54.24115607170315,0.0,2.0,-1129.0,1522.0,393.0,1,1,1,0,1,0,0,0,0,1
619307,2026-05-01,"Multi-States(Bihar, Jharkhand)",1376.56,1481.58,508.36,91.84,NHAI,False,1369.0,546.0,34.31201825078632,34.31201825078632,57.52798174921368,1,1,0.6800000000000068,-108.16,-57.52798174921368,0.0,2.0,-823.0,1369.0,546.0,1,1,1,0,0,0,0,0,0,1
619308,2026-05-01,Uttar Pradesh,836.24,835.74,808.76,98.92,NHAI,False,1673.0,334.0,96.77172326321582,96.77172326321582,2.148276736784183,1,1,0.0,-101.08,-2.148276736784183,0.0,2.0,-1339.0,1673.0,334.0,1,1,1,0,1,0,0,0,0,0
619311,2026-05-01,Arunachal Pradesh,14105.83,14105.8,188.14,0.0,THDC India Limited,False,30.0,0.0,1.333777595031831,1.333777595031831,-1.333777595031831,1,0,0.0,,1.333777595031831,0.0,,-30.0,30.0,0.0,0,0,0,0,1,0,0,0,0,0
619312,2026-05-01,Uttar Pradesh,186.0,186.0,95.21,58.0,MinistryofPetroleumNaturalGas,False,242.0,0.0,51.18817204301075,51.18817204301075,6.811827956989248,0,1,4.0,,-6.811827956989248,0.0,,-242.0,242.0,0.0,0,0,0,0,0,0,0,0,0,0
619313,2026-05-01,Maharashtra,483.14,483.14,360.19,61.8,MinistryofPetroleumNaturalGas,False,1096.0,0.0,74.5518897214058,74.5518897214058,-12.751889721405803,0,1,3.899999999999999,,12.751889721405805,0.0,,-1096.0,1096.0,0.0,0,0,0,0,0,0,1,0,0,0
619314,2026-05-01,Offshore,6684.0,6175.0,589.63,14.5,Ministry of Petroleum & Natural Gas,False,273.0,0.0,9.548663967611336,9.548663967611336,4.951336032388664,1,1,3.1999999999999997,,-4.951336032388664,0.0,,-273.0,273.0,0.0,0,0,0,0,0,0,0,0,0,0
619316,2026-05-01,Assam,495.59,495.59,20.04,7.8,Ministry of Petroleum & Natural Gas,False,212.0,0.0,4.0436651264149805,4.0436651264149805,3.7563348735850193,0,1,2.1,,-3.7563348735850193,0.0,,-212.0,212.0,0.0,0,0,0,0,0,0,0,0,0,0
619317,2026-05-01,Bihar,2723.39,2906.78,929.26,99.45,NHAI,False,5752.0,0.0,31.968707642133214,31.968707642133214,67.48129235786679,1,1,0.0,,-67.48129235786679,0.0,,-5752.0,5752.0,0.0,0,0,0,0,1,0,0,0,0,1
619318,2026-05-01,Punjab,1368.91,1382.48,488.23,15.31,National Highways Authority of India [NHAI],False,1247.0,579.0,35.31551993518894,35.31551993518894,-20.005519935188936,1,1,0.0,-184.69,20.005519935188936,0.0,2.0,-668.0,1247.0,579.0,1,1,1,0,1,1,1,1,0,1
619321,2026-05-01,Mizoram,170.96,170.96,0.0,0.0,MoRTH,False,0.0,212.0,0.0,0.0,0.0,0,0,,0.0,0.0,,0.0,212.0,0.0,212.0,0,0,0,0,0,0,0,0,0,0
619326,2026-05-01,Andhra Pradesh,9889.24,9889.24,0.01,0.01,South Central Railway [SCR] - II,False,30.0,0.0,0.00010112000517734428,0.00010112000517734428,0.009898879994822656,0,0,,,-0.0098988799948226,,,-30.0,30.0,0.0,0,0,0,0,0,0,0,0,0,0
619328,2026-05-01,Maharashtra,3713.4,3908.0,1557.5,53.2,Ministry of Petroleum & Natural Gas,False,181.0,0.0,39.85414534288639,39.85414534288639,13.345854657113613,1,1,,,-13.345854657113613,,,-181.0,181.0,0.0,0,0,0,0,0,0,0,0,0,0
619341,2026-05-01,Telangana,29344.85,29344.8,729.63,0.13,National Thermal Power Corporation [NTPC],False,61.0,0.0,2.4864030424470434,2.4864030424470434,-2.3564030424470435,1,0,,,2.3564030424470435,,,-61.0,61.0,0.0,0,0,0,0,0,0,0,0,0,0
701101,2026-05-01,Bihar,1216.9,1216.9,1201.92,98.51,Airport Authority of India [AAI],False,2769.0,0.0,98.76900320486482,98.76900320486482,-0.2590032048648112,0,1,0.2900000000000062,,0.2590032048648112,0.0,,-2769.0,2769.0,0.0,0,0,0,0,0,0,0,0,0,0
701107,2026-05-01,Andhra Pradesh,611.8,611.8,523.14,87.2,Airport Authority of India [AAI],False,2068.0,92.0,85.50833605753515,85.50833605753515,1.6916639424648565,0,1,0.0,-112.8,-1.6916639424648563,0.0,2.0,-1976.0,2068.0,92.0,1,1,1,0,1,0,0,0,0,0
701113,2026-05-01,Uttar Pradesh,2869.65,2869.65,626.15,29.0,Airport Authority of India [AAI],False,669.0,0.0,21.81973411391633,21.81973411391633,7.180265886083671,0,1,2.0,,-7.180265886083671,0.0,,-669.0,669.0,0.0,0,0,0,0,0,0,0,0,0,0
701121,2026-05-01,Andhra Pradesh,347.15,347.15,189.48,92.0,Airport Authority of India [AAI],False,1004.0,243.0,54.58159297133805,54.58159297133805,37.41840702866195,0,1,2.0,-108.0,-37.41840702866195,0.0,2.0,-761.0,1004.0,243.0,1,1,1,0,0,0,0,0,0,0
701122,2026-05-01,Uttar Pradesh,579.0,579.0,208.68,41.71,Airport Authority of India [AAI],False,669.0,30.0,36.04145077720207,36.04145077720207,5.668549222797928,0,1,1.6799999999999995,-158.29,-5.668549222797928,0.0,2.0,-639.0,669.0,30.0,1,1,1,0,0,1,0,0,0,0
701126,2026-05-01,Gujarat,1305.0,1551.0,922.78,84.0,Airport Authority of India [AAI],False,1400.0,30.0,59.49580915538362,59.49580915538362,24.50419084461638,1,1,2.0,-116.0,-24.50419084461638,0.0,2.0,-1370.0,1400.0,30.0,1,1,1,0,0,0,0,0,0,0
701127,2026-05-01,Rajasthan,480.0,480.0,345.45,97.85,Airport Authority of India [AAI],False,1096.0,334.0,71.96874999999999,71.96874999999999,25.88125000000001,0,1,0.5,-102.15,-25.88125000000001,0.0,2.0,-762.0,1096.0,334.0,1,1,1,0,0,0,0,0,0,0
701128,2026-05-01,Rajasthan,887.0,887.0,538.0,71.71,Airport Authority of India [AAI],False,912.0,153.0,60.65388951521984,60.65388951521984,11.056110484780156,0,1,3.0,-128.29000000000002,-11.056110484780156,0.0,2.0,-759.0,912.0,153.0,1,1,1,0,0,0,0,0,0,0
701167,2026-05-01,"Jammu andKashmir",1828.0,2160.84,1573.15,77.0,PMSSY AND Institute of NATIONAL Importance,False,2618.0,59.0,72.80270635493605,72.80270635493605,4.197293645063951,1,1,1.0,-123.0,-4.197293645063951,0.0,2.0,-2559.0,2618.0,59.0,1,1,1,0,0,0,0,0,0,0
701168,2026-05-01,Tamil Nadu,1264.0,2021.51,488.26,51.0,PMSSY AND Institute of NATIONAL Importance,False,2708.0,0.0,24.153231989948107,24.153231989948107,26.846768010051893,1,1,3.0,,-26.846768010051893,0.0,,-2708.0,2708.0,0.0,0,0,0,0,0,0,0,0,0,0
701170,2026-05-01,Gujarat,1195.0,1195.0,777.1,93.85,PMSSY AND Institute of NATIONAL Importance,False,2677.0,0.0,65.02928870292887,65.02928870292887,28.820711297071128,0,1,0.1499999999999914,,-28.820711297071128,0.0,,-2677.0,2677.0,0.0,0,0,0,0,0,0,0,0,0,1
701171,2026-05-01,Telangana,1028.0,1365.95,989.98,87.32,PMSSY AND Institute of NATIONAL Importance,False,1400.0,1308.0,72.47556645558036,72.47556645558036,14.84443354441963,1,1,0.1099999999999994,-19.7136391437309,-14.84443354441963,0.0,1.070336391437309,-92.0,1400.0,1308.0,1,0,0,0,0,0,0,0,0,0
701172,2026-05-01,Bihar,1264.0,1264.0,0.0,0.0,PMSSY AND Institute of NATIONAL Importance,False,2068.0,0.0,0.0,0.0,0.0,0,0,0.0,,0.0,0.0,,-2068.0,2068.0,0.0,0,0,0,0,1,0,0,0,0,1
701173,2026-05-01,Haryana,1299.0,1646.43,689.42,62.08,PMSSY AND Institute of NATIONAL Importance,False,2646.0,0.0,41.87362961073352,41.87362961073352,20.206370389266475,1,1,4.879999999999996,,-20.206370389266475,0.0,,-2646.0,2646.0,0.0,0,0,0,0,0,0,0,0,0,0
701228,2026-05-01,"Multi-States(Karnataka,Kerala, TamilNadu)",2915.0,5909.0,4798.6,96.8,Ministry of Petroleum & Natural Gas,False,6178.0,0.0,81.2083262819428,81.2083262819428,15.591673718057194,1,1,0.2000000000000028,,-15.591673718057194,0.0,,-6178.0,6178.0,0.0,0,0,0,0,0,0,0,0,0,0
701289,2026-05-01,Haryana,34627.0,36225.0,27014.44,93.6,Ministry of Petroleum & Natural Gas,False,1915.0,0.0,74.57402346445824,74.57402346445824,19.02597653554176,1,1,0.3999999999999915,,-19.02597653554176,0.0,,-1915.0,1915.0,0.0,0,0,0,0,0,0,0,0,0,0
701324,2026-05-01,Bihar,14810.0,16724.0,74888.74,91.4,Ministry of Petroleum & Natural Gas,False,2312.0,0.0,447.79203539823015,100.0,-8.599999999999994,1,1,0.5,,356.3920353982302,0.0,,-2312.0,2312.0,0.0,0,0,0,0,0,0,1,1,1,0
701329,2026-05-01,Gujarat,18936.0,17825.0,75091.61,88.8,Ministry of Petroleum & Natural Gas,False,2068.0,0.0,421.2713043478261,100.0,-11.200000000000003,1,1,0.5,,332.4713043478261,0.0,,-2068.0,2068.0,0.0,0,0,0,0,0,0,1,1,1,0
701330,2026-05-01,"Multi-States(Gujarat, Haryana,Punjab,Rajasthan)",7392.0,7392.0,6357.26,90.2,Ministry of Petroleum & Natural Gas,False,5418.0,0.0,86.00189393939395,86.00189393939395,4.198106060606051,0,1,0.0,,-4.198106060606051,0.0,,-5418.0,5418.0,0.0,0,0,0,0,1,0,0,0,0,0
701338,2026-05-01,"Multi-States(Karnataka,Maharashtra)",5535.0,5535.0,4327.39,47.0,Ministry of Petroleum & Natural Gas,False,7425.0,0.0,78.18229448961156,78.18229448961156,-31.182294489611564,0,1,0.0,,31.182294489611564,0.0,,-7425.0,7425.0,0.0,0,0,0,0,1,0,1,1,1,1
701343,2026-05-01,"Multi-States(Andhra Pradesh,Odisha)",2658.34,2810.0,2315.2,97.8,Ministry of Petroleum & Natural Gas,False,2434.0,0.0,82.39145907473309,82.39145907473309,15.408540925266905,1,1,0.2000000000000028,,-15.408540925266903,0.0,,-2434.0,2434.0,0.0,0,0,0,0,0,0,0,0,0,0
701344,2026-05-01,"Multi-States(Odisha, WestBengal)",1030.65,1125.0,922.0,94.0,Ministry of Petroleum & Natural Gas,False,2252.0,0.0,81.95555555555556,81.95555555555556,12.044444444444437,1,1,0.2999999999999971,,-12.044444444444435,0.0,,-2252.0,2252.0,0.0,0,0,0,0,0,0,0,0,0,0
701346,2026-05-01,"Multi-States(ArunachalPradesh, Assam,Manipur,Meghalaya,Mizoram,Nagaland, Sikkim,Tripura, WestBengal)",9265.0,9265.0,6895.77,88.0,Ministry of Petroleum & Natural Gas,False,2221.0,0.0,74.42817053426876,74.42817053426876,13.571829465731241,0,1,0.4000000000000057,,-13.57182946573124,0.0,,-2221.0,2221.0,0.0,0,0,0,0,0,0,0,0,0,0
701349,2026-05-01,"Multi-States(Assam, Bihar,Jharkhand,Odisha, WestBengal)",10228.0,12407.0,10987.22,92.7,Ministry of Petroleum & Natural Gas,False,2677.0,0.0,88.55662126219069,88.55662126219069,4.143378737809314,1,1,0.2999999999999971,,-4.143378737809314,8.766546857192951,,-2677.0,2677.0,0.0,0,0,0,0,0,0,0,0,0,0
701370,2026-05-01,Assam,256.16,256.16,44.7,55.44,"Department of Water Resources, River Development & GR",False,10743.0,244.0,17.45003123048095,17.45003123048095,37.98996876951905,0,1,0.0,-144.56,-37.98996876951905,0.0,2.0,-10499.0,10743.0,244.0,1,1,1,0,1,0,0,0,0,0
701372,2026-05-01,Gujarat,20718.17,33412.5,31943.15,93.7,"Narmada and Water Resources, Water Supply and Kalpsar Department-GJ",False,10987.0,0.0,95.60239431350543,95.60239431350543,-1.9023943135054253,1,1,0.0,,1.902394313505425,0.0,,-10987.0,10987.0,0.0,0,0,0,0,1,0,0,0,0,0
701376,2026-05-01,Jharkhand,3807.77,9579.58,6040.27,70.0,Department of Water Resources-JH,False,5234.0,275.0,63.05359942711476,63.05359942711476,6.9464005728852385,1,1,0.0,-130.0,-6.946400572885239,0.0,2.0,-4959.0,5234.0,275.0,1,1,1,0,1,0,0,0,0,0
701377,2026-05-01,Karnataka,770.16,1606.07,1515.6,99.32,Water Resources-KA,False,4413.0,0.0,94.3669952119148,94.3669952119148,4.953004788085195,1,1,0.0,,-4.953004788085195,0.0,,-4413.0,4413.0,0.0,0,0,0,0,1,0,0,0,0,0
701383,2026-05-01,Maharashtra,1058.99,1758.51,1634.36,89.57,Department of water resources-MH - II,False,10987.0,0.0,92.9400458342574,92.9400458342574,-3.370045834257411,1,1,0.0,,3.370045834257411,0.0,,-10987.0,10987.0,0.0,0,0,0,0,1,0,0,0,0,0
701386,2026-05-01,Maharashtra,7196.47,12770.1,14374.0,72.65,Department of water resources-MH - II,False,6604.0,0.0,112.55980767574256,100.0,-27.349999999999994,1,1,0.0,,39.90980767574256,0.0,,-6604.0,6604.0,0.0,0,0,0,0,1,0,1,1,1,0
701391,2026-05-01,Maharashtra,210.45,1472.14,1734.71,98.1,Department of water resources-MH - II,False,5964.0,275.0,117.83593951662206,100.0,-1.9000000000000057,1,1,0.0,-101.9,19.735939516622068,0.0,2.0,-5689.0,5964.0,275.0,1,1,1,0,1,0,1,0,0,0
701395,2026-05-01,Uttar Pradesh,219.9,219.9,115.2,31.5,"Department of Water Resources, River Development & GR",False,6726.0,244.0,52.38744884038199,52.38744884038199,-20.887448840381992,0,0,0.0,-168.5,20.887448840381992,0.0,2.0,-6482.0,6726.0,244.0,1,1,1,0,1,1,1,1,0,0
701396,2026-05-01,Maharashtra,255.97,1480.7,1516.11,65.0,Department of water resources-MH - II,False,6604.0,0.0,102.39143648274465,100.0,-35.0,1,1,0.0,,37.39143648274465,0.0,,-6604.0,6604.0,0.0,0,0,0,0,1,0,1,1,1,0
701398,2026-05-01,Maharashtra,211.46,781.85,879.16,74.0,Department of water resources-MH - II,False,6239.0,0.0,112.4461213787811,100.0,-26.0,1,1,1.4099999999999966,,38.4461213787811,0.0,,-6239.0,6239.0,0.0,0,0,0,0,0,0,1,1,1,0
701399,2026-05-01,Chhattisgarh,382.29,382.29,249.06,86.31,"Department of Water Resources, River Development & GR",False,5995.0,244.0,65.14949383975515,65.14949383975515,21.16050616024485,0,1,0.0,-113.69,-21.16050616024485,0.0,2.0,-5751.0,5995.0,244.0,1,1,1,0,1,0,0,0,0,0
701400,2026-05-01,Manipur,1449.44,1822.24,1848.17,99.0,Water Resources Department-MN,False,10622.0,0.0,101.42297392220566,100.0,-1.0,1,1,0.0999999999999943,,2.4229739222056565,0.0,,-10622.0,10622.0,0.0,0,0,0,0,0,0,0,0,0,0
701402,2026-05-01,Odisha,3055.88,7023.19,8289.65,95.5,"Department of Water Resources, River Development & GR",False,10347.0,762.0,118.03254646392878,100.0,-4.5,1,1,0.0,-104.5,22.53254646392878,0.0,2.0,-9585.0,10347.0,762.0,1,1,1,0,1,0,1,1,0,0
701404,2026-05-01,Odisha,989.43,2301.28,2804.16,79.5,Irrigation and CAD-TG,False,8156.0,275.0,121.85218660919139,100.0,-20.5,1,1,0.0,-120.5,42.35218660919139,0.0,2.0,-7881.0,8156.0,275.0,1,1,1,0,1,0,1,1,1,0
701405,2026-05-01,Telangana,8200.71,14730.0,4784.54,87.7,Irrigation and CAD-TG,False,7335.0,0.0,32.4816021724372,32.4816021724372,55.218397827562804,1,1,0.0,,-55.2183978275628,0.0,,-7335.0,7335.0,0.0,0,0,0,0,1,0,0,0,0,0
701406,2026-05-01,Telangana,1402.0,2509.66,1839.76,100.0,Irrigation and CAD-TG,False,6695.0,275.0,73.30714120637856,73.30714120637856,26.69285879362144,1,1,0.0,-100.0,-26.69285879362144,0.0,2.0,-6420.0,6695.0,275.0,1,1,1,0,1,0,0,0,0,0
701408,2026-05-01,Uttar Pradesh,1060.67,4417.21,4575.74,82.39,Irrigation & Water Resources-UP,False,6604.0,0.0,103.58891698606134,100.0,-17.61,1,1,0.0,,21.19891698606133,0.0,,-6604.0,6604.0,0.0,0,0,0,0,1,0,1,1,0,0
701410,2026-05-01,Punjab,1441.26,2462.16,2337.42,95.0,Department of Water Resources-PB,False,2952.0,790.0,94.93371673652403,94.93371673652403,0.06628326347596669,1,1,5.0,-105.0,-0.0662832634759666,0.0,2.0,-2162.0,2952.0,790.0,1,1,1,0,0,0,0,0,0,0
701411,2026-05-01,Punjab,2285.81,2715.7,2201.94,88.0,Department of Water Resources-PB,False,2952.0,2981.0,81.08185734801341,81.08185734801341,6.918142651986585,1,1,0.0,-11.02717208990272,-6.918142651986585,0.0,0.9902717208990272,29.0,2952.0,2981.0,1,0,0,0,1,0,0,0,0,0
701412,2026-05-01,"Multi-States(Bihar, Jharkhand)",1622.27,2430.76,172.97,44.0,"Department of Water Resources, River Development & GR",False,1946.0,1249.0,7.115881452714377,7.115881452714377,36.884118547285624,1,1,6.0,-111.80464371497196,-36.88411854728562,0.0,1.5580464371497198,-697.0,1946.0,1249.0,1,1,1,0,0,1,0,0,0,0
701415,2026-05-01,Andhra Pradesh,10151.04,55548.9,27061.89,86.14,Water Resources-AP,False,6025.0,304.0,48.71723832515135,48.71723832515135,37.42276167484865,1,1,0.0,-113.86,-37.42276167484865,0.0,2.0,-5721.0,6025.0,304.0,1,1,1,0,1,0,0,0,0,1
701530,2026-05-01,"Multi-States(Madhya Pradesh,Uttar Pradesh)",21030.0,21030.0,8530.86,0.0,"Department of Water Resources, River Development,",False,1522.0,,40.56519258202568,40.56519258202568,-40.56519258202568,0,0,0.0,,40.56519258202568,0.0,,,1522.0,,0,0,0,0,1,0,1,1,1,0
701570,2026-05-01,Gujarat,171.0,211.61,149.5,91.0,Deendayal Port Trust [DPT],False,1703.0,0.0,70.64883512121355,70.64883512121355,20.35116487878645,1,1,0.0,,-20.35116487878645,0.0,,-1703.0,1703.0,0.0,0,0,0,0,1,0,0,0,0,0
701574,2026-05-01,Odisha,3004.63,3004.63,2220.12,72.0,Paradip Port Trust [PPT],False,1216.0,245.0,73.88996315686124,73.88996315686124,-1.889963156861242,0,1,2.0,-128.0,1.889963156861242,0.0,2.0,-971.0,1216.0,245.0,1,1,1,0,0,0,0,0,0,0
701593,2026-05-01,PAN India,28466.0,19592.0,8471.19,98.34,Department of Telecommunications [DoT],False,2007.0,0.0,43.238005308289104,43.238005308289104,55.1019946917109,1,1,0.1099999999999994,,-55.1019946917109,0.0,,-2007.0,2007.0,0.0,0,0,0,0,0,0,0,0,0,1
701597,2026-05-01,"Multi-States(ArunachalPradesh, Assam)",1255.49,276.62,237.98,99.6,Department of Telecommunications,False,1673.0,304.0,86.0313787867833,86.0313787867833,13.568621213216687,1,1,0.1699999999999875,-100.4,-13.568621213216687,-77.96716819727756,2.0,-1369.0,1673.0,304.0,1,1,1,0,0,0,0,0,0,0
701598,2026-05-01,Meghalaya,971.96,180.46,167.23,99.84,Department of Telecommunications,False,2068.0,366.0,92.66873545384018,92.66873545384018,7.171264546159819,1,1,0.0,-100.16,-7.171264546159819,-81.43339232067163,2.0,-1702.0,2068.0,366.0,1,1,1,0,1,0,0,0,0,0
701599,2026-05-01,"Multi-States(Andhra Pradesh,Bihar,Chhattisgarh,Jharkhand,Madhya Pradesh,Maharashtra,Odisha,Telangana, UttarPradesh, WestBengal)",1577.57,604.6,480.91,88.0,Department of Telecommunications [DoT],False,1703.0,1219.0,79.54184584849487,79.54184584849487,8.458154151505127,1,1,0.0,-51.70467596390483,-8.458154151505127,-61.67523469640016,1.3970467596390483,-484.0,1703.0,1219.0,1,1,1,0,1,0,0,0,0,0
701602,2026-05-01,"Multi-States(Andhra Pradesh,Chhattisgarh,Jharkhand,Maharashtra,Odisha)",3685.0,1448.61,1100.41,81.2,Department of Telecommunications [DoT],False,1461.0,181.0,75.96316468890869,75.96316468890869,5.236835311091312,1,1,-1.7999999999999972,-118.8,-5.236835311091312,-60.68900949796473,2.0,-1280.0,1461.0,181.0,1,1,1,1,0,0,0,0,0,0
701657,2026-05-01,Karnataka,1701.81,1701.81,300.46,23.89,National Highways & Infrastructure Development Corporation Ltd. [NHIDCL],False,1185.0,792.0,17.655319924080832,17.655319924080832,6.234680075919169,0,1,0.7100000000000009,-125.73121212121212,-6.234680075919169,0.0,1.496212121212121,-393.0,1185.0,792.0,1,1,1,0,0,1,0,0,0,0
701658,2026-05-01,Andhra Pradesh,2139.44,2139.44,857.05,40.6,National Industrial Corridor Development Corporation,False,820.0,1157.0,40.059548293011254,40.059548293011254,0.5404517069887476,0,0,1.4600000000000009,-30.27294727744165,-0.5404517069887476,0.0,0.7087294727744166,337.0,820.0,1157.0,1,1,1,0,0,0,0,0,0,0
701668,2026-05-01,Kerala,3805.0,3805.0,0.0,3.5,National Industrial Corridor Development Corporation,False,212.0,426.0,0.0,0.0,3.5,0,0,2.5,-46.26525821596244,-3.5,0.0,0.4976525821596244,214.0,212.0,426.0,1,1,1,0,0,0,0,0,0,0
701719,2026-05-01,Gujarat,539.0,539.0,623.44,98.5,ministry of housing and urban affairs,False,3621.0,121.0,115.66604823747682,100.0,-1.5,0,1,0.0,-101.5,17.166048237476815,0.0,2.0,-3500.0,3621.0,121.0,1,1,1,0,1,0,1,0,0,0
701745,2026-05-01,Maharashtra,262.76,262.76,17.62,6.0,ministry of housing and urban affairs,False,2618.0,334.0,6.705739077485158,6.705739077485158,-0.7057390774851582,0,0,0.0,-194.0,0.7057390774851582,0.0,2.0,-2284.0,2618.0,334.0,1,1,1,0,1,1,0,0,0,0
701991,2026-05-01,Maharashtra,600.0,723.7,523.76,84.0,ministry of housing and urban affairs,False,2130.0,822.0,72.37253005388973,72.37253005388973,11.627469946110267,1,1,2.0,-116.0,-11.627469946110269,0.0,2.0,-1308.0,2130.0,822.0,1,1,1,0,0,0,0,0,0,0
702625,2026-05-01,Madhya Pradesh,6941.4,6941.4,4334.41,62.2,Madhya Pradesh Metro Rail Co Limited [MPMRCL],False,2738.0,0.0,62.44287895813525,62.44287895813525,-0.2428789581352504,0,1,2.260000000000005,,0.2428789581352504,0.0,,-2738.0,2738.0,0.0,0,0,0,0,0,0,0,0,0,0
702626,2026-05-01,Madhya Pradesh,7500.8,7500.8,4984.13,64.63,Madhya Pradesh Metro Rail Co Limited [MPMRCL],False,2738.0,0.0,66.44797888225256,66.44797888225256,-1.8179788822525609,0,1,0.4799999999999897,,1.8179788822525609,0.0,,-2738.0,2738.0,0.0,0,0,0,0,0,0,0,0,0,0
702627,2026-05-01,Bihar,13365.77,13365.8,5198.09,50.05,Patna Metro Rail Corporation Ltd. [PMRCL],False,2646.0,0.0,38.89097547471906,38.89097547471906,11.159024525280934,1,1,0.0499999999999971,,-11.159024525280934,0.0,,-2646.0,2646.0,0.0,0,0,0,0,0,0,0,0,0,0
702628,2026-05-01,Uttar Pradesh,11076.48,11076.5,9121.15,81.95,Uttar Pradesh metro rail corporation [UPMRC],False,2373.0,184.0,82.34686047036519,82.34686047036519,-0.39686047036518346,1,1,1.0499999999999972,-118.05,0.3968604703651834,0.0,2.0,-2189.0,2373.0,184.0,1,1,1,0,0,0,0,0,0,0
702630,2026-05-01,Gujarat,12020.32,12020.3,9031.25,80.25,Gujarat Metro Rail Corporation Limited [GMRCL],False,2618.0,0.0,75.13331614019617,75.13331614019617,5.116683859803828,1,1,0.75,,-5.116683859803828,0.0,,-2618.0,2618.0,0.0,0,0,0,0,0,0,0,0,0,0
702632,2026-05-01,Delhi,24948.65,24948.7,20545.86,81.32,Delhi Metro Rail Corporation Limited [DMRC],False,2496.0,0.0,82.35242718057454,82.35242718057454,-1.032427180574544,1,1,0.7599999999999909,,1.032427180574544,0.0,,-2496.0,2496.0,0.0,0,0,0,0,0,0,0,0,0,1
702635,2026-05-01,Karnataka,26405.14,30695.1,29812.97,95.6,Bengaluru Metro Rail,False,3742.0,730.0,97.12615368576745,97.12615368576745,-1.5261536857674542,1,1,0.0999999999999943,-104.4,1.5261536857674542,0.0,2.0,-3012.0,3742.0,730.0,1,1,1,0,0,0,0,0,0,0
702637,2026-05-01,Maharashtra,23136.0,37276.0,33648.26,97.86,Mumbai Metro Rail Corporation Limited [MMRC],False,3621.0,1066.0,90.26789355081017,90.26789355081017,7.592106449189828,1,1,0.0699999999999931,-102.14,-7.592106449189828,0.0,2.0,-2555.0,3621.0,1066.0,1,1,1,0,0,0,0,0,0,0
702658,2026-05-01,Maharashtra,6708.0,6708.0,1940.06,39.5,Maharashtra Metro Rail Corporation Limited [MMRCL],False,1247.0,0.0,28.92158616577221,28.92158616577221,10.578413834227788,0,0,1.5,,-10.578413834227788,0.0,,-1247.0,1247.0,0.0,0,0,0,0,0,0,0,0,0,0
702664,2026-05-01,Kerala,1957.05,1957.05,752.34,38.0,CSPCC Projects,False,1277.0,0.0,38.442553843795515,38.442553843795515,-0.44255384379551543,0,1,1.8299999999999983,,0.4425538437955154,0.0,,-1277.0,1277.0,0.0,0,0,0,0,0,0,0,0,0,0
702665,2026-05-01,Karnataka,14788.1,14788.1,10376.43,66.0,Bengaluru Metro Rail,False,2677.0,-882.0,70.16743192161265,70.16743192161265,-4.167431921612646,0,1,1.0,,4.167431921612646,0.0,,-3559.0,2677.0,-882.0,0,0,0,0,0,0,0,0,0,0
702668,2026-05-01,Tamil Nadu,63246.0,63246.0,33774.0,53.36,Chennai Metro Rail Limited [CMRL],False,2007.0,-1430.0,53.40100559719192,53.40100559719192,-0.04100559719191921,0,0,0.8100000000000023,,0.0410055971919192,0.0,,-3437.0,2007.0,-1430.0,0,0,0,0,0,0,0,0,0,0
702674,2026-05-01,Andhra Pradesh,172.22,172.22,88.86,82.0,Ministry of Housing & Urban Affairs,False,2861.0,515.0,51.59679479735222,51.59679479735222,30.403205202647783,0,1,0.0,-118.0,-30.403205202647783,0.0,2.0,-2346.0,2861.0,515.0,1,1,1,0,1,0,0,0,0,0
702699,2026-05-01,Bihar,158.78,158.78,135.72,85.0,Ministry of Housing & Urban Affairs,False,2646.0,822.0,85.47676029726665,85.47676029726665,-0.4767602972666509,0,1,1.0,-115.0,0.4767602972666509,0.0,2.0,-1824.0,2646.0,822.0,1,1,1,0,0,0,0,0,0,0
702734,2026-05-01,Haryana,278.01,278.01,228.49,88.0,Ministry of Housing & Urban Affairs,False,3103.0,245.0,82.18769109024856,82.18769109024856,5.812308909751437,0,1,0.0,-112.0,-5.812308909751437,0.0,2.0,-2858.0,3103.0,245.0,1,1,1,0,1,0,0,0,0,0
702741,2026-05-01,Jharkhand,216.55,216.55,129.16,76.0,Ministry of Housing & Urban Affairs,False,2708.0,668.0,59.644423920572606,59.644423920572606,16.355576079427394,0,1,0.0,-124.0,-16.355576079427394,0.0,2.0,-2040.0,2708.0,668.0,1,1,1,0,1,0,0,0,0,0
702746,2026-05-01,Jharkhand,278.28,278.28,186.5,81.0,Ministry of Housing & Urban Affairs,False,2708.0,668.0,67.01882995544057,67.01882995544057,13.981170044559434,0,1,0.0,-119.0,-13.981170044559434,0.0,2.0,-2040.0,2708.0,668.0,1,1,1,0,1,0,0,0,0,0
702760,2026-05-01,Karnataka,162.73,162.73,79.5,80.0,Ministry of Housing & Urban Affairs,False,3499.0,305.0,48.85392982240521,48.85392982240521,31.146070177594787,0,1,0.0,-120.0,-31.146070177594787,0.0,2.0,-3194.0,3499.0,305.0,1,1,1,0,1,0,0,0,0,0
702793,2026-05-01,Madhya Pradesh,287.17,287.17,252.5,99.0,Ministry of Housing & Urban Affairs,False,3103.0,335.0,87.92701187449941,87.92701187449941,11.072988125500586,0,1,0.0,-101.0,-11.072988125500586,0.0,2.0,-2768.0,3103.0,335.0,1,1,1,0,1,0,0,0,0,0
702808,2026-05-01,Madhya Pradesh,191.56,215.89,200.32,96.0,Ministry of Housing & Urban Affairs,False,3438.0,396.0,92.78799388577517,92.78799388577517,3.2120061142248346,1,1,0.0,-104.0,-3.2120061142248346,0.0,2.0,-3042.0,3438.0,396.0,1,1,1,0,1,0,0,0,0,0
702810,2026-05-01,Madhya Pradesh,402.01,438.1,371.17,90.0,Ministry of Housing & Urban Affairs,False,3103.0,549.0,84.72266605797762,84.72266605797762,5.277333942022381,1,1,0.0,-110.0,-5.277333942022381,0.0,2.0,-2554.0,3103.0,549.0,1,1,1,0,1,0,0,0,0,0
702833,2026-05-01,Maharashtra,194.2,194.2,136.56,75.0,Ministry of Housing & Urban Affairs,False,2434.0,1157.0,70.31925849639548,70.31925849639548,4.680741503604523,0,1,0.0,-125.0,-4.680741503604523,0.0,2.0,-1277.0,2434.0,1157.0,1,1,1,0,1,0,0,0,0,0
702851,2026-05-01,Maharashtra,235.95,235.95,220.77,96.0,Ministry of Housing & Urban Affairs,False,3226.0,122.0,93.56643356643357,93.56643356643357,2.433566433566426,0,1,1.0,-104.0,-2.433566433566426,0.0,2.0,-3104.0,3226.0,122.0,1,1,1,0,0,0,0,0,0,0
702949,2026-05-01,Uttar Pradesh,561.74,561.74,506.52,95.0,Ministry of Housing & Urban Affairs,False,2526.0,822.0,90.16982945846833,90.16982945846833,4.830170541531672,0,1,0.0,-105.0,-4.830170541531672,0.0,2.0,-1704.0,2526.0,822.0,1,1,1,0,1,0,0,0,0,0
703021,2026-05-01,Punjab,258.53,266.64,161.02,90.0,Ministry of Housing & Urban Affairs,False,2099.0,1369.0,60.3885388538854,60.3885388538854,29.6114611461146,1,1,32.0,-63.32359386413441,-29.6114611461146,0.0,1.533235938641344,-730.0,2099.0,1369.0,1,1,1,0,0,0,0,0,0,0
703057,2026-05-01,Punjab,287.0,287.0,218.85,99.0,Ministry of Housing & Urban Affairs,False,2099.0,1369.0,76.25435540069687,76.25435540069687,22.745644599303134,0,1,0.0,-54.32359386413441,-22.745644599303134,0.0,1.533235938641344,-730.0,2099.0,1369.0,1,1,1,0,1,0,0,0,0,0
703585,2026-05-01,Karnataka,314.1,683.57,173.5,56.8,Karnataka Rail Infrastructure Development Company Limited [K-RIDE],False,2404.0,183.0,25.381453252775867,25.381453252775867,31.41854674722413,1,1,0.2999999999999971,-143.2,-31.41854674722413,0.0,2.0,-2221.0,2404.0,183.0,1,1,1,0,0,0,0,0,0,0
703586,2026-05-01,"Multi-States(Karnataka, TamilNadu)",498.7,748.7,713.85,88.3,Karnataka Rail Infrastructure Development Company Limited [K-RIDE],False,2646.0,-59.0,95.34526512621878,95.34526512621878,-7.04526512621878,1,1,0.2999999999999971,,7.04526512621878,0.0,,-2705.0,2646.0,-59.0,0,0,0,0,0,0,0,0,0,0
704495,2026-05-01,"Multi-States(Bihar, MadhyaPradesh,Rajasthan, UttarPradesh)",421.65,228.94,92.37,99.0,Department of Telecommunications [DoT],False,1887.0,456.0,40.34681575958767,40.34681575958767,58.65318424041233,1,1,0.0,-101.0,-58.65318424041233,0.0,2.0,-1431.0,1887.0,456.0,1,1,1,0,1,0,0,0,0,1
705237,2026-05-01,"Multi-States(Gujarat, Haryana,Maharashtra,Rajasthan, UttarPradesh)",51101.0,124005.0,124623.0,96.0,DFCCIL,False,5234.0,1430.0,100.49836700133059,100.0,-4.0,1,1,0.0,-104.0,4.4983670013305925,0.0,2.0,-3804.0,5234.0,1430.0,1,1,1,0,1,0,0,0,0,0
705244,2026-05-01,Tamil Nadu,520.0,520.0,192.25,0.0,CPM/ICF,False,2861.0,212.0,36.97115384615385,36.97115384615385,-36.97115384615385,0,0,0.0,-200.0,36.97115384615385,0.0,2.0,-2649.0,2861.0,212.0,1,1,1,0,1,1,1,1,1,0
705252,2026-05-01,Telangana,385.0,385.0,0.0,0.0,RVNL,False,3226.0,-62.0,0.0,0.0,0.0,0,0,0.0,,0.0,0.0,,-3288.0,3226.0,-62.0,0,0,0,0,1,0,0,0,0,0
705253,2026-05-01,Andhra Pradesh,563.0,560.72,959.27,75.01,South Central Railway [SCR] - II,False,4322.0,-670.0,171.078256527322,100.0,-24.989999999999995,1,1,0.0100000000000051,,96.068256527322,0.0,,-4992.0,4322.0,-670.0,0,0,0,0,0,0,1,1,1,0
705298,2026-05-01,PAN India,274.39,274.39,0.0,48.0,RCIL,False,1126.0,1034.0,0.0,0.0,48.0,0,0,0.0,-60.89748549323018,-48.0,0.0,1.0889748549323015,-92.0,1126.0,1034.0,1,1,1,0,1,1,0,0,0,0
705356,2026-05-01,Maharashtra,2538.67,4957.27,5210.08,93.0,Central Railway [CR] - II,False,8613.0,1369.0,105.09978274332443,100.0,-7.0,1,1,-5.0,-107.0,12.099782743324424,0.0,2.0,-7244.0,8613.0,1369.0,1,1,1,1,0,0,1,0,0,0
705357,2026-05-01,Maharashtra,138.48,1843.9,1021.11,60.0,Central Railway,False,9923.0,-6210.0,55.377731981126956,55.377731981126956,4.622268018873044,1,1,0.0,,-4.622268018873044,0.0,,-16133.0,9923.0,-6210.0,0,0,0,0,1,0,0,0,0,1
705358,2026-05-01,Odisha,3792.0,5089.0,5752.1,92.5,East Coast Railway [ECoR] - II,False,9192.0,2557.0,113.03006484574574,100.0,-7.5,1,1,0.5,-107.5,20.53006484574574,0.0,2.0,-6635.0,9192.0,2557.0,1,1,1,0,0,0,1,1,0,0
705359,2026-05-01,Odisha,1928.0,1928.0,2122.08,56.0,East Coast Railway [ECoR] - II,False,7821.0,275.0,110.06639004149376,100.0,-44.0,0,1,0.0,-144.0,54.06639004149376,0.0,2.0,-7546.0,7821.0,275.0,1,1,1,0,1,0,1,1,1,0
705362,2026-05-01,Offshore,819.0,819.0,580.51,75.0,East Central Railway [ECR] - I,False,5540.0,-1614.0,70.88034188034187,70.88034188034187,4.119658119658126,0,1,0.0,,-4.119658119658126,0.0,,-7154.0,5540.0,-1614.0,0,0,0,0,1,0,0,0,0,0
705364,2026-05-01,Bihar,614.0,1384.16,491.56,55.7,East Central Railway [ECR] - I,False,10013.0,-7426.0,35.51323546410819,35.51323546410819,20.18676453589181,1,1,0.0,,-20.18676453589181,0.0,,-17439.0,10013.0,-7426.0,0,0,0,0,1,0,0,0,0,0
705366,2026-05-01,Bihar,2067.0,2087.0,2115.74,75.5,East Central Railway [ECR] - I,False,7882.0,-1095.0,101.37709631049351,100.0,-24.5,1,1,0.2000000000000028,,25.877096310493517,0.0,,-8977.0,7882.0,-1095.0,0,0,0,0,0,0,1,1,0,0
705368,2026-05-01,Bihar,1605.0,2514.0,1725.95,46.9,East Central Railway [ECR] - I,False,6270.0,-3379.0,68.65354017501988,68.65354017501988,-21.753540175019886,1,1,0.1999999999999957,,21.75354017501989,0.0,,-9649.0,6270.0,-3379.0,0,0,0,0,0,0,1,1,0,0
705373,2026-05-01,Bihar,1473.0,2882.0,2712.19,98.2,East Central Railway [ECR] - I,False,8827.0,-153.0,94.10791117279666,94.10791117279666,4.092088827203341,1,1,0.2000000000000028,,-4.092088827203341,0.0,,-8980.0,8827.0,-153.0,0,0,0,0,0,0,0,0,0,0
705375,2026-05-01,"Multi-States(Bihar, Jharkhand)",1626.0,2486.62,2221.76,95.6,East Central Railway [ECR] - I,False,8827.0,-976.0,89.34859367333972,89.34859367333972,6.251406326660273,1,1,0.0999999999999943,,-6.251406326660273,0.0,,-9803.0,8827.0,-976.0,0,0,0,0,0,0,0,0,0,0
705385,2026-05-01,"Multi-States(Bihar, Jharkhand)",2555.0,2555.0,1117.17,61.9,Eastern Railway [ER] - I,False,1522.0,2922.0,43.72485322896282,43.72485322896282,18.175146771037177,0,1,0.1000000000000014,9.812388774811772,-18.175146771037177,0.0,0.5208761122518822,1400.0,1522.0,2922.0,0,0,0,0,0,0,0,0,0,0
705391,2026-05-01,Manipur,14323.0,21885.9,16226.02,72.7,Northeast Frontier Railway [NFR],False,6726.0,-1917.0,74.13914894978045,74.13914894978045,-1.4391489497804457,1,1,0.6000000000000085,,1.4391489497804455,0.0,,-8643.0,6726.0,-1917.0,0,0,0,0,0,0,0,0,0,0
705392,2026-05-01,"Multi-States(Assam,Nagaland)",6663.0,6663.0,6522.69,45.0,Northeast Frontier Railway [NFR] - II,False,3742.0,184.0,97.89419180549301,97.89419180549301,-52.89419180549301,0,1,2.0,-155.0,52.89419180549301,0.0,2.0,-3558.0,3742.0,184.0,1,1,1,0,0,1,1,1,1,0
705394,2026-05-01,"Multi-States(Assam,Meghalaya)",1304.62,1304.62,1258.8,86.16,Northeast Frontier Railway [NFR],False,7001.0,-1249.0,96.48786619858657,96.48786619858657,-10.327866198586577,0,1,0.0,,10.327866198586577,0.0,,-8250.0,7001.0,-1249.0,0,0,0,0,1,0,1,0,0,0
705396,2026-05-01,Meghalaya,8324.28,8342.28,266.12,2.04,Northeast Frontier Railway [NFR],False,5905.0,-396.0,3.1900151996816213,3.1900151996816213,-1.1500151996816212,1,1,0.0,,1.1500151996816212,0.0,,-6301.0,5905.0,-396.0,0,0,0,0,1,0,0,0,0,0
705401,2026-05-01,"Multi-States(ArunachalPradesh, Assam)",435.0,1250.0,867.76,70.0,Northeast Frontier Railway [NFR] - II,False,1157.0,4411.0,69.4208,69.4208,0.5792000000000002,1,1,2.0,43.77012015416005,-0.5792000000000002,0.0,0.2622987984583994,3254.0,1157.0,4411.0,0,0,0,0,0,0,0,0,0,0
705410,2026-05-01,"Multi-States(HimachalPradesh, Punjab)",2018.0,2018.0,2398.08,85.5,Northen Railway [NR],False,14975.0,792.0,118.83448959365708,100.0,-14.5,0,1,1.5,-114.5,33.33448959365708,0.0,2.0,-14183.0,14975.0,792.0,1,1,1,0,0,0,1,1,1,0
705419,2026-05-01,"Multi-States(Madhya Pradesh,Rajasthan)",2913.0,2913.0,2245.43,92.0,North Central Railway,False,2861.0,2679.0,77.08307586680398,77.08307586680398,14.91692413319602,0,1,0.0,-14.793579693915632,-14.91692413319602,0.0,1.0679357969391563,-182.0,2861.0,2679.0,1,0,0,0,1,0,0,0,0,0
705424,2026-05-01,"Multi-States(Haryana,Himachal Pradesh)",1540.0,1540.13,606.07,44.0,Northen Railway [NR],False,3011.0,0.0,39.351872893846625,39.351872893846625,4.648127106153375,1,1,1.0,,-4.648127106153375,0.0,,-3011.0,3011.0,0.0,0,0,0,0,0,0,0,0,0,0
705428,2026-05-01,"Multi-States(HimachalPradesh, Punjab)",13447.0,13447.0,7688.76,64.0,RVNL - II,False,4048.0,2222.0,57.17825537294564,57.17825537294564,6.821744627054358,0,1,1.0,-118.1782178217822,-6.821744627054358,0.0,1.8217821782178216,-1826.0,4048.0,2222.0,1,1,1,0,0,0,0,0,0,0
705429,2026-05-01,Uttarakhand,38953.0,38953.0,28508.86,74.5,RVNL - II,False,2830.0,638.0,73.18784175801608,73.18784175801608,1.3121582419839228,0,1,0.5,-125.5,-1.3121582419839228,0.0,2.0,-2192.0,2830.0,638.0,1,1,1,0,0,0,0,0,0,0
705432,2026-05-01,"Multi-States(Sikkim, WestBengal)",7877.0,11775.0,10933.68,93.1,Indian Railway Construction International Limited [IRCON],False,5844.0,212.0,92.85503184713376,92.85503184713376,0.2449681528662353,1,1,0.0999999999999943,-106.9,-0.2449681528662353,0.0,2.0,-5632.0,5844.0,212.0,1,1,1,0,0,0,0,0,0,1
705433,2026-05-01,Chhattisgarh,1628.0,1628.0,1440.85,82.0,Rail Vikas Nigam Limited,False,5995.0,153.0,88.50429975429975,88.50429975429975,-6.504299754299751,0,1,0.0,-118.0,6.504299754299751,0.0,2.0,-5842.0,5995.0,153.0,1,1,1,0,1,0,0,0,0,0
705434,2026-05-01,Karnataka,2565.0,3034.98,2373.6,70.5,South Western Railway [SWR] - II,False,6209.0,426.0,78.20809362829408,78.20809362829408,-7.70809362829408,1,1,0.5,-129.5,7.70809362829408,0.0,2.0,-5783.0,6209.0,426.0,1,1,1,0,0,0,0,0,0,0
705436,2026-05-01,Andhra Pradesh,2501.0,2501.0,1417.7,30.02,South Central Railway [SCR] - II,False,4625.0,1645.0,56.68532586965214,56.68532586965214,-26.66532586965214,0,1,0.009999999999998,-169.98,26.66532586965214,0.0,2.0,-2980.0,4625.0,1645.0,1,1,1,0,0,1,1,1,0,0
705437,2026-05-01,Telangana,1160.0,2781.0,3073.41,72.02,South Central Railway [SCR] - II,False,3407.0,184.0,110.5145631067961,100.0,-27.980000000000004,1,1,0.0099999999999909,-127.98,38.49456310679611,0.0,2.0,-3223.0,3407.0,184.0,1,1,1,0,0,0,1,1,1,0
705444,2026-05-01,Chhattisgarh,4970.0,7448.52,5212.72,83.0,Indian Railway Construction International Limited [IRCON],False,4413.0,0.0,69.98329869557979,69.98329869557979,13.01670130442021,1,1,1.0,,-13.01670130442021,0.0,,-4413.0,4413.0,0.0,0,0,0,0,0,0,0,0,0,1
705450,2026-05-01,Bihar,402.0,486.0,369.48,86.5,Indian Railway Construction International Limited [IRCON],False,5599.0,214.0,76.0246913580247,76.0246913580247,10.475308641975303,1,1,0.2399999999999948,-113.5,-10.475308641975303,0.0,2.0,-5385.0,5599.0,214.0,1,1,1,0,0,0,0,0,0,0
705453,2026-05-01,"Multi-States(Gujarat, MadhyaPradesh)",456.07,3516.77,4166.4,55.0,Western Railway [WR] - II,False,5082.0,0.0,118.47234820588208,100.0,-45.0,1,1,0.0,,63.472348205882085,0.0,,-5082.0,5082.0,0.0,0,0,0,0,1,0,1,1,1,0
705454,2026-05-01,"Multi-States(Gujarat, MadhyaPradesh)",1794.0,1794.0,1826.68,80.5,Western Railway [WR] - II,False,4503.0,1887.0,101.8216276477146,100.0,-19.5,0,1,0.2000000000000028,-119.5,21.321627647714607,0.0,2.0,-2616.0,4503.0,1887.0,1,1,1,0,0,0,1,1,0,0
705457,2026-05-01,"Multi-States(Madhya Pradesh,Maharashtra)",1656.25,6499.86,4606.71,83.0,Western Railway [WR] - II,False,5905.0,699.0,70.87398805512734,70.87398805512734,12.126011944872658,1,1,0.0,-117.0,-12.126011944872658,0.0,2.0,-5206.0,5905.0,699.0,1,1,1,0,1,0,0,0,0,0
705458,2026-05-01,Gujarat,483.88,1039.13,723.52,45.0,Western Railway [WR] - II,False,3407.0,0.0,69.62747683158025,69.62747683158025,-24.627476831580253,1,1,0.0,,24.627476831580253,0.0,,-3407.0,3407.0,0.0,0,0,0,0,1,0,1,1,0,0
705464,2026-05-01,Karnataka,1382.78,1382.78,0.0,0.0,South Western Railway [SWR] - II,False,-61.0,10012.0,0.0,0.0,0.0,0,0,0.0,0.0,0.0,0.0,0.0,10073.0,-61.0,10012.0,0,0,0,0,1,0,0,0,0,0
705479,2026-05-01,Maharashtra,1886.0,1886.0,809.56,66.0,South East Central Railway,False,5174.0,-1887.0,42.924708377518556,42.924708377518556,23.075291622481444,0,1,0.0,,-23.075291622481444,0.0,,-7061.0,5174.0,-1887.0,0,0,0,0,1,0,0,0,0,0
705480,2026-05-01,Madhya Pradesh,8914.0,8914.0,6889.55,74.0,North Central Railway,False,10288.0,-3228.0,77.2890958043527,77.2890958043527,-3.289095804352698,0,1,0.0,,3.289095804352698,0.0,,-13516.0,10288.0,-3228.0,0,0,0,0,1,0,0,0,0,0
705482,2026-05-01,Rajasthan,747.0,747.0,509.8,49.7,North Central Railway,False,2221.0,-699.0,68.2463186077644,68.2463186077644,-18.54631860776439,0,1,0.2000000000000028,,18.54631860776439,0.0,,-2920.0,2221.0,-699.0,0,0,0,0,0,0,1,0,0,0
705490,2026-05-01,Karnataka,2842.0,6700.0,1613.49,40.0,South Western Railway [SWR] - II,False,3195.0,1583.0,24.08194029850746,24.08194029850746,15.918059701492538,1,1,5.5,-160.0,-15.918059701492538,0.0,2.0,-1612.0,3195.0,1583.0,1,1,1,0,0,1,0,0,0,1
705491,2026-05-01,"Multi-States(Andhra Pradesh,Karnataka)",297.0,297.0,146.45,21.5,South Western Railway [SWR] - II,False,2769.0,2374.0,49.309764309764304,49.309764309764304,-27.809764309764304,0,1,0.5,-95.13858466722832,27.809764309764304,0.0,1.1663858466722832,-395.0,2769.0,2374.0,1,1,1,0,0,1,1,1,0,0
705492,2026-05-01,Karnataka,825.0,825.0,781.94,84.5,South Western Railway [SWR] - II,False,3468.0,1035.0,94.78060606060606,94.78060606060606,-10.280606060606061,0,1,0.2999999999999971,-115.5,10.28060606060606,0.0,2.0,-2433.0,3468.0,1035.0,1,1,1,0,0,0,1,0,0,0
705493,2026-05-01,Karnataka,5174.0,5174.0,178.42,4.7,South Western Railway [SWR] - II,False,9617.0,365.0,3.448395825280247,3.448395825280247,1.2516041747197533,0,1,0.0,-195.3,-1.2516041747197533,0.0,2.0,-9252.0,9617.0,365.0,1,1,1,0,1,1,0,0,0,0
705494,2026-05-01,"Multi-States(Andhra Pradesh,Karnataka)",2496.0,2496.0,1941.02,72.5,South Western Railway [SWR] - II,False,5783.0,852.0,77.76522435897436,77.76522435897436,-5.265224358974365,0,1,0.5,-127.5,5.265224358974365,0.0,2.0,-4931.0,5783.0,852.0,1,1,1,0,0,0,0,0,0,0
705495,2026-05-01,Karnataka,1378.0,1649.0,808.56,36.3,South Western Railway [SWR] - II,True,4929.0,-334.0,49.033353547604605,49.033353547604605,-12.733353547604608,1,1,0.2999999999999971,,12.733353547604608,0.0,,-5263.0,4929.0,-334.0,0,0,0,0,0,0,1,0,0,0
705496,2026-05-01,Karnataka,1876.0,1876.0,613.6,15.8,South Western Railway [SWR] - II,False,3407.0,1188.0,32.707889125799575,32.707889125799575,-16.907889125799574,0,1,0.3000000000000007,-184.2,16.907889125799574,0.0,2.0,-2219.0,3407.0,1188.0,1,1,1,0,0,1,1,0,0,0
705497,2026-05-01,Maharashtra,3445.34,4030.69,4043.37,47.0,Central Railways,False,4778.0,1886.0,100.31458633633447,100.0,-53.0,1,0,0.0,-153.0,53.31458633633447,0.0,2.0,-2892.0,4778.0,1886.0,1,1,1,0,1,1,1,1,1,0
705498,2026-05-01,Maharashtra,792.89,1395.79,1082.64,73.0,Central Railway,False,3895.0,0.0,77.56467663473732,77.56467663473732,-4.564676634737324,1,1,0.0,,4.564676634737324,0.0,,-3895.0,3895.0,0.0,0,0,0,0,1,0,0,0,0,0
705500,2026-05-01,Maharashtra,540.02,916.53,842.32,88.0,Central Railway [CR] - II,False,3652.0,243.0,91.90315647060108,91.90315647060108,-3.9031564706010755,1,1,0.0,-112.0,3.903156470601076,0.0,2.0,-3409.0,3652.0,243.0,1,1,1,0,1,0,0,0,0,0
705502,2026-05-01,Maharashtra,1384.72,2033.59,1829.64,86.0,Central Railway [CR] - II,False,3438.0,275.0,89.97093809469952,89.97093809469952,-3.9709380946995196,1,1,-12.0,-114.0,3.97093809469952,0.0,2.0,-3163.0,3438.0,275.0,1,1,1,1,0,0,0,0,0,0
705504,2026-05-01,Maharashtra,2081.27,3267.06,3105.38,92.0,Central Railway,False,3348.0,-214.0,95.05120811983863,95.05120811983863,-3.051208119838634,1,1,0.0,,3.051208119838634,0.0,,-3562.0,3348.0,-214.0,0,0,0,0,1,0,0,0,0,0
705505,2026-05-01,Maharashtra,637.95,1214.69,1049.42,88.0,Central Railway [CR] - II,False,2922.0,395.0,86.39405938963851,86.39405938963851,1.6059406103614862,1,1,0.0,-112.0,-1.6059406103614862,0.0,2.0,-2527.0,2922.0,395.0,1,1,1,0,1,0,0,0,0,0
705506,2026-05-01,Maharashtra,1035.16,1870.0,1842.26,100.0,Central Railway [CR] - II,False,2952.0,335.0,98.51657754010695,98.51657754010695,1.483422459893049,1,1,0.0,-100.0,-1.483422459893049,0.0,2.0,-2617.0,2952.0,335.0,1,1,1,0,1,0,0,0,0,0
705507,2026-05-01,"Multi-States(Madhya Pradesh,Maharashtra)",2449.91,2506.68,2164.79,50.0,Central Railway [CR] - II,False,3529.0,0.0,86.3608438252988,86.3608438252988,-36.3608438252988,1,1,-5.0,,36.3608438252988,0.0,,-3529.0,3529.0,0.0,0,0,0,1,0,0,1,1,1,0
705510,2026-05-01,Odisha,1284.0,1284.0,1379.6,95.8,East Coast Railway [ECoR] - II,False,4048.0,-183.0,107.4454828660436,100.0,-4.200000000000003,0,1,0.7999999999999972,,11.645482866043608,0.0,,-4231.0,4048.0,-183.0,0,0,0,0,0,0,1,0,0,0
705511,2026-05-01,"Multi-States(Chhattisgarh,Odisha)",1547.0,1547.0,1387.24,94.94,East Coast Railway [ECoR] - II,False,3713.0,91.0,89.67291531997415,89.67291531997415,5.267084680025846,0,1,0.480000000000004,-105.06,-5.267084680025846,0.0,2.0,-3622.0,3713.0,91.0,1,1,1,0,0,0,0,0,0,1
705512,2026-05-01,"Multi-States(Andhra Pradesh,Odisha)",2500.0,2500.0,2217.87,73.0,East Coast Railway [ECoR] - II,False,3773.0,31.0,88.7148,88.7148,-15.714799999999997,0,1,0.0,-127.0,15.714799999999997,0.0,2.0,-3742.0,3773.0,31.0,1,1,1,0,1,0,1,0,0,0
705513,2026-05-01,Odisha,2362.0,2362.0,1976.38,75.19,East Coast Railway [ECoR] - II,False,3804.0,0.0,83.67400508044031,83.67400508044031,-8.484005080440312,0,1,0.5900000000000034,,8.484005080440312,0.0,,-3804.0,3804.0,0.0,0,0,0,0,0,0,0,0,0,1
705514,2026-05-01,Odisha,1000.0,810.02,469.78,59.0,East Coast Railway [ECoR] - II,False,3804.0,30.0,57.996098861756494,57.996098861756494,1.0039011382435064,1,1,0.0,-141.0,-1.0039011382435064,0.0,2.0,-3774.0,3804.0,30.0,1,1,1,0,1,0,0,0,0,1
705515,2026-05-01,Odisha,1173.0,2092.0,2138.09,90.0,East Coast Railway [ECoR] - II,False,3804.0,883.0,102.20315487571703,100.0,-10.0,1,1,1.0,-110.0,12.203154875717033,0.0,2.0,-2921.0,3804.0,883.0,1,1,1,0,0,0,1,0,0,0
705526,2026-05-01,Bihar,519.0,519.0,409.48,100.0,East Central Railway [ECR] - I,False,3804.0,30.0,78.89788053949904,78.89788053949904,21.10211946050096,0,1,3.0,-100.0,-21.10211946050096,0.0,2.0,-3774.0,3804.0,30.0,1,1,1,0,0,0,0,0,0,0
705527,2026-05-01,Bihar,1216.0,2222.0,2102.51,93.0,East Central Railway [ECR] - I,False,3348.0,-365.0,94.62241224122413,94.62241224122413,-1.6224122412241258,1,1,0.2000000000000028,,1.6224122412241258,0.0,,-3713.0,3348.0,-365.0,0,0,0,0,0,0,0,0,0,0
705528,2026-05-01,Bihar,1586.0,1586.0,1499.23,99.0,East Central Railway [ECR] - I,False,3348.0,-365.0,94.52900378310216,94.52900378310216,4.470996216897845,0,1,0.0,,-4.470996216897845,0.0,,-3713.0,3348.0,-365.0,0,0,0,0,1,0,0,0,0,0
705562,2026-05-01,"Multi-States(Bihar, UttarPradesh)",963.0,1046.0,918.18,96.0,North Eastern Railway [NER],False,3804.0,1005.0,87.78011472275334,87.78011472275334,8.21988527724666,1,1,0.0999999999999943,-104.0,-8.21988527724666,0.0,2.0,-2799.0,3804.0,1005.0,1,1,1,0,0,0,0,0,0,0
705567,2026-05-01,Uttar Pradesh,1016.0,1118.0,1058.77,88.5,North Eastern Railway [NER],False,2496.0,607.0,94.70214669051879,94.70214669051879,-6.202146690518788,1,1,0.0999999999999943,-111.5,6.202146690518788,0.0,2.0,-1889.0,2496.0,607.0,1,1,1,0,0,0,0,0,0,0
705572,2026-05-01,Assam,4060.0,4961.0,3831.06,95.16,Northeast Frontier Railway [NFR],False,3529.0,0.0,77.22354364039508,77.22354364039508,17.936456359604918,1,1,0.0300000000000011,,-17.936456359604918,0.0,,-3529.0,3529.0,0.0,0,0,0,0,0,0,0,0,0,0
705583,2026-05-01,Delhi,667.0,667.0,324.17,23.0,CAO/C/NR,False,4809.0,0.0,48.601199400299855,48.601199400299855,-25.601199400299855,0,1,0.0,,25.60119940029985,0.0,,-4809.0,4809.0,0.0,0,0,0,0,1,0,1,1,0,1
705588,2026-05-01,Uttar Pradesh,722.0,1194.0,1729.27,70.0,CAO/C/II/NR,False,3348.0,-245.0,144.82998324958123,100.0,-30.0,1,1,0.0,,74.82998324958123,0.0,,-3593.0,3348.0,-245.0,0,0,0,0,1,0,1,1,1,0
705598,2026-05-01,"Multi-States(Madhya Pradesh,Uttar Pradesh)",2002.0,2002.0,1942.49,96.0,CAO/C/NCR,False,2983.0,546.0,97.02747252747253,97.02747252747253,-1.0274725274725256,0,1,0.0,-104.0,1.0274725274725256,0.0,2.0,-2437.0,2983.0,546.0,1,1,1,0,1,0,0,0,0,0
705608,2026-05-01,"Multi-States(Madhya Pradesh,Uttar Pradesh)",4330.0,4330.0,3000.09,70.0,North Central Railway,False,2587.0,396.0,69.28614318706697,69.28614318706697,0.7138568129330309,0,1,2.0,-130.0,-0.7138568129330309,0.0,2.0,-2191.0,2587.0,396.0,1,1,1,0,0,0,0,0,0,0
705610,2026-05-01,"Multi-States(Andhra Pradesh,Karnataka)",302.0,543.0,636.74,89.04,South Central Railway [SCR] - II,False,3682.0,0.0,117.2633517495396,100.0,-10.959999999999994,1,1,0.0100000000000051,,28.22335174953959,0.0,,-3682.0,3682.0,0.0,0,0,0,0,0,0,1,1,0,0
705612,2026-05-01,"Multi-States(Andhra Pradesh,Telangana)",1953.0,3363.0,5192.51,95.02,South Central Railway [SCR] - II,False,4291.0,518.0,154.40112994350284,100.0,-4.980000000000004,1,1,0.0099999999999909,-104.98,59.38112994350284,0.0,2.0,-3773.0,4291.0,518.0,1,1,1,0,0,0,1,1,1,0
705613,2026-05-01,"Multi-States(Maharashtra,Telangana)",2595.0,3071.0,4154.83,94.8,South Central Railway [SCR] - II,False,3499.0,30.0,135.29241289482252,100.0,-5.200000000000003,1,1,0.0999999999999943,-105.2,40.49241289482252,0.0,2.0,-3469.0,3499.0,30.0,1,1,1,0,0,0,1,1,1,0
705616,2026-05-01,"Multi-States(Chhattisgarh,Odisha)",2140.0,2979.0,2282.17,97.0,SECR,False,3529.0,0.0,76.60859348774757,76.60859348774757,20.39140651225243,1,1,0.0,,-20.39140651225243,0.0,,-3529.0,3529.0,0.0,0,0,0,0,1,0,0,0,0,0
705617,2026-05-01,"Multi-States(Chhattisgarh,Maharashtra)",3545.0,3545.0,3655.47,96.0,South East Central Railway [SECR] - II,False,3438.0,91.0,103.11622002820874,100.0,-4.0,0,1,0.0,-104.0,7.116220028208744,0.0,2.0,-3347.0,3438.0,91.0,1,1,1,0,1,0,0,0,0,0
705628,2026-05-01,"Multi-States(Jharkhand,Odisha)",3029.0,3029.04,2649.22,94.0,South Eastern Railway - JH,False,3376.0,337.0,87.46071362543908,87.46071362543908,6.539286374560916,1,1,2.0,-106.0,-6.539286374560916,0.0,2.0,-3039.0,3376.0,337.0,1,1,1,0,0,0,0,0,0,0
705629,2026-05-01,"Multi-States(Odisha, WestBengal)",2400.0,3425.32,2713.19,82.0,South Eastern Railway [SER] - I,False,3348.0,-730.0,79.209825651326,79.209825651326,2.7901743486740003,1,1,5.0,,-2.7901743486740003,0.0,,-4078.0,3348.0,-730.0,0,0,0,0,0,0,0,0,0,0
705632,2026-05-01,"Multi-States(Andhra Pradesh,Telangana)",647.0,904.0,1249.39,93.6,South Central Railway [SCR] - II,False,3682.0,0.0,138.20685840707964,100.0,-6.400000000000006,1,1,-1.4100000000000108,,44.60685840707964,0.0,,-3682.0,3682.0,0.0,0,0,0,1,0,0,1,1,1,0
705633,2026-05-01,Andhra Pradesh,3733.0,4295.0,5552.65,94.05,South Central Railway [SCR] - II,False,3103.0,245.0,129.28172293364378,100.0,-5.950000000000003,1,1,0.039999999999992,-105.95,35.23172293364378,0.0,2.0,-2858.0,3103.0,245.0,1,1,1,0,0,0,1,1,1,0
705635,2026-05-01,"Multi-States(Kerala, TamilNadu)",1432.0,3785.45,3195.0,57.0,Southern Railway [SR] - I,False,3713.0,-518.0,84.402118638471,84.402118638471,-27.402118638470995,1,1,1.0,,27.402118638470995,0.0,,-4231.0,3713.0,-518.0,0,0,0,0,0,0,1,1,0,0
705638,2026-05-01,Kerala,813.0,802.8,127.64,33.0,Ministry of Railways,False,1126.0,0.0,15.899352267065273,15.899352267065273,17.100647732934725,1,1,2.5,,-17.100647732934725,0.0,,-1126.0,1126.0,0.0,0,0,0,0,0,0,0,0,0,1
705639,2026-05-01,Kerala,601.0,595.39,309.85,25.5,SR-ERS,True,1126.0,0.0,52.04151900435009,52.04151900435009,-26.541519004350093,1,1,0.5,,26.541519004350093,0.0,,-1126.0,1126.0,0.0,0,0,0,0,0,0,1,1,0,0
705648,2026-05-01,Andhra Pradesh,6654.0,6654.0,6181.65,96.0,RVNL - II,False,2952.0,608.0,92.90126239855725,92.90126239855725,3.0987376014427497,0,1,0.0,-104.0,-3.0987376014427497,0.0,2.0,-2344.0,2952.0,608.0,1,1,1,0,1,0,0,0,0,0
705650,2026-05-01,"Multi-States (Goa,Karnataka)",5060.0,5060.0,5332.52,86.2,RVNL - II,False,5052.0,853.0,105.38577075098816,100.0,-13.799999999999997,0,1,0.0700000000000073,-113.8,19.185770750988155,0.0,2.0,-4199.0,5052.0,853.0,1,1,1,0,0,0,1,0,0,0
705659,2026-05-01,Madhya Pradesh,500.0,584.0,573.8,88.0,West Central Railway [WCR] - II,False,3195.0,639.0,98.25342465753424,98.25342465753424,-10.25342465753424,1,1,2.0,-112.0,10.25342465753424,0.0,2.0,-2556.0,3195.0,639.0,1,1,1,0,0,0,1,0,0,0
705660,2026-05-01,Madhya Pradesh,2445.0,4377.0,3360.89,81.2,Indian Railway Construction International Limited [IRCON],False,3348.0,365.0,76.78524103267078,76.78524103267078,4.41475896732922,1,1,0.1000000000000085,-118.8,-4.41475896732922,0.0,2.0,-2983.0,3348.0,365.0,1,1,1,0,0,0,0,0,0,0
705661,2026-05-01,Madhya Pradesh,1248.0,1248.0,1850.38,95.0,Indian Railway Construction International Limited [IRCON],False,3164.0,549.0,148.26762820512823,100.0,-5.0,0,1,0.0,-105.0,53.26762820512823,0.0,2.0,-2615.0,3164.0,549.0,1,1,1,0,1,0,1,1,1,0
705663,2026-05-01,Karnataka,493.0,493.0,345.82,85.8,South Western Railway [SWR] - II,False,1430.0,1581.0,70.14604462474645,70.14604462474645,15.653955375253545,0,1,0.2999999999999971,-4.649082858950038,-15.653955375253544,0.0,0.9044908285895004,151.0,1430.0,1581.0,0,0,0,0,0,0,0,0,0,0
705667,2026-05-01,"Multi-States(Madhya Pradesh,Rajasthan, UttarPradesh)",5961.0,5961.0,5171.79,96.32,RVNL - II,False,2983.0,821.0,86.76044287871163,86.76044287871163,9.559557121288364,0,1,0.8399999999999892,-103.68,-9.559557121288364,0.0,2.0,-2162.0,2983.0,821.0,1,1,1,0,0,0,0,0,0,0
705668,2026-05-01,"Multi-States(Jharkhand, WestBengal)",3250.0,3250.0,3287.19,98.0,RVNL - I,False,3042.0,487.0,101.14430769230769,100.0,-2.0,0,1,0.5,-102.0,3.144307692307692,0.0,2.0,-2555.0,3042.0,487.0,1,1,1,0,0,0,0,0,0,0
705728,2026-05-01,"Multi-States(Dadra & NagarHaveli and Daman& Diu, Gujarat,Maharashtra)",108000.0,108000.0,90966.89,60.87,National High Speed Rail Corporation [NHSRC],False,3164.0,915.0,84.22860185185185,84.22860185185185,-23.35860185185185,0,1,1.009999999999998,-139.13,23.35860185185185,0.0,2.0,-2249.0,3164.0,915.0,1,1,1,0,0,0,1,1,0,0
705730,2026-05-01,West Bengal,4835.0,10362.0,4998.49,51.0,RVNL - II,False,5874.0,31.0,48.23866049025284,48.23866049025284,2.7613395097471596,1,1,0.0,-149.0,-2.76133950974716,0.0,2.0,-5843.0,5874.0,31.0,1,1,1,0,1,0,0,0,0,0
705735,2026-05-01,Maharashtra,904.92,3295.74,1245.51,11.0,Central Railway,False,882.0,1948.0,37.7915126800051,37.7915126800051,-26.7915126800051,1,1,-1.0,-34.27720739219713,26.7915126800051,0.0,0.4527720739219713,1066.0,882.0,1948.0,1,1,1,1,0,0,1,1,0,0
705741,2026-05-01,Odisha,748.0,748.0,15.91,2.13,East Coast Railway [ECoR] - II,False,1126.0,2100.0,2.127005347593583,2.127005347593583,0.002994652406417053,0,1,0.1599999999999999,-51.48904761904762,-0.002994652406417,0.0,0.5361904761904762,974.0,1126.0,2100.0,1,1,1,0,0,0,0,0,0,0
705747,2026-05-01,Jharkhand,902.86,902.86,0.0,0.1,East Central Railway [ECR] - I,False,2618.0,0.0,0.0,0.0,0.1,0,1,0.0,,-0.1,0.0,,-2618.0,2618.0,0.0,0,0,0,0,1,0,0,0,0,0
705752,2026-05-01,Rajasthan,819.48,967.06,405.39,95.0,North Western Railway [NWR],False,2587.0,0.0,41.91983951357724,41.91983951357724,53.08016048642276,1,1,1.0,,-53.08016048642276,0.0,,-2587.0,2587.0,0.0,0,0,0,0,0,0,0,0,0,0
705761,2026-05-01,Karnataka,1454.0,1454.0,111.67,13.8,South Western Railway [SWR] - II,False,1185.0,1249.0,7.6801925722145805,7.6801925722145805,6.11980742778542,0,1,0.3000000000000007,-81.07590072057646,-6.11980742778542,0.0,0.9487590072057646,64.0,1185.0,1249.0,1,1,1,0,0,0,0,0,0,0
705762,2026-05-01,Karnataka,748.86,748.86,1.15,0.3,South Western Railway [SWR] - II,False,1338.0,1188.0,0.15356675480063028,0.15356675480063028,0.1464332451993697,0,1,0.0,-112.32626262626265,-0.1464332451993697,0.0,1.1262626262626263,-150.0,1338.0,1188.0,1,1,1,0,1,1,0,0,0,0
705763,2026-05-01,Madhya Pradesh,7474.0,7474.0,2617.51,37.0,RVNL - II,False,2038.0,427.0,35.02154134332353,35.02154134332353,1.978458656676473,0,1,1.0,-163.0,-1.978458656676473,0.0,2.0,-1611.0,2038.0,427.0,1,1,1,0,0,1,0,0,0,0
705764,2026-05-01,"Multi-States(Madhya Pradesh,Rajasthan)",495.0,825.0,284.66,60.0,Western Railway [WR] - II,False,1703.0,1614.0,34.50424242424243,34.50424242424243,25.495757575757573,1,1,0.0,-45.51425030978933,-25.495757575757573,0.0,1.0551425030978934,-89.0,1703.0,1614.0,1,1,1,0,1,0,0,0,0,1
705765,2026-05-01,Jharkhand,686.0,686.0,634.71,66.7,East Central Railway [ECR] - I,False,3042.0,0.0,92.52332361516036,92.52332361516036,-25.823323615160362,0,1,0.2000000000000028,,25.82332361516036,0.0,,-3042.0,3042.0,0.0,0,0,0,0,0,0,1,1,0,0
705766,2026-05-01,Uttar Pradesh,304.44,356.0,279.26,86.0,North Central Railway,False,3103.0,245.0,78.44382022471909,78.44382022471909,7.55617977528091,1,1,0.0,-114.0,-7.55617977528091,0.0,2.0,-2858.0,3103.0,245.0,1,1,1,0,1,0,0,0,0,1
705771,2026-05-01,Uttar Pradesh,494.0,494.0,410.3,80.0,North Central Railway,False,2038.0,549.0,83.05668016194332,83.05668016194332,-3.0566801619433193,0,1,,-120.0,3.0566801619433197,,2.0,-1489.0,2038.0,549.0,1,1,1,0,0,0,0,0,0,0
705772,2026-05-01,Uttar Pradesh,2649.0,2649.44,1991.04,73.0,North Central Railway,False,3713.0,91.0,75.14946554743644,75.14946554743644,-2.149465547436435,1,1,2.0,-127.0,2.149465547436435,0.0,2.0,-3622.0,3713.0,91.0,1,1,1,0,0,0,0,0,0,0
705774,2026-05-01,Uttar Pradesh,758.0,779.49,511.12,83.0,CAO/C/NCR,False,2068.0,519.0,65.5710785257027,65.5710785257027,17.428921474297297,1,1,0.0,-117.0,-17.428921474297297,0.0,2.0,-1549.0,2068.0,519.0,1,1,1,0,1,0,0,0,0,0
705777,2026-05-01,Uttar Pradesh,250.18,250.18,163.27,9.0,North Central Railway [NCR] - II,False,1856.0,274.0,65.26101207130866,65.26101207130866,-56.261012071308656,0,1,0.0,-191.0,56.261012071308656,0.0,2.0,-1582.0,1856.0,274.0,1,1,1,0,1,1,1,1,1,0
705780,2026-05-01,Uttar Pradesh,2529.0,2529.46,2169.72,96.6,RVNL - I,False,3348.0,-365.0,85.77799214061498,85.77799214061498,10.82200785938501,1,1,0.0999999999999943,,-10.82200785938501,0.0,,-3713.0,3348.0,-365.0,0,0,0,0,0,0,0,0,0,0
705782,2026-05-01,Uttar Pradesh,407.0,407.0,417.22,78.0,Ministry of Railways,False,3317.0,-640.0,102.51105651105652,100.0,-22.0,0,1,1.0,,24.511056511056523,0.0,,-3957.0,3317.0,-640.0,0,0,0,0,0,0,1,1,0,0
705783,2026-05-01,Punjab,237.64,238.0,137.05,57.0,Railway,False,1247.0,1371.0,57.584033613445385,57.584033613445385,-0.584033613445385,1,1,0.0,-33.95550692924871,0.584033613445385,0.0,0.9095550692924872,124.0,1247.0,1371.0,1,1,1,0,1,0,0,0,0,0
705785,2026-05-01,Jharkhand,473.0,473.0,349.31,10.0,South Eastern Railway [SER] - I,False,2618.0,-884.0,73.84989429175477,73.84989429175477,-63.849894291754765,0,1,0.0,,63.849894291754765,0.0,,-3502.0,2618.0,-884.0,0,0,0,0,1,0,1,1,1,0
705793,2026-05-01,"Multi-States (Delhi,Gujarat, MadhyaPradesh,Maharashtra,Rajasthan)",6806.44,8095.12,9480.86,66.32,PCE/WR,False,2434.0,0.0,117.1182144304223,100.0,-33.68000000000001,1,1,0.0,,50.79821443042231,0.0,,-2434.0,2434.0,0.0,0,0,0,0,1,0,1,1,1,0
705794,2026-05-01,"Multi-States(Bihar, Delhi,Jharkhand, UttarPradesh, WestBengal)",6684.81,6684.81,127.03,0.0,PCE/NCR,False,2434.0,0.0,1.9002783923552053,1.9002783923552053,-1.9002783923552053,0,0,0.0,,1.9002783923552051,0.0,,-2434.0,2434.0,0.0,0,0,0,0,1,0,0,0,0,0
705799,2026-05-01,Maharashtra,1400.0,1400.0,1472.0,80.0,MRIDC,False,2221.0,183.0,105.14285714285714,100.0,-20.0,0,1,0.0,-120.0,25.14285714285714,0.0,2.0,-2038.0,2221.0,183.0,1,1,1,0,1,0,1,1,0,0
705912,2026-05-01,Rajasthan,1203.89,1203.89,208.67,19.0,North Western Railway [NWR],False,1126.0,-306.0,17.33297892664612,17.33297892664612,1.6670210733538795,0,0,0.0,,-1.6670210733538795,0.0,,-1432.0,1126.0,-306.0,0,0,0,0,1,0,0,0,0,1
705918,2026-05-01,Uttar Pradesh,1457.0,1457.0,400.19,36.0,North Central Railway,False,1915.0,306.0,27.46671242278655,27.46671242278655,8.53328757721345,0,1,0.0,-164.0,-8.53328757721345,0.0,2.0,-1609.0,1915.0,306.0,1,1,1,0,1,1,0,0,0,0
705919,2026-05-01,Rajasthan,1390.0,1390.0,529.92,56.0,CAO/C/NCR,False,1915.0,-485.0,38.12374100719424,38.12374100719424,17.87625899280576,0,1,,,-17.87625899280576,,,-2400.0,1915.0,-485.0,0,0,0,0,0,0,0,0,0,0
705933,2026-05-01,Madhya Pradesh,1095.88,1095.88,1284.91,94.0,Western Railway [WR] - II,False,1673.0,0.0,117.24915136693798,100.0,-6.0,0,1,0.0,,23.24915136693798,0.0,,-1673.0,1673.0,0.0,0,0,0,0,1,0,1,1,0,0
705941,2026-05-01,Karnataka,15767.0,15767.0,3277.99,20.02,Karnataka Rail Infrastructure Development Company Limited [K-RIDE],False,2038.0,0.0,20.790194710471237,20.790194710471237,-0.7701947104712374,0,1,0.0700000000000002,,0.7701947104712374,0.0,,-2038.0,2038.0,0.0,0,0,0,0,0,0,0,0,0,0
706718,2026-05-01,Manipur,499.0,499.0,206.61,51.65,Airport Authority of India [AAI],False,1400.0,242.0,41.40480961923848,41.40480961923848,10.245190380761521,0,1,0.9600000000000009,-148.35,-10.24519038076152,0.0,2.0,-1158.0,1400.0,242.0,1,1,1,0,0,0,0,0,0,0
706724,2026-05-01,Assam,1712.0,2520.0,2639.99,98.5,Adani Airport Holdings Limited,False,2983.0,455.0,104.76150793650794,100.0,-1.5,1,1,0.5,-101.5,6.26150793650794,0.0,2.0,-2528.0,2983.0,455.0,1,1,1,0,0,0,0,0,0,0
706757,2026-05-01,Gujarat,262.0,262.0,387.82,64.0,Western Railway WR - II,False,6604.0,-1614.0,148.0229007633588,100.0,-36.0,0,1,0.0,,84.02290076335879,0.0,,-8218.0,6604.0,-1614.0,0,0,0,0,1,0,1,1,1,0
706759,2026-05-01,Bihar,2373.64,1700.24,1581.96,98.5,Indian Railway Construction International Limited [IRCON],False,3287.0,426.0,93.04333505857997,93.04333505857997,5.45666494142003,1,1,0.0,-101.5,-5.45666494142003,0.0,2.0,-2861.0,3287.0,426.0,1,1,1,0,1,0,0,0,0,0
706763,2026-05-01,Gujarat,1080.58,1080.58,958.41,81.0,Western Railway WR - II,True,1612.0,61.0,88.69403468507655,88.69403468507655,-7.694034685076545,0,1,0.0,-119.0,7.694034685076545,0.0,2.0,-1551.0,1612.0,61.0,1,1,1,0,1,0,0,0,0,0
706775,2026-05-01,PAN India,61109.0,188000.0,46431.54,83.3,Department of Telecommunications [DoT],False,5326.0,-2100.0,24.69762765957447,24.69762765957447,58.60237234042553,1,1,0.8999999999999915,,-58.60237234042553,0.0,,-7426.0,5326.0,-2100.0,0,0,0,0,0,0,0,0,0,0
706779,2026-05-01,Maharashtra,8087.0,8087.0,7522.09,90.0,Mumbai Rail Vikas Corporation Ltd.[MRVC],False,6604.0,-30.0,93.0145913194015,93.0145913194015,-3.0145913194015037,0,1,0.0,,3.014591319401504,0.0,,-6634.0,6604.0,-30.0,0,0,0,0,1,0,0,0,0,0
706780,2026-05-01,Maharashtra,33690.0,33690.0,3741.95,25.0,Mumbai Rail Vikas Corporation Ltd.[MRVC],False,2587.0,0.0,11.107005046007718,11.107005046007718,13.892994953992282,0,1,3.0,,-13.892994953992282,0.0,,-2587.0,2587.0,0.0,0,0,0,0,0,0,0,0,0,0
706781,2026-05-01,Maharashtra,10947.0,10947.0,6732.2,75.0,Mumbai Rail Vikas Corporation Ltd.[MRVC],False,3438.0,30.0,61.49812734082397,61.49812734082397,13.50187265917603,0,1,0.0,-125.0,-13.50187265917603,0.0,2.0,-3408.0,3438.0,30.0,1,1,1,0,1,0,0,0,0,1
706811,2026-05-01,Chhattisgarh,2907.0,5427.0,3616.88,94.6,National Mineral Development Corporation Limited [NMDC],False,2068.0,1766.0,66.6460291136908,66.6460291136908,27.953970886309193,1,1,0.5,-22.50079275198189,-27.953970886309197,0.0,1.1710079275198189,-302.0,2068.0,1766.0,1,1,0,0,0,0,0,0,0,0
706835,2026-05-01,Karnataka,1591.0,1591.0,0.38,0.0,South Western Railway [SWR] - II,False,426.0,1642.0,0.023884349465744813,0.023884349465744813,-0.023884349465744813,0,1,0.0,-25.943970767356884,0.0238843494657448,0.0,0.2594397076735688,1216.0,426.0,1642.0,1,1,0,0,1,0,0,0,0,0
706836,2026-05-01,Rajasthan,466.42,466.42,538.22,98.0,North Western Railway [NWR],False,1581.0,61.0,115.39385103554736,100.0,-2.0,0,0,0.0,-102.0,17.393851035547357,0.0,2.0,-1520.0,1581.0,61.0,1,1,1,0,1,0,1,0,0,0
706837,2026-05-01,Jharkhand,349.22,349.22,145.57,72.0,East Central Railway [ECR] - I,False,1277.0,0.0,41.68432506729282,41.68432506729282,30.315674932707182,0,1,0.5,,-30.315674932707186,0.0,,-1277.0,1277.0,0.0,0,0,0,0,0,0,0,0,0,0
706854,2026-05-01,Chhattisgarh,1376.0,1576.72,290.16,28.0,South East Central Railway [SECR] - II,False,1491.0,-61.0,18.402760160332843,18.402760160332843,9.597239839667157,1,1,1.0,,-9.597239839667155,0.0,,-1552.0,1491.0,-61.0,0,0,0,0,0,0,0,0,0,0
706860,2026-05-01,Bihar,645.0,645.0,54.13,56.9,East Central Railway [ECR] - I,False,273.0,1035.0,8.392248062015504,8.392248062015504,48.507751937984494,0,1,0.1999999999999957,30.5231884057971,-48.507751937984494,0.0,0.263768115942029,762.0,273.0,1035.0,0,0,0,0,0,0,0,0,0,0
706865,2026-05-01,Goa,1892.0,1892.0,0.0,0.0,South Western Railway [SWR] - II,False,30.0,,0.0,0.0,0.0,0,0,0.0,,0.0,0.0,,,30.0,,0,0,0,0,1,0,0,0,0,0
706866,2026-05-01,Rajasthan,304.0,304.0,84.59,77.0,North Western Railway [NWR],False,1216.0,31.0,27.825657894736842,27.825657894736842,49.17434210526316,0,1,5.0,-123.0,-49.17434210526316,0.0,2.0,-1185.0,1216.0,31.0,1,1,1,0,0,0,0,0,0,1
706898,2026-05-01,Odisha,267.61,267.61,0.0,0.0,Ministry of Railways,False,2434.0,365.0,0.0,0.0,0.0,0,0,0.0,-200.0,0.0,0.0,2.0,-2069.0,2434.0,365.0,1,1,1,0,1,1,0,0,0,0
706922,2026-05-01,Assam,890.36,889.36,391.73,89.0,CORE,False,2799.0,-731.0,44.04628047135019,44.04628047135019,44.95371952864981,1,1,0.0,,-44.95371952864981,0.0,,-3530.0,2799.0,-731.0,0,0,0,0,1,0,0,0,0,0
706940,2026-05-01,Assam,183.99,183.99,0.0,0.0,GM/C/ NFR,False,1581.0,1218.0,0.0,0.0,0.0,0,0,0.0,-129.80295566502463,0.0,0.0,1.2980295566502462,-363.0,1581.0,1218.0,1,1,1,0,1,1,0,0,0,0
706942,2026-05-01,Assam,237.52,237.52,0.0,0.0,GM/C/ NFR,False,1581.0,1218.0,0.0,0.0,0.0,0,0,0.0,-129.80295566502463,0.0,0.0,1.2980295566502462,-363.0,1581.0,1218.0,1,1,1,0,1,1,0,0,0,0
706950,2026-05-01,"Multi-States (Goa,Karnataka)",744.49,1122.62,1161.44,99.7,RVNL,False,2922.0,1035.0,103.45798222016356,100.0,-0.29999999999999716,1,1,0.0499999999999971,-100.3,3.757982220163555,0.0,2.0,-1887.0,2922.0,1035.0,1,1,1,0,0,0,0,0,0,0
707020,2026-05-01,Bihar,250.0,500.0,103.21,50.0,"Medical Education, Ministry of Health and Family Welfare",False,1308.0,1310.0,20.642,20.642,29.358,1,0,0.0,-49.84732824427482,-29.358,0.0,0.998473282442748,2.0,1308.0,1310.0,1,1,1,0,1,0,0,0,0,0
707021,2026-05-01,Jharkhand,250.0,504.8,271.0,40.0,"Medical Education, Ministry of Health and Family Welfare",False,820.0,153.0,53.68462757527733,53.68462757527733,-13.684627575277332,1,0,0.0,-160.0,13.684627575277332,0.0,2.0,-667.0,820.0,153.0,1,1,1,0,1,1,1,0,0,0
707022,2026-05-01,Jharkhand,250.0,454.1,65.0,57.0,"Medical Education, Ministry of Health and Family Welfare",False,1157.0,1734.0,14.314027747192249,14.314027747192249,42.68597225280775,1,0,0.0,-9.724336793540957,-42.68597225280775,0.0,0.6672433679354095,577.0,1157.0,1734.0,0,0,0,0,1,0,0,0,0,0
707039,2026-05-01,Sikkim,250.0,635.21,667.21,92.0,"Medical Education, Ministry of Health and Family Welfare",False,2708.0,61.0,105.03770406637175,100.0,-8.0,1,0,0.0,-108.0,13.037704066371743,0.0,2.0,-2647.0,2708.0,61.0,1,1,1,0,1,0,1,0,0,0
707044,2026-05-01,Chhattisgarh,325.0,322.85,178.49,54.0,"Medical Education, Ministry of Health and Family Welfare",False,943.0,242.0,55.28573641009756,55.28573641009756,-1.285736410097563,1,0,0.0,-146.0,1.285736410097563,0.0,2.0,-701.0,943.0,242.0,1,1,1,0,1,0,0,0,0,0
707045,2026-05-01,Chhattisgarh,325.0,325.0,322.5,82.0,"Medical Education, Ministry of Health and Family Welfare",False,943.0,0.0,99.23076923076923,99.23076923076923,-17.230769230769226,0,0,0.0,,17.230769230769226,0.0,,-943.0,943.0,0.0,0,0,0,0,1,0,1,0,0,0
707046,2026-05-01,Chhattisgarh,325.0,325.0,36.0,59.0,"Medical Education, Ministry of Health and Family Welfare",False,607.0,1674.0,11.076923076923077,11.076923076923077,47.92307692307692,0,0,0.0,22.739545997610517,-47.92307692307692,0.0,0.3626045400238948,1067.0,607.0,1674.0,0,0,0,0,1,0,0,0,0,0
707049,2026-05-01,Gujarat,325.0,663.5,457.34,87.5,"Medical Education, Ministry of Health and Family Welfare",False,1338.0,0.0,68.92840994724943,68.92840994724943,18.571590052750565,1,0,0.0,,-18.571590052750565,0.0,,-1338.0,1338.0,0.0,0,0,0,0,1,0,0,0,0,0
707050,2026-05-01,Gujarat,325.0,618.98,936.64,81.0,"Medical Education, Ministry of Health and Family Welfare",False,1308.0,183.0,151.3199134059259,100.0,-19.0,1,0,3.0,-119.0,70.31991340592589,0.0,2.0,-1125.0,1308.0,183.0,1,1,1,0,0,0,1,1,1,0
707051,2026-05-01,"Jammu andKashmir",325.0,325.0,222.0,75.0,"Medical Education, Ministry of Health and Family Welfare",False,1581.0,853.0,68.3076923076923,68.3076923076923,6.692307692307693,0,0,,-110.34583821805391,-6.692307692307693,,1.8534583821805397,-728.0,1581.0,853.0,1,1,1,0,0,0,0,0,0,0
707058,2026-05-01,Madhya Pradesh,325.0,325.0,179.0,84.0,"Medical Education, Ministry of Health and Family Welfare",False,1277.0,335.0,55.07692307692308,55.07692307692308,28.92307692307692,0,0,,-116.0,-28.92307692307692,,2.0,-942.0,1277.0,335.0,1,1,1,0,0,0,0,0,0,0
707059,2026-05-01,Madhya Pradesh,325.0,325.0,83.41,43.0,"Medical Education, Ministry of Health and Family Welfare",False,943.0,61.0,25.664615384615384,25.664615384615384,17.335384615384616,0,0,0.0,-157.0,-17.335384615384616,0.0,2.0,-882.0,943.0,61.0,1,1,1,0,1,1,0,0,0,0
707069,2026-05-01,Punjab,325.0,550.0,0.0,0.0,"Medical Education, Ministry of Health and Family Welfare",False,-426.0,2799.0,0.0,0.0,0.0,1,0,0.0,0.0,0.0,0.0,0.0,3225.0,-426.0,2799.0,0,0,0,0,1,0,0,0,0,0
707070,2026-05-01,Punjab,325.0,374.75,2.0,1.0,"Medical Education, Ministry of Health and Family Welfare",False,61.0,2251.0,0.5336891260840559,0.5336891260840559,0.46631087391594406,1,0,0.0,-1.7099067081297203,-0.466310873915944,0.0,0.0270990670812972,2190.0,61.0,2251.0,0,0,0,0,1,0,0,0,0,0
707086,2026-05-01,Uttarakhand,325.0,325.0,274.0,60.0,"Medical Education, Ministry of Health and Family Welfare",False,820.0,488.0,84.3076923076923,84.3076923076923,-24.307692307692307,0,0,0.0,-108.03278688524593,24.307692307692307,0.0,1.680327868852459,-332.0,820.0,488.0,1,1,1,0,1,0,1,1,0,0
707087,2026-05-01,Uttarakhand,325.0,768.89,327.08,84.0,"Medical Education, Ministry of Health and Family Welfare",False,1126.0,608.0,42.539244885484266,42.539244885484266,41.460755114515734,1,0,,-101.19736842105264,-41.46075511451573,,1.8519736842105263,-518.0,1126.0,608.0,1,1,1,0,0,0,0,0,0,0
707215,2026-05-01,Gujarat,573.0,1238.05,624.41,78.48,Indian Port Rail & Ropeway Corporation Ltd. [IPRCL],False,1581.0,1065.0,50.43495820039578,50.43495820039578,28.04504179960422,1,1,2.3599999999999994,-69.97070422535212,-28.04504179960422,0.0,1.4845070422535211,-516.0,1581.0,1065.0,1,1,1,0,0,0,0,0,0,0
707229,2026-05-01,"Andaman &Nicobar",209.88,230.0,37.35,97.0,ministry of housing and urban affairs,False,1642.0,123.0,16.23913043478261,16.23913043478261,80.76086956521739,1,1,,-103.0,-80.76086956521739,,2.0,-1519.0,1642.0,123.0,1,1,1,0,0,0,0,0,0,0
709747,2026-05-01,Gujarat,339.35,339.35,370.0,51.86,Satluj Jal Vidyut Nigam [SJVN] Thermal Limited,False,1826.0,61.0,109.03197288934727,100.0,-48.14,0,1,0.0,-148.14,57.17197288934727,0.0,2.0,-1765.0,1826.0,61.0,1,1,1,0,1,0,1,1,1,0
709750,2026-05-01,Tamil Nadu,205.0,205.0,101.27,73.1,Chennai Petroleum Corporation Limited [CPCL],False,851.0,0.0,49.4,49.4,23.699999999999996,0,1,2.5,,-23.7,0.0,,-851.0,851.0,0.0,0,0,0,0,0,0,0,0,0,1
709752,2026-05-01,Andhra Pradesh,160.0,220.0,142.43,92.1,Hindustan Petroleum Corporation Limited,False,1703.0,0.0,64.7409090909091,64.7409090909091,27.359090909090895,1,1,0.5,,-27.35909090909089,0.0,,-1703.0,1703.0,0.0,0,0,0,0,0,0,0,0,0,1
709753,2026-05-01,West Bengal,1010.0,1107.0,850.71,95.8,Hindustan Petroleum Corporation Limited,False,1277.0,0.0,76.84823848238483,76.84823848238483,18.951761517615168,1,1,0.7999999999999972,,-18.951761517615168,0.0,,-1277.0,1277.0,0.0,0,0,0,0,0,0,0,0,0,0
709754,2026-05-01,Assam,156.36,156.36,104.75,77.0,Hindustan Petroleum Corporation Limited,False,1157.0,0.0,66.99283704272192,66.99283704272192,10.007162957278084,0,1,1.5,,-10.007162957278084,0.0,,-1157.0,1157.0,0.0,0,0,0,0,0,0,0,0,0,0
709755,2026-05-01,Assam,384.04,384.04,230.16,84.2,Hindustan Petroleum Corporation Limited [HPCL],False,1157.0,0.0,59.93125716071243,59.93125716071243,24.268742839287576,0,1,1.7999999999999972,,-24.268742839287576,0.0,,-1157.0,1157.0,0.0,0,0,0,0,0,0,0,0,0,0
709759,2026-05-01,Rajasthan,461.05,461.05,230.91,94.3,Hindustan Petroleum Corporation Limited [HPCL],False,882.0,0.0,50.083505042837,50.083505042837,44.216494957163,0,1,4.5,,-44.216494957163,0.0,,-882.0,882.0,0.0,0,0,0,0,0,0,0,0,0,0
709770,2026-05-01,Punjab,151.0,151.0,8.87,2.0,MinistryofPetroleumNaturalGas,False,1522.0,0.0,5.874172185430463,5.874172185430463,-3.8741721854304627,0,1,0.0,,3.874172185430463,0.0,,-1522.0,1522.0,0.0,0,0,0,0,1,0,0,0,0,0
709771,2026-05-01,Maharashtra,865.0,865.0,81.42,3.4,MinistryofPetroleumNaturalGas,False,1522.0,0.0,9.41271676300578,9.41271676300578,-6.0127167630057805,0,1,0.0,,6.0127167630057805,0.0,,-1522.0,1522.0,0.0,0,0,0,0,1,0,0,0,0,0
709772,2026-05-01,West Bengal,609.0,609.0,62.44,2.8,MinistryofPetroleumNaturalGas,False,1522.0,0.0,10.25287356321839,10.25287356321839,-7.4528735632183905,0,1,0.0,,7.4528735632183905,0.0,,-1522.0,1522.0,0.0,0,0,0,0,1,0,0,0,0,0
709773,2026-05-01,"Jammu andKashmir",538.0,538.0,4.3,0.6,MinistryofPetroleumNaturalGas,False,1522.0,0.0,0.7992565055762081,0.7992565055762081,-0.1992565055762081,0,1,0.0,,0.1992565055762081,0.0,,-1522.0,1522.0,0.0,0,0,0,0,1,0,0,0,0,0
709774,2026-05-01,Karnataka,463.0,500.62,318.32,84.4,Ministry of Petroleum & Natural Gas,False,1581.0,0.0,63.58515440853342,63.58515440853342,20.814845591466586,1,1,1.4000000000000057,,-20.814845591466582,0.0,,-1581.0,1581.0,0.0,0,0,0,0,0,0,0,0,0,0
709776,2026-05-01,Assam,277.0,323.09,231.08,82.9,MinistryofPetroleumNaturalGas,False,1491.0,0.0,71.52186697205114,71.52186697205114,11.378133027948863,1,1,1.7000000000000028,,-11.378133027948865,0.0,,-1491.0,1491.0,0.0,0,0,0,0,0,0,0,0,0,0
709777,2026-05-01,Bihar,389.35,340.0,121.63,62.9,MinistryofPetroleumNaturalGas,False,1581.0,0.0,35.773529411764706,35.773529411764706,27.126470588235293,1,1,2.1000000000000014,,-27.126470588235293,0.0,,-1581.0,1581.0,0.0,0,0,0,0,0,0,0,0,0,1
709778,2026-05-01,Gujarat,328.29,344.36,217.88,85.8,MinistryofPetroleumNaturalGas,False,1581.0,0.0,63.27099546985713,63.27099546985713,22.52900453014287,1,1,1.7000000000000028,,-22.52900453014287,0.0,,-1581.0,1581.0,0.0,0,0,0,0,0,0,0,0,0,1
709779,2026-05-01,Assam,768.0,740.0,183.47,57.5,MinistryofPetroleumNaturalGas,False,1430.0,0.0,24.793243243243243,24.793243243243243,32.70675675675676,1,1,1.5,,-32.70675675675676,0.0,,-1430.0,1430.0,0.0,0,0,0,0,0,0,0,0,0,1
709780,2026-05-01,Maharashtra,341.43,436.14,304.75,71.7,MinistryofPetroleumNaturalGas,False,1491.0,0.0,69.87435227220618,69.87435227220618,1.8256477277938217,1,1,0.7999999999999972,,-1.8256477277938217,0.0,,-1491.0,1491.0,0.0,0,0,0,0,0,0,0,0,0,0
709781,2026-05-01,Uttar Pradesh,260.12,260.12,22.37,53.4,MinistryofPetroleumNaturalGas,True,1491.0,0.0,8.599876979855452,8.599876979855452,44.80012302014455,0,1,1.1000000000000014,,-44.80012302014455,0.0,,-1491.0,1491.0,0.0,0,0,0,0,0,0,0,0,0,0
709783,2026-05-01,Haryana,165.13,247.69,178.19,88.2,MinistryofPetroleumNaturalGas,False,1977.0,0.0,71.94073236707175,71.94073236707175,16.259267632928257,1,1,1.1000000000000083,,-16.259267632928257,0.0,,-1977.0,1977.0,0.0,0,0,0,0,0,0,0,0,0,0
709785,2026-05-01,Jharkhand,202.07,202.07,64.83,57.8,MinistryofPetroleumNaturalGas,False,1185.0,0.0,32.08294155490671,32.08294155490671,25.717058445093286,0,1,1.2999999999999972,,-25.717058445093286,0.0,,-1185.0,1185.0,0.0,0,0,0,0,0,0,0,0,0,0
709786,2026-05-01,Nagaland,227.62,227.62,26.6,41.2,MinistryofPetroleumNaturalGas,False,1004.0,0.0,11.686143572621036,11.686143572621036,29.51385642737897,0,1,0.2000000000000028,,-29.51385642737897,0.0,,-1004.0,1004.0,0.0,0,0,0,0,0,0,0,0,0,0
709792,2026-05-01,Bihar,3638.0,3638.0,478.23,33.4,Bharat Petroleum Corporation Limited [BPCL],False,1247.0,0.0,13.145409565695438,13.145409565695438,20.25459043430456,0,1,0.1000000000000014,,-20.25459043430456,0.0,,-1247.0,1247.0,0.0,0,0,0,0,0,0,0,0,0,0
709793,2026-05-01,Bihar,3919.0,3919.0,514.44,30.2,Bharat Petroleum Corporation Limited [BPCL],False,1247.0,0.0,13.12681806583312,13.12681806583312,17.07318193416688,0,1,0.0999999999999978,,-17.07318193416688,0.0,,-1247.0,1247.0,0.0,0,0,0,0,0,0,0,0,0,0
709794,2026-05-01,"Multi-States(Punjab,Rajasthan)",3207.0,3207.0,418.05,30.9,Bharat Petroleum Corporation Limited [BPCL],False,1247.0,0.0,13.0355472404116,13.0355472404116,17.8644527595884,0,1,0.0999999999999978,,-17.8644527595884,0.0,,-1247.0,1247.0,0.0,0,0,0,0,0,0,0,0,0,0
709795,2026-05-01,Uttar Pradesh,16654.0,16654.0,723.54,18.4,Bharat Petroleum Corporation Limited [BPCL],False,1247.0,0.0,4.3445418518073735,4.3445418518073735,14.055458148192624,0,1,0.5,,-14.055458148192624,0.0,,-1247.0,1247.0,0.0,0,0,0,0,0,0,0,0,0,0
709796,2026-05-01,Tamil Nadu,3685.0,3685.0,295.61,25.5,Bharat Petroleum Corporation Limited [BPCL],False,1247.0,0.0,8.021981004070557,8.021981004070557,17.478018995929443,0,1,0.1000000000000014,,-17.478018995929443,0.0,,-1247.0,1247.0,0.0,0,0,0,0,0,0,0,0,0,0
709797,2026-05-01,Maharashtra,2585.0,2585.0,1349.7,83.0,Bharat Petroleum Corporation Limited [BPCL],False,1096.0,0.0,52.212765957446805,52.212765957446805,30.787234042553195,0,1,2.4000000000000057,,-30.787234042553195,0.0,,-1096.0,1096.0,0.0,0,0,0,0,0,0,0,0,0,0
709798,2026-05-01,Madhya Pradesh,43367.0,43367.0,5115.7,27.9,MinistryofPetroleumNaturalGas,False,1096.0,0.0,11.796296723314963,11.796296723314963,16.103703276685035,0,1,2.3999999999999986,,-16.103703276685035,0.0,,-1096.0,1096.0,0.0,0,0,0,0,0,0,0,0,0,0
709799,2026-05-01,Kerala,4460.0,4850.0,844.85,36.2,MinistryofPetroleumNaturalGas,False,882.0,0.0,17.41958762886598,17.41958762886598,18.780412371134023,1,1,4.0,,-18.780412371134023,0.0,,-882.0,882.0,0.0,0,0,0,0,0,0,0,0,0,0
709800,2026-05-01,Odisha,393.54,393.54,228.19,82.6,MinistryofPetroleumNaturalGas,False,1856.0,0.0,57.983940641357925,57.983940641357925,24.61605935864207,0,1,1.6999999999999886,,-24.61605935864207,0.0,,-1856.0,1856.0,0.0,0,0,0,0,0,0,0,0,0,0
709811,2026-05-01,Odisha,190.0,189.93,3.4,5.0,East Coast Railway [ECoR] - II,False,365.0,973.0,1.7901332069709892,1.7901332069709892,3.209866793029011,1,1,0.0,-32.51284686536485,-3.209866793029011,0.0,0.3751284686536485,608.0,365.0,973.0,1,1,1,0,1,0,0,0,0,0
709812,2026-05-01,Gujarat,461.91,461.91,186.9,8.0,Railway,False,943.0,518.0,40.46242774566473,40.46242774566473,-32.46242774566473,0,1,0.0,-174.04633204633203,32.46242774566473,0.0,1.8204633204633205,-425.0,943.0,518.0,1,1,1,0,1,1,1,1,1,0
709813,2026-05-01,Gujarat,437.21,437.21,117.95,22.0,Western Railway [WR] - II,True,304.0,1004.0,26.977882482102423,26.977882482102423,-4.977882482102423,0,1,1.0,-8.278884462151396,4.977882482102423,0.0,0.3027888446215139,700.0,304.0,1004.0,0,0,0,0,0,0,0,0,0,0
709815,2026-05-01,Chhattisgarh,177.03,177.03,12.3,18.0,SECR,False,730.0,608.0,6.947974919505169,6.947974919505169,11.05202508049483,0,1,2.0,-102.0657894736842,-11.05202508049483,0.0,1.200657894736842,-122.0,730.0,608.0,1,1,1,0,0,1,0,0,0,0
709816,2026-05-01,Chhattisgarh,177.34,177.34,3.42,9.0,SECR,False,730.0,608.0,1.9284989286117062,1.9284989286117062,7.071501071388294,0,1,2.0,-111.0657894736842,-7.071501071388294,0.0,1.200657894736842,-122.0,730.0,608.0,1,1,1,0,0,1,0,0,0,1
709818,2026-05-01,Chhattisgarh,328.34,328.34,87.49,35.0,SECR,False,730.0,608.0,26.646159468843273,26.646159468843273,8.353840531156727,0,1,2.0,-85.0657894736842,-8.353840531156727,0.0,1.200657894736842,-122.0,730.0,608.0,1,1,1,0,0,1,0,0,0,1
709819,2026-05-01,Chhattisgarh,167.64,167.64,26.52,10.0,SECR,False,365.0,973.0,15.819613457408735,15.819613457408735,-5.819613457408735,0,1,2.0,-27.51284686536485,5.819613457408735,0.0,0.3751284686536485,608.0,365.0,973.0,1,1,0,0,0,0,0,0,0,0
709826,2026-05-01,Chhattisgarh,2718.84,2718.84,1534.42,82.63,National Mineral Development Corporation Limited [NMDC],False,1673.0,4656.0,56.436568536581774,56.436568536581774,26.19343146341822,0,1,0.4599999999999937,46.69786941580755,-26.19343146341822,0.0,0.3593213058419244,2983.0,1673.0,4656.0,0,0,0,0,0,0,0,0,0,1
709831,2026-05-01,Odisha,483.0,483.0,446.16,93.0,National Aluminium Company Limited [NALCO],False,2373.0,730.0,92.37267080745342,92.37267080745342,0.6273291925465827,0,1,0.6500000000000057,-107.0,-0.6273291925465827,0.0,2.0,-1643.0,2373.0,730.0,1,1,1,0,0,0,0,0,0,1
709837,2026-05-01,Tripura,209.33,131.51,79.98,69.0,Oil and Natural Gas Corporation Limited [ONGC],False,1522.0,0.0,60.81666793399742,60.81666793399742,8.183332066002578,1,1,0.0999999999999943,,-8.183332066002578,0.0,,-1522.0,1522.0,0.0,0,0,0,0,0,0,0,0,0,0
709838,2026-05-01,Gujarat,621.4,739.02,232.14,45.2,Oil and Natural Gas Corporation Limited [ONGC],False,1581.0,0.0,31.4118697734838,31.4118697734838,13.788130226516202,1,1,3.200000000000003,,-13.788130226516202,0.0,,-1581.0,1581.0,0.0,0,0,0,0,0,0,0,0,0,0
709839,2026-05-01,Offshore,4144.41,6406.9,6140.56,99.9,Oil and Natural Gas Corporation Limited [ONGC],False,1430.0,0.0,95.84291935257302,95.84291935257302,4.057080647426986,1,1,0.0,,-4.057080647426986,0.0,,-1430.0,1430.0,0.0,0,0,0,0,1,0,0,0,0,1
709840,2026-05-01,Gujarat,249.43,249.43,217.49,97.3,Oil and Natural Gas Corporation Limited [ONGC],False,1461.0,0.0,87.19480415346992,87.19480415346992,10.10519584653008,0,1,0.2000000000000028,,-10.10519584653008,0.0,,-1461.0,1461.0,0.0,0,0,0,0,0,0,0,0,0,0
709841,2026-05-01,Gujarat,173.03,169.84,164.89,94.2,Oil and Natural Gas Corporation Limited [ONGC],False,1765.0,0.0,97.08549222797926,97.08549222797926,-2.885492227979256,1,1,0.7000000000000028,,2.885492227979256,0.0,,-1765.0,1765.0,0.0,0,0,0,0,0,0,0,0,0,1
709842,2026-05-01,Gujarat,1487.41,1487.41,940.5,64.0,Oil and Natural Gas Corporation Limited [ONGC],False,1369.0,0.0,63.23071648032486,63.23071648032486,0.7692835196751417,0,1,0.0,,-0.7692835196751417,0.0,,-1369.0,1369.0,0.0,0,0,0,0,1,0,0,0,0,0
709845,2026-05-01,Gujarat,837.34,837.34,449.47,68.8,Oil and Natural Gas Corporation Limited [ONGC],False,1277.0,0.0,53.67831466309981,53.67831466309981,15.121685336900185,0,1,1.0999999999999943,,-15.121685336900184,0.0,,-1277.0,1277.0,0.0,0,0,0,0,0,0,0,0,0,0
709847,2026-05-01,Assam,481.03,481.03,235.68,54.7,Ministry of Petroleum & Natural Gas,False,1216.0,0.0,48.994865185123594,48.994865185123594,5.705134814876409,0,1,0.6000000000000014,,-5.705134814876409,0.0,,-1216.0,1216.0,0.0,0,0,0,0,0,0,0,0,0,0
709848,2026-05-01,Offshore,2329.45,2354.23,1923.61,95.4,Ministry of Petroleum & Natural Gas,False,1430.0,0.0,81.70866907651333,81.70866907651333,13.691330923486674,1,1,2.700000000000003,,-13.691330923486674,0.0,,-1430.0,1430.0,0.0,0,0,0,0,0,0,0,0,0,0
709849,2026-05-01,Offshore,2379.84,3165.53,2923.49,98.7,Ministry of Petroleum & Natural Gas,False,699.0,0.0,92.35388702681698,92.35388702681698,6.3461129731830255,1,1,1.1000000000000083,,-6.3461129731830255,0.0,,-699.0,699.0,0.0,0,0,0,0,0,0,0,0,0,0
709850,2026-05-01,Assam,198.7,198.7,103.56,60.4,Ministry of Petroleum & Natural Gas,False,973.0,0.0,52.11877201811777,52.11877201811777,8.281227981882232,0,1,4.699999999999996,,-8.281227981882232,0.0,,-973.0,973.0,0.0,0,0,0,0,0,0,0,0,0,0
709851,2026-05-01,Offshore,6183.79,6183.79,1722.0,42.7,Ministry of Petroleum & Natural Gas,False,1096.0,0.0,27.846999978977294,27.846999978977294,14.853000021022709,0,1,2.3000000000000043,,-14.853000021022709,0.0,,-1096.0,1096.0,0.0,0,0,0,0,0,0,0,0,0,1
709856,2026-05-01,PAN India,645.13,645.13,377.59,92.1,BSNL,False,1096.0,0.0,58.52928867050051,58.52928867050051,33.57071132949948,0,1,0.0,,-33.57071132949948,0.0,,-1096.0,1096.0,0.0,0,0,0,0,1,0,0,0,0,1
709857,2026-05-01,PAN India,24544.55,24544.5,8472.04,98.34,BSNL,False,1065.0,31.0,34.51706084866263,34.51706084866263,63.82293915133737,1,1,,-101.66,-63.82293915133737,,2.0,-1034.0,1065.0,31.0,1,1,1,0,0,0,0,0,0,1
709859,2026-05-01,Delhi,248.2,248.2,237.39,98.0,National Communication Academy - Finance [Erstwhile NICF],False,2952.0,1278.0,95.64464141821112,95.64464141821112,2.3553585817888774,0,1,0.0,-102.0,-2.3553585817888774,0.0,2.0,-1674.0,2952.0,1278.0,1,1,1,0,1,0,0,0,0,0
709864,2026-05-01,Assam,370.0,370.0,299.25,78.6,NRL,False,1734.0,0.0,80.87837837837839,80.87837837837839,-2.2783783783783917,0,1,2.299999999999997,,2.278378378378392,0.0,,-1734.0,1734.0,0.0,0,0,0,0,0,0,0,0,0,1
709865,2026-05-01,Assam,293.5,293.5,81.84,99.0,NRL,False,1126.0,0.0,27.884156729131178,27.884156729131178,71.11584327086882,0,1,0.0,,-71.11584327086882,0.0,,-1126.0,1126.0,0.0,0,0,0,0,1,0,0,0,0,0
900874,2026-05-01,Bihar,588.18,588.18,2.38,0.1,East Central Railway [ECR] - I,False,1157.0,0.0,0.40463803597538167,0.40463803597538167,-0.30463803597538164,0,1,0.0,,0.3046380359753816,0.0,,-1157.0,1157.0,0.0,0,0,0,0,1,0,0,0,0,0
