project_id,project_name,ministry,sector,state,implementing_agency,original_cost,revised_cost,cumulative_expenditure,planned_duration_months,elapsed_months,expected_delay_months,physical_progress,expected_progress,financial_progress,previous_physical_progress,progress_change,previous_expenditure,expenditure_change,total_milestones,completed_milestones,delayed_milestones,progress_gap,cost_overrun_percent,time_overrun_percent,cost_overrun,time_overrun,risk_score,risk_level
PRJ-00001,Infrastructure Project 00001,Ministry of Jal Shakti,Mining,Gujarat,Infrastructure Development Authority,18820.82,20123.17,10683.23,47,5,0.0,14.98,10.64,53.2,11.78,3.2,10608.45,74.78,25,11,1,-4.34,6.92,0.0,0,0,5.86,Low
PRJ-00002,Infrastructure Project 00002,Ministry of Road Transport,Communication,Maharashtra,Infrastructure Development Authority,25784.59,26302.54,21281.61,83,16,0.4,26.66,19.28,85.66,19.99,6.67,20728.19,553.42,25,14,0,-7.38,2.01,0.48,0,0,10.3,Low
PRJ-00003,Infrastructure Project 00003,Ministry of Road Transport,Communication,Telangana,Infrastructure Development Authority,37804.77,40214.7,16480.12,97,64,2.97,67.09,65.98,43.35,62.77,4.32,15029.66,1450.46,19,7,0,-1.11,6.37,3.06,0,0,12.55,Low
PRJ-00004,Infrastructure Project 00004,Ministry of Road Transport,Mining,Madhya Pradesh,State Government Agency,13908.56,14740.21,4197.87,86,13,6.55,4.59,15.12,31.79,0.0,4.59,3914.86,283.01,7,6,1,10.53,5.98,7.62,0,0,22.63,Low
PRJ-00005,Infrastructure Project 00005,Ministry of Housing,Steel,Uttar Pradesh,Infrastructure Development Authority,33491.74,36850.43,30488.93,26,3,0.0,17.81,11.54,79.66,14.3,3.51,29566.4,922.53,18,8,0,-6.27,10.03,0.0,1,0,8.31,Low
PRJ-00006,Infrastructure Project 00006,Ministry of Housing,Energy,Madhya Pradesh,Infrastructure Development Authority,28229.29,29022.58,23342.36,94,61,6.38,64.59,64.89,73.02,61.26,3.33,20249.69,3092.68,14,5,1,0.3,2.81,6.79,0,0,7.43,Low
PRJ-00007,Infrastructure Project 00007,Ministry of Jal Shakti,Transport & Logistics,Uttar Pradesh,Public Sector Undertaking,17911.45,19053.2,5598.31,93,74,0.0,100.0,79.57,26.05,98.25,1.75,5129.64,468.66,5,3,0,-20.43,6.37,0.0,0,0,6.53,Low
PRJ-00008,Infrastructure Project 00008,Ministry of Housing,Social Infrastructure,Rajasthan,Public Sector Undertaking,48128.0,50131.88,26953.48,25,30,1.63,100.0,100.0,59.48,98.1,1.9,24009.28,2944.19,6,1,0,0.0,4.16,6.52,0,0,12.34,Low
PRJ-00009,Infrastructure Project 00009,Ministry of Road Transport,Water & Sanitation,Telangana,Central Government Agency,31731.46,32591.95,2692.75,43,38,1.38,84.76,88.37,10.94,81.66,3.09,2314.39,378.36,23,6,0,3.62,2.71,3.22,0,0,7.68,Low
PRJ-00010,Infrastructure Project 00010,Ministry of Road Transport,Mining,Rajasthan,State Government Agency,5806.66,7328.41,1784.33,71,14,14.54,13.67,19.72,28.43,6.82,6.85,1676.07,108.27,27,2,0,6.05,26.21,20.48,1,1,35.06,Medium
PRJ-00011,Infrastructure Project 00011,Ministry of Communications,Water & Sanitation,Uttar Pradesh,Infrastructure Development Authority,46791.4,57017.89,47263.9,41,48,12.09,100.0,100.0,79.14,94.03,5.97,42658.27,4605.63,20,3,1,0.0,21.86,29.5,1,1,22.69,Low
PRJ-00012,Infrastructure Project 00012,Ministry of Road Transport,Mining,Uttar Pradesh,Infrastructure Development Authority,28480.18,34879.75,12712.91,77,10,11.22,11.68,12.99,39.58,9.43,2.25,12666.54,46.37,5,0,0,1.31,22.47,14.57,1,1,19.85,Low
PRJ-00013,Infrastructure Project 00013,Ministry of Steel,Steel,Maharashtra,State Government Agency,47031.86,53497.39,15276.67,108,34,2.77,36.95,31.48,31.71,36.17,0.78,13867.38,1409.29,22,21,0,-5.47,13.75,2.57,1,0,22.44,Low
PRJ-00014,Infrastructure Project 00014,Ministry of Railways,Steel,Tamil Nadu,Public Sector Undertaking,25988.73,28421.39,8096.5,49,37,6.52,60.76,75.51,20.68,55.38,5.38,7697.97,398.53,11,11,4,14.75,9.36,13.31,0,1,43.81,Medium
PRJ-00015,Infrastructure Project 00015,Ministry of Communications,Water & Sanitation,Telangana,Public Sector Undertaking,43041.17,49546.51,40737.22,91,8,12.3,0.0,8.79,82.3,0.0,0.0,35878.16,4859.05,19,15,1,8.79,15.11,13.52,1,1,24.27,Low
PRJ-00016,Infrastructure Project 00016,Ministry of Coal,Steel,Uttar Pradesh,Public Sector Undertaking,4061.05,4270.0,1068.33,71,3,15.31,4.83,4.23,31.35,4.71,0.12,1049.73,18.6,27,25,0,-0.6,5.15,21.56,0,1,15.31,Low
PRJ-00017,Infrastructure Project 00017,Ministry of Housing,Mining,Madhya Pradesh,Public Sector Undertaking,42794.71,45160.06,8515.45,117,103,11.81,70.69,88.03,24.67,65.42,5.27,8307.33,208.12,9,2,2,17.35,5.53,10.09,0,1,28.74,Low
PRJ-00018,Infrastructure Project 00018,Ministry of Railways,Coal,Maharashtra,State Government Agency,1471.59,1766.69,736.01,74,45,5.67,62.68,60.81,39.23,60.13,2.55,642.73,93.28,5,4,1,-1.87,20.05,7.66,1,0,23.76,Low
PRJ-00019,Infrastructure Project 00019,Ministry of Power,Transport & Logistics,Uttar Pradesh,Central Government Agency,14200.46,17669.85,12241.4,59,12,13.94,0.0,20.34,61.61,0.0,0.0,10882.77,1358.63,7,5,4,20.34,24.43,23.63,1,1,52.55,Medium
PRJ-00020,Infrastructure Project 00020,Ministry of Housing,Transport & Logistics,Madhya Pradesh,Central Government Agency,25336.83,25598.53,19821.09,99,11,4.82,7.66,11.11,83.05,5.96,1.7,17007.9,2813.19,24,14,0,3.45,1.03,4.87,0,0,17.09,Low
PRJ-00021,Infrastructure Project 00021,Ministry of Coal,Communication,Tamil Nadu,State Government Agency,46556.82,52405.99,11951.77,32,29,2.89,85.41,90.62,23.97,82.42,2.99,11287.3,664.47,9,7,0,5.21,12.56,9.02,1,0,16.41,Low
PRJ-00022,Infrastructure Project 00022,Ministry of Steel,Energy,Telangana,Central Government Agency,21297.47,23340.86,2218.38,115,74,1.26,66.3,64.35,5.37,63.3,3.0,2123.3,95.07,5,0,1,-1.95,9.59,1.1,0,0,15.2,Low
PRJ-00023,Infrastructure Project 00023,Ministry of Jal Shakti,Social Infrastructure,Bihar,Public Sector Undertaking,48498.46,50507.44,24904.38,43,20,8.36,38.56,46.51,46.53,31.35,7.21,24734.61,169.77,19,2,1,7.95,4.14,19.44,0,1,21.34,Low
PRJ-00024,Infrastructure Project 00024,Ministry of Road Transport,Energy,Odisha,Infrastructure Development Authority,9527.84,12106.03,10156.58,86,19,0.0,16.93,22.09,75.89,16.32,0.61,8723.69,1432.89,17,13,1,5.16,27.06,0.0,1,0,28.16,Low
PRJ-00025,Infrastructure Project 00025,Ministry of Coal,Steel,Karnataka,Public Sector Undertaking,43851.58,44943.39,37672.85,34,23,0.0,62.72,67.65,91.0,61.65,1.07,37595.59,77.26,21,2,1,4.93,2.49,0.0,0,0,6.97,Low
PRJ-00026,Infrastructure Project 00026,Ministry of Road Transport,Coal,Telangana,Central Government Agency,45671.31,47271.23,10117.76,24,21,4.87,78.09,87.5,18.05,74.1,3.99,9395.03,722.73,5,1,2,9.41,3.5,20.29,0,1,29.51,Low
PRJ-00027,Infrastructure Project 00027,Ministry of Road Transport,Mining,Telangana,Public Sector Undertaking,4557.15,6020.27,3380.31,98,53,24.13,43.88,54.08,60.16,39.45,4.44,3334.17,46.14,6,5,1,10.2,32.11,24.62,1,1,42.8,Medium
PRJ-00028,Infrastructure Project 00028,Ministry of Housing,Transport & Logistics,Gujarat,Infrastructure Development Authority,31161.02,38641.33,32227.88,76,68,14.54,91.19,89.47,76.2,90.16,1.03,31608.88,619.0,20,14,0,-1.71,24.01,19.13,1,1,17.96,Low
PRJ-00029,Infrastructure Project 00029,Ministry of Communications,Mining,Andhra Pradesh,State Government Agency,23776.99,25598.82,6985.21,84,24,5.5,14.35,28.57,26.33,8.82,5.52,6944.02,41.19,6,1,0,14.22,7.66,6.55,0,0,24.11,Low
PRJ-00030,Infrastructure Project 00030,Ministry of Coal,Energy,Odisha,Public Sector Undertaking,18957.71,25622.88,6121.13,51,25,5.8,60.37,49.02,25.15,54.66,5.71,5299.18,821.95,18,18,0,-11.35,35.16,11.37,1,1,44.65,Medium
PRJ-00031,Infrastructure Project 00031,Ministry of Jal Shakti,Water & Sanitation,Odisha,Central Government Agency,26700.97,31343.73,6869.24,113,46,8.03,31.07,40.71,15.95,26.4,4.67,6110.03,759.21,29,14,2,9.63,17.39,7.1,1,0,36.55,Medium
PRJ-00032,Infrastructure Project 00032,Ministry of Power,Communication,Tamil Nadu,Public Sector Undertaking,16971.72,20815.09,16588.66,76,24,15.98,18.65,31.58,73.4,17.95,0.7,14583.42,2005.23,20,10,0,12.92,22.65,21.02,1,1,32.59,Low
PRJ-00033,Infrastructure Project 00033,Ministry of Coal,Coal,Andhra Pradesh,State Government Agency,13006.46,15410.71,4222.28,67,7,6.99,2.44,10.45,22.39,0.5,1.94,4149.55,72.73,23,19,0,8.01,18.49,10.43,1,1,17.85,Low
PRJ-00034,Infrastructure Project 00034,Ministry of Road Transport,Social Infrastructure,Telangana,Infrastructure Development Authority,24134.83,25310.33,21310.5,36,42,1.58,100.0,100.0,88.0,95.23,4.77,19803.07,1507.43,9,8,0,0.0,4.87,4.39,0,0,0.0,Low
PRJ-00035,Infrastructure Project 00035,Ministry of Railways,Transport & Logistics,Maharashtra,Infrastructure Development Authority,20514.64,20714.32,13986.55,34,43,0.0,100.0,100.0,70.71,98.11,1.89,12656.94,1329.61,7,4,0,0.0,0.97,0.0,0,0,1.46,Low
PRJ-00036,Infrastructure Project 00036,Ministry of Jal Shakti,Steel,Uttar Pradesh,Infrastructure Development Authority,22679.64,25791.34,13204.88,40,35,7.33,89.33,87.5,39.5,85.88,3.45,12545.66,659.22,25,18,1,-1.83,13.72,18.31,1,1,26.24,Low
PRJ-00037,Infrastructure Project 00037,Ministry of Railways,Water & Sanitation,Gujarat,State Government Agency,37111.83,40094.17,24908.56,28,12,6.03,48.14,42.86,59.58,41.77,6.38,24348.42,560.13,19,14,1,-5.29,8.04,21.53,0,1,22.85,Low
PRJ-00038,Infrastructure Project 00038,Ministry of Housing,Social Infrastructure,Bihar,State Government Agency,28340.59,29159.39,6761.5,46,49,2.77,100.0,100.0,15.68,95.11,4.89,6743.13,18.37,17,17,0,0.0,2.89,6.01,0,0,20.11,Low
PRJ-00039,Infrastructure Project 00039,Ministry of Power,Coal,Maharashtra,State Government Agency,7754.07,10908.87,8622.97,46,3,15.24,19.21,6.52,81.67,16.53,2.68,7584.52,1038.45,25,20,0,-12.69,40.69,33.14,1,1,42.3,Medium
PRJ-00040,Infrastructure Project 00040,Ministry of Steel,Communication,Bihar,Central Government Agency,17445.62,17712.25,7947.38,93,90,6.89,87.75,96.77,47.1,84.07,3.67,7283.02,664.37,15,4,1,9.03,1.53,7.4,0,0,15.52,Low
PRJ-00041,Infrastructure Project 00041,Ministry of Steel,Coal,Gujarat,State Government Agency,15084.86,16268.89,6907.54,72,47,9.51,57.36,65.28,43.63,53.09,4.28,6409.07,498.47,23,13,0,7.91,7.85,13.21,0,1,28.88,Low
PRJ-00042,Infrastructure Project 00042,Ministry of Road Transport,Steel,Karnataka,State Government Agency,5283.63,6017.78,2835.95,110,57,7.35,41.96,51.82,43.27,37.92,4.04,2582.82,253.13,12,6,0,9.85,13.89,6.68,1,0,17.62,Low
PRJ-00043,Infrastructure Project 00043,Ministry of Coal,Communication,Maharashtra,Public Sector Undertaking,44389.91,56550.63,39329.84,39,6,0.0,8.18,15.38,72.99,7.2,0.98,34159.28,5170.56,22,6,0,7.2,27.4,0.0,1,0,22.51,Low
PRJ-00044,Infrastructure Project 00044,Ministry of Housing,Transport & Logistics,Maharashtra,State Government Agency,45544.61,45751.12,32690.26,60,40,0.0,76.68,66.67,72.28,68.8,7.88,30380.37,2309.89,25,19,0,-10.01,0.45,0.0,0,0,0.0,Low
PRJ-00045,Infrastructure Project 00045,Ministry of Communications,Social Infrastructure,Odisha,Public Sector Undertaking,25696.01,30229.83,11709.92,49,31,1.04,56.52,63.27,40.78,51.31,5.21,10252.49,1457.43,15,8,2,6.75,17.64,2.12,1,0,12.82,Low
PRJ-00046,Infrastructure Project 00046,Ministry of Housing,Water & Sanitation,Tamil Nadu,Public Sector Undertaking,6973.75,9052.47,3485.35,115,64,7.73,52.0,55.65,37.38,44.67,7.32,3108.13,377.22,26,3,1,3.65,29.81,6.72,1,0,32.27,Low
PRJ-00047,Infrastructure Project 00047,Ministry of Jal Shakti,Communication,Gujarat,Public Sector Undertaking,19922.97,20655.94,15019.48,96,28,0.0,26.36,29.17,67.99,25.75,0.61,14844.28,175.2,12,10,1,2.81,3.68,0.0,0,0,19.27,Low
PRJ-00048,Infrastructure Project 00048,Ministry of Communications,Water & Sanitation,Odisha,Central Government Agency,411.9,483.15,291.07,70,14,9.7,16.11,20.0,64.41,14.11,2.0,269.7,21.37,12,4,1,3.89,17.3,13.85,1,1,24.72,Low
PRJ-00049,Infrastructure Project 00049,Ministry of Coal,Energy,Gujarat,Central Government Agency,47211.36,52638.64,41559.1,82,89,11.01,100.0,100.0,85.69,97.08,2.92,38063.91,3495.19,24,9,1,0.0,11.5,13.43,1,1,20.93,Low
PRJ-00050,Infrastructure Project 00050,Ministry of Communications,Coal,Rajasthan,Central Government Agency,26583.72,27217.97,15768.03,36,20,0.0,61.39,55.56,58.34,53.88,7.51,13878.74,1889.29,16,2,0,-5.84,2.39,0.0,0,0,9.85,Low
PRJ-00051,Infrastructure Project 00051,Ministry of Housing,Transport & Logistics,Karnataka,Public Sector Undertaking,38394.34,51673.9,34343.44,48,41,13.6,79.96,85.42,70.39,74.24,5.72,31308.64,3034.8,21,13,0,5.45,34.59,28.34,1,1,34.84,Low
PRJ-00052,Infrastructure Project 00052,Ministry of Railways,Water & Sanitation,Maharashtra,Central Government Agency,2398.27,2867.78,737.55,93,41,18.07,29.74,44.09,26.55,24.88,4.86,680.83,56.72,29,7,1,14.34,19.58,19.43,1,1,37.14,Medium
PRJ-00053,Infrastructure Project 00053,Ministry of Communications,Transport & Logistics,West Bengal,Infrastructure Development Authority,11141.24,14922.44,11296.71,43,51,2.51,100.0,100.0,77.42,98.2,1.8,10917.45,379.26,22,16,0,0.0,33.94,5.85,1,0,19.82,Low
PRJ-00054,Infrastructure Project 00054,Ministry of Jal Shakti,Mining,Telangana,Central Government Agency,29067.3,33034.17,23045.06,63,27,0.0,43.7,42.86,74.18,39.73,3.97,22764.9,280.16,28,5,0,-0.84,13.65,0.0,1,0,4.14,Low
PRJ-00055,Infrastructure Project 00055,Ministry of Power,Coal,Telangana,State Government Agency,49575.05,59526.54,44144.55,56,8,11.14,9.22,14.29,68.31,1.78,7.44,43443.75,700.8,5,0,0,5.06,20.07,19.9,1,1,21.85,Low
PRJ-00056,Infrastructure Project 00056,Ministry of Housing,Mining,Gujarat,Infrastructure Development Authority,44099.61,50625.2,11790.61,62,33,0.0,60.12,53.23,26.55,59.2,0.93,11124.39,666.22,6,5,0,-6.9,14.8,0.0,1,0,3.81,Low
PRJ-00057,Infrastructure Project 00057,Ministry of Power,Energy,Maharashtra,Public Sector Undertaking,5482.98,6070.57,4829.88,116,24,6.34,20.79,20.69,80.23,18.02,2.77,4380.04,449.84,22,11,1,-0.1,10.72,5.47,1,0,7.08,Low
PRJ-00058,Infrastructure Project 00058,Ministry of Coal,Water & Sanitation,Rajasthan,Infrastructure Development Authority,48678.43,54397.27,23984.55,74,77,3.9,100.0,100.0,36.85,98.69,1.31,21125.08,2859.47,18,3,0,0.0,11.75,5.27,1,0,2.57,Low
PRJ-00059,Infrastructure Project 00059,Ministry of Housing,Transport & Logistics,West Bengal,Infrastructure Development Authority,4256.7,4518.47,1788.72,44,49,12.79,96.41,100.0,44.08,94.57,1.84,1731.54,57.18,10,10,1,3.59,6.15,29.07,0,1,25.21,Low
PRJ-00060,Infrastructure Project 00060,Ministry of Steel,Steel,Uttar Pradesh,Public Sector Undertaking,18521.04,20915.75,14040.27,102,29,6.67,29.96,28.43,68.11,23.58,6.37,13026.16,1014.11,7,7,1,-1.52,12.93,6.54,1,0,18.69,Low
PRJ-00061,Infrastructure Project 00061,Ministry of Housing,Water & Sanitation,Tamil Nadu,State Government Agency,34325.43,35917.49,9525.13,111,74,0.2,51.45,66.67,31.64,44.57,6.88,8410.9,1114.23,12,5,2,15.22,4.64,0.18,0,0,14.88,Low
PRJ-00062,Infrastructure Project 00062,Ministry of Housing,Water & Sanitation,Gujarat,State Government Agency,5380.77,6358.15,367.61,25,3,0.99,6.05,12.0,10.38,5.72,0.33,330.64,36.97,5,1,1,5.95,18.16,3.94,1,0,28.55,Low
PRJ-00063,Infrastructure Project 00063,Ministry of Road Transport,Social Infrastructure,Gujarat,Public Sector Undertaking,1724.57,2363.4,759.97,30,13,4.53,48.67,43.33,40.58,43.92,4.75,685.84,74.13,26,2,0,-5.33,37.04,15.11,1,1,28.53,Low
PRJ-00064,Infrastructure Project 00064,Ministry of Road Transport,Coal,Karnataka,State Government Agency,16551.52,17549.46,3147.29,93,20,6.7,27.74,21.51,15.87,26.11,1.63,2750.51,396.77,28,2,2,-6.24,6.03,7.21,0,0,7.72,Low
PRJ-00065,Infrastructure Project 00065,Ministry of Housing,Social Infrastructure,Uttar Pradesh,State Government Agency,20882.98,23193.59,11240.55,74,38,3.96,46.39,51.35,52.47,44.7,1.69,10190.18,1050.37,8,2,2,4.96,11.06,5.35,1,0,20.88,Low
PRJ-00066,Infrastructure Project 00066,Ministry of Coal,Social Infrastructure,Uttar Pradesh,Infrastructure Development Authority,38833.61,52738.63,20063.09,61,43,14.23,60.41,70.49,36.23,52.65,7.76,19286.25,776.84,19,6,2,10.08,35.81,23.33,1,1,37.23,Medium
PRJ-00067,Infrastructure Project 00067,Ministry of Communications,Social Infrastructure,Telangana,Central Government Agency,29995.89,31131.64,9797.48,116,12,0.0,13.74,10.34,27.76,10.7,3.03,8907.57,889.91,9,0,0,-3.39,3.79,0.0,0,0,1.15,Low
PRJ-00068,Infrastructure Project 00068,Ministry of Railways,Mining,Andhra Pradesh,State Government Agency,39122.25,41185.47,3185.71,101,4,1.08,0.0,3.96,8.69,0.0,0.0,2995.82,189.89,5,5,0,3.96,5.27,1.07,0,0,8.38,Low
PRJ-00069,Infrastructure Project 00069,Ministry of Steel,Steel,Maharashtra,Central Government Agency,1016.38,1042.92,157.06,68,54,0.0,84.57,79.41,16.44,81.02,3.55,136.6,20.45,27,20,0,-5.15,2.61,0.0,0,0,4.74,Low
PRJ-00070,Infrastructure Project 00070,Ministry of Railways,Mining,Tamil Nadu,State Government Agency,41930.05,49740.41,25192.91,99,93,7.1,93.98,93.94,58.82,93.13,0.85,22706.95,2485.96,5,5,0,-0.04,18.63,7.17,1,0,10.46,Low
PRJ-00071,Infrastructure Project 00071,Ministry of Communications,Transport & Logistics,Telangana,Public Sector Undertaking,48862.13,63248.04,47613.91,27,21,6.04,80.37,77.78,74.53,76.01,4.36,47572.78,41.13,13,12,0,-2.59,29.44,22.36,1,1,28.57,Low
PRJ-00072,Infrastructure Project 00072,Ministry of Railways,Transport & Logistics,Telangana,Central Government Agency,19899.21,20471.53,4745.62,113,13,10.44,14.36,11.5,23.48,10.53,3.83,4727.37,18.25,14,4,1,-2.86,2.88,9.24,0,0,19.24,Low
PRJ-00073,Infrastructure Project 00073,Ministry of Housing,Social Infrastructure,Rajasthan,Public Sector Undertaking,20031.32,23388.98,14606.38,66,23,7.69,33.25,34.85,61.51,32.44,0.81,13541.85,1064.52,29,3,1,1.59,16.76,11.65,1,1,21.7,Low
PRJ-00074,Infrastructure Project 00074,Ministry of Housing,Communication,Rajasthan,Infrastructure Development Authority,15468.4,17326.78,4645.3,27,28,0.61,100.0,100.0,23.9,93.65,6.35,4516.23,129.07,16,12,0,0.0,12.01,2.25,1,0,8.74,Low
PRJ-00075,Infrastructure Project 00075,Ministry of Railways,Mining,Gujarat,Infrastructure Development Authority,4488.89,4531.09,2539.17,44,24,8.03,53.9,54.55,54.66,52.01,1.89,2241.89,297.28,19,9,1,0.64,0.94,18.26,0,1,18.42,Low
PRJ-00076,Infrastructure Project 00076,Ministry of Housing,Water & Sanitation,Madhya Pradesh,Central Government Agency,21273.35,22857.31,4215.15,56,57,0.0,100.0,100.0,22.11,99.53,0.47,4125.51,89.64,9,9,1,0.0,7.45,0.0,0,0,5.42,Low
PRJ-00077,Infrastructure Project 00077,Ministry of Steel,Transport & Logistics,Madhya Pradesh,Infrastructure Development Authority,33840.69,34865.35,24578.87,91,92,5.44,96.19,100.0,76.15,92.98,3.21,23225.97,1352.9,17,7,0,3.81,3.03,5.97,0,0,17.27,Low
PRJ-00078,Infrastructure Project 00078,Ministry of Coal,Social Infrastructure,West Bengal,State Government Agency,22204.14,23822.37,12488.87,90,46,0.0,41.24,51.11,42.67,36.6,4.64,12322.58,166.29,10,1,0,9.87,7.29,0.0,0,0,11.01,Low
PRJ-00079,Infrastructure Project 00079,Ministry of Steel,Coal,Maharashtra,Infrastructure Development Authority,26861.01,31765.74,21802.73,39,32,0.33,70.63,82.05,69.0,63.89,6.74,20098.99,1703.75,12,3,0,11.42,18.26,0.84,1,0,22.78,Low
PRJ-00080,Infrastructure Project 00080,Ministry of Steel,Water & Sanitation,Tamil Nadu,Infrastructure Development Authority,37800.23,38871.83,11370.11,89,87,0.22,91.9,97.75,30.22,84.91,6.99,11094.22,275.89,5,3,0,5.86,2.83,0.24,0,0,10.15,Low
PRJ-00081,Infrastructure Project 00081,Ministry of Road Transport,Communication,Uttar Pradesh,Public Sector Undertaking,42593.53,51287.72,35631.64,103,9,4.44,4.63,8.74,73.04,0.03,4.6,33069.62,2562.03,25,1,0,4.11,20.41,4.31,1,0,17.59,Low
PRJ-00082,Infrastructure Project 00082,Ministry of Railways,Communication,Madhya Pradesh,State Government Agency,44928.34,48419.27,7137.46,44,36,0.0,82.11,81.82,18.37,82.1,0.0,7118.52,18.94,17,12,0,-0.29,7.77,0.0,0,0,8.12,Low
PRJ-00083,Infrastructure Project 00083,Ministry of Communications,Mining,Uttar Pradesh,Central Government Agency,19415.07,20366.8,11112.09,102,75,0.0,71.45,73.53,56.07,70.95,0.5,10262.98,849.11,25,13,0,2.08,4.9,0.0,0,0,4.08,Low
PRJ-00084,Infrastructure Project 00084,Ministry of Railways,Steel,Odisha,Infrastructure Development Authority,30818.69,34057.47,25859.27,85,9,3.1,30.63,10.59,73.05,30.48,0.15,24851.49,1007.79,11,6,1,-20.05,10.51,3.65,1,0,0.0,Low
PRJ-00085,Infrastructure Project 00085,Ministry of Road Transport,Transport & Logistics,Uttar Pradesh,Infrastructure Development Authority,26835.21,29121.48,3741.12,49,6,0.0,16.68,12.24,17.91,13.54,3.14,3204.52,536.6,22,8,0,-4.43,8.52,0.0,0,0,12.43,Low
PRJ-00086,Infrastructure Project 00086,Ministry of Coal,Mining,Bihar,Central Government Agency,15873.03,16024.54,12361.48,44,30,8.09,73.85,68.18,71.18,67.96,5.9,11411.71,949.77,26,22,1,-5.67,0.95,18.38,0,1,13.05,Low
PRJ-00087,Infrastructure Project 00087,Ministry of Housing,Transport & Logistics,West Bengal,Public Sector Undertaking,37348.43,44063.73,15866.3,54,48,0.0,74.66,88.89,36.16,67.47,7.19,14004.03,1862.27,9,5,2,14.23,17.98,0.0,1,0,22.84,Low
PRJ-00088,Infrastructure Project 00088,Ministry of Housing,Energy,Madhya Pradesh,Central Government Agency,33417.42,39252.74,12080.91,59,14,0.0,23.19,23.73,33.47,22.17,1.02,11467.92,612.99,17,15,0,0.54,17.46,0.0,1,0,19.74,Low
PRJ-00089,Infrastructure Project 00089,Ministry of Housing,Coal,Madhya Pradesh,State Government Agency,18702.53,19214.93,2828.46,55,53,2.98,100.0,96.36,18.91,96.32,3.68,2471.23,357.23,7,6,1,-3.64,2.74,5.42,0,0,9.36,Low
PRJ-00090,Infrastructure Project 00090,Ministry of Communications,Coal,Gujarat,State Government Agency,32859.67,34280.78,6234.02,52,23,9.4,44.15,44.23,19.73,39.43,4.72,5758.65,475.37,19,11,0,0.08,4.32,18.08,0,1,26.18,Low
PRJ-00091,Infrastructure Project 00091,Ministry of Coal,Transport & Logistics,Rajasthan,Infrastructure Development Authority,34490.93,38040.16,2185.99,24,14,0.38,51.34,58.33,9.35,49.84,1.5,2069.46,116.53,14,4,1,6.99,10.29,1.57,1,0,26.04,Low
PRJ-00092,Infrastructure Project 00092,Ministry of Steel,Mining,Madhya Pradesh,Central Government Agency,410.7,425.96,72.03,93,58,0.0,62.41,62.37,13.52,61.31,1.1,64.87,7.16,19,19,0,-0.05,3.72,0.0,0,0,12.13,Low
PRJ-00093,Infrastructure Project 00093,Ministry of Road Transport,Steel,Gujarat,Public Sector Undertaking,1599.21,1862.5,853.19,26,26,0.31,97.31,100.0,50.93,95.15,2.16,747.6,105.59,24,23,0,2.69,16.46,1.2,1,0,17.34,Low
PRJ-00094,Infrastructure Project 00094,Ministry of Road Transport,Energy,Karnataka,Central Government Agency,34816.47,37108.31,23690.11,41,30,4.98,75.3,73.17,62.71,68.58,6.72,22326.15,1363.96,21,14,1,-2.13,6.58,12.14,0,1,8.5,Low
PRJ-00095,Infrastructure Project 00095,Ministry of Steel,Steel,Madhya Pradesh,Public Sector Undertaking,28342.67,33835.23,22874.83,42,44,0.48,100.0,100.0,71.08,94.35,5.65,20709.15,2165.69,9,0,1,0.0,19.38,1.14,1,0,14.28,Low
PRJ-00096,Infrastructure Project 00096,Ministry of Road Transport,Social Infrastructure,Rajasthan,Infrastructure Development Authority,45483.1,46547.45,12856.24,53,24,0.0,38.67,45.28,22.27,31.91,6.76,12339.16,517.09,18,15,0,6.62,2.34,0.0,0,0,1.67,Low
PRJ-00097,Infrastructure Project 00097,Ministry of Coal,Energy,Karnataka,Public Sector Undertaking,2468.05,2909.0,346.58,38,20,4.26,64.02,52.63,17.71,57.72,6.3,314.12,32.46,28,6,0,-11.39,17.87,11.21,1,1,19.24,Low
PRJ-00098,Infrastructure Project 00098,Ministry of Railways,Coal,Tamil Nadu,Public Sector Undertaking,7376.51,8033.25,6618.47,84,43,0.0,49.88,51.19,87.45,43.54,6.33,6073.6,544.87,26,16,0,1.31,8.9,0.0,0,0,0.0,Low
PRJ-00099,Infrastructure Project 00099,Ministry of Communications,Mining,Bihar,Central Government Agency,24312.11,27885.78,13562.13,111,113,13.98,95.27,100.0,49.28,89.2,6.07,12028.03,1534.1,14,6,2,4.73,14.7,12.6,1,1,28.73,Low
PRJ-00100,Infrastructure Project 00100,Ministry of Coal,Water & Sanitation,Andhra Pradesh,Infrastructure Development Authority,33032.52,37841.03,18783.7,89,27,3.56,22.98,30.34,45.62,19.8,3.18,18520.52,263.18,16,5,1,7.35,14.56,3.99,1,0,8.64,Low
PRJ-00101,Infrastructure Project 00101,Ministry of Jal Shakti,Transport & Logistics,Madhya Pradesh,Infrastructure Development Authority,9458.16,10250.96,5782.97,38,42,0.0,100.0,100.0,60.36,98.65,1.35,5343.13,439.84,10,2,1,0.0,8.38,0.0,0,0,8.0,Low
PRJ-00102,Infrastructure Project 00102,Ministry of Communications,Water & Sanitation,Madhya Pradesh,Infrastructure Development Authority,18280.1,23311.57,17145.64,32,14,0.0,52.89,43.75,79.29,51.56,1.33,14877.46,2268.18,5,4,0,-9.14,27.52,0.0,1,0,22.58,Low
PRJ-00103,Infrastructure Project 00103,Ministry of Railways,Mining,Karnataka,Infrastructure Development Authority,778.48,804.28,510.87,84,11,6.04,20.62,13.1,63.06,13.99,6.63,485.19,25.69,23,8,3,-7.52,3.31,7.19,0,0,0.0,Low
PRJ-00104,Infrastructure Project 00104,Ministry of Jal Shakti,Steel,Madhya Pradesh,Public Sector Undertaking,41325.01,45521.78,29546.42,80,25,0.0,41.2,31.25,66.77,38.6,2.6,26504.64,3041.78,9,0,2,-9.95,10.16,0.0,1,0,8.23,Low
PRJ-00105,Infrastructure Project 00105,Ministry of Power,Energy,Bihar,Public Sector Undertaking,42808.5,53295.5,24522.53,61,17,11.2,11.73,27.87,48.06,6.37,5.37,22461.02,2061.51,18,14,3,16.13,24.5,18.36,1,1,37.39,Medium
PRJ-00106,Infrastructure Project 00106,Ministry of Jal Shakti,Social Infrastructure,Madhya Pradesh,Public Sector Undertaking,23098.86,23830.48,9247.15,48,42,4.06,86.99,87.5,41.37,80.96,6.03,8130.68,1116.46,27,24,0,0.51,3.17,8.46,0,0,9.51,Low
PRJ-00107,Infrastructure Project 00107,Ministry of Railways,Transport & Logistics,Tamil Nadu,Central Government Agency,36374.55,39058.49,23940.86,84,38,8.57,38.16,45.24,64.57,37.64,0.52,20790.58,3150.28,5,2,1,7.08,7.38,10.21,0,1,27.51,Low
PRJ-00108,Infrastructure Project 00108,Ministry of Communications,Transport & Logistics,Gujarat,Public Sector Undertaking,49453.06,53325.84,14089.83,73,23,0.0,33.41,31.51,23.83,26.13,7.29,13108.26,981.57,13,7,2,-1.91,7.83,0.0,0,0,14.29,Low
PRJ-00109,Infrastructure Project 00109,Ministry of Road Transport,Social Infrastructure,Uttar Pradesh,State Government Agency,8366.51,9148.45,2171.36,99,47,12.19,27.38,47.47,27.77,25.47,1.91,2018.4,152.96,13,8,2,20.09,9.35,12.31,0,1,32.77,Low
PRJ-00110,Infrastructure Project 00110,Ministry of Road Transport,Transport & Logistics,Bihar,Central Government Agency,9925.47,9964.23,559.3,85,10,6.52,3.89,11.76,7.5,0.71,3.18,552.0,7.31,21,9,0,7.88,0.39,7.67,0,0,15.25,Low
PRJ-00111,Infrastructure Project 00111,Ministry of Communications,Communication,Maharashtra,Public Sector Undertaking,17359.37,23782.74,3690.87,69,47,0.61,52.95,68.12,13.1,50.89,2.06,3657.92,32.95,16,0,3,15.17,37.0,0.88,1,0,39.48,Medium
PRJ-00112,Infrastructure Project 00112,Ministry of Power,Social Infrastructure,Maharashtra,Central Government Agency,5857.21,6547.37,4261.96,99,17,4.65,26.89,17.17,66.13,19.9,6.99,3799.13,462.83,13,12,1,-9.72,11.78,4.7,1,0,16.28,Low
PRJ-00113,Infrastructure Project 00113,Ministry of Coal,Coal,Odisha,Public Sector Undertaking,3462.23,3562.44,1563.2,68,64,0.0,99.98,94.12,40.65,94.6,5.38,1498.63,64.57,27,20,1,-5.86,2.89,0.0,0,0,15.81,Low
PRJ-00114,Infrastructure Project 00114,Ministry of Jal Shakti,Water & Sanitation,Andhra Pradesh,State Government Agency,22404.01,25128.16,7666.44,71,34,11.78,28.69,47.89,25.69,28.49,0.2,6923.76,742.67,8,6,3,19.19,12.16,16.6,1,1,37.19,Medium
PRJ-00115,Infrastructure Project 00115,Ministry of Housing,Water & Sanitation,Odisha,State Government Agency,3724.84,3819.36,856.74,99,104,11.21,95.75,100.0,21.92,95.44,0.31,852.76,3.98,17,2,1,4.25,2.54,11.33,0,1,18.95,Low
PRJ-00116,Infrastructure Project 00116,Ministry of Coal,Water & Sanitation,Madhya Pradesh,State Government Agency,1314.1,1342.34,1093.65,58,8,7.78,12.86,13.79,81.38,8.6,4.26,1066.04,27.62,21,14,0,0.93,2.15,13.42,0,1,11.82,Low
PRJ-00117,Infrastructure Project 00117,Ministry of Housing,Coal,West Bengal,Infrastructure Development Authority,17905.85,20841.12,4960.81,34,41,0.0,100.0,100.0,11.15,92.05,7.95,4305.75,655.06,28,1,1,0.0,16.39,0.0,1,0,14.59,Low
PRJ-00118,Infrastructure Project 00118,Ministry of Railways,Communication,Tamil Nadu,Central Government Agency,31089.92,35397.48,8219.29,87,93,7.32,100.0,100.0,19.83,94.55,5.45,7643.8,575.49,17,10,0,0.0,13.86,8.41,1,0,17.93,Low
PRJ-00119,Infrastructure Project 00119,Ministry of Coal,Water & Sanitation,West Bengal,Infrastructure Development Authority,47463.24,49268.84,21832.72,98,35,0.0,51.21,35.71,50.28,45.09,6.12,19954.47,1878.25,15,0,1,-15.49,3.8,0.0,0,0,5.53,Low
PRJ-00120,Infrastructure Project 00120,Ministry of Road Transport,Mining,Gujarat,Infrastructure Development Authority,42720.0,58302.49,23825.62,36,33,8.72,93.62,91.67,52.06,88.47,5.16,20895.79,2929.83,26,21,1,-1.96,36.48,24.21,1,1,37.25,Medium
PRJ-00121,Infrastructure Project 00121,Ministry of Steel,Water & Sanitation,Gujarat,Infrastructure Development Authority,26499.62,27016.59,21604.43,83,75,8.26,89.83,90.36,75.87,86.57,3.26,20285.14,1319.3,6,6,0,0.53,1.95,9.95,0,0,8.08,Low
PRJ-00122,Infrastructure Project 00122,Ministry of Power,Coal,Madhya Pradesh,Central Government Agency,5683.26,5828.22,3588.26,83,68,0.0,76.25,81.93,65.93,68.82,7.43,3370.21,218.04,19,1,0,5.68,2.55,0.0,0,0,4.26,Low
PRJ-00123,Infrastructure Project 00123,Ministry of Steel,Communication,Karnataka,Infrastructure Development Authority,42135.2,43188.89,28404.87,54,19,4.24,36.32,35.19,76.03,32.11,4.21,26431.41,1973.45,14,7,0,-1.13,2.5,7.85,0,0,11.18,Low
PRJ-00124,Infrastructure Project 00124,Ministry of Communications,Mining,Maharashtra,Infrastructure Development Authority,14605.01,15210.86,2690.79,57,20,4.31,39.43,35.09,14.56,37.22,2.21,2405.44,285.35,13,0,1,-4.34,4.15,7.56,0,0,14.3,Low
PRJ-00125,Infrastructure Project 00125,Ministry of Jal Shakti,Water & Sanitation,West Bengal,Infrastructure Development Authority,340.42,399.67,106.44,50,36,11.27,61.05,72.0,22.89,60.71,0.34,97.42,9.01,19,11,2,10.95,17.4,22.55,1,1,36.53,Medium
PRJ-00126,Infrastructure Project 00126,Ministry of Housing,Energy,Gujarat,Infrastructure Development Authority,33841.01,36079.73,5544.75,91,49,16.39,42.37,53.85,3.24,35.44,6.93,5148.88,395.87,9,4,0,11.48,6.62,18.01,0,1,26.79,Low
PRJ-00127,Infrastructure Project 00127,Ministry of Jal Shakti,Communication,Karnataka,Infrastructure Development Authority,293.63,328.52,113.97,61,56,1.48,93.98,91.8,36.57,88.08,5.91,108.58,5.4,17,8,1,-2.18,11.88,2.43,1,0,8.89,Low
PRJ-00128,Infrastructure Project 00128,Ministry of Jal Shakti,Energy,Tamil Nadu,Central Government Agency,35703.36,36930.55,5141.09,33,12,1.28,27.77,36.36,13.53,24.06,3.71,4398.08,743.02,29,11,1,8.59,3.44,3.88,0,0,16.5,Low
PRJ-00129,Infrastructure Project 00129,Ministry of Jal Shakti,Mining,Andhra Pradesh,Central Government Agency,15696.41,16518.21,1049.87,82,49,5.12,58.73,59.76,12.58,56.95,1.79,948.79,101.08,10,4,0,1.02,5.24,6.25,0,0,9.23,Low
PRJ-00130,Infrastructure Project 00130,Ministry of Road Transport,Transport & Logistics,Andhra Pradesh,Public Sector Undertaking,32375.97,35421.8,3632.71,52,36,0.85,88.06,69.23,10.36,80.36,7.7,3591.52,41.2,27,7,1,-18.83,9.41,1.64,0,0,14.59,Low
PRJ-00131,Infrastructure Project 00131,Ministry of Road Transport,Energy,Karnataka,Infrastructure Development Authority,9912.28,10666.22,7454.61,91,97,3.41,100.0,100.0,74.83,94.34,5.66,7385.06,69.56,21,21,1,0.0,7.61,3.75,0,0,8.26,Low
PRJ-00132,Infrastructure Project 00132,Ministry of Jal Shakti,Social Infrastructure,Andhra Pradesh,Infrastructure Development Authority,31601.45,32512.23,14646.2,44,48,0.26,100.0,100.0,42.23,98.67,1.33,13667.38,978.82,26,13,1,0.0,2.88,0.6,0,0,6.71,Low
PRJ-00133,Infrastructure Project 00133,Ministry of Jal Shakti,Communication,Gujarat,Central Government Agency,42205.94,47561.92,40230.51,87,61,3.61,70.96,70.11,81.0,65.99,4.98,34309.52,5920.99,15,1,0,-0.85,12.69,4.15,1,0,10.72,Low
PRJ-00134,Infrastructure Project 00134,Ministry of Communications,Water & Sanitation,Karnataka,Infrastructure Development Authority,45408.75,51873.55,32403.59,117,67,16.76,47.12,57.26,64.78,44.1,3.02,29720.62,2682.97,24,8,2,10.15,14.24,14.33,1,1,27.59,Low
PRJ-00135,Infrastructure Project 00135,Ministry of Jal Shakti,Transport & Logistics,Maharashtra,Central Government Agency,40432.75,44581.87,16593.89,36,12,20.97,11.14,33.33,33.8,6.63,4.51,15701.35,892.53,11,0,5,22.19,10.26,58.25,1,1,56.79,High
PRJ-00136,Infrastructure Project 00136,Ministry of Communications,Energy,Bihar,Central Government Agency,9700.91,9830.45,7308.12,64,70,0.0,100.0,100.0,70.32,97.18,2.82,6327.99,980.12,23,11,0,0.0,1.34,0.0,0,0,7.83,Low
PRJ-00137,Infrastructure Project 00137,Ministry of Housing,Steel,Rajasthan,Public Sector Undertaking,21059.48,22740.74,4523.33,42,50,0.0,100.0,100.0,19.95,96.72,3.28,3973.15,550.18,29,25,0,0.0,7.98,0.0,0,0,13.94,Low
PRJ-00138,Infrastructure Project 00138,Ministry of Power,Coal,Rajasthan,Infrastructure Development Authority,38729.23,40757.18,11494.48,92,97,12.98,95.05,100.0,24.54,92.61,2.43,11097.2,397.28,29,5,1,4.95,5.24,14.11,0,1,14.26,Low
PRJ-00139,Infrastructure Project 00139,Ministry of Railways,Energy,Andhra Pradesh,Public Sector Undertaking,15607.71,17981.03,13788.44,48,50,0.99,100.0,100.0,70.82,96.95,3.05,12931.21,857.23,20,20,3,0.0,15.21,2.07,1,0,14.68,Low
PRJ-00140,Infrastructure Project 00140,Ministry of Communications,Energy,Madhya Pradesh,Central Government Agency,39064.49,46204.28,13272.08,48,23,11.31,44.75,47.92,34.13,41.06,3.69,11438.56,1833.53,29,16,0,3.16,18.28,23.57,1,1,33.07,Low
PRJ-00141,Infrastructure Project 00141,Ministry of Jal Shakti,Energy,Uttar Pradesh,State Government Agency,43105.29,49788.02,41464.47,26,19,8.3,76.43,73.08,82.37,72.38,4.05,39055.99,2408.49,19,0,0,-3.35,15.5,31.92,1,1,15.29,Low
PRJ-00142,Infrastructure Project 00142,Ministry of Steel,Water & Sanitation,Gujarat,Infrastructure Development Authority,39141.24,40997.66,20383.4,52,21,5.7,52.28,40.38,48.81,51.33,0.95,17443.56,2939.84,12,0,0,-11.89,4.74,10.96,0,1,2.2,Low
PRJ-00143,Infrastructure Project 00143,Ministry of Power,Communication,Uttar Pradesh,Public Sector Undertaking,11452.36,12414.76,8729.17,80,74,8.67,77.24,92.5,70.66,74.94,2.3,8327.49,401.69,7,7,3,15.26,8.4,10.83,0,1,26.5,Low
PRJ-00144,Infrastructure Project 00144,Ministry of Power,Mining,Tamil Nadu,Central Government Agency,16802.39,17299.05,6854.12,42,24,0.0,55.84,57.14,46.56,50.78,5.06,6649.53,204.59,19,0,0,1.31,2.96,0.0,0,0,12.27,Low
PRJ-00145,Infrastructure Project 00145,Ministry of Railways,Communication,Bihar,Public Sector Undertaking,5203.44,5309.9,2468.89,40,4,9.21,0.49,10.0,47.36,0.0,0.49,2194.79,274.11,24,11,1,9.51,2.05,23.03,0,1,19.78,Low
PRJ-00146,Infrastructure Project 00146,Ministry of Housing,Mining,Tamil Nadu,Central Government Agency,34535.48,36283.83,14306.71,43,46,0.0,100.0,100.0,34.91,95.49,4.51,13339.53,967.18,6,1,0,0.0,5.06,0.0,0,0,15.01,Low
PRJ-00147,Infrastructure Project 00147,Ministry of Steel,Transport & Logistics,Odisha,Public Sector Undertaking,26358.95,27898.58,18631.81,53,27,10.8,41.53,50.94,70.57,35.62,5.92,18031.86,599.95,17,3,1,9.41,5.84,20.38,0,1,29.58,Low
PRJ-00148,Infrastructure Project 00148,Ministry of Housing,Communication,Uttar Pradesh,Central Government Agency,37179.82,48513.83,34144.12,96,29,9.86,24.59,30.21,67.87,22.99,1.59,29650.05,4494.07,21,17,1,5.62,30.48,10.27,1,1,28.59,Low
PRJ-00149,Infrastructure Project 00149,Ministry of Railways,Transport & Logistics,West Bengal,Central Government Agency,938.29,1054.67,366.77,33,20,4.4,62.18,60.61,39.12,58.01,4.17,363.01,3.77,17,5,1,-1.58,12.4,13.33,1,1,23.35,Low
PRJ-00150,Infrastructure Project 00150,Ministry of Communications,Coal,Andhra Pradesh,Public Sector Undertaking,29284.78,30083.72,20454.21,108,4,0.0,9.25,3.7,62.22,2.98,6.27,19167.47,1286.74,10,3,0,-5.54,2.73,0.0,0,0,4.95,Low
PRJ-00151,Infrastructure Project 00151,Ministry of Power,Communication,Karnataka,Central Government Agency,1242.38,1698.46,228.13,78,5,17.7,0.0,6.41,17.38,0.0,0.0,204.68,23.44,5,4,1,6.41,36.71,22.69,1,1,45.85,Medium
PRJ-00152,Infrastructure Project 00152,Ministry of Coal,Transport & Logistics,Tamil Nadu,State Government Agency,15593.87,17989.61,12823.8,48,47,8.02,91.87,97.92,64.23,90.01,1.85,12210.93,612.87,9,9,0,6.05,15.36,16.71,1,1,18.63,Low
PRJ-00153,Infrastructure Project 00153,Ministry of Road Transport,Coal,Andhra Pradesh,Infrastructure Development Authority,41469.23,49471.34,20751.98,53,59,0.0,100.0,100.0,42.51,98.71,1.29,20491.89,260.09,18,15,0,0.0,19.3,0.0,1,0,22.97,Low
PRJ-00154,Infrastructure Project 00154,Ministry of Power,Water & Sanitation,Odisha,Infrastructure Development Authority,44559.15,49416.53,26497.25,101,41,5.01,33.35,40.59,58.73,30.02,3.33,24792.37,1704.88,23,23,0,7.25,10.9,4.96,1,0,26.02,Low
PRJ-00155,Infrastructure Project 00155,Ministry of Railways,Transport & Logistics,Madhya Pradesh,Central Government Agency,35151.98,42574.28,20265.49,100,50,4.67,49.71,50.0,42.51,43.59,6.12,18201.76,2063.73,11,9,0,0.29,21.11,4.67,1,0,17.83,Low
PRJ-00156,Infrastructure Project 00156,Ministry of Railways,Transport & Logistics,Gujarat,State Government Agency,38857.99,50637.89,11521.15,49,18,11.06,32.26,36.73,28.23,28.65,3.61,11204.13,317.02,29,11,1,4.48,30.32,22.58,1,1,32.43,Low
PRJ-00157,Infrastructure Project 00157,Ministry of Railways,Social Infrastructure,Gujarat,State Government Agency,3923.63,4177.0,3140.6,99,59,16.2,55.2,59.6,76.65,53.35,1.85,2696.58,444.02,24,1,1,4.39,6.46,16.37,0,1,16.79,Low
PRJ-00158,Infrastructure Project 00158,Ministry of Jal Shakti,Mining,West Bengal,Public Sector Undertaking,3639.68,3970.59,342.48,118,109,6.5,94.33,92.37,4.81,93.5,0.83,339.99,2.5,6,3,1,-1.96,9.09,5.51,0,0,19.49,Low
PRJ-00159,Infrastructure Project 00159,Ministry of Power,Coal,Bihar,Infrastructure Development Authority,27469.41,27521.86,5939.05,67,31,8.28,33.32,46.27,29.53,30.87,2.46,5569.37,369.68,10,4,5,12.95,0.19,12.35,0,1,30.96,Low
PRJ-00160,Infrastructure Project 00160,Ministry of Steel,Social Infrastructure,Telangana,Central Government Agency,15794.27,17122.13,3430.18,104,92,0.11,100.0,88.46,30.97,94.01,5.99,3314.39,115.79,27,5,1,-11.54,8.41,0.11,0,0,13.18,Low
PRJ-00161,Infrastructure Project 00161,Ministry of Steel,Transport & Logistics,Bihar,Public Sector Undertaking,34777.85,46681.98,31389.9,46,8,8.86,18.54,17.39,68.99,18.23,0.31,28250.06,3139.84,24,7,0,-1.15,34.23,19.26,1,1,21.4,Low
PRJ-00162,Infrastructure Project 00162,Ministry of Power,Coal,Andhra Pradesh,Public Sector Undertaking,44422.69,57272.59,14272.73,77,40,13.38,38.77,51.95,19.84,38.59,0.18,13501.09,771.64,14,10,0,13.18,28.93,17.38,1,1,36.25,Medium
PRJ-00163,Infrastructure Project 00163,Ministry of Power,Energy,Odisha,Central Government Agency,15741.98,16399.72,10821.22,55,57,2.96,100.0,100.0,74.15,92.07,7.93,9592.91,1228.31,7,4,1,0.0,4.18,5.38,0,0,18.48,Low
PRJ-00164,Infrastructure Project 00164,Ministry of Power,Social Infrastructure,Telangana,Central Government Agency,19553.14,22833.76,10780.78,82,7,15.71,5.08,8.54,45.03,0.0,5.08,10602.79,177.99,24,10,1,3.46,16.78,19.15,1,1,30.57,Low
PRJ-00165,Infrastructure Project 00165,Ministry of Steel,Communication,Tamil Nadu,State Government Agency,2861.38,3379.04,2359.27,88,17,0.0,37.21,19.32,72.44,31.61,5.6,2062.65,296.61,18,17,0,-17.89,18.09,0.0,1,0,17.91,Low
PRJ-00166,Infrastructure Project 00166,Ministry of Housing,Mining,Andhra Pradesh,Central Government Agency,32005.75,40881.55,5148.08,66,24,5.1,35.23,36.36,16.76,31.22,4.01,4394.26,753.82,21,15,1,1.13,27.73,7.73,1,0,34.24,Low
PRJ-00167,Infrastructure Project 00167,Ministry of Railways,Water & Sanitation,Rajasthan,Public Sector Undertaking,40033.66,44488.04,35706.93,117,112,3.25,92.53,95.73,79.23,91.96,0.57,34577.91,1129.02,27,16,0,3.2,11.13,2.78,1,0,6.8,Low
PRJ-00168,Infrastructure Project 00168,Ministry of Railways,Mining,Bihar,State Government Agency,13537.82,13790.56,3254.64,83,12,0.0,4.09,14.46,27.86,2.84,1.25,3021.04,233.6,17,4,0,10.37,1.87,0.0,0,0,20.43,Low
PRJ-00169,Infrastructure Project 00169,Ministry of Railways,Water & Sanitation,Karnataka,Public Sector Undertaking,306.57,339.02,210.92,76,58,0.0,72.28,76.32,63.08,66.16,6.12,181.17,29.75,29,18,0,4.04,10.58,0.0,1,0,5.47,Low
PRJ-00170,Infrastructure Project 00170,Ministry of Steel,Steel,Tamil Nadu,Infrastructure Development Authority,23622.74,24506.78,16904.15,39,41,10.05,97.91,100.0,69.19,92.02,5.89,15603.63,1300.51,12,0,0,2.09,3.74,25.76,0,1,25.19,Low
PRJ-00171,Infrastructure Project 00171,Ministry of Power,Energy,Gujarat,Infrastructure Development Authority,48516.23,57616.78,10500.19,90,30,0.0,31.3,33.33,18.56,30.15,1.14,9910.26,589.92,20,5,0,2.04,18.76,0.0,1,0,19.34,Low
PRJ-00172,Infrastructure Project 00172,Ministry of Housing,Energy,Bihar,Public Sector Undertaking,4487.81,5658.48,1281.1,108,86,7.55,68.76,79.63,18.8,64.33,4.43,1242.76,38.34,17,12,2,10.87,26.09,6.99,1,0,27.52,Low
PRJ-00173,Infrastructure Project 00173,Ministry of Railways,Social Infrastructure,Andhra Pradesh,Central Government Agency,47432.87,53308.28,2939.85,51,27,7.27,61.45,52.94,7.31,58.45,3.01,2627.59,312.27,26,16,0,-8.51,12.39,14.26,1,1,21.58,Low
PRJ-00174,Infrastructure Project 00174,Ministry of Coal,Coal,West Bengal,Central Government Agency,38180.23,43309.66,28967.33,76,54,9.42,62.71,71.05,63.0,60.02,2.69,26943.89,2023.44,13,2,1,8.34,13.43,12.4,1,1,25.89,Low
PRJ-00175,Infrastructure Project 00175,Ministry of Power,Water & Sanitation,Bihar,Central Government Agency,9578.58,9853.85,4973.95,118,19,8.76,0.3,16.1,48.32,0.0,0.3,4762.95,211.0,25,4,3,15.8,2.87,7.42,0,0,28.99,Low
PRJ-00176,Infrastructure Project 00176,Ministry of Housing,Transport & Logistics,Telangana,Infrastructure Development Authority,16710.45,18267.46,9968.42,60,51,8.98,92.29,85.0,54.03,90.2,2.09,9454.96,513.45,18,13,1,-7.29,9.32,14.97,0,1,12.94,Low
PRJ-00177,Infrastructure Project 00177,Ministry of Power,Communication,West Bengal,Central Government Agency,46958.97,49379.93,13251.6,37,27,2.08,77.73,72.97,23.59,70.2,7.53,11692.8,1558.8,12,2,0,-4.76,5.16,5.62,0,0,9.77,Low
PRJ-00178,Infrastructure Project 00178,Ministry of Coal,Steel,Odisha,Public Sector Undertaking,12585.49,13855.11,4005.32,24,24,0.0,96.06,100.0,26.83,92.17,3.89,3935.07,70.25,25,16,0,3.94,10.09,0.0,1,0,15.32,Low
PRJ-00179,Infrastructure Project 00179,Ministry of Housing,Steel,Andhra Pradesh,Central Government Agency,6983.91,7641.88,658.73,70,70,0.14,100.0,100.0,4.91,95.52,4.48,565.58,93.14,7,6,0,0.0,9.42,0.2,0,0,20.72,Low
PRJ-00180,Infrastructure Project 00180,Ministry of Road Transport,Steel,Tamil Nadu,Infrastructure Development Authority,39032.42,43808.29,29649.45,83,53,5.39,77.81,63.86,64.81,76.88,0.93,29528.26,121.19,16,8,2,-13.95,12.24,6.5,1,0,12.58,Low
PRJ-00181,Infrastructure Project 00181,Ministry of Coal,Water & Sanitation,Uttar Pradesh,State Government Agency,49473.17,52672.37,5854.63,103,10,0.0,11.29,9.71,4.67,10.17,1.12,5348.38,506.26,10,5,0,-1.58,6.47,0.0,0,0,12.19,Low
PRJ-00182,Infrastructure Project 00182,Ministry of Road Transport,Water & Sanitation,Gujarat,Infrastructure Development Authority,15268.8,16948.41,6375.97,93,61,6.55,62.74,65.59,38.95,55.24,7.51,5743.05,632.92,21,11,2,2.85,11.0,7.04,1,0,12.98,Low
PRJ-00183,Infrastructure Project 00183,Ministry of Steel,Communication,Odisha,Infrastructure Development Authority,27600.57,32542.61,8274.58,88,34,11.84,45.86,38.64,19.42,44.6,1.25,7247.74,1026.84,18,14,0,-7.22,17.91,13.45,1,1,20.15,Low
PRJ-00184,Infrastructure Project 00184,Ministry of Communications,Communication,Maharashtra,State Government Agency,25986.07,27110.07,8144.95,89,10,3.22,4.51,11.24,28.68,4.17,0.34,7190.82,954.14,11,2,1,6.72,4.33,3.61,0,0,12.53,Low
PRJ-00185,Infrastructure Project 00185,Ministry of Road Transport,Transport & Logistics,Gujarat,Central Government Agency,44695.69,48576.26,23704.11,96,103,7.07,100.0,100.0,51.49,94.43,5.57,22550.86,1153.25,28,2,0,0.0,8.68,7.37,0,0,16.06,Low
PRJ-00186,Infrastructure Project 00186,Ministry of Steel,Transport & Logistics,Telangana,Public Sector Undertaking,42881.0,46380.01,19179.18,26,11,9.2,46.27,42.31,34.89,43.82,2.46,17607.08,1572.09,5,2,0,-3.97,8.16,35.38,0,1,29.84,Low
PRJ-00187,Infrastructure Project 00187,Ministry of Steel,Water & Sanitation,Andhra Pradesh,Infrastructure Development Authority,8671.18,10558.25,1374.65,64,27,14.4,48.23,42.19,15.48,40.82,7.41,1288.12,86.53,6,2,0,-6.04,21.76,22.5,1,1,27.1,Low
PRJ-00188,Infrastructure Project 00188,Ministry of Communications,Steel,Bihar,Infrastructure Development Authority,28761.4,32743.41,9664.1,71,44,0.0,73.93,61.97,34.27,71.76,2.17,8353.29,1310.8,11,9,0,-11.96,13.84,0.0,1,0,7.07,Low
PRJ-00189,Infrastructure Project 00189,Ministry of Coal,Water & Sanitation,Rajasthan,State Government Agency,21392.14,25709.47,20421.51,103,38,0.0,32.01,36.89,85.5,25.05,6.97,18096.26,2325.26,16,15,0,4.88,20.18,0.0,1,0,7.92,Low
PRJ-00190,Infrastructure Project 00190,Ministry of Steel,Communication,Rajasthan,State Government Agency,26567.54,28673.02,4857.2,93,65,3.81,53.97,69.89,12.21,48.84,5.13,4667.89,189.31,20,18,2,15.92,7.93,4.09,0,0,27.62,Low
PRJ-00191,Infrastructure Project 00191,Ministry of Railways,Coal,Gujarat,Central Government Agency,14969.77,18084.62,10642.33,27,20,2.59,69.79,74.07,58.57,65.75,4.04,10455.11,187.22,15,9,0,4.29,20.81,9.6,1,0,18.76,Low
PRJ-00192,Infrastructure Project 00192,Ministry of Power,Communication,Uttar Pradesh,State Government Agency,25428.06,27317.61,12308.46,39,48,0.94,100.0,100.0,47.83,97.97,2.03,11438.96,869.5,28,3,1,0.0,7.43,2.4,0,0,21.95,Low
PRJ-00193,Infrastructure Project 00193,Ministry of Jal Shakti,Energy,Bihar,Central Government Agency,10634.38,10830.52,9025.3,66,69,7.7,91.27,100.0,75.05,85.12,6.15,8718.97,306.33,21,21,2,8.73,1.84,11.67,0,1,13.28,Low
PRJ-00194,Infrastructure Project 00194,Ministry of Railways,Transport & Logistics,Gujarat,Infrastructure Development Authority,31322.71,33188.04,24212.57,50,43,0.0,99.55,86.0,78.93,92.81,6.74,22459.41,1753.16,13,8,0,-13.55,5.96,0.0,0,0,7.05,Low
PRJ-00195,Infrastructure Project 00195,Ministry of Jal Shakti,Coal,Rajasthan,Infrastructure Development Authority,36254.09,53385.37,27953.3,107,105,14.07,91.1,98.13,51.5,89.95,1.15,24956.49,2996.81,18,1,1,7.03,47.25,13.15,1,1,39.65,Medium
PRJ-00196,Infrastructure Project 00196,Ministry of Communications,Coal,Telangana,Central Government Agency,39640.73,40628.43,10870.69,82,71,13.0,91.58,86.59,22.23,86.26,5.32,9963.13,907.56,18,13,0,-4.99,2.49,15.85,0,1,21.26,Low
PRJ-00197,Infrastructure Project 00197,Ministry of Railways,Social Infrastructure,Karnataka,Infrastructure Development Authority,41601.19,48026.13,32362.73,102,45,0.0,38.05,44.12,68.0,31.56,6.5,30498.43,1864.3,26,7,0,6.06,15.44,0.0,1,0,18.54,Low
PRJ-00198,Infrastructure Project 00198,Ministry of Road Transport,Water & Sanitation,Telangana,State Government Agency,11402.53,14841.47,12339.73,98,31,9.76,34.57,31.63,88.88,29.83,4.74,11053.95,1285.78,25,16,0,-2.94,30.16,9.96,1,0,20.78,Low
PRJ-00199,Infrastructure Project 00199,Ministry of Housing,Energy,Odisha,Infrastructure Development Authority,33380.86,38481.66,32545.76,114,47,14.12,42.94,41.23,91.8,41.08,1.86,31442.3,1103.46,29,19,0,-1.71,15.28,12.39,1,1,14.3,Low
PRJ-00200,Infrastructure Project 00200,Ministry of Housing,Mining,Andhra Pradesh,Infrastructure Development Authority,14220.78,15777.67,13101.44,102,97,5.75,90.79,95.1,78.85,85.88,4.91,11336.8,1764.64,6,5,0,4.31,10.95,5.64,1,0,7.17,Low
PRJ-00201,Infrastructure Project 00201,Ministry of Power,Communication,Tamil Nadu,Central Government Agency,36551.55,51913.9,25706.29,66,53,9.26,74.43,80.3,44.69,68.38,6.05,23954.99,1751.31,29,19,1,5.88,42.03,14.04,1,1,43.8,Medium
PRJ-00202,Infrastructure Project 00202,Ministry of Power,Coal,Odisha,State Government Agency,12656.32,13235.02,4254.32,59,16,7.9,15.33,27.12,26.38,14.41,0.92,3690.66,563.66,21,13,0,11.79,4.57,13.39,0,1,13.51,Low
PRJ-00203,Infrastructure Project 00203,Ministry of Steel,Energy,Rajasthan,Central Government Agency,33035.56,51914.86,29540.19,105,43,15.66,26.99,40.95,59.31,26.69,0.3,26793.1,2747.1,20,0,2,13.96,57.15,14.92,1,1,36.45,Medium
PRJ-00204,Infrastructure Project 00204,Ministry of Road Transport,Communication,Tamil Nadu,State Government Agency,2241.91,2346.37,1112.13,66,29,0.0,46.24,43.94,49.84,43.69,2.55,1033.73,78.39,20,3,0,-2.3,4.66,0.0,0,0,18.15,Low
PRJ-00205,Infrastructure Project 00205,Ministry of Steel,Social Infrastructure,Telangana,State Government Agency,39601.78,43783.11,13506.2,113,89,0.02,65.8,78.76,32.84,60.86,4.94,12813.64,692.56,16,4,0,12.96,10.56,0.02,1,0,15.99,Low
PRJ-00206,Infrastructure Project 00206,Ministry of Steel,Energy,Telangana,State Government Agency,11450.53,11502.53,1744.67,30,20,0.0,62.41,66.67,16.8,59.58,2.82,1535.37,209.3,5,2,1,4.26,0.45,0.0,0,0,19.48,Low
PRJ-00207,Infrastructure Project 00207,Ministry of Power,Water & Sanitation,Odisha,Infrastructure Development Authority,31628.22,35214.3,18806.96,115,53,12.08,55.53,46.09,42.52,50.53,5.0,18772.15,34.81,17,9,2,-9.44,11.34,10.5,1,1,21.58,Low
PRJ-00208,Infrastructure Project 00208,Ministry of Road Transport,Steel,Madhya Pradesh,Public Sector Undertaking,12321.46,12644.74,3369.77,107,49,0.0,45.87,45.79,31.72,41.41,4.46,2884.63,485.14,17,15,0,-0.08,2.62,0.0,0,0,7.66,Low
PRJ-00209,Infrastructure Project 00209,Ministry of Power,Coal,Telangana,Public Sector Undertaking,41143.6,45515.15,18817.0,112,52,5.11,43.23,46.43,46.87,42.85,0.38,16197.53,2619.47,18,8,0,3.2,10.63,4.56,1,0,18.37,Low
PRJ-00210,Infrastructure Project 00210,Ministry of Railways,Energy,Madhya Pradesh,Central Government Agency,33668.63,43207.26,2928.36,90,28,19.75,26.56,31.11,5.14,25.12,1.43,2578.05,350.31,20,12,0,4.56,28.33,21.94,1,1,34.39,Low
PRJ-00211,Infrastructure Project 00211,Ministry of Road Transport,Water & Sanitation,Telangana,State Government Agency,23833.23,25065.17,18784.99,68,46,14.91,58.76,67.65,77.6,56.58,2.18,16723.63,2061.36,15,5,1,8.88,5.17,21.92,0,1,19.39,Low
PRJ-00212,Infrastructure Project 00212,Ministry of Road Transport,Transport & Logistics,Tamil Nadu,State Government Agency,3538.47,4014.66,2026.77,45,18,9.13,40.5,40.0,53.03,37.03,3.47,1987.99,38.78,17,11,0,-0.5,13.46,20.28,1,1,28.78,Low
PRJ-00213,Infrastructure Project 00213,Ministry of Steel,Water & Sanitation,West Bengal,Central Government Agency,15246.07,16896.77,4140.41,44,41,13.92,98.98,93.18,24.26,92.74,6.24,3790.2,350.21,22,14,0,-5.8,10.83,31.63,1,1,26.49,Low
PRJ-00214,Infrastructure Project 00214,Ministry of Housing,Water & Sanitation,Madhya Pradesh,Central Government Agency,28434.44,29887.64,7742.88,115,19,3.7,19.21,16.52,30.88,19.02,0.19,7063.65,679.24,22,10,0,-2.69,5.11,3.22,0,0,5.15,Low
PRJ-00215,Infrastructure Project 00215,Ministry of Railways,Water & Sanitation,Uttar Pradesh,Public Sector Undertaking,23661.73,27749.02,21290.71,48,47,0.0,97.79,97.92,78.94,95.43,2.37,20473.96,816.74,6,2,1,0.12,17.27,0.0,1,0,19.83,Low
PRJ-00216,Infrastructure Project 00216,Ministry of Railways,Communication,Uttar Pradesh,Infrastructure Development Authority,9181.42,9767.3,1014.84,71,41,6.7,60.39,57.75,2.45,53.48,6.91,967.83,47.01,29,27,0,-2.65,6.38,9.43,0,0,23.11,Low
PRJ-00217,Infrastructure Project 00217,Ministry of Communications,Energy,Tamil Nadu,Infrastructure Development Authority,16739.13,23242.62,16336.38,27,12,1.43,41.2,44.44,61.22,33.91,7.29,16237.66,98.73,7,5,0,3.24,38.85,5.29,1,0,21.83,Low
PRJ-00218,Infrastructure Project 00218,Ministry of Power,Energy,Gujarat,Public Sector Undertaking,46595.14,53592.61,40678.43,118,91,9.9,64.94,77.12,75.53,59.88,5.06,36247.87,4430.56,27,1,0,12.18,15.02,8.39,1,0,23.4,Low
PRJ-00219,Infrastructure Project 00219,Ministry of Communications,Coal,Bihar,State Government Agency,10448.06,13533.78,10653.94,111,107,23.69,79.01,96.4,78.1,76.3,2.71,10554.17,99.77,27,18,1,17.39,29.53,21.34,1,1,40.65,Medium
PRJ-00220,Infrastructure Project 00220,Ministry of Power,Water & Sanitation,Tamil Nadu,Central Government Agency,12539.71,17111.89,12590.66,57,38,9.19,55.47,66.67,74.38,54.51,0.96,12001.3,589.36,27,13,2,11.2,36.46,16.12,1,1,47.6,Medium
PRJ-00221,Infrastructure Project 00221,Ministry of Road Transport,Water & Sanitation,Andhra Pradesh,Public Sector Undertaking,6994.41,8024.41,6472.48,119,88,11.32,75.27,73.95,79.64,68.47,6.79,6100.25,372.23,28,2,1,-1.32,14.73,9.52,1,0,23.5,Low
PRJ-00222,Infrastructure Project 00222,Ministry of Communications,Energy,Maharashtra,Public Sector Undertaking,27513.15,32806.26,23389.79,119,5,10.24,1.6,4.2,66.41,0.0,1.6,20844.85,2544.94,24,15,0,2.6,19.24,8.6,1,0,25.2,Low
PRJ-00223,Infrastructure Project 00223,Ministry of Communications,Steel,West Bengal,Public Sector Undertaking,44336.06,55290.2,15957.75,111,106,3.33,91.4,95.5,22.43,90.06,1.34,14850.45,1107.29,24,0,0,4.09,24.71,3.0,1,0,23.06,Low
PRJ-00224,Infrastructure Project 00224,Ministry of Steel,Transport & Logistics,Madhya Pradesh,Central Government Agency,3297.03,3898.9,1654.63,84,24,10.41,19.49,28.57,46.73,15.39,4.1,1575.0,79.63,21,15,0,9.08,18.25,12.39,1,1,20.89,Low
PRJ-00225,Infrastructure Project 00225,Ministry of Road Transport,Mining,Rajasthan,Infrastructure Development Authority,21847.82,23407.97,5283.37,32,38,0.0,100.0,100.0,25.54,94.22,5.78,5099.63,183.74,6,5,0,0.0,7.14,0.0,0,0,11.37,Low
PRJ-00226,Infrastructure Project 00226,Ministry of Coal,Energy,Uttar Pradesh,State Government Agency,12222.41,14553.47,11413.89,85,82,9.95,84.98,96.47,77.96,79.06,5.91,10238.52,1175.37,28,12,0,11.49,19.07,11.71,1,1,19.95,Low
PRJ-00227,Infrastructure Project 00227,Ministry of Steel,Mining,Rajasthan,Infrastructure Development Authority,38693.2,45051.31,13811.81,30,8,2.99,12.17,26.67,28.58,4.54,7.63,13559.31,252.51,18,13,2,14.5,16.43,9.95,1,0,34.11,Low
PRJ-00228,Infrastructure Project 00228,Ministry of Steel,Coal,Madhya Pradesh,Central Government Agency,3572.14,3732.55,855.28,85,32,9.9,32.3,37.65,20.63,26.63,5.67,727.78,127.49,23,1,0,5.35,4.49,11.65,0,1,22.45,Low
PRJ-00229,Infrastructure Project 00229,Ministry of Power,Transport & Logistics,West Bengal,State Government Agency,42239.1,43180.04,28443.07,24,22,1.06,80.81,91.67,65.91,74.65,6.16,24454.8,3988.27,25,21,1,10.86,2.23,4.42,0,0,11.74,Low
PRJ-00230,Infrastructure Project 00230,Ministry of Railways,Coal,Gujarat,Public Sector Undertaking,44426.34,47999.35,23310.61,94,98,0.5,100.0,100.0,43.51,94.69,5.31,22897.23,413.38,21,5,0,0.0,8.04,0.54,0,0,17.61,Low
PRJ-00231,Infrastructure Project 00231,Ministry of Communications,Social Infrastructure,Maharashtra,Central Government Agency,11142.36,12527.28,9174.24,114,59,5.87,63.88,51.75,79.81,61.14,2.74,8310.49,863.76,5,5,0,-12.13,12.43,5.15,1,0,7.58,Low
PRJ-00232,Infrastructure Project 00232,Ministry of Jal Shakti,Mining,West Bengal,Infrastructure Development Authority,46912.5,52965.27,29581.97,33,9,6.04,31.65,27.27,58.15,26.39,5.26,27077.58,2504.39,25,16,0,-4.38,12.9,18.29,1,1,18.58,Low
PRJ-00233,Infrastructure Project 00233,Ministry of Steel,Transport & Logistics,Bihar,Infrastructure Development Authority,18220.72,18804.87,2593.01,94,15,10.02,2.09,15.96,11.96,0.0,2.09,2499.35,93.66,26,25,0,13.87,3.21,10.66,0,1,21.54,Low
PRJ-00234,Infrastructure Project 00234,Ministry of Housing,Communication,Karnataka,Central Government Agency,10471.8,10633.12,7441.7,91,83,2.19,82.46,91.21,70.69,78.19,4.28,7223.52,218.18,12,1,1,8.75,1.54,2.41,0,0,16.22,Low
PRJ-00235,Infrastructure Project 00235,Ministry of Coal,Water & Sanitation,Maharashtra,Central Government Agency,16492.73,22537.25,11898.39,32,15,3.3,31.87,46.88,43.58,24.17,7.69,11104.44,793.95,9,9,1,15.01,36.65,10.31,1,1,34.77,Low
PRJ-00236,Infrastructure Project 00236,Ministry of Coal,Steel,Telangana,Public Sector Undertaking,45490.99,54336.09,39598.91,95,54,13.49,60.6,56.84,72.26,55.21,5.39,36923.91,2675.01,18,0,1,-3.76,19.44,14.2,1,1,17.31,Low
PRJ-00237,Infrastructure Project 00237,Ministry of Railways,Social Infrastructure,Telangana,Infrastructure Development Authority,31792.0,35871.85,23276.77,68,65,7.64,84.03,95.59,74.17,82.01,2.02,21717.02,1559.75,15,9,2,11.56,12.83,11.23,1,1,24.82,Low
PRJ-00238,Infrastructure Project 00238,Ministry of Railways,Communication,Rajasthan,State Government Agency,197.03,216.62,137.01,26,14,7.29,53.74,53.85,63.38,49.77,3.98,133.34,3.67,18,1,0,0.1,9.94,28.03,0,1,25.65,Low
PRJ-00239,Infrastructure Project 00239,Ministry of Railways,Social Infrastructure,Bihar,Central Government Agency,30764.54,31743.52,23208.47,71,9,0.77,15.17,12.68,71.43,14.04,1.12,22211.18,997.29,7,6,0,-2.49,3.18,1.08,0,0,5.7,Low
PRJ-00240,Infrastructure Project 00240,Ministry of Coal,Water & Sanitation,Maharashtra,Infrastructure Development Authority,41851.06,45378.22,27542.49,61,36,2.76,52.0,59.02,58.71,47.06,4.94,23535.8,4006.68,23,9,1,7.02,8.43,4.52,0,0,9.35,Low
PRJ-00241,Infrastructure Project 00241,Ministry of Coal,Communication,Maharashtra,Public Sector Undertaking,38146.27,39726.15,17552.15,31,13,2.66,35.31,41.94,53.8,31.8,3.5,16823.51,728.64,25,9,1,6.63,4.14,8.6,0,0,10.97,Low
PRJ-00242,Infrastructure Project 00242,Ministry of Housing,Transport & Logistics,Andhra Pradesh,Public Sector Undertaking,46653.45,47578.61,20450.01,67,76,11.53,100.0,100.0,43.07,95.09,4.91,19724.21,725.8,28,23,0,0.0,1.98,17.21,0,1,16.51,Low
PRJ-00243,Infrastructure Project 00243,Ministry of Steel,Energy,Bihar,Infrastructure Development Authority,3883.56,3967.81,2029.32,98,25,4.03,18.86,25.51,48.56,15.27,3.59,1853.5,175.82,25,14,0,6.65,2.17,4.11,0,0,10.8,Low
PRJ-00244,Infrastructure Project 00244,Ministry of Road Transport,Mining,Maharashtra,Central Government Agency,5465.19,6157.01,4568.85,70,15,0.0,29.39,21.43,70.47,28.63,0.77,4281.61,287.25,23,22,1,-7.96,12.66,0.0,1,0,6.9,Low
PRJ-00245,Infrastructure Project 00245,Ministry of Jal Shakti,Transport & Logistics,Karnataka,Central Government Agency,27434.14,29908.99,23179.08,51,20,8.59,21.86,39.22,78.12,20.85,1.01,21156.51,2022.57,6,6,0,17.36,9.02,16.84,0,1,28.64,Low
PRJ-00246,Infrastructure Project 00246,Ministry of Coal,Social Infrastructure,Uttar Pradesh,State Government Agency,32486.85,34219.16,26590.38,63,30,0.0,56.05,47.62,70.02,51.12,4.93,26429.51,160.87,20,5,0,-8.43,5.33,0.0,0,0,4.34,Low
PRJ-00247,Infrastructure Project 00247,Ministry of Jal Shakti,Social Infrastructure,Uttar Pradesh,State Government Agency,42386.38,46797.9,13639.13,115,11,12.35,4.03,9.57,29.98,1.12,2.91,11719.73,1919.4,26,1,1,5.54,10.41,10.74,1,1,22.35,Low
PRJ-00248,Infrastructure Project 00248,Ministry of Coal,Transport & Logistics,Maharashtra,State Government Agency,35085.3,40510.59,11189.53,35,6,0.0,3.47,17.14,37.93,1.28,2.19,10194.12,995.4,6,2,3,13.67,15.46,0.0,1,0,33.76,Low
PRJ-00249,Infrastructure Project 00249,Ministry of Communications,Steel,Bihar,Infrastructure Development Authority,14690.92,17216.74,12782.69,69,44,9.14,54.39,63.77,74.84,53.34,1.05,11253.76,1528.93,8,6,1,9.38,17.19,13.24,1,1,25.02,Low
PRJ-00250,Infrastructure Project 00250,Ministry of Housing,Communication,Telangana,State Government Agency,21123.72,27066.34,20069.5,91,82,0.0,85.99,90.11,73.85,85.44,0.55,18414.62,1654.88,8,1,1,4.12,28.13,0.0,1,0,26.77,Low
PRJ-00251,Infrastructure Project 00251,Ministry of Housing,Energy,West Bengal,Central Government Agency,11152.52,12193.25,6958.28,68,20,2.44,17.69,29.41,56.09,11.12,6.56,6950.82,7.45,24,11,2,11.73,9.33,3.58,0,0,15.32,Low
PRJ-00252,Infrastructure Project 00252,Ministry of Road Transport,Social Infrastructure,Bihar,Central Government Agency,2766.21,2850.99,426.84,101,87,1.04,86.19,86.14,8.43,85.98,0.22,376.68,50.17,21,19,1,-0.06,3.06,1.03,0,0,20.0,Low
PRJ-00253,Infrastructure Project 00253,Ministry of Coal,Water & Sanitation,Odisha,Central Government Agency,28486.33,34087.61,27484.75,103,58,16.01,49.25,56.31,82.25,42.66,6.59,24561.74,2923.01,9,1,0,7.06,19.66,15.54,1,1,22.63,Low
PRJ-00254,Infrastructure Project 00254,Ministry of Coal,Coal,Andhra Pradesh,State Government Agency,19704.51,21231.16,3020.99,108,58,20.1,28.78,53.7,23.51,22.91,5.87,2569.91,451.07,27,1,8,24.93,7.75,18.61,0,1,37.77,Medium
PRJ-00255,Infrastructure Project 00255,Ministry of Road Transport,Transport & Logistics,Telangana,Central Government Agency,26736.18,28065.28,14947.47,96,70,11.92,70.31,72.92,45.41,64.14,6.18,14565.27,382.2,22,18,0,2.6,4.97,12.42,0,1,21.4,Low
PRJ-00256,Infrastructure Project 00256,Ministry of Housing,Coal,Maharashtra,State Government Agency,39121.72,53379.68,12844.85,72,3,6.49,0.0,4.17,28.92,0.0,0.0,12374.44,470.41,11,1,0,4.17,36.45,9.01,1,0,37.43,Medium
PRJ-00257,Infrastructure Project 00257,Ministry of Coal,Coal,Madhya Pradesh,Infrastructure Development Authority,19530.11,20295.51,10750.08,105,7,15.87,0.0,6.67,51.28,0.0,0.0,10557.34,192.75,11,11,1,6.67,3.92,15.12,0,1,17.48,Low
PRJ-00258,Infrastructure Project 00258,Ministry of Steel,Energy,Tamil Nadu,Central Government Agency,41114.36,50895.08,2821.48,35,41,0.0,100.0,100.0,9.34,99.29,0.71,2535.02,286.47,16,8,1,0.0,23.79,0.0,1,0,28.04,Low
PRJ-00259,Infrastructure Project 00259,Ministry of Power,Social Infrastructure,Gujarat,Central Government Agency,37018.12,43071.16,9650.97,109,88,7.46,68.04,80.73,18.68,64.76,3.29,8631.78,1019.19,11,7,2,12.69,16.35,6.84,1,0,25.95,Low
PRJ-00260,Infrastructure Project 00260,Ministry of Power,Steel,Gujarat,State Government Agency,19637.23,20333.66,9246.54,63,70,0.0,100.0,100.0,42.38,93.07,6.93,8630.47,616.07,21,8,0,0.0,3.55,0.0,0,0,3.77,Low
PRJ-00261,Infrastructure Project 00261,Ministry of Communications,Social Infrastructure,Maharashtra,Public Sector Undertaking,40832.2,46507.41,18368.95,68,37,0.0,51.87,54.41,41.12,51.46,0.41,17727.35,641.61,15,9,1,2.54,13.9,0.0,1,0,25.91,Low
PRJ-00262,Infrastructure Project 00262,Ministry of Road Transport,Communication,Uttar Pradesh,Public Sector Undertaking,9210.92,9261.54,7336.96,34,8,0.0,26.07,23.53,74.39,25.76,0.31,6787.19,549.77,10,5,0,-2.54,0.55,0.0,0,0,12.44,Low
PRJ-00263,Infrastructure Project 00263,Ministry of Coal,Steel,Rajasthan,Infrastructure Development Authority,40367.66,48423.86,13908.79,102,44,9.57,36.77,43.14,16.86,35.91,0.85,12553.61,1355.18,10,1,0,6.37,19.96,9.38,1,0,35.35,Medium
PRJ-00264,Infrastructure Project 00264,Ministry of Communications,Energy,Andhra Pradesh,Central Government Agency,32208.75,47675.35,7476.8,92,89,16.51,64.12,96.74,6.99,63.94,0.17,7373.87,102.93,23,19,5,32.62,48.02,17.94,1,1,55.07,High
PRJ-00265,Infrastructure Project 00265,Ministry of Jal Shakti,Coal,Karnataka,Central Government Agency,25784.22,26475.84,5828.16,25,20,1.02,74.17,80.0,29.41,66.6,7.58,5587.6,240.56,14,1,0,5.83,2.68,4.08,0,0,11.58,Low
PRJ-00266,Infrastructure Project 00266,Ministry of Railways,Energy,Andhra Pradesh,Public Sector Undertaking,17010.81,19014.57,1819.23,28,17,1.03,61.07,60.71,9.54,54.12,6.95,1618.16,201.07,9,7,0,-0.36,11.78,3.67,1,0,16.82,Low
PRJ-00267,Infrastructure Project 00267,Ministry of Jal Shakti,Social Infrastructure,Tamil Nadu,Central Government Agency,41966.14,43048.1,33530.01,86,87,2.6,100.0,100.0,78.89,95.34,4.66,32591.55,938.46,29,8,0,0.0,2.58,3.02,0,0,2.89,Low
PRJ-00268,Infrastructure Project 00268,Ministry of Road Transport,Social Infrastructure,Andhra Pradesh,Central Government Agency,2991.57,3644.84,2571.79,96,93,13.79,100.0,96.88,64.96,94.45,5.55,2453.81,117.97,12,6,1,-3.12,21.84,14.36,1,1,27.47,Low
PRJ-00269,Infrastructure Project 00269,Ministry of Communications,Water & Sanitation,Madhya Pradesh,State Government Agency,4008.97,4041.47,2713.91,81,84,3.69,100.0,100.0,68.15,99.73,0.27,2477.88,236.03,20,0,0,0.0,0.81,4.56,0,0,4.83,Low
PRJ-00270,Infrastructure Project 00270,Ministry of Railways,Water & Sanitation,Maharashtra,Public Sector Undertaking,11003.79,12481.56,10370.54,103,106,6.33,92.09,100.0,79.06,88.51,3.58,9739.8,630.74,26,0,2,7.91,13.43,6.14,1,0,23.13,Low
PRJ-00271,Infrastructure Project 00271,Ministry of Communications,Transport & Logistics,Odisha,State Government Agency,14846.64,17593.08,13487.78,71,4,11.47,3.81,5.63,72.79,0.0,3.81,12808.64,679.14,8,0,0,1.82,18.5,16.16,1,1,20.32,Low
PRJ-00272,Infrastructure Project 00272,Ministry of Housing,Communication,Gujarat,Central Government Agency,39809.58,42441.03,30013.32,73,82,4.0,100.0,100.0,63.78,99.69,0.31,27962.36,2050.96,25,11,0,0.0,6.61,5.47,0,0,12.76,Low
PRJ-00273,Infrastructure Project 00273,Ministry of Coal,Social Infrastructure,Odisha,Central Government Agency,21325.45,23015.38,5317.06,81,53,1.72,65.68,65.43,18.67,62.08,3.59,4566.96,750.1,23,6,2,-0.25,7.92,2.12,0,0,14.08,Low
PRJ-00274,Infrastructure Project 00274,Ministry of Road Transport,Coal,Rajasthan,State Government Agency,31262.05,34016.3,11212.39,29,31,0.0,100.0,100.0,37.06,98.58,1.42,11200.55,11.85,22,11,0,0.0,8.81,0.0,0,0,10.23,Low
PRJ-00275,Infrastructure Project 00275,Ministry of Jal Shakti,Water & Sanitation,Madhya Pradesh,State Government Agency,33193.56,47059.48,8516.97,90,32,14.61,22.92,35.56,18.24,19.59,3.33,8304.21,212.76,29,1,1,12.63,41.77,16.23,1,1,43.45,Medium
PRJ-00276,Infrastructure Project 00276,Ministry of Housing,Social Infrastructure,Tamil Nadu,State Government Agency,14181.64,18129.53,7373.45,67,76,2.51,100.0,100.0,32.21,99.72,0.28,6671.21,702.24,29,5,1,0.0,27.84,3.74,1,0,25.38,Low
PRJ-00277,Infrastructure Project 00277,Ministry of Power,Steel,Andhra Pradesh,Infrastructure Development Authority,19606.23,20593.54,1504.17,67,24,0.0,22.01,35.82,12.0,19.26,2.75,1499.86,4.31,15,8,2,13.81,5.04,0.0,0,0,26.73,Low
PRJ-00278,Infrastructure Project 00278,Ministry of Communications,Transport & Logistics,Andhra Pradesh,Public Sector Undertaking,31661.19,48488.66,8069.18,106,99,24.77,76.43,93.4,8.92,69.5,6.94,7259.12,810.07,16,16,2,16.96,53.15,23.36,1,1,48.95,Medium
PRJ-00279,Infrastructure Project 00279,Ministry of Communications,Communication,Gujarat,Public Sector Undertaking,10332.18,12162.59,4997.66,111,20,4.05,14.13,18.02,54.28,12.16,1.97,4311.85,685.81,14,13,0,3.89,17.72,3.65,1,0,18.51,Low
PRJ-00280,Infrastructure Project 00280,Ministry of Housing,Transport & Logistics,Gujarat,State Government Agency,27215.58,30589.08,20567.73,32,17,1.11,61.91,53.12,66.71,58.86,3.06,20480.64,87.09,6,5,1,-8.79,12.4,3.46,1,0,12.01,Low
PRJ-00281,Infrastructure Project 00281,Ministry of Communications,Communication,Odisha,Central Government Agency,21577.76,22285.21,8471.56,35,15,0.0,39.27,42.86,38.06,31.3,7.97,7454.29,1017.27,20,3,1,3.59,3.28,0.0,0,0,11.74,Low
PRJ-00282,Infrastructure Project 00282,Ministry of Road Transport,Transport & Logistics,Karnataka,State Government Agency,1129.63,1167.46,693.71,49,31,6.54,63.46,63.27,56.88,58.48,4.98,661.56,32.14,29,20,0,-0.2,3.35,13.36,0,1,18.23,Low
PRJ-00283,Infrastructure Project 00283,Ministry of Communications,Coal,Karnataka,State Government Agency,47365.57,53454.01,6410.92,26,14,8.85,45.02,53.85,15.04,43.56,1.46,5865.25,545.68,18,10,2,8.82,12.85,34.02,1,1,39.66,Medium
PRJ-00284,Infrastructure Project 00284,Ministry of Power,Communication,West Bengal,Central Government Agency,48024.28,54550.21,3307.1,68,22,3.78,24.15,32.35,6.05,21.56,2.59,2900.71,406.39,22,5,0,8.21,13.59,5.55,1,0,27.67,Low
PRJ-00285,Infrastructure Project 00285,Ministry of Railways,Steel,West Bengal,Public Sector Undertaking,48122.55,56709.17,39937.87,76,33,1.57,47.98,43.42,66.26,42.62,5.35,35055.37,4882.5,5,1,0,-4.56,17.84,2.06,1,0,8.24,Low
PRJ-00286,Infrastructure Project 00286,Ministry of Jal Shakti,Steel,Gujarat,Infrastructure Development Authority,45889.61,46326.68,25152.91,83,17,0.0,25.77,20.48,47.97,18.78,6.99,24674.49,478.42,26,9,0,-5.29,0.95,0.0,0,0,5.94,Low
PRJ-00287,Infrastructure Project 00287,Ministry of Power,Coal,Gujarat,Infrastructure Development Authority,5981.6,6513.96,2798.63,104,60,15.95,31.15,57.69,46.88,27.93,3.23,2658.71,139.92,23,7,4,26.54,8.9,15.34,0,1,49.55,Medium
PRJ-00288,Infrastructure Project 00288,Ministry of Housing,Transport & Logistics,Tamil Nadu,Infrastructure Development Authority,24401.17,26077.83,4826.68,117,115,4.46,95.65,98.29,17.83,93.26,2.39,4339.89,486.79,20,11,0,2.64,6.87,3.81,0,0,7.48,Low
PRJ-00289,Infrastructure Project 00289,Ministry of Coal,Energy,Uttar Pradesh,Public Sector Undertaking,13906.05,14624.52,4078.37,78,3,0.0,0.0,3.85,39.78,0.0,0.0,3576.17,502.2,29,21,0,3.85,5.17,0.0,0,0,3.17,Low
PRJ-00290,Infrastructure Project 00290,Ministry of Steel,Steel,Gujarat,Infrastructure Development Authority,24727.55,27300.22,7256.23,49,11,3.76,27.52,22.45,20.65,24.45,3.07,6345.04,911.2,23,2,0,-5.07,10.4,7.67,1,0,16.81,Low
PRJ-00291,Infrastructure Project 00291,Ministry of Steel,Energy,Tamil Nadu,Public Sector Undertaking,29468.08,33172.84,18127.15,27,24,1.55,89.61,88.89,57.59,81.76,7.85,16114.01,2013.14,23,23,0,-0.72,12.57,5.74,1,0,14.15,Low
PRJ-00292,Infrastructure Project 00292,Ministry of Steel,Mining,West Bengal,Central Government Agency,31310.81,31784.56,6353.02,62,27,13.66,43.68,43.55,24.73,41.28,2.41,6115.75,237.26,23,19,1,-0.14,1.51,22.03,0,1,11.84,Low
PRJ-00293,Infrastructure Project 00293,Ministry of Power,Energy,Bihar,Central Government Agency,49330.49,53460.0,25212.06,90,14,4.73,9.57,15.56,44.69,8.68,0.88,23738.99,1473.08,6,6,1,5.99,8.37,5.26,0,0,14.59,Low
PRJ-00294,Infrastructure Project 00294,Ministry of Housing,Energy,Tamil Nadu,Central Government Agency,5181.94,5397.67,4393.98,94,25,8.59,22.73,26.6,86.26,15.31,7.41,4075.18,318.8,14,12,0,3.87,4.16,9.14,0,0,15.25,Low
PRJ-00295,Infrastructure Project 00295,Ministry of Jal Shakti,Social Infrastructure,Gujarat,Infrastructure Development Authority,34671.82,35097.58,23671.85,30,30,0.0,96.28,100.0,73.41,88.39,7.89,20899.82,2772.03,18,5,0,3.72,1.23,0.0,0,0,11.63,Low
PRJ-00296,Infrastructure Project 00296,Ministry of Communications,Steel,Andhra Pradesh,Infrastructure Development Authority,8848.75,9087.42,6953.5,84,73,5.76,84.81,86.9,72.02,78.43,6.38,6202.4,751.09,13,12,1,2.1,2.7,6.86,0,0,9.44,Low
PRJ-00297,Infrastructure Project 00297,Ministry of Road Transport,Steel,Tamil Nadu,Infrastructure Development Authority,5912.94,6087.41,2554.47,71,4,7.5,7.66,5.63,40.53,0.97,6.68,2186.01,368.46,6,0,1,-2.02,2.95,10.56,0,1,17.74,Low
PRJ-00298,Infrastructure Project 00298,Ministry of Housing,Energy,Tamil Nadu,State Government Agency,27129.01,33616.53,5489.37,40,10,5.76,21.71,25.0,18.84,14.76,6.94,4763.74,725.63,28,21,2,3.29,23.91,14.4,1,1,25.77,Low
PRJ-00299,Infrastructure Project 00299,Ministry of Coal,Social Infrastructure,Odisha,Central Government Agency,35204.51,40123.89,2439.97,57,34,6.33,65.18,59.65,7.66,59.35,5.83,2324.15,115.82,5,3,0,-5.53,13.97,11.11,1,1,14.49,Low
PRJ-00300,Infrastructure Project 00300,Ministry of Housing,Mining,Uttar Pradesh,Infrastructure Development Authority,4355.89,4758.47,1921.8,96,69,12.35,71.94,71.88,42.3,68.85,3.09,1844.75,77.04,21,10,0,-0.06,9.24,12.87,0,1,11.38,Low
PRJ-00301,Infrastructure Project 00301,Ministry of Railways,Mining,West Bengal,Central Government Agency,38157.86,44276.31,30754.82,75,82,6.79,100.0,100.0,74.61,92.01,7.99,29945.96,808.86,28,28,0,0.0,16.03,9.05,1,0,13.14,Low
PRJ-00302,Infrastructure Project 00302,Ministry of Communications,Social Infrastructure,Karnataka,Infrastructure Development Authority,45993.8,56494.54,31271.93,51,29,3.87,55.42,56.86,66.88,53.88,1.54,28427.5,2844.43,5,0,1,1.44,22.83,7.58,1,0,24.17,Low
PRJ-00303,Infrastructure Project 00303,Ministry of Communications,Communication,Odisha,Central Government Agency,2826.8,4008.49,2550.61,119,69,11.53,50.1,57.98,69.67,42.17,7.93,2444.29,106.32,12,0,1,7.89,41.8,9.69,1,0,23.3,Low
PRJ-00304,Infrastructure Project 00304,Ministry of Communications,Energy,Tamil Nadu,Public Sector Undertaking,34257.82,40134.59,12572.52,61,40,2.04,70.23,65.57,31.42,69.22,1.0,11986.0,586.52,16,16,0,-4.65,17.15,3.35,1,0,17.08,Low
PRJ-00305,Infrastructure Project 00305,Ministry of Road Transport,Energy,Andhra Pradesh,Central Government Agency,44388.97,51313.54,18462.45,112,98,0.0,76.78,87.5,35.83,72.66,4.12,16317.15,2145.3,15,8,0,10.72,15.6,0.0,1,0,28.07,Low
PRJ-00306,Infrastructure Project 00306,Ministry of Power,Water & Sanitation,Tamil Nadu,Infrastructure Development Authority,26547.25,39865.11,17435.82,54,61,6.01,100.0,100.0,44.65,97.44,2.56,15064.59,2371.24,11,5,0,0.0,50.17,11.14,1,1,32.26,Low
PRJ-00307,Infrastructure Project 00307,Ministry of Coal,Water & Sanitation,Gujarat,State Government Agency,17462.33,18494.17,1743.78,114,61,3.02,44.87,53.51,13.03,40.55,4.32,1547.7,196.07,15,7,4,8.64,5.91,2.65,0,0,25.74,Low
PRJ-00308,Infrastructure Project 00308,Ministry of Jal Shakti,Water & Sanitation,Rajasthan,Infrastructure Development Authority,9862.8,13053.25,6957.83,33,9,6.81,12.82,27.27,51.12,11.05,1.77,6143.27,814.56,8,6,2,14.45,32.35,20.65,1,1,42.71,Medium
PRJ-00309,Infrastructure Project 00309,Ministry of Housing,Steel,Karnataka,Central Government Agency,28046.9,32448.62,2413.08,98,33,3.97,34.61,33.67,12.4,33.37,1.25,2331.4,81.68,6,0,0,-0.94,15.69,4.05,1,0,20.04,Low
PRJ-00310,Infrastructure Project 00310,Ministry of Steel,Steel,West Bengal,Central Government Agency,36529.06,38118.61,5428.27,93,63,0.68,67.4,67.74,19.78,62.41,4.99,4638.0,790.26,15,2,0,0.35,4.35,0.73,0,0,0.0,Low
PRJ-00311,Infrastructure Project 00311,Ministry of Coal,Coal,Karnataka,State Government Agency,34863.67,38202.61,16693.44,88,54,2.32,63.72,61.36,34.95,59.11,4.62,16305.71,387.73,18,1,2,-2.36,9.58,2.63,0,0,20.38,Low
PRJ-00312,Infrastructure Project 00312,Ministry of Housing,Water & Sanitation,Gujarat,State Government Agency,21099.44,21851.81,11038.16,112,21,3.89,18.84,18.75,47.4,18.45,0.39,10721.81,316.35,18,12,0,-0.09,3.57,3.47,0,0,6.59,Low
PRJ-00313,Infrastructure Project 00313,Ministry of Railways,Coal,West Bengal,Infrastructure Development Authority,24221.49,29947.96,24125.21,87,77,11.21,62.19,88.51,90.87,61.49,0.69,21934.24,2190.97,14,6,3,26.32,23.64,12.89,1,1,39.89,Medium
PRJ-00314,Infrastructure Project 00314,Ministry of Coal,Transport & Logistics,Odisha,Infrastructure Development Authority,29570.01,33524.8,22581.85,88,62,0.17,68.72,70.45,64.5,64.33,4.39,19432.39,3149.46,22,19,1,1.73,13.37,0.19,1,0,22.74,Low
PRJ-00315,Infrastructure Project 00315,Ministry of Housing,Transport & Logistics,Gujarat,Public Sector Undertaking,33932.42,35150.31,9155.39,115,12,6.36,0.0,10.43,24.5,0.0,0.0,8439.66,715.73,22,7,1,10.43,3.59,5.53,0,0,19.95,Low
PRJ-00316,Infrastructure Project 00316,Ministry of Power,Social Infrastructure,Karnataka,Central Government Agency,19494.71,23978.4,16404.92,47,16,6.04,33.13,34.04,74.53,28.91,4.22,14792.06,1612.86,20,1,1,0.91,23.0,12.86,1,1,24.09,Low
PRJ-00317,Infrastructure Project 00317,Ministry of Road Transport,Coal,Maharashtra,Public Sector Undertaking,953.81,1059.65,237.6,70,44,0.0,65.07,62.86,29.21,62.72,2.36,217.24,20.36,23,9,0,-2.22,11.1,0.0,1,0,7.78,Low
PRJ-00318,Infrastructure Project 00318,Ministry of Communications,Water & Sanitation,Tamil Nadu,Central Government Agency,40925.48,42816.46,10090.25,45,20,6.3,43.57,44.44,24.85,41.62,1.95,9381.0,709.25,13,13,0,0.88,4.62,14.01,0,1,20.52,Low
PRJ-00319,Infrastructure Project 00319,Ministry of Communications,Social Infrastructure,Odisha,Central Government Agency,1902.58,1932.2,113.63,97,26,5.84,27.45,26.8,1.2,26.31,1.14,100.61,13.03,17,1,1,-0.65,1.56,6.02,0,0,15.75,Low
PRJ-00320,Infrastructure Project 00320,Ministry of Jal Shakti,Communication,Karnataka,State Government Agency,44127.96,56553.17,10709.39,48,29,8.03,58.45,60.42,24.9,53.66,4.79,9742.61,966.78,13,0,0,1.97,28.16,16.74,1,1,40.75,Medium
PRJ-00321,Infrastructure Project 00321,Ministry of Communications,Transport & Logistics,Maharashtra,Infrastructure Development Authority,13325.34,16196.0,11263.06,65,31,6.68,50.75,47.69,61.05,46.33,4.42,10251.27,1011.79,11,6,0,-3.06,21.54,10.27,1,1,15.62,Low
PRJ-00322,Infrastructure Project 00322,Ministry of Power,Mining,Uttar Pradesh,State Government Agency,43114.73,43937.96,26392.92,38,30,0.0,78.58,78.95,60.64,78.12,0.46,25955.29,437.63,15,1,0,0.37,1.91,0.0,0,0,3.37,Low
PRJ-00323,Infrastructure Project 00323,Ministry of Railways,Energy,Maharashtra,Infrastructure Development Authority,47901.92,48487.92,28279.16,71,75,3.19,98.6,100.0,58.39,92.19,6.4,24325.18,3953.97,8,6,2,1.4,1.22,4.5,0,0,15.8,Low
PRJ-00324,Infrastructure Project 00324,Ministry of Steel,Transport & Logistics,Gujarat,State Government Agency,10794.84,12466.93,9784.26,69,71,4.89,97.25,100.0,73.33,92.57,4.68,8916.37,867.89,15,3,0,2.75,15.49,7.09,1,0,19.89,Low
PRJ-00325,Infrastructure Project 00325,Ministry of Jal Shakti,Steel,West Bengal,Public Sector Undertaking,20901.8,28916.83,22460.51,74,72,9.64,100.0,97.3,70.29,98.19,1.81,19519.88,2940.63,29,25,1,-2.7,38.35,13.03,1,1,25.91,Low
PRJ-00326,Infrastructure Project 00326,Ministry of Communications,Water & Sanitation,Tamil Nadu,Infrastructure Development Authority,15423.98,17575.38,5499.04,82,43,0.49,41.53,52.44,30.84,41.46,0.08,5437.08,61.97,26,8,1,10.9,13.95,0.6,1,0,25.91,Low
PRJ-00327,Infrastructure Project 00327,Ministry of Coal,Mining,Andhra Pradesh,Infrastructure Development Authority,18007.22,19451.99,8624.82,77,33,0.29,28.52,42.86,46.43,24.66,3.86,8086.54,538.28,23,3,4,14.34,8.02,0.37,0,0,22.36,Low
PRJ-00328,Infrastructure Project 00328,Ministry of Jal Shakti,Energy,Gujarat,Infrastructure Development Authority,10885.66,11834.94,4492.04,67,50,12.63,77.43,74.63,42.84,74.87,2.56,4429.02,63.01,17,8,1,-2.81,8.72,18.85,0,1,26.53,Low
PRJ-00329,Infrastructure Project 00329,Ministry of Coal,Communication,Rajasthan,Infrastructure Development Authority,47389.04,47959.34,33551.12,37,22,0.0,56.29,59.46,66.62,49.02,7.27,33082.54,468.58,28,12,0,3.17,1.2,0.0,0,0,8.95,Low
PRJ-00330,Infrastructure Project 00330,Ministry of Housing,Transport & Logistics,Tamil Nadu,Infrastructure Development Authority,32117.1,32847.91,27105.25,99,17,0.66,25.09,17.17,75.46,20.28,4.81,26858.53,246.72,27,14,1,-7.92,2.28,0.67,0,0,3.49,Low
PRJ-00331,Infrastructure Project 00331,Ministry of Road Transport,Energy,Gujarat,Public Sector Undertaking,21886.94,23460.57,11244.32,95,27,9.1,26.18,28.42,46.79,18.75,7.43,10266.51,977.81,27,7,1,2.24,7.19,9.58,0,0,14.02,Low
PRJ-00332,Infrastructure Project 00332,Ministry of Road Transport,Social Infrastructure,Telangana,State Government Agency,17379.17,19493.28,6442.81,116,17,1.51,8.61,14.66,28.77,4.58,4.03,5606.23,836.58,7,0,0,6.04,12.16,1.3,1,0,13.0,Low
PRJ-00333,Infrastructure Project 00333,Ministry of Jal Shakti,Coal,Maharashtra,Public Sector Undertaking,17916.78,20357.77,10851.56,102,45,8.63,51.35,44.12,56.54,46.66,4.69,10126.03,725.53,28,8,0,-7.23,13.62,8.46,1,0,6.38,Low
PRJ-00334,Infrastructure Project 00334,Ministry of Steel,Energy,Uttar Pradesh,Public Sector Undertaking,22514.33,29735.82,5069.62,85,91,16.92,100.0,100.0,14.41,96.26,3.74,4862.18,207.44,18,7,0,0.0,32.08,19.91,1,1,37.25,Medium
PRJ-00335,Infrastructure Project 00335,Ministry of Road Transport,Communication,Uttar Pradesh,Central Government Agency,12461.23,12914.98,6854.83,106,74,0.0,69.74,69.81,62.96,69.15,0.6,6336.92,517.91,7,7,0,0.07,3.64,0.0,0,0,0.0,Low
PRJ-00336,Infrastructure Project 00336,Ministry of Communications,Transport & Logistics,Tamil Nadu,Infrastructure Development Authority,28618.99,32747.3,15369.09,109,17,15.49,6.93,15.6,41.41,0.23,6.71,13860.85,1508.24,5,3,0,8.66,14.43,14.21,1,1,18.36,Low
PRJ-00337,Infrastructure Project 00337,Ministry of Coal,Communication,Madhya Pradesh,State Government Agency,16178.86,17955.73,14823.41,51,32,1.66,60.49,62.75,79.2,57.88,2.62,14799.4,24.01,15,3,0,2.25,10.98,3.25,1,0,15.24,Low
PRJ-00338,Infrastructure Project 00338,Ministry of Coal,Energy,Gujarat,State Government Agency,38678.1,52202.38,5525.08,80,64,13.05,67.95,80.0,13.65,62.94,5.01,4970.59,554.49,22,21,2,12.05,34.97,16.31,1,1,43.58,Medium
PRJ-00339,Infrastructure Project 00339,Ministry of Railways,Communication,Madhya Pradesh,State Government Agency,6758.82,7253.24,1633.77,108,99,8.21,77.13,91.67,17.9,71.24,5.9,1616.59,17.18,25,14,3,14.54,7.32,7.6,0,0,30.17,Low
PRJ-00340,Infrastructure Project 00340,Ministry of Railways,Transport & Logistics,West Bengal,Central Government Agency,35599.42,37209.26,13122.89,114,85,0.0,91.03,74.56,34.49,87.21,3.82,12195.04,927.85,8,0,0,-16.47,4.52,0.0,0,0,0.0,Low
PRJ-00341,Infrastructure Project 00341,Ministry of Jal Shakti,Energy,Madhya Pradesh,Infrastructure Development Authority,12850.16,13973.43,3208.96,38,10,7.51,15.31,26.32,22.54,11.8,3.51,2842.99,365.97,19,9,0,11.01,8.74,19.76,0,1,17.67,Low
PRJ-00342,Infrastructure Project 00342,Ministry of Road Transport,Social Infrastructure,Madhya Pradesh,Infrastructure Development Authority,45141.31,47013.56,2776.91,70,15,2.81,14.06,21.43,17.03,11.32,2.75,2542.99,233.92,26,8,0,7.37,4.15,4.01,0,0,22.57,Low
PRJ-00343,Infrastructure Project 00343,Ministry of Road Transport,Water & Sanitation,Maharashtra,Public Sector Undertaking,14341.68,14801.76,9664.72,25,26,9.08,100.0,100.0,64.63,93.5,6.5,8427.55,1237.18,9,6,0,0.0,3.21,36.32,0,1,23.31,Low
PRJ-00344,Infrastructure Project 00344,Ministry of Housing,Energy,Madhya Pradesh,Public Sector Undertaking,45212.06,61967.64,25133.08,34,13,7.78,26.08,38.24,30.62,18.91,7.17,24657.49,475.59,17,17,2,12.16,37.06,22.88,1,1,35.65,Medium
PRJ-00345,Infrastructure Project 00345,Ministry of Steel,Transport & Logistics,Uttar Pradesh,Central Government Agency,21594.27,23427.6,11860.22,49,15,3.59,20.88,30.61,51.0,18.15,2.73,10149.03,1711.19,13,7,1,9.74,8.49,7.33,0,0,22.32,Low
PRJ-00346,Infrastructure Project 00346,Ministry of Railways,Steel,Uttar Pradesh,Infrastructure Development Authority,32192.41,42456.35,29349.89,40,48,6.69,100.0,100.0,68.27,96.78,3.22,28683.1,666.79,16,2,0,0.0,31.88,16.73,1,1,35.99,Medium
PRJ-00347,Infrastructure Project 00347,Ministry of Power,Social Infrastructure,Gujarat,Central Government Agency,13311.04,15691.46,3704.04,112,94,4.7,83.05,83.93,21.95,78.44,4.61,3396.41,307.63,26,25,0,0.88,17.88,4.19,1,0,16.73,Low
PRJ-00348,Infrastructure Project 00348,Ministry of Communications,Energy,Bihar,Infrastructure Development Authority,4173.32,4512.28,669.34,45,45,6.82,100.0,100.0,15.95,98.59,1.41,597.38,71.96,18,3,0,0.0,8.12,15.15,0,1,15.71,Low
PRJ-00349,Infrastructure Project 00349,Ministry of Coal,Water & Sanitation,Madhya Pradesh,Central Government Agency,22774.25,27377.66,14053.06,84,82,10.71,97.64,97.62,46.09,96.34,1.31,13288.36,764.7,16,9,0,-0.03,20.21,12.75,1,1,16.33,Low
PRJ-00350,Infrastructure Project 00350,Ministry of Power,Transport & Logistics,West Bengal,Public Sector Undertaking,34241.26,44150.39,12199.14,101,82,12.99,74.12,81.19,31.52,73.1,1.03,12165.5,33.63,11,11,1,7.06,28.94,12.86,1,1,35.41,Medium
PRJ-00351,Infrastructure Project 00351,Ministry of Housing,Mining,Karnataka,Infrastructure Development Authority,31355.3,36379.47,16245.35,111,57,0.0,44.2,51.35,42.58,42.65,1.54,15962.24,283.11,5,1,1,7.15,16.02,0.0,1,0,24.65,Low
PRJ-00352,Infrastructure Project 00352,Ministry of Power,Transport & Logistics,Tamil Nadu,Infrastructure Development Authority,19610.27,21510.86,12497.54,79,25,4.41,15.09,31.65,59.77,14.49,0.6,12245.96,251.58,25,3,5,16.56,9.69,5.58,0,0,20.31,Low
PRJ-00353,Infrastructure Project 00353,Ministry of Road Transport,Social Infrastructure,Tamil Nadu,Central Government Agency,35441.2,36325.6,14520.01,61,13,0.0,34.69,21.31,41.7,34.37,0.32,12556.66,1963.35,26,16,0,-13.38,2.5,0.0,0,0,11.3,Low
PRJ-00354,Infrastructure Project 00354,Ministry of Road Transport,Mining,Karnataka,Infrastructure Development Authority,41746.29,45234.69,2987.15,69,54,3.83,84.83,78.26,5.72,81.6,3.23,2683.06,304.09,22,16,0,-6.56,8.36,5.56,0,0,0.0,Low
PRJ-00355,Infrastructure Project 00355,Ministry of Railways,Transport & Logistics,Uttar Pradesh,Infrastructure Development Authority,30023.98,33527.78,24773.37,79,55,7.67,56.99,69.62,77.11,53.67,3.32,23558.45,1214.92,24,5,2,12.63,11.67,9.71,1,0,22.17,Low
PRJ-00356,Infrastructure Project 00356,Ministry of Power,Transport & Logistics,Tamil Nadu,State Government Agency,41870.85,45981.63,31248.23,26,28,16.92,100.0,100.0,78.4,97.92,2.08,30851.46,396.77,28,17,2,0.0,9.82,65.07,0,1,31.6,Low
PRJ-00357,Infrastructure Project 00357,Ministry of Railways,Mining,Rajasthan,Infrastructure Development Authority,22889.51,25696.88,7296.17,25,21,1.74,83.33,84.0,31.91,77.7,5.63,6261.2,1034.97,14,8,1,0.67,12.26,6.97,1,0,14.25,Low
PRJ-00358,Infrastructure Project 00358,Ministry of Railways,Mining,Rajasthan,State Government Agency,23323.01,24143.96,16864.15,111,112,0.0,100.0,100.0,69.3,95.66,4.34,16489.51,374.64,5,4,0,0.0,3.52,0.0,0,0,2.32,Low
PRJ-00359,Infrastructure Project 00359,Ministry of Road Transport,Energy,Uttar Pradesh,State Government Agency,46636.92,66938.55,39546.89,50,19,0.0,36.24,38.0,62.39,35.85,0.38,34503.64,5043.25,20,0,1,1.76,43.53,0.0,1,0,24.65,Low
PRJ-00360,Infrastructure Project 00360,Ministry of Steel,Water & Sanitation,Rajasthan,Central Government Agency,40550.26,41425.8,28137.26,118,35,5.22,31.52,29.66,60.01,24.41,7.11,24589.42,3547.84,19,6,0,-1.85,2.16,4.42,0,0,10.46,Low
PRJ-00361,Infrastructure Project 00361,Ministry of Power,Steel,Madhya Pradesh,Public Sector Undertaking,16128.73,20706.67,9540.55,73,58,7.7,83.31,79.45,46.25,76.22,7.09,8341.48,1199.07,22,3,0,-3.86,28.38,10.55,1,1,20.88,Low
PRJ-00362,Infrastructure Project 00362,Ministry of Coal,Mining,Andhra Pradesh,Central Government Agency,5360.72,5579.14,1866.89,84,88,8.7,100.0,100.0,29.89,98.82,1.18,1846.38,20.51,8,3,0,0.0,4.07,10.35,0,1,13.59,Low
PRJ-00363,Infrastructure Project 00363,Ministry of Coal,Steel,Bihar,State Government Agency,37702.65,38872.6,21269.98,92,71,0.0,77.22,77.17,58.47,74.48,2.74,18814.02,2455.96,29,20,0,-0.05,3.1,0.0,0,0,6.82,Low
PRJ-00364,Infrastructure Project 00364,Ministry of Coal,Energy,Telangana,Central Government Agency,49318.46,54526.58,43272.54,90,73,15.77,90.03,81.11,75.5,85.06,4.97,38605.66,4666.88,7,6,0,-8.92,10.56,17.53,1,1,13.35,Low
PRJ-00365,Infrastructure Project 00365,Ministry of Steel,Steel,Telangana,Public Sector Undertaking,7204.83,8350.83,6413.85,107,79,0.0,84.53,73.83,77.93,77.8,6.73,6381.69,32.16,8,5,1,-10.69,15.91,0.0,1,0,20.11,Low
PRJ-00366,Infrastructure Project 00366,Ministry of Jal Shakti,Mining,Bihar,Infrastructure Development Authority,22446.56,22950.21,14885.3,116,68,12.12,51.58,58.62,66.02,44.27,7.32,14419.43,465.88,15,10,1,7.04,2.24,10.45,0,1,11.03,Low
PRJ-00367,Infrastructure Project 00367,Ministry of Housing,Mining,Madhya Pradesh,State Government Agency,33758.75,38370.26,3343.85,84,68,13.4,72.44,80.95,9.23,67.97,4.48,3336.56,7.29,10,5,0,8.51,13.66,15.95,1,1,29.49,Low
PRJ-00368,Infrastructure Project 00368,Ministry of Railways,Coal,Bihar,Infrastructure Development Authority,35709.09,37430.72,23402.37,85,56,1.71,71.71,65.88,67.97,64.53,7.18,21583.24,1819.13,20,9,1,-5.82,4.82,2.01,0,0,4.12,Low
PRJ-00369,Infrastructure Project 00369,Ministry of Power,Energy,West Bengal,State Government Agency,43978.34,46755.83,26735.51,75,30,13.95,26.84,40.0,52.83,25.99,0.86,23850.24,2885.27,20,4,3,13.16,6.32,18.59,0,1,24.92,Low
PRJ-00370,Infrastructure Project 00370,Ministry of Jal Shakti,Coal,Tamil Nadu,Central Government Agency,2967.31,3397.9,2726.57,84,65,9.38,62.68,77.38,72.58,58.19,4.49,2687.7,38.88,11,11,4,14.7,14.51,11.17,1,1,29.22,Low
PRJ-00371,Infrastructure Project 00371,Ministry of Communications,Steel,Telangana,Infrastructure Development Authority,8040.57,8341.8,4209.73,36,37,4.83,100.0,100.0,46.46,99.73,0.27,3633.34,576.39,17,15,1,0.0,3.75,13.42,0,1,15.65,Low
PRJ-00372,Infrastructure Project 00372,Ministry of Railways,Mining,Rajasthan,Public Sector Undertaking,25688.17,30810.21,11631.2,118,82,15.07,62.28,69.49,36.44,60.73,1.55,11027.84,603.36,29,11,0,7.21,19.94,12.77,1,1,37.22,Medium
PRJ-00373,Infrastructure Project 00373,Ministry of Jal Shakti,Steel,Tamil Nadu,Central Government Agency,32414.03,47072.37,6294.92,58,18,5.23,32.9,31.03,12.64,28.87,4.03,5537.98,756.94,9,0,0,-1.86,45.22,9.01,1,0,29.18,Low
PRJ-00374,Infrastructure Project 00374,Ministry of Road Transport,Steel,Telangana,State Government Agency,20045.6,20685.94,1773.38,116,90,6.55,69.52,77.59,4.79,68.61,0.91,1664.07,109.32,19,6,3,8.06,3.19,5.65,0,0,21.83,Low
PRJ-00375,Infrastructure Project 00375,Ministry of Communications,Mining,Odisha,Public Sector Undertaking,9045.77,9798.68,6931.99,92,89,0.91,100.0,96.74,83.93,97.13,2.87,6437.71,494.28,10,2,0,-3.26,8.32,0.99,0,0,7.45,Low
PRJ-00376,Infrastructure Project 00376,Ministry of Coal,Communication,Karnataka,State Government Agency,45077.77,53009.73,42170.84,52,4,0.55,8.53,7.69,77.74,7.5,1.03,39207.53,2963.31,7,5,4,-0.84,17.6,1.06,1,0,26.24,Low
PRJ-00377,Infrastructure Project 00377,Ministry of Communications,Social Infrastructure,Gujarat,Central Government Agency,13853.55,16017.35,2872.07,66,9,8.56,16.56,13.64,12.73,13.05,3.51,2535.18,336.89,19,2,1,-2.93,15.62,12.97,1,1,25.82,Low
PRJ-00378,Infrastructure Project 00378,Ministry of Housing,Communication,Rajasthan,Central Government Agency,39640.67,42783.8,6137.05,26,18,0.0,61.07,69.23,11.26,53.69,7.38,5613.74,523.31,22,17,0,8.16,7.93,0.0,0,0,17.39,Low
PRJ-00379,Infrastructure Project 00379,Ministry of Railways,Social Infrastructure,Rajasthan,Central Government Agency,4753.44,5081.31,2376.54,95,68,1.1,77.75,71.58,51.53,74.11,3.64,2110.91,265.63,16,2,1,-6.17,6.9,1.16,0,0,0.43,Low
PRJ-00380,Infrastructure Project 00380,Ministry of Jal Shakti,Water & Sanitation,Tamil Nadu,Central Government Agency,38861.39,39993.03,26865.85,111,113,1.82,100.0,100.0,71.05,97.83,2.17,24965.33,1900.53,11,1,1,0.0,2.91,1.64,0,0,9.5,Low
PRJ-00381,Infrastructure Project 00381,Ministry of Railways,Water & Sanitation,Maharashtra,Central Government Agency,5772.93,6411.63,1260.26,28,27,6.48,89.91,96.43,9.27,86.32,3.59,1152.38,107.88,8,4,0,6.51,11.06,23.13,1,1,27.09,Low
PRJ-00382,Infrastructure Project 00382,Ministry of Power,Mining,Gujarat,Infrastructure Development Authority,36676.26,43633.82,15088.15,116,59,6.25,44.32,50.86,33.72,39.63,4.69,12879.07,2209.08,13,2,2,6.54,18.97,5.39,1,0,29.98,Low
PRJ-00383,Infrastructure Project 00383,Ministry of Housing,Coal,West Bengal,Infrastructure Development Authority,20549.89,22764.6,8170.78,91,30,0.0,36.48,32.97,27.94,30.63,5.85,7873.95,296.82,8,5,1,-3.51,10.78,0.0,1,0,10.33,Low
PRJ-00384,Infrastructure Project 00384,Ministry of Housing,Energy,Odisha,Central Government Agency,14605.87,14727.29,2231.9,113,63,3.39,49.95,55.75,19.85,44.43,5.53,2096.6,135.3,16,4,2,5.8,0.83,3.0,0,0,6.62,Low
PRJ-00385,Infrastructure Project 00385,Ministry of Housing,Water & Sanitation,Karnataka,State Government Agency,32296.07,41167.17,12627.96,112,61,16.19,47.47,54.46,33.54,44.39,3.08,11865.94,762.02,12,2,1,6.99,27.47,14.45,1,1,27.84,Low
PRJ-00386,Infrastructure Project 00386,Ministry of Coal,Mining,West Bengal,State Government Agency,6463.8,6753.56,4041.54,116,61,19.22,52.68,52.59,52.93,50.79,1.89,3598.68,442.86,12,6,0,-0.09,4.48,16.57,0,1,18.8,Low
PRJ-00387,Infrastructure Project 00387,Ministry of Power,Water & Sanitation,Uttar Pradesh,Public Sector Undertaking,488.39,527.36,394.84,40,39,0.68,93.67,97.5,83.5,89.13,4.54,354.35,40.49,26,23,0,3.83,7.98,1.71,0,0,12.22,Low
PRJ-00388,Infrastructure Project 00388,Ministry of Steel,Energy,Madhya Pradesh,Central Government Agency,5679.37,7068.12,5300.75,107,9,4.55,14.08,8.41,69.32,8.22,5.87,4607.98,692.76,24,18,0,-5.67,24.45,4.25,1,0,11.63,Low
PRJ-00389,Infrastructure Project 00389,Ministry of Communications,Social Infrastructure,Gujarat,Central Government Agency,44905.12,60093.23,28250.59,102,90,23.17,74.82,88.24,52.94,68.98,5.84,26329.85,1920.74,25,16,3,13.41,33.82,22.72,1,1,36.13,Medium
PRJ-00390,Infrastructure Project 00390,Ministry of Steel,Energy,Andhra Pradesh,State Government Agency,33440.14,39126.14,8349.16,59,35,2.81,56.34,59.32,15.22,51.45,4.89,7477.47,871.69,12,10,1,2.98,17.0,4.77,1,0,28.25,Low
PRJ-00391,Infrastructure Project 00391,Ministry of Jal Shakti,Mining,Karnataka,Central Government Agency,6817.97,7117.17,3822.19,57,47,7.64,83.48,82.46,53.8,75.72,7.76,3424.76,397.44,23,9,1,-1.02,4.39,13.41,0,1,9.45,Low
PRJ-00392,Infrastructure Project 00392,Ministry of Railways,Communication,Madhya Pradesh,State Government Agency,38600.46,45064.58,30671.86,32,24,0.0,71.06,75.0,59.31,70.83,0.23,27887.92,2783.94,23,22,1,3.94,16.75,0.0,1,0,13.97,Low
PRJ-00393,Infrastructure Project 00393,Ministry of Power,Transport & Logistics,Maharashtra,Central Government Agency,43367.01,51842.11,11138.74,60,55,4.2,98.46,91.67,28.58,94.76,3.7,9566.57,1572.18,10,4,0,-6.8,19.54,7.0,1,0,17.29,Low
PRJ-00394,Infrastructure Project 00394,Ministry of Coal,Social Infrastructure,Tamil Nadu,State Government Agency,39285.83,45809.73,29885.76,70,8,3.32,5.68,11.43,58.33,3.15,2.54,28621.91,1263.85,16,15,0,5.75,16.61,4.74,1,0,18.56,Low
PRJ-00395,Infrastructure Project 00395,Ministry of Railways,Energy,Andhra Pradesh,State Government Agency,8053.03,8788.02,5807.9,61,43,5.5,77.88,70.49,70.6,73.57,4.31,5399.47,408.43,26,19,0,-7.38,9.13,9.02,0,0,19.35,Low
PRJ-00396,Infrastructure Project 00396,Ministry of Road Transport,Mining,Andhra Pradesh,Infrastructure Development Authority,25086.54,25861.39,18458.18,54,30,9.46,59.02,55.56,67.44,51.35,7.67,16476.7,1981.47,17,13,0,-3.47,3.09,17.52,0,1,13.92,Low
PRJ-00397,Infrastructure Project 00397,Ministry of Communications,Water & Sanitation,Madhya Pradesh,State Government Agency,29547.99,40554.11,20952.94,113,16,5.9,9.4,14.16,39.77,5.82,3.59,17870.82,3082.12,11,1,0,4.75,37.25,5.23,1,0,29.87,Low
PRJ-00398,Infrastructure Project 00398,Ministry of Communications,Water & Sanitation,Rajasthan,State Government Agency,6805.75,7672.8,1783.54,93,60,7.41,58.0,64.52,9.72,56.46,1.53,1694.23,89.31,9,0,0,6.52,12.74,7.97,1,0,21.01,Low
PRJ-00399,Infrastructure Project 00399,Ministry of Housing,Mining,Madhya Pradesh,Central Government Agency,3729.96,3883.54,1156.45,88,82,3.78,88.87,93.18,30.89,87.29,1.58,1010.15,146.3,21,8,1,4.31,4.12,4.29,0,0,15.18,Low
PRJ-00400,Infrastructure Project 00400,Ministry of Jal Shakti,Social Infrastructure,Andhra Pradesh,Infrastructure Development Authority,45089.07,53745.43,25053.14,103,8,13.23,5.0,7.77,45.48,4.12,0.88,23476.62,1576.52,26,14,1,2.77,19.2,12.84,1,1,10.5,Low
PRJ-00401,Infrastructure Project 00401,Ministry of Housing,Steel,Odisha,State Government Agency,6966.26,7503.28,2374.56,111,23,7.98,25.3,20.72,30.46,23.81,1.48,2142.44,232.12,26,5,2,-4.58,7.71,7.19,0,0,16.88,Low
PRJ-00402,Infrastructure Project 00402,Ministry of Road Transport,Water & Sanitation,West Bengal,Central Government Agency,16067.95,17289.61,3032.78,29,9,0.0,31.29,31.03,22.9,24.02,7.28,3024.57,8.2,13,4,0,-0.26,7.6,0.0,0,0,17.11,Low
PRJ-00403,Infrastructure Project 00403,Ministry of Coal,Social Infrastructure,Andhra Pradesh,Public Sector Undertaking,27135.57,30287.56,15709.6,92,32,4.9,40.76,34.78,54.06,39.84,0.92,13425.36,2284.24,8,3,0,-5.98,11.62,5.32,1,0,14.06,Low
PRJ-00404,Infrastructure Project 00404,Ministry of Road Transport,Coal,Rajasthan,State Government Agency,3434.82,3488.18,1344.73,96,55,5.78,59.59,57.29,28.62,57.97,1.62,1152.57,192.16,15,9,0,-2.3,1.55,6.02,0,0,8.85,Low
PRJ-00405,Infrastructure Project 00405,Ministry of Coal,Water & Sanitation,Andhra Pradesh,State Government Agency,13538.69,13925.57,9256.84,96,102,1.43,93.48,100.0,62.38,87.59,5.89,8421.8,835.04,27,14,2,6.52,2.86,1.49,0,0,8.38,Low
PRJ-00406,Infrastructure Project 00406,Ministry of Railways,Water & Sanitation,Bihar,Public Sector Undertaking,26552.78,35938.13,26557.76,33,10,0.0,20.96,30.3,72.82,13.67,7.29,22601.33,3956.43,19,9,0,9.35,35.35,0.0,1,0,30.42,Low
PRJ-00407,Infrastructure Project 00407,Ministry of Communications,Water & Sanitation,Odisha,State Government Agency,47922.64,57840.79,15710.74,83,28,12.74,18.31,33.73,31.61,11.9,6.4,14633.71,1077.03,19,12,2,15.43,20.7,15.35,1,1,31.82,Low
PRJ-00408,Infrastructure Project 00408,Ministry of Jal Shakti,Steel,Odisha,Infrastructure Development Authority,19025.32,23746.41,18801.58,24,30,13.47,100.0,100.0,74.14,96.47,3.53,17450.77,1350.81,16,11,0,0.0,24.81,56.13,1,1,34.47,Low
PRJ-00409,Infrastructure Project 00409,Ministry of Power,Communication,Uttar Pradesh,Infrastructure Development Authority,47673.21,60243.44,49328.33,90,40,9.79,31.33,44.44,79.32,29.97,1.36,45630.89,3697.45,22,3,2,13.11,26.37,10.88,1,1,30.22,Low
PRJ-00410,Infrastructure Project 00410,Ministry of Jal Shakti,Transport & Logistics,Odisha,Public Sector Undertaking,20032.24,24133.19,12910.34,67,44,4.66,70.03,65.67,53.96,66.26,3.77,11799.91,1110.42,14,9,0,-4.36,20.47,6.95,1,0,19.78,Low
PRJ-00411,Infrastructure Project 00411,Ministry of Railways,Steel,Telangana,Central Government Agency,16250.49,17662.07,1841.04,63,62,6.94,99.13,98.41,12.63,92.54,6.59,1652.5,188.54,7,4,2,-0.72,8.69,11.02,0,1,21.22,Low
PRJ-00412,Infrastructure Project 00412,Ministry of Communications,Communication,Gujarat,State Government Agency,47138.74,53665.48,20915.76,114,74,6.95,72.62,64.91,25.08,71.66,0.97,19578.88,1336.88,24,6,0,-7.71,13.85,6.09,1,0,10.8,Low
PRJ-00413,Infrastructure Project 00413,Ministry of Housing,Steel,Karnataka,Public Sector Undertaking,14215.46,18799.15,8169.71,70,4,4.61,8.42,5.71,41.4,5.8,2.62,7912.5,257.21,21,21,0,-2.71,32.24,6.58,1,0,26.81,Low
PRJ-00414,Infrastructure Project 00414,Ministry of Steel,Communication,Rajasthan,Public Sector Undertaking,26229.43,27816.65,7059.21,82,56,6.25,60.82,68.29,23.73,54.65,6.17,6687.28,371.93,10,9,0,7.47,6.05,7.63,0,0,14.53,Low
PRJ-00415,Infrastructure Project 00415,Ministry of Power,Communication,Bihar,Public Sector Undertaking,8303.22,8546.32,1203.92,81,7,2.79,11.57,8.64,14.19,10.56,1.01,1117.85,86.07,24,23,0,-2.93,2.93,3.44,0,0,4.39,Low
PRJ-00416,Infrastructure Project 00416,Ministry of Coal,Mining,Tamil Nadu,Public Sector Undertaking,24117.19,24711.04,5250.02,103,73,1.63,77.78,70.87,12.27,73.16,4.62,4980.48,269.54,5,3,0,-6.9,2.46,1.58,0,0,14.46,Low
PRJ-00417,Infrastructure Project 00417,Ministry of Railways,Communication,West Bengal,Public Sector Undertaking,6490.05,7558.41,2452.21,99,58,15.16,65.45,58.59,36.29,65.06,0.39,2241.26,210.95,17,12,0,-6.87,16.46,15.31,1,1,21.76,Low
PRJ-00418,Infrastructure Project 00418,Ministry of Steel,Coal,Telangana,Public Sector Undertaking,1099.31,1131.87,889.75,109,15,2.23,12.23,13.76,78.06,10.32,1.91,778.24,111.52,27,27,0,1.53,2.96,2.05,0,0,0.43,Low
PRJ-00419,Infrastructure Project 00419,Ministry of Road Transport,Steel,Rajasthan,Infrastructure Development Authority,36221.93,39482.61,24600.97,99,49,0.0,51.12,49.49,51.9,51.06,0.06,24376.19,224.77,19,12,0,-1.63,9.0,0.0,0,0,11.71,Low
PRJ-00420,Infrastructure Project 00420,Ministry of Jal Shakti,Transport & Logistics,Tamil Nadu,Public Sector Undertaking,9357.99,9911.08,4482.53,95,80,2.8,88.36,84.21,47.76,81.39,6.97,4020.35,462.18,16,12,0,-4.15,5.91,2.95,0,0,0.0,Low
PRJ-00421,Infrastructure Project 00421,Ministry of Communications,Energy,Tamil Nadu,State Government Agency,21491.95,24244.29,3355.09,112,97,7.76,90.65,86.61,11.8,89.79,0.87,3143.28,211.81,29,16,0,-4.05,12.81,6.93,1,0,21.87,Low
PRJ-00422,Infrastructure Project 00422,Ministry of Railways,Coal,Karnataka,Infrastructure Development Authority,10421.52,11738.97,7684.72,83,59,11.13,62.21,71.08,65.52,59.49,2.71,7312.76,371.96,26,22,3,8.88,12.64,13.41,1,1,22.95,Low
PRJ-00423,Infrastructure Project 00423,Ministry of Road Transport,Communication,Rajasthan,Infrastructure Development Authority,30518.39,30884.18,15301.56,108,11,6.44,19.83,10.19,41.78,19.2,0.64,14315.52,986.04,15,3,0,-9.65,1.2,5.97,0,0,11.57,Low
PRJ-00424,Infrastructure Project 00424,Ministry of Housing,Steel,Telangana,Central Government Agency,36063.62,37156.09,18308.37,35,33,3.26,91.41,94.29,45.38,88.68,2.72,16999.59,1308.78,22,2,0,2.88,3.03,9.31,0,0,9.01,Low
PRJ-00425,Infrastructure Project 00425,Ministry of Railways,Water & Sanitation,Gujarat,State Government Agency,8393.72,9927.47,2888.17,43,11,19.35,15.4,25.58,31.98,10.61,4.79,2761.43,126.74,10,10,3,10.18,18.27,45.0,1,1,53.37,Medium
PRJ-00426,Infrastructure Project 00426,Ministry of Road Transport,Mining,Bihar,Central Government Agency,5775.98,6255.71,2154.89,94,52,0.0,48.78,55.32,41.13,43.16,5.62,1949.93,204.96,23,12,1,6.54,8.31,0.0,0,0,4.28,Low
PRJ-00427,Infrastructure Project 00427,Ministry of Communications,Steel,Karnataka,Infrastructure Development Authority,48807.12,57679.96,46864.95,57,10,5.95,25.05,17.54,79.3,23.29,1.76,45450.75,1414.19,22,20,2,-7.51,18.18,10.43,1,1,20.36,Low
PRJ-00428,Infrastructure Project 00428,Ministry of Road Transport,Transport & Logistics,Madhya Pradesh,Public Sector Undertaking,38777.94,49067.99,3650.52,32,36,5.07,96.06,100.0,10.0,91.87,4.19,3625.82,24.7,15,15,0,3.94,26.54,15.86,1,1,34.7,Low
PRJ-00429,Infrastructure Project 00429,Ministry of Power,Mining,Madhya Pradesh,Public Sector Undertaking,23571.79,28543.48,23803.31,119,117,10.36,100.0,98.32,84.01,93.02,6.98,22771.66,1031.65,22,9,0,-1.68,21.09,8.7,1,0,25.66,Low
PRJ-00430,Infrastructure Project 00430,Ministry of Housing,Mining,Telangana,State Government Agency,19003.09,20529.17,5810.47,40,47,1.68,100.0,100.0,40.84,96.31,3.69,5526.44,284.04,17,17,0,0.0,8.03,4.2,0,0,19.55,Low
PRJ-00431,Infrastructure Project 00431,Ministry of Railways,Mining,Andhra Pradesh,Public Sector Undertaking,32248.11,33528.09,27450.23,61,13,9.67,4.64,21.31,86.26,0.22,4.42,24728.65,2721.58,28,13,3,16.67,3.97,15.85,0,1,19.49,Low
PRJ-00432,Infrastructure Project 00432,Ministry of Road Transport,Communication,Karnataka,Public Sector Undertaking,46947.19,62139.09,23979.24,85,4,22.22,10.07,4.71,38.3,2.61,7.46,21803.31,2175.94,16,3,1,-5.37,32.36,26.15,1,1,35.18,Medium
PRJ-00433,Infrastructure Project 00433,Ministry of Housing,Mining,Gujarat,Central Government Agency,45462.7,58591.51,42956.88,95,67,7.59,61.74,70.53,80.17,57.37,4.37,39153.18,3803.7,18,10,1,8.79,28.88,7.99,1,0,34.65,Low
PRJ-00434,Infrastructure Project 00434,Ministry of Steel,Water & Sanitation,Uttar Pradesh,Central Government Agency,9695.95,11485.23,2658.93,64,3,5.65,5.07,4.69,28.09,4.06,1.01,2309.86,349.07,28,0,2,-0.38,18.45,8.84,1,0,19.69,Low
PRJ-00435,Infrastructure Project 00435,Ministry of Power,Water & Sanitation,Andhra Pradesh,Infrastructure Development Authority,8224.06,9496.25,6523.44,74,34,0.0,53.01,45.95,57.01,50.68,2.33,5718.38,805.06,7,5,2,-7.07,15.47,0.0,1,0,20.45,Low
PRJ-00436,Infrastructure Project 00436,Ministry of Jal Shakti,Social Infrastructure,Maharashtra,State Government Agency,26113.31,27225.55,6229.81,90,44,0.0,52.04,48.89,21.69,45.32,6.73,5749.96,479.85,24,20,0,-3.16,4.26,0.0,0,0,8.18,Low
PRJ-00437,Infrastructure Project 00437,Ministry of Railways,Steel,Bihar,Infrastructure Development Authority,24536.45,25685.14,6391.2,52,49,4.09,97.95,94.23,20.44,91.78,6.18,5974.5,416.7,10,8,0,-3.72,4.68,7.87,0,0,8.34,Low
PRJ-00438,Infrastructure Project 00438,Ministry of Road Transport,Mining,Odisha,Central Government Agency,38301.82,40232.04,23816.3,30,18,8.88,49.21,60.0,58.44,41.67,7.54,21238.74,2577.56,13,3,2,10.79,5.04,29.59,0,1,26.33,Low
PRJ-00439,Infrastructure Project 00439,Ministry of Coal,Coal,Odisha,Public Sector Undertaking,36655.19,43817.21,21429.83,105,35,13.92,27.09,33.33,48.72,20.32,6.77,19805.99,1623.84,29,2,1,6.24,19.54,13.26,1,1,16.25,Low
PRJ-00440,Infrastructure Project 00440,Ministry of Railways,Coal,Tamil Nadu,Infrastructure Development Authority,36629.04,42476.98,14623.88,75,26,12.02,18.5,34.67,30.48,10.68,7.82,12773.4,1850.48,24,17,2,16.17,15.97,16.02,1,1,32.58,Low
PRJ-00441,Infrastructure Project 00441,Ministry of Power,Energy,Bihar,State Government Agency,17132.24,19649.23,12333.39,83,72,6.47,68.24,86.75,61.0,65.07,3.17,11581.13,752.26,8,3,4,18.51,14.69,7.79,1,0,39.3,Medium
PRJ-00442,Infrastructure Project 00442,Ministry of Jal Shakti,Mining,Madhya Pradesh,Infrastructure Development Authority,41137.23,46032.12,29369.35,65,29,9.7,31.82,44.62,66.52,29.86,1.96,26659.02,2710.33,25,18,0,12.79,11.9,14.92,1,1,26.43,Low
PRJ-00443,Infrastructure Project 00443,Ministry of Road Transport,Water & Sanitation,Bihar,Public Sector Undertaking,43164.53,47088.25,3464.8,50,11,0.42,31.23,22.0,4.61,26.59,4.64,3090.76,374.04,11,9,2,-9.23,9.09,0.84,0,0,15.2,Low
PRJ-00444,Infrastructure Project 00444,Ministry of Housing,Social Infrastructure,Gujarat,Public Sector Undertaking,14425.35,15458.73,3003.4,26,30,0.0,100.0,100.0,18.18,99.53,0.47,2865.84,137.55,27,24,0,0.0,7.16,0.0,0,0,10.69,Low
PRJ-00445,Infrastructure Project 00445,Ministry of Steel,Transport & Logistics,Tamil Nadu,Central Government Agency,13330.55,15499.0,5755.13,53,27,0.42,58.27,50.94,38.85,55.44,2.83,5183.94,571.18,20,1,0,-7.33,16.27,0.8,1,0,12.51,Low
PRJ-00446,Infrastructure Project 00446,Ministry of Coal,Water & Sanitation,Uttar Pradesh,Central Government Agency,34867.42,39896.55,4213.36,107,15,1.26,22.84,14.02,12.26,20.79,2.05,3973.07,240.28,24,15,2,-8.82,14.42,1.18,1,0,15.02,Low
PRJ-00447,Infrastructure Project 00447,Ministry of Railways,Social Infrastructure,Odisha,State Government Agency,17184.34,19156.45,14892.46,46,18,11.25,30.68,39.13,86.39,27.51,3.17,14718.57,173.88,5,5,0,8.45,11.48,24.45,1,1,29.7,Low
PRJ-00448,Infrastructure Project 00448,Ministry of Railways,Coal,Telangana,Central Government Agency,33599.12,35944.6,16268.93,43,26,0.0,64.7,60.47,48.05,62.99,1.72,15008.09,1260.84,9,5,0,-4.24,6.98,0.0,0,0,7.2,Low
PRJ-00449,Infrastructure Project 00449,Ministry of Railways,Social Infrastructure,Telangana,State Government Agency,18991.72,19486.71,9463.23,100,50,4.39,44.09,50.0,57.48,39.85,4.24,8901.84,561.39,21,19,0,5.91,2.61,4.39,0,0,9.21,Low
PRJ-00450,Infrastructure Project 00450,Ministry of Power,Communication,Madhya Pradesh,State Government Agency,46964.57,48047.62,40412.88,80,36,8.25,37.65,45.0,90.41,37.38,0.27,36817.21,3595.67,20,10,0,7.35,2.31,10.31,0,1,14.57,Low
PRJ-00451,Infrastructure Project 00451,Ministry of Communications,Communication,Karnataka,Public Sector Undertaking,39359.2,40203.83,24651.13,114,20,6.3,12.86,17.54,65.02,6.2,6.66,24383.89,267.24,9,9,1,4.68,2.15,5.53,0,0,20.07,Low
PRJ-00452,Infrastructure Project 00452,Ministry of Railways,Coal,Telangana,Infrastructure Development Authority,19051.17,27999.6,10408.15,34,4,8.79,0.0,11.76,28.63,0.0,0.0,10168.63,239.52,26,9,2,11.76,46.97,25.84,1,1,42.26,Medium
PRJ-00453,Infrastructure Project 00453,Ministry of Jal Shakti,Energy,Madhya Pradesh,Public Sector Undertaking,25610.36,29126.43,18393.07,110,112,15.44,100.0,100.0,51.96,93.38,6.62,18330.71,62.36,28,1,0,0.0,13.73,14.04,1,1,16.96,Low
PRJ-00454,Infrastructure Project 00454,Ministry of Road Transport,Water & Sanitation,Rajasthan,Central Government Agency,42980.57,43701.01,26880.27,85,40,0.0,42.48,47.06,67.15,36.06,6.42,25158.06,1722.22,23,12,0,4.58,1.68,0.0,0,0,0.0,Low
PRJ-00455,Infrastructure Project 00455,Ministry of Housing,Water & Sanitation,Uttar Pradesh,Central Government Agency,47835.06,51420.73,35513.61,61,44,2.09,70.69,72.13,65.03,67.68,3.01,31932.43,3581.17,28,7,0,1.44,7.5,3.43,0,0,7.17,Low
PRJ-00456,Infrastructure Project 00456,Ministry of Jal Shakti,Coal,Gujarat,State Government Agency,29553.24,31106.13,14481.74,113,49,11.49,41.55,43.36,51.92,41.17,0.38,14005.37,476.37,25,3,0,1.81,5.25,10.17,0,1,8.38,Low
PRJ-00457,Infrastructure Project 00457,Ministry of Steel,Steel,Gujarat,Central Government Agency,25826.96,27307.27,12577.48,50,9,0.0,15.81,18.0,47.15,12.21,3.6,12038.8,538.68,17,13,0,2.19,5.73,0.0,0,0,14.89,Low
PRJ-00458,Infrastructure Project 00458,Ministry of Steel,Mining,Telangana,Central Government Agency,41803.2,45343.24,22291.39,63,70,4.38,100.0,100.0,52.66,93.6,6.4,21134.11,1157.28,12,6,0,0.0,8.47,6.95,0,0,6.87,Low
PRJ-00459,Infrastructure Project 00459,Ministry of Housing,Transport & Logistics,Odisha,Public Sector Undertaking,43273.37,44986.39,7532.58,73,8,0.0,3.95,10.96,13.13,2.65,1.3,7152.01,380.57,8,1,2,7.01,3.96,0.0,0,0,22.34,Low
PRJ-00460,Infrastructure Project 00460,Ministry of Housing,Coal,West Bengal,State Government Agency,6674.19,6953.55,2731.71,103,89,13.3,81.32,86.41,45.21,74.66,6.65,2461.53,270.19,7,3,1,5.09,4.19,12.91,0,1,4.58,Low
PRJ-00461,Infrastructure Project 00461,Ministry of Housing,Coal,Karnataka,Infrastructure Development Authority,42094.61,44010.79,10914.89,85,3,2.12,0.0,3.53,31.1,0.0,0.0,9571.55,1343.34,25,11,1,3.53,4.55,2.5,0,0,16.21,Low
PRJ-00462,Infrastructure Project 00462,Ministry of Coal,Water & Sanitation,Bihar,Infrastructure Development Authority,13463.54,17479.67,8332.84,105,42,8.39,34.16,40.0,44.56,33.39,0.76,7509.3,823.53,9,9,0,5.84,29.83,7.99,1,0,26.38,Low
PRJ-00463,Infrastructure Project 00463,Ministry of Communications,Energy,Rajasthan,Public Sector Undertaking,206.4,232.26,143.91,83,3,4.75,5.12,3.61,52.47,1.69,3.43,137.33,6.58,7,3,2,-1.51,12.53,5.72,1,0,17.0,Low
PRJ-00464,Infrastructure Project 00464,Ministry of Communications,Steel,Telangana,Central Government Agency,26749.45,33535.46,14028.18,27,17,9.74,63.8,62.96,32.38,60.88,2.92,14002.67,25.51,26,18,0,-0.83,25.37,36.09,1,1,43.07,Medium
PRJ-00465,Infrastructure Project 00465,Ministry of Communications,Coal,Karnataka,Public Sector Undertaking,30241.06,39730.1,27008.53,69,54,9.01,81.41,78.26,68.29,75.52,5.89,23611.53,3397.0,5,2,1,-3.15,31.38,13.05,1,1,33.33,Low
PRJ-00466,Infrastructure Project 00466,Ministry of Steel,Transport & Logistics,Bihar,Public Sector Undertaking,24243.08,25988.39,15135.83,113,105,1.23,85.62,92.92,44.8,79.39,6.23,13468.46,1667.37,22,12,2,7.3,7.2,1.09,0,0,14.15,Low
PRJ-00467,Infrastructure Project 00467,Ministry of Steel,Water & Sanitation,Odisha,Central Government Agency,28199.08,29391.4,6535.93,35,16,4.64,48.67,45.71,17.16,44.21,4.47,5636.57,899.36,17,8,1,-2.96,4.23,13.26,0,1,14.71,Low
PRJ-00468,Infrastructure Project 00468,Ministry of Communications,Transport & Logistics,West Bengal,Infrastructure Development Authority,162.01,188.64,151.06,45,46,0.0,98.22,100.0,83.31,97.49,0.73,140.98,10.08,25,0,0,1.78,16.44,0.0,1,0,22.18,Low
PRJ-00469,Infrastructure Project 00469,Ministry of Railways,Water & Sanitation,Odisha,Infrastructure Development Authority,44688.93,50561.41,32833.25,104,14,0.0,21.21,13.46,65.37,17.68,3.52,30309.55,2523.7,19,3,0,-7.74,13.14,0.0,1,0,0.55,Low
PRJ-00470,Infrastructure Project 00470,Ministry of Railways,Water & Sanitation,Odisha,State Government Agency,39888.18,41278.48,34349.45,105,51,3.97,49.79,48.57,86.36,48.36,1.42,32784.49,1564.96,28,27,0,-1.21,3.49,3.78,0,0,12.23,Low
PRJ-00471,Infrastructure Project 00471,Ministry of Steel,Communication,Uttar Pradesh,Central Government Agency,41605.18,45547.26,16586.8,110,21,12.75,0.0,19.09,37.18,0.0,0.0,15379.93,1206.87,26,13,4,19.09,9.47,11.59,0,1,26.24,Low
PRJ-00472,Infrastructure Project 00472,Ministry of Power,Energy,Andhra Pradesh,State Government Agency,7498.53,7997.89,1550.93,37,29,6.5,74.56,78.38,21.62,68.73,5.83,1335.08,215.84,13,3,1,3.82,6.66,17.58,0,1,23.72,Low
PRJ-00473,Infrastructure Project 00473,Ministry of Power,Water & Sanitation,Karnataka,Central Government Agency,851.87,1012.37,57.28,57,61,4.92,100.0,100.0,6.0,92.51,7.49,49.04,8.24,26,16,0,0.0,18.84,8.63,1,0,22.67,Low
PRJ-00474,Infrastructure Project 00474,Ministry of Steel,Mining,Tamil Nadu,Public Sector Undertaking,38534.12,40768.77,22362.87,66,61,1.63,84.69,92.42,60.22,83.59,1.1,21218.95,1143.92,11,4,3,7.73,5.8,2.47,0,0,2.13,Low
PRJ-00475,Infrastructure Project 00475,Ministry of Communications,Water & Sanitation,Uttar Pradesh,Public Sector Undertaking,45750.48,60690.91,25017.67,39,24,6.88,62.52,61.54,37.02,58.33,4.19,22642.14,2375.54,7,5,3,-0.98,32.66,17.65,1,1,36.92,Medium
PRJ-00476,Infrastructure Project 00476,Ministry of Communications,Transport & Logistics,Uttar Pradesh,Central Government Agency,29483.41,37877.29,23595.25,41,22,1.38,58.85,53.66,64.38,51.13,7.72,22121.98,1473.27,12,11,0,-5.19,28.47,3.37,1,0,18.71,Low
PRJ-00477,Infrastructure Project 00477,Ministry of Steel,Water & Sanitation,Karnataka,Infrastructure Development Authority,13548.75,15409.25,6718.5,75,25,0.78,34.01,33.33,39.03,32.63,1.37,6615.17,103.33,5,4,0,-0.67,13.73,1.04,1,0,12.17,Low
PRJ-00478,Infrastructure Project 00478,Ministry of Steel,Mining,Telangana,Public Sector Undertaking,674.72,694.84,103.28,27,32,3.08,100.0,100.0,18.86,96.82,3.18,93.6,9.68,28,12,0,0.0,2.98,11.39,0,1,13.39,Low
PRJ-00479,Infrastructure Project 00479,Ministry of Housing,Coal,Andhra Pradesh,Infrastructure Development Authority,26036.11,27165.37,2512.7,95,30,0.0,28.05,31.58,10.24,23.12,4.93,2333.93,178.78,20,8,0,3.53,4.34,0.0,0,0,17.64,Low
PRJ-00480,Infrastructure Project 00480,Ministry of Communications,Energy,Telangana,Central Government Agency,6411.79,6605.54,1069.67,96,79,0.0,77.71,82.29,25.82,71.89,5.82,960.67,109.0,25,6,0,4.58,3.02,0.0,0,0,4.68,Low
PRJ-00481,Infrastructure Project 00481,Ministry of Railways,Mining,Karnataka,Infrastructure Development Authority,18891.6,19381.39,3081.39,41,23,0.0,59.06,56.1,16.53,57.69,1.38,2940.21,141.17,15,6,2,-2.96,2.59,0.0,0,0,2.74,Low
PRJ-00482,Infrastructure Project 00482,Ministry of Housing,Social Infrastructure,Bihar,Public Sector Undertaking,10378.36,11662.13,3673.23,95,9,7.83,6.76,9.47,27.09,1.33,5.43,3273.72,399.52,27,19,1,2.72,12.37,8.24,1,0,18.96,Low
PRJ-00483,Infrastructure Project 00483,Ministry of Communications,Communication,Andhra Pradesh,Infrastructure Development Authority,31603.88,39190.4,13961.01,95,29,12.06,40.94,30.53,34.21,38.02,2.92,13387.82,573.19,17,17,0,-10.41,24.01,12.7,1,1,23.38,Low
PRJ-00484,Infrastructure Project 00484,Ministry of Housing,Transport & Logistics,Uttar Pradesh,State Government Agency,36350.18,39084.06,31077.21,108,99,3.92,94.33,91.67,76.83,92.17,2.17,29658.94,1418.27,27,21,0,-2.67,7.52,3.63,0,0,4.48,Low
PRJ-00485,Infrastructure Project 00485,Ministry of Road Transport,Energy,Rajasthan,Central Government Agency,41180.91,46294.38,16543.54,65,71,4.6,100.0,100.0,30.92,96.72,3.28,15613.64,929.91,24,20,0,0.0,12.42,7.08,1,0,5.61,Low
PRJ-00486,Infrastructure Project 00486,Ministry of Steel,Transport & Logistics,Maharashtra,State Government Agency,5583.65,5891.37,2756.56,29,13,7.87,31.45,44.83,45.78,23.47,7.98,2649.64,106.92,6,5,3,13.38,5.51,27.13,0,1,39.56,Medium
PRJ-00487,Infrastructure Project 00487,Ministry of Road Transport,Coal,Odisha,Infrastructure Development Authority,11899.0,13602.27,1262.78,79,42,0.0,74.21,53.16,10.43,72.18,2.03,1081.77,181.01,16,0,0,-21.04,14.31,0.0,1,0,7.59,Low
PRJ-00488,Infrastructure Project 00488,Ministry of Steel,Energy,Bihar,Public Sector Undertaking,12229.18,12874.6,6617.15,47,32,0.0,72.18,68.09,57.73,64.38,7.8,5750.17,866.99,19,5,3,-4.09,5.28,0.0,0,0,8.32,Low
PRJ-00489,Infrastructure Project 00489,Ministry of Coal,Communication,Uttar Pradesh,Public Sector Undertaking,24680.27,25438.59,7730.36,92,28,0.0,34.08,30.43,20.34,31.37,2.71,6793.35,937.01,11,5,4,-3.64,3.07,0.0,0,0,11.79,Low
PRJ-00490,Infrastructure Project 00490,Ministry of Jal Shakti,Communication,Madhya Pradesh,Central Government Agency,25235.93,28428.15,19934.2,35,4,5.74,16.13,11.43,69.77,15.09,1.04,17017.02,2917.19,20,10,0,-4.7,12.65,16.41,1,1,17.4,Low
PRJ-00491,Infrastructure Project 00491,Ministry of Jal Shakti,Mining,Rajasthan,Infrastructure Development Authority,24932.45,26214.49,9698.57,47,34,0.0,85.29,72.34,37.93,77.69,7.6,9593.21,105.36,21,21,1,-12.95,5.14,0.0,0,0,13.89,Low
PRJ-00492,Infrastructure Project 00492,Ministry of Housing,Water & Sanitation,Madhya Pradesh,Public Sector Undertaking,27758.94,28717.68,12458.22,97,96,0.0,91.47,98.97,41.22,84.21,7.26,11779.52,678.7,24,3,2,7.5,3.45,0.0,0,0,23.52,Low
PRJ-00493,Infrastructure Project 00493,Ministry of Road Transport,Social Infrastructure,West Bengal,State Government Agency,22878.92,34592.32,9109.02,50,9,15.74,2.41,18.0,25.46,0.4,2.01,8603.03,505.99,13,5,0,15.59,51.2,31.47,1,1,57.74,High
PRJ-00494,Infrastructure Project 00494,Ministry of Power,Water & Sanitation,Rajasthan,Central Government Agency,25327.13,28288.8,11009.01,56,34,5.11,69.58,60.71,37.97,62.3,7.28,10469.44,539.56,22,18,1,-8.87,11.69,9.12,1,0,9.06,Low
PRJ-00495,Infrastructure Project 00495,Ministry of Railways,Social Infrastructure,Tamil Nadu,Infrastructure Development Authority,12687.93,16027.9,929.1,65,44,0.1,68.5,67.69,13.68,66.07,2.43,858.1,71.0,23,19,0,-0.81,26.32,0.15,1,0,23.88,Low
PRJ-00496,Infrastructure Project 00496,Ministry of Road Transport,Social Infrastructure,Bihar,Central Government Agency,30129.0,30594.19,20291.47,108,107,5.03,100.0,99.07,56.76,96.46,3.54,18322.34,1969.12,28,24,0,-0.93,1.54,4.66,0,0,9.66,Low
PRJ-00497,Infrastructure Project 00497,Ministry of Coal,Transport & Logistics,West Bengal,State Government Agency,27278.37,33672.54,13328.16,87,32,9.02,44.01,36.78,38.05,41.59,2.42,11737.37,1590.8,16,5,2,-7.23,23.44,10.37,1,1,29.68,Low
PRJ-00498,Infrastructure Project 00498,Ministry of Power,Steel,Rajasthan,Infrastructure Development Authority,47984.69,52193.63,15600.5,81,5,14.49,11.0,6.17,33.96,7.26,3.74,15302.62,297.87,13,12,0,-4.83,8.77,17.89,0,1,7.59,Low
PRJ-00499,Infrastructure Project 00499,Ministry of Housing,Coal,Andhra Pradesh,Infrastructure Development Authority,19003.0,19490.68,9100.57,64,11,13.69,22.26,17.19,44.05,20.72,1.54,8793.6,306.97,17,1,1,-5.07,2.57,21.39,0,1,7.34,Low
PRJ-00500,Infrastructure Project 00500,Ministry of Coal,Water & Sanitation,Tamil Nadu,Infrastructure Development Authority,32692.75,36399.1,2107.09,75,47,0.0,62.0,62.67,15.91,56.88,5.12,1950.47,156.63,25,5,2,0.67,11.34,0.0,1,0,21.21,Low
PRJ-00501,Infrastructure Project 00501,Ministry of Coal,Social Infrastructure,Andhra Pradesh,Infrastructure Development Authority,9316.08,10702.88,3408.15,73,81,2.59,100.0,100.0,32.38,93.98,6.02,3336.54,71.6,18,13,0,0.0,14.89,3.55,1,0,20.07,Low
PRJ-00502,Infrastructure Project 00502,Ministry of Coal,Energy,Rajasthan,Infrastructure Development Authority,25638.09,28989.43,22386.24,38,9,7.2,23.69,23.68,90.49,17.75,5.94,21647.89,738.35,26,11,0,-0.01,13.07,18.96,1,1,22.72,Low
PRJ-00503,Infrastructure Project 00503,Ministry of Communications,Communication,Telangana,Infrastructure Development Authority,34726.84,38234.21,16748.28,80,18,0.0,24.51,22.5,36.74,17.35,7.16,15500.39,1247.89,26,1,3,-2.01,10.1,0.0,1,0,7.06,Low
PRJ-00504,Infrastructure Project 00504,Ministry of Power,Steel,Rajasthan,Infrastructure Development Authority,27115.98,36276.45,16686.43,100,29,17.18,12.27,29.0,43.25,12.16,0.11,14754.63,1931.8,27,23,1,16.73,33.78,17.18,1,1,38.24,Medium
PRJ-00505,Infrastructure Project 00505,Ministry of Housing,Communication,Madhya Pradesh,Infrastructure Development Authority,9531.77,11943.44,4795.99,109,100,6.84,87.69,91.74,43.38,80.67,7.03,4744.59,51.4,22,21,0,4.05,25.3,6.27,1,0,19.89,Low
PRJ-00506,Infrastructure Project 00506,Ministry of Railways,Social Infrastructure,Rajasthan,Public Sector Undertaking,6797.6,7964.88,996.63,70,52,3.41,75.69,74.29,3.18,68.09,7.6,947.43,49.2,18,3,0,-1.4,17.17,4.88,1,0,24.22,Low
PRJ-00507,Infrastructure Project 00507,Ministry of Coal,Coal,Andhra Pradesh,Infrastructure Development Authority,13502.07,15744.19,7750.3,39,7,0.0,20.42,17.95,56.74,19.26,1.16,7178.24,572.06,22,18,0,-2.47,16.61,0.0,1,0,11.29,Low
PRJ-00508,Infrastructure Project 00508,Ministry of Coal,Social Infrastructure,West Bengal,Infrastructure Development Authority,2367.19,2718.24,515.81,44,24,0.0,63.89,54.55,18.92,63.53,0.36,501.42,14.39,24,20,1,-9.34,14.83,0.0,1,0,5.59,Low
PRJ-00509,Infrastructure Project 00509,Ministry of Communications,Energy,Gujarat,Central Government Agency,37026.53,42379.95,9741.04,119,123,13.08,96.62,100.0,28.23,90.27,6.35,9445.21,295.84,16,14,1,3.38,14.46,10.99,1,1,17.55,Low
PRJ-00510,Infrastructure Project 00510,Ministry of Railways,Social Infrastructure,Tamil Nadu,Infrastructure Development Authority,35382.25,39247.93,12777.19,86,75,8.87,78.6,87.21,23.83,72.49,6.11,12591.37,185.81,15,9,1,8.61,10.93,10.32,1,1,17.94,Low
PRJ-00511,Infrastructure Project 00511,Ministry of Jal Shakti,Energy,West Bengal,Infrastructure Development Authority,3479.83,3942.72,2229.58,48,37,0.0,70.24,77.08,61.15,69.16,1.08,2093.13,136.45,27,7,2,6.84,13.3,0.0,1,0,21.49,Low
PRJ-00512,Infrastructure Project 00512,Ministry of Housing,Energy,Uttar Pradesh,State Government Agency,32810.33,33505.09,7026.65,38,5,0.53,17.23,13.16,27.88,16.92,0.31,6603.27,423.38,20,13,1,-4.07,2.12,1.39,0,0,5.94,Low
PRJ-00513,Infrastructure Project 00513,Ministry of Road Transport,Energy,Telangana,State Government Agency,27569.43,31887.06,23464.49,98,106,0.0,100.0,100.0,76.33,97.28,2.72,23083.85,380.64,9,2,1,0.0,15.66,0.0,1,0,12.59,Low
PRJ-00514,Infrastructure Project 00514,Ministry of Power,Mining,Rajasthan,Central Government Agency,48480.9,48964.63,13450.91,33,7,0.0,6.47,21.21,34.74,2.36,4.11,12049.58,1401.33,16,2,2,14.74,1.0,0.0,0,0,8.88,Low
PRJ-00515,Infrastructure Project 00515,Ministry of Power,Social Infrastructure,Telangana,Infrastructure Development Authority,40988.64,47763.96,7273.64,80,21,26.64,16.28,26.25,2.68,9.54,6.74,7022.7,250.94,27,8,2,9.97,16.53,33.3,1,1,36.32,Medium
PRJ-00516,Infrastructure Project 00516,Ministry of Housing,Water & Sanitation,Madhya Pradesh,Public Sector Undertaking,14802.05,15869.06,8956.66,38,18,5.0,42.63,47.37,52.66,42.37,0.26,8558.03,398.64,24,2,0,4.74,7.21,13.16,0,1,12.63,Low
PRJ-00517,Infrastructure Project 00517,Ministry of Railways,Social Infrastructure,Gujarat,Central Government Agency,45235.6,49223.3,15829.97,90,13,8.69,5.17,14.44,40.24,0.71,4.46,13804.63,2025.34,29,24,0,9.27,8.82,9.66,0,0,15.73,Low
PRJ-00518,Infrastructure Project 00518,Ministry of Jal Shakti,Coal,Odisha,Infrastructure Development Authority,24345.81,29672.32,17091.12,97,88,12.93,83.16,90.72,55.82,75.66,7.5,15202.57,1888.54,23,3,0,7.56,21.88,13.33,1,1,33.91,Low
PRJ-00519,Infrastructure Project 00519,Ministry of Coal,Water & Sanitation,Madhya Pradesh,Public Sector Undertaking,34676.78,37942.76,3044.01,50,59,8.79,100.0,100.0,13.78,93.96,6.04,2700.21,343.79,23,3,1,0.0,9.42,17.59,0,1,22.92,Low
PRJ-00520,Infrastructure Project 00520,Ministry of Coal,Steel,Madhya Pradesh,Public Sector Undertaking,29467.04,32541.52,5286.95,110,69,4.76,57.86,62.73,16.59,56.32,1.55,4579.53,707.42,26,9,1,4.86,10.43,4.32,1,0,23.43,Low
PRJ-00521,Infrastructure Project 00521,Ministry of Housing,Transport & Logistics,Maharashtra,State Government Agency,2668.43,2979.62,1259.65,93,9,7.94,10.89,9.68,44.23,5.33,5.57,1085.0,174.65,18,11,1,-1.22,11.66,8.54,1,0,22.9,Low
PRJ-00522,Infrastructure Project 00522,Ministry of Coal,Steel,Maharashtra,Public Sector Undertaking,35694.46,36547.74,5727.21,56,7,9.18,0.0,12.5,14.12,0.0,0.0,5028.69,698.52,27,16,1,12.5,2.39,16.4,0,1,25.46,Low
PRJ-00523,Infrastructure Project 00523,Ministry of Jal Shakti,Social Infrastructure,Bihar,State Government Agency,2598.98,3639.65,1254.26,113,100,15.83,65.54,88.5,29.11,60.6,4.94,1119.09,135.17,8,2,3,22.96,40.04,14.0,1,1,46.24,Medium
PRJ-00524,Infrastructure Project 00524,Ministry of Railways,Transport & Logistics,Andhra Pradesh,Public Sector Undertaking,28066.2,29453.56,17971.09,31,7,0.0,27.53,22.58,59.14,24.98,2.55,16866.18,1104.91,10,5,0,-4.95,4.94,0.0,0,0,4.72,Low
PRJ-00525,Infrastructure Project 00525,Ministry of Steel,Energy,Bihar,State Government Agency,43057.22,49339.18,39394.19,44,49,2.7,100.0,100.0,73.38,93.32,6.68,37035.62,2358.58,23,20,0,0.0,14.59,6.14,1,0,18.28,Low
PRJ-00526,Infrastructure Project 00526,Ministry of Railways,Water & Sanitation,Karnataka,State Government Agency,16300.21,20437.53,12273.54,33,25,3.82,79.28,75.76,56.5,76.51,2.77,10685.83,1587.71,9,8,1,-3.53,25.38,11.56,1,1,16.21,Low
PRJ-00527,Infrastructure Project 00527,Ministry of Steel,Mining,West Bengal,State Government Agency,37880.65,44746.28,14766.52,37,19,4.48,48.54,51.35,25.67,42.99,5.55,12683.55,2082.97,19,11,1,2.81,18.12,12.12,1,1,34.49,Low
PRJ-00528,Infrastructure Project 00528,Ministry of Power,Social Infrastructure,Maharashtra,Infrastructure Development Authority,16371.44,18271.58,4386.85,71,32,16.03,38.97,45.07,26.71,34.0,4.97,4302.47,84.38,16,3,0,6.1,11.61,22.57,1,1,30.28,Low
PRJ-00529,Infrastructure Project 00529,Ministry of Coal,Energy,Bihar,Public Sector Undertaking,47065.85,51134.77,40006.74,114,58,0.0,42.78,50.88,76.6,42.43,0.35,34986.33,5020.41,24,22,0,8.09,8.65,0.0,0,0,8.95,Low
PRJ-00530,Infrastructure Project 00530,Ministry of Railways,Mining,Gujarat,Public Sector Undertaking,22148.2,22492.92,8746.79,68,74,0.0,100.0,100.0,37.48,98.51,1.49,8077.38,669.41,21,12,1,0.0,1.56,0.0,0,0,12.02,Low
PRJ-00531,Infrastructure Project 00531,Ministry of Road Transport,Mining,Karnataka,Public Sector Undertaking,11663.67,13924.69,5980.63,44,29,0.0,73.76,65.91,41.02,71.13,2.63,5126.19,854.44,21,6,2,-7.85,19.39,0.0,1,0,15.97,Low
PRJ-00532,Infrastructure Project 00532,Ministry of Railways,Coal,Maharashtra,State Government Agency,13763.11,16955.59,9992.94,101,103,17.79,92.15,100.0,60.01,88.66,3.49,9926.67,66.27,19,12,3,7.85,23.2,17.61,1,1,35.45,Medium
PRJ-00533,Infrastructure Project 00533,Ministry of Steel,Mining,Rajasthan,Public Sector Undertaking,34757.21,38938.78,3423.45,75,24,7.08,28.01,32.0,13.36,21.33,6.67,3264.88,158.57,25,8,1,3.99,12.03,9.45,1,0,12.08,Low
PRJ-00534,Infrastructure Project 00534,Ministry of Power,Water & Sanitation,Uttar Pradesh,Public Sector Undertaking,36268.35,41039.86,17595.75,110,34,0.0,23.75,30.91,48.1,18.63,5.12,15557.76,2037.99,12,4,4,7.16,13.16,0.0,1,0,26.29,Low
PRJ-00535,Infrastructure Project 00535,Ministry of Power,Water & Sanitation,Telangana,Public Sector Undertaking,3557.13,4044.4,1829.34,113,10,5.91,8.29,8.85,39.55,4.21,4.08,1632.04,197.3,20,7,0,0.56,13.7,5.23,1,0,14.48,Low
PRJ-00536,Infrastructure Project 00536,Ministry of Road Transport,Coal,Uttar Pradesh,Central Government Agency,42147.53,52071.59,29832.25,83,89,15.51,100.0,100.0,64.76,93.93,6.07,28168.5,1663.76,27,3,0,0.0,23.55,18.68,1,1,28.02,Low
PRJ-00537,Infrastructure Project 00537,Ministry of Jal Shakti,Transport & Logistics,Rajasthan,Public Sector Undertaking,7082.1,7279.18,1951.85,37,37,2.07,86.65,100.0,25.88,81.81,4.84,1750.24,201.62,16,9,1,13.35,2.78,5.59,0,0,18.6,Low
PRJ-00538,Infrastructure Project 00538,Ministry of Steel,Transport & Logistics,Madhya Pradesh,Central Government Agency,49496.12,49900.94,32979.81,26,25,8.14,96.07,96.15,56.38,92.7,3.37,28826.5,4153.31,29,8,1,0.08,0.82,31.3,0,1,13.9,Low
PRJ-00539,Infrastructure Project 00539,Ministry of Communications,Mining,Uttar Pradesh,Central Government Agency,20022.27,23083.79,6793.68,30,11,2.17,46.35,36.67,26.19,44.27,2.08,5833.83,959.85,25,20,0,-9.68,15.29,7.22,1,0,23.52,Low
PRJ-00540,Infrastructure Project 00540,Ministry of Housing,Water & Sanitation,Madhya Pradesh,Central Government Agency,33734.53,45297.09,19093.74,112,67,10.85,39.24,59.82,59.87,34.88,4.36,18452.48,641.26,6,5,2,20.58,34.28,9.69,1,0,40.23,Medium
PRJ-00541,Infrastructure Project 00541,Ministry of Railways,Mining,Tamil Nadu,Infrastructure Development Authority,37939.96,38075.34,15024.87,37,6,3.9,4.11,16.22,36.26,1.88,2.23,12925.72,2099.15,16,8,2,12.11,0.36,10.53,0,1,14.65,Low
PRJ-00542,Infrastructure Project 00542,Ministry of Jal Shakti,Water & Sanitation,Odisha,Public Sector Undertaking,20171.27,22003.08,8266.85,104,73,7.85,69.26,70.19,44.63,64.8,4.46,7551.65,715.2,21,14,0,0.93,9.08,7.55,0,0,11.62,Low
PRJ-00543,Infrastructure Project 00543,Ministry of Steel,Mining,Odisha,Public Sector Undertaking,38091.36,40789.1,19856.93,99,32,4.05,29.25,32.32,45.79,21.27,7.98,18892.17,964.77,18,0,0,3.08,7.08,4.09,0,0,17.01,Low
PRJ-00544,Infrastructure Project 00544,Ministry of Communications,Energy,Maharashtra,Central Government Agency,47454.45,52532.47,17816.96,52,54,2.01,99.47,100.0,28.28,91.98,7.49,16739.31,1077.65,11,6,0,0.53,10.7,3.86,1,0,13.66,Low
PRJ-00545,Infrastructure Project 00545,Ministry of Railways,Steel,Telangana,Central Government Agency,18489.96,20705.42,2613.06,93,10,4.44,3.54,10.75,18.52,0.0,3.54,2480.16,132.9,23,19,2,7.22,11.98,4.77,1,0,16.3,Low
PRJ-00546,Infrastructure Project 00546,Ministry of Communications,Steel,Karnataka,Public Sector Undertaking,15184.59,17624.02,7420.9,78,11,9.64,18.05,14.1,43.09,15.36,2.68,7045.34,375.56,25,14,0,-3.95,16.07,12.37,1,1,23.94,Low
PRJ-00547,Infrastructure Project 00547,Ministry of Jal Shakti,Water & Sanitation,Bihar,Infrastructure Development Authority,13912.35,14057.75,7980.97,73,64,0.0,95.63,87.67,59.65,90.52,5.12,7186.35,794.63,11,4,0,-7.96,1.05,0.0,0,0,1.04,Low
PRJ-00548,Infrastructure Project 00548,Ministry of Steel,Communication,Odisha,Central Government Agency,23719.3,29439.31,13600.48,53,17,0.0,34.31,32.08,45.4,31.5,2.81,13259.59,340.9,19,8,3,-2.23,24.12,0.0,1,0,19.11,Low
PRJ-00549,Infrastructure Project 00549,Ministry of Railways,Mining,Madhya Pradesh,Infrastructure Development Authority,39978.4,43011.3,30336.05,48,38,0.0,82.84,79.17,77.09,78.95,3.88,28775.75,1560.3,18,17,0,-3.67,7.59,0.0,0,0,9.24,Low
PRJ-00550,Infrastructure Project 00550,Ministry of Communications,Mining,Maharashtra,Central Government Agency,44251.42,47239.59,17503.51,55,10,0.0,16.12,18.18,43.42,13.3,2.82,16445.49,1058.02,15,6,1,2.06,6.75,0.0,0,0,15.74,Low
PRJ-00551,Infrastructure Project 00551,Ministry of Railways,Energy,Tamil Nadu,State Government Agency,44501.23,47314.83,26198.83,64,48,0.0,70.06,75.0,61.38,67.37,2.69,25631.07,567.76,23,13,2,4.94,6.32,0.0,0,0,12.38,Low
PRJ-00552,Infrastructure Project 00552,Ministry of Jal Shakti,Transport & Logistics,Madhya Pradesh,State Government Agency,5924.98,6291.37,4082.27,44,31,1.9,68.09,70.45,65.61,62.21,5.87,3976.2,106.07,16,11,1,2.37,6.18,4.33,0,0,14.2,Low
PRJ-00553,Infrastructure Project 00553,Ministry of Power,Transport & Logistics,Uttar Pradesh,Central Government Agency,8529.32,9876.09,5717.21,117,100,21.43,85.7,85.47,49.35,84.12,1.57,5703.58,13.63,28,1,0,-0.23,15.79,18.32,1,1,33.05,Low
PRJ-00554,Infrastructure Project 00554,Ministry of Jal Shakti,Social Infrastructure,Maharashtra,Infrastructure Development Authority,3936.62,5740.69,2553.2,97,54,9.32,35.6,55.67,51.94,33.93,1.67,2435.71,117.49,25,6,3,20.07,45.83,9.61,1,0,29.82,Low
PRJ-00555,Infrastructure Project 00555,Ministry of Communications,Coal,Maharashtra,Central Government Agency,32273.15,33492.08,28064.7,24,10,0.0,42.36,41.67,78.76,37.7,4.66,24124.95,3939.74,17,0,0,-0.7,3.78,0.0,0,0,1.67,Low
PRJ-00556,Infrastructure Project 00556,Ministry of Road Transport,Transport & Logistics,Rajasthan,Infrastructure Development Authority,25936.75,29983.36,17382.51,41,29,4.89,62.21,70.73,54.42,57.85,4.36,15145.49,2237.02,12,3,1,8.52,15.6,11.92,1,1,18.28,Low
PRJ-00557,Infrastructure Project 00557,Ministry of Communications,Coal,Bihar,Central Government Agency,36446.01,53295.76,2905.77,37,21,15.31,48.1,56.76,0.0,47.04,1.06,2733.57,172.2,16,1,1,8.66,46.23,41.37,1,1,52.13,Medium
PRJ-00558,Infrastructure Project 00558,Ministry of Communications,Coal,Madhya Pradesh,Public Sector Undertaking,49741.43,52604.95,26605.67,108,33,1.23,23.56,30.56,55.95,17.24,6.32,23341.5,3264.18,20,15,1,7.0,5.76,1.14,0,0,7.31,Low
PRJ-00559,Infrastructure Project 00559,Ministry of Communications,Mining,Odisha,Infrastructure Development Authority,2251.2,2329.4,302.94,30,7,3.93,19.78,23.33,13.68,15.03,4.75,262.65,40.29,29,9,0,3.55,3.47,13.09,0,1,14.46,Low
PRJ-00560,Infrastructure Project 00560,Ministry of Road Transport,Energy,Uttar Pradesh,Infrastructure Development Authority,28239.0,41730.2,32486.55,112,68,22.47,46.32,60.71,79.39,43.67,2.66,29443.73,3042.81,8,0,4,14.39,47.78,20.06,1,1,48.7,Medium
PRJ-00561,Infrastructure Project 00561,Ministry of Power,Mining,Andhra Pradesh,Public Sector Undertaking,24606.89,28789.13,14345.74,57,29,9.58,42.89,50.88,50.62,39.2,3.68,13311.51,1034.23,29,27,1,7.99,17.0,16.81,1,1,32.82,Low
PRJ-00562,Infrastructure Project 00562,Ministry of Steel,Coal,Odisha,State Government Agency,26408.26,30699.46,7122.64,53,48,2.79,90.53,90.57,26.71,84.65,5.88,6389.45,733.19,9,1,5,0.04,16.25,5.27,1,0,22.99,Low
PRJ-00563,Infrastructure Project 00563,Ministry of Power,Social Infrastructure,Telangana,Infrastructure Development Authority,355.74,409.18,45.82,30,15,1.15,39.84,50.0,9.07,37.75,2.09,40.66,5.16,8,0,4,10.16,15.02,3.83,1,0,27.28,Low
PRJ-00564,Infrastructure Project 00564,Ministry of Communications,Transport & Logistics,Rajasthan,State Government Agency,36134.38,39212.63,31888.21,119,33,6.78,20.63,27.73,85.56,18.57,2.06,28292.18,3596.03,8,7,2,7.1,8.52,5.69,0,0,16.11,Low
PRJ-00565,Infrastructure Project 00565,Ministry of Road Transport,Communication,Tamil Nadu,Infrastructure Development Authority,8032.91,8314.53,1359.12,95,97,2.38,93.14,100.0,16.74,91.74,1.4,1201.18,157.94,25,2,1,6.86,3.51,2.5,0,0,16.47,Low
PRJ-00566,Infrastructure Project 00566,Ministry of Communications,Social Infrastructure,Telangana,State Government Agency,4139.62,4500.38,3356.61,92,97,12.59,100.0,100.0,72.92,99.42,0.58,2935.33,421.28,22,8,1,0.0,8.71,13.69,0,1,21.45,Low
PRJ-00567,Infrastructure Project 00567,Ministry of Steel,Water & Sanitation,Andhra Pradesh,Infrastructure Development Authority,25580.41,25874.32,21117.67,111,3,0.0,2.15,2.7,80.87,0.58,1.57,19082.2,2035.47,16,1,1,0.55,1.15,0.0,0,0,10.87,Low
PRJ-00568,Infrastructure Project 00568,Ministry of Power,Transport & Logistics,Maharashtra,State Government Agency,49670.3,55538.47,42726.64,75,75,3.31,77.95,100.0,78.22,70.34,7.62,37644.35,5082.29,5,5,1,22.05,11.81,4.41,1,0,36.32,Medium
PRJ-00569,Infrastructure Project 00569,Ministry of Railways,Mining,Maharashtra,State Government Agency,16670.0,19762.5,3345.33,74,11,12.78,16.31,14.86,15.68,10.2,6.11,3053.83,291.5,28,12,1,-1.44,18.55,17.27,1,1,22.8,Low
PRJ-00570,Infrastructure Project 00570,Ministry of Communications,Communication,Maharashtra,Infrastructure Development Authority,14552.38,15209.23,3735.48,58,55,8.18,87.01,94.83,22.3,86.06,0.95,3719.24,16.24,14,4,1,7.82,4.51,14.11,0,1,20.79,Low
PRJ-00571,Infrastructure Project 00571,Ministry of Steel,Energy,Tamil Nadu,Infrastructure Development Authority,42506.31,43924.77,28654.06,33,16,2.36,54.41,48.48,62.48,52.6,1.81,26164.3,2489.76,5,2,1,-5.93,3.34,7.16,0,0,5.43,Low
PRJ-00572,Infrastructure Project 00572,Ministry of Communications,Steel,Madhya Pradesh,Public Sector Undertaking,15990.36,18316.44,7541.72,81,23,11.65,20.72,28.4,34.0,14.49,6.23,6708.3,833.42,29,16,0,7.67,14.55,14.38,1,1,20.82,Low
PRJ-00573,Infrastructure Project 00573,Ministry of Steel,Mining,West Bengal,Public Sector Undertaking,29867.48,41749.67,20365.07,67,48,10.1,75.79,71.64,40.91,71.36,4.43,19258.35,1106.72,20,19,0,-4.15,39.78,15.08,1,1,36.54,Medium
PRJ-00574,Infrastructure Project 00574,Ministry of Power,Mining,Bihar,Central Government Agency,9300.63,10169.4,7396.45,109,117,0.0,97.51,100.0,82.93,90.94,6.57,7330.98,65.46,7,0,1,2.49,9.34,0.0,0,0,14.43,Low
PRJ-00575,Infrastructure Project 00575,Ministry of Road Transport,Coal,Bihar,State Government Agency,8904.9,9472.55,5182.16,74,58,5.82,68.56,78.38,64.91,64.16,4.4,4924.9,257.27,22,0,0,9.82,6.37,7.87,0,0,15.18,Low
PRJ-00576,Infrastructure Project 00576,Ministry of Housing,Steel,West Bengal,State Government Agency,19053.71,20126.65,4702.99,77,13,1.94,13.55,16.88,26.91,13.12,0.42,4099.41,603.58,12,6,0,3.34,5.63,2.52,0,0,11.12,Low
PRJ-00577,Infrastructure Project 00577,Ministry of Steel,Energy,Odisha,Central Government Agency,38960.87,40732.79,20321.1,110,57,4.76,61.05,51.82,47.44,60.73,0.32,19213.87,1107.23,27,0,1,-9.23,4.55,4.33,0,0,4.76,Low
PRJ-00578,Infrastructure Project 00578,Ministry of Railways,Social Infrastructure,Karnataka,Infrastructure Development Authority,46510.83,56542.05,33207.96,110,114,2.9,100.0,100.0,58.7,97.66,2.34,32802.53,405.42,8,5,2,0.0,21.57,2.63,1,0,20.24,Low
PRJ-00579,Infrastructure Project 00579,Ministry of Coal,Water & Sanitation,Madhya Pradesh,Central Government Agency,23569.63,24321.72,8666.63,47,29,7.51,43.91,61.7,40.68,43.77,0.14,7600.44,1066.2,10,4,4,17.79,3.19,15.97,0,1,29.63,Low
PRJ-00580,Infrastructure Project 00580,Ministry of Railways,Mining,Uttar Pradesh,Infrastructure Development Authority,23102.28,25318.43,14525.32,116,89,9.01,76.35,76.72,62.25,68.79,7.56,12641.29,1884.04,28,6,0,0.37,9.59,7.77,0,0,9.81,Low
PRJ-00581,Infrastructure Project 00581,Ministry of Communications,Mining,Andhra Pradesh,Central Government Agency,6136.52,7199.88,3143.46,33,10,2.03,40.72,30.3,37.73,34.22,6.49,2945.14,198.32,24,7,1,-10.41,17.33,6.16,1,0,17.52,Low
PRJ-00582,Infrastructure Project 00582,Ministry of Road Transport,Transport & Logistics,Odisha,Infrastructure Development Authority,42496.48,49629.58,36801.84,93,99,3.36,100.0,100.0,75.96,95.67,4.33,31498.31,5303.54,19,16,0,0.0,16.79,3.61,1,0,15.88,Low
PRJ-00583,Infrastructure Project 00583,Ministry of Power,Steel,Telangana,Infrastructure Development Authority,6548.78,7862.33,3778.32,104,37,11.86,37.53,35.58,56.89,36.56,0.96,3708.73,69.59,22,18,1,-1.95,20.06,11.41,1,1,23.74,Low
PRJ-00584,Infrastructure Project 00584,Ministry of Steel,Water & Sanitation,Bihar,Infrastructure Development Authority,19711.1,21031.02,12669.73,84,59,4.06,69.57,70.24,51.99,65.12,4.45,11686.03,983.7,28,26,0,0.67,6.7,4.84,0,0,20.11,Low
PRJ-00585,Infrastructure Project 00585,Ministry of Railways,Communication,Maharashtra,Infrastructure Development Authority,9559.61,10543.87,3695.32,85,8,3.01,4.81,9.41,35.06,0.0,4.81,3310.1,385.22,8,8,1,4.6,10.3,3.54,1,0,16.28,Low
PRJ-00586,Infrastructure Project 00586,Ministry of Communications,Transport & Logistics,Andhra Pradesh,Central Government Agency,39118.85,41636.88,11704.54,114,7,7.33,11.76,6.14,19.51,9.15,2.61,10376.03,1328.51,7,5,0,-5.62,6.44,6.43,0,0,18.26,Low
PRJ-00587,Infrastructure Project 00587,Ministry of Road Transport,Social Infrastructure,Karnataka,Public Sector Undertaking,14722.82,18003.53,4818.96,38,17,7.13,43.18,44.74,22.63,40.03,3.15,4772.6,46.36,20,19,0,1.56,22.28,18.77,1,1,31.08,Low
PRJ-00588,Infrastructure Project 00588,Ministry of Communications,Water & Sanitation,Tamil Nadu,Central Government Agency,40249.16,48171.99,27673.61,76,16,7.42,21.12,21.05,60.1,18.12,3.01,23595.29,4078.33,15,11,0,-0.07,19.68,9.77,1,0,12.55,Low
PRJ-00589,Infrastructure Project 00589,Ministry of Coal,Steel,Madhya Pradesh,Central Government Agency,4142.59,4266.79,3588.67,46,55,5.12,100.0,100.0,86.15,93.37,6.63,3060.83,527.83,19,4,0,0.0,3.0,11.13,0,1,7.05,Low
PRJ-00590,Infrastructure Project 00590,Ministry of Jal Shakti,Steel,Bihar,Infrastructure Development Authority,9715.59,10603.5,6143.8,68,47,2.26,61.76,69.12,59.06,56.32,5.44,5551.29,592.51,26,25,1,7.36,9.14,3.33,0,0,10.46,Low
PRJ-00591,Infrastructure Project 00591,Ministry of Steel,Transport & Logistics,Andhra Pradesh,Central Government Agency,6852.68,9246.51,5177.24,34,29,11.9,82.81,85.29,54.52,75.61,7.2,5075.61,101.63,27,19,2,2.48,34.93,35.0,1,1,44.32,Medium
PRJ-00592,Infrastructure Project 00592,Ministry of Housing,Water & Sanitation,Odisha,State Government Agency,24807.6,26543.63,13470.29,49,55,11.12,100.0,100.0,54.03,92.42,7.58,12021.89,1448.4,26,4,0,0.0,7.0,22.7,0,1,14.92,Low
PRJ-00593,Infrastructure Project 00593,Ministry of Jal Shakti,Water & Sanitation,Andhra Pradesh,State Government Agency,19474.85,20677.49,10168.61,83,35,2.12,26.85,42.17,60.16,19.69,7.16,8847.35,1321.26,10,8,1,15.31,6.18,2.55,0,0,13.56,Low
PRJ-00594,Infrastructure Project 00594,Ministry of Railways,Water & Sanitation,Rajasthan,Infrastructure Development Authority,1893.88,1939.04,306.96,47,11,6.42,30.96,23.4,28.19,30.33,0.63,293.75,13.21,13,9,1,-7.56,2.38,13.65,0,1,12.69,Low
PRJ-00595,Infrastructure Project 00595,Ministry of Road Transport,Steel,Bihar,Central Government Agency,4918.08,5601.28,2824.56,65,4,0.0,2.21,6.15,53.65,0.0,2.21,2657.37,167.19,18,17,0,3.94,13.89,0.0,1,0,8.09,Low
PRJ-00596,Infrastructure Project 00596,Ministry of Housing,Steel,Tamil Nadu,Central Government Agency,22834.33,24545.62,16814.08,90,41,9.38,51.28,45.56,64.62,50.45,0.82,16632.97,181.11,26,10,0,-5.72,7.49,10.42,0,1,17.39,Low
PRJ-00597,Infrastructure Project 00597,Ministry of Jal Shakti,Communication,Gujarat,Public Sector Undertaking,2725.36,3716.12,916.62,84,37,8.6,51.42,44.05,25.75,50.03,1.38,822.75,93.87,17,16,0,-7.37,36.35,10.24,1,1,32.51,Low
PRJ-00598,Infrastructure Project 00598,Ministry of Jal Shakti,Coal,Tamil Nadu,State Government Agency,36743.09,40102.73,28824.21,81,21,1.23,24.65,25.93,75.23,20.84,3.81,28608.11,216.11,12,1,0,1.28,9.14,1.51,0,0,12.11,Low
PRJ-00599,Infrastructure Project 00599,Ministry of Housing,Water & Sanitation,Bihar,State Government Agency,8505.57,8736.6,5635.23,38,28,3.87,80.6,73.68,61.62,78.83,1.77,5358.6,276.63,9,2,2,-6.92,2.72,10.17,0,1,15.74,Low
PRJ-00600,Infrastructure Project 00600,Ministry of Jal Shakti,Transport & Logistics,West Bengal,State Government Agency,28046.81,32757.82,26556.69,92,29,10.39,40.58,31.52,86.28,39.82,0.76,25275.65,1281.05,5,0,0,-9.06,16.8,11.29,1,1,29.53,Low
PRJ-00601,Infrastructure Project 00601,Ministry of Power,Social Infrastructure,Tamil Nadu,Public Sector Undertaking,41496.26,48582.74,28366.95,24,31,0.0,100.0,100.0,54.01,93.42,6.58,25870.99,2495.96,9,7,1,0.0,17.08,0.0,1,0,11.97,Low
PRJ-00602,Infrastructure Project 00602,Ministry of Coal,Coal,Karnataka,State Government Agency,17244.54,18062.2,2999.27,70,23,1.55,27.42,32.86,6.09,25.07,2.34,2920.83,78.44,25,16,0,5.44,4.74,2.22,0,0,10.89,Low
PRJ-00603,Infrastructure Project 00603,Ministry of Road Transport,Social Infrastructure,Karnataka,State Government Agency,20770.19,22321.53,13549.41,81,58,14.47,55.29,71.6,52.76,50.55,4.74,12944.18,605.23,10,10,0,16.31,7.47,17.86,0,1,29.84,Low
PRJ-00604,Infrastructure Project 00604,Ministry of Power,Communication,Gujarat,Public Sector Undertaking,5192.38,5868.76,3163.09,64,17,14.3,13.81,26.56,51.74,10.47,3.34,3020.47,142.62,22,11,2,12.75,13.03,22.35,1,1,25.45,Low
PRJ-00605,Infrastructure Project 00605,Ministry of Power,Water & Sanitation,Tamil Nadu,State Government Agency,20119.68,21937.74,3723.04,71,74,4.6,100.0,100.0,9.26,96.71,3.29,3233.36,489.68,25,11,0,0.0,9.04,6.47,0,0,15.48,Low
PRJ-00606,Infrastructure Project 00606,Ministry of Jal Shakti,Communication,Andhra Pradesh,State Government Agency,28346.76,32328.32,26769.88,49,53,9.76,97.98,100.0,79.42,93.53,4.45,26082.06,687.81,25,22,0,2.02,14.05,19.92,1,1,19.27,Low
PRJ-00607,Infrastructure Project 00607,Ministry of Jal Shakti,Energy,Uttar Pradesh,Infrastructure Development Authority,27744.91,30746.06,22853.13,102,30,4.13,25.76,29.41,82.42,21.87,3.9,21395.1,1458.03,6,1,2,3.65,10.82,4.05,1,0,14.37,Low
PRJ-00608,Infrastructure Project 00608,Ministry of Power,Communication,Gujarat,State Government Agency,19852.0,20384.6,15836.56,62,7,2.87,11.27,11.29,73.93,5.15,6.12,15257.11,579.46,12,11,1,0.02,2.68,4.63,0,0,0.0,Low
PRJ-00609,Infrastructure Project 00609,Ministry of Steel,Communication,Telangana,Central Government Agency,2939.88,3981.94,1564.31,75,48,12.69,35.73,64.0,34.29,30.34,5.39,1560.01,4.31,24,4,6,28.27,35.45,16.92,1,1,48.47,Medium
PRJ-00610,Infrastructure Project 00610,Ministry of Jal Shakti,Coal,Maharashtra,State Government Agency,41500.11,42422.47,6154.28,30,28,3.53,86.75,93.33,16.57,86.35,0.4,5987.54,166.74,27,8,0,6.59,2.22,11.76,0,1,17.41,Low
PRJ-00611,Infrastructure Project 00611,Ministry of Communications,Communication,Telangana,State Government Agency,29530.64,31038.18,23108.51,115,87,11.77,63.62,75.65,77.88,56.06,7.56,23087.26,21.24,6,6,0,12.03,5.11,10.24,0,1,15.35,Low
PRJ-00612,Infrastructure Project 00612,Ministry of Power,Water & Sanitation,West Bengal,Public Sector Undertaking,45448.33,50428.4,30475.26,27,15,14.32,43.11,55.56,57.86,41.22,1.89,26467.0,4008.26,20,19,0,12.45,10.96,53.05,1,1,38.94,Medium
PRJ-00613,Infrastructure Project 00613,Ministry of Power,Communication,Maharashtra,Infrastructure Development Authority,49735.75,50256.79,15435.72,42,41,0.0,100.0,97.62,32.66,94.95,5.05,14875.17,560.55,9,9,0,-2.38,1.05,0.0,0,0,13.91,Low
PRJ-00614,Infrastructure Project 00614,Ministry of Jal Shakti,Steel,Uttar Pradesh,State Government Agency,44238.24,49325.04,15221.52,94,19,5.31,28.11,20.21,32.98,25.18,2.94,14747.33,474.19,22,22,1,-7.9,11.5,5.65,1,0,15.04,Low
PRJ-00615,Infrastructure Project 00615,Ministry of Railways,Social Infrastructure,Maharashtra,State Government Agency,41745.98,50728.27,15899.21,45,28,11.91,49.02,62.22,28.07,47.47,1.55,13576.49,2322.72,11,5,1,13.2,21.52,26.46,1,1,44.06,Medium
PRJ-00616,Infrastructure Project 00616,Ministry of Housing,Social Infrastructure,Andhra Pradesh,Public Sector Undertaking,30557.58,39263.6,7650.53,83,52,8.59,62.34,62.65,15.61,58.47,3.87,6845.08,805.44,6,2,0,0.31,28.49,10.34,1,1,23.69,Low
PRJ-00617,Infrastructure Project 00617,Ministry of Communications,Coal,Gujarat,State Government Agency,17245.32,17514.7,13580.79,79,4,0.0,0.0,5.06,80.63,0.0,0.0,12287.32,1293.47,8,3,0,5.06,1.56,0.0,0,0,2.0,Low
PRJ-00618,Infrastructure Project 00618,Ministry of Railways,Steel,Maharashtra,Infrastructure Development Authority,48481.2,52736.41,27182.09,36,38,4.41,87.42,100.0,51.98,86.58,0.84,27090.97,91.11,12,2,2,12.58,8.78,12.24,0,1,21.57,Low
PRJ-00619,Infrastructure Project 00619,Ministry of Jal Shakti,Coal,Maharashtra,Infrastructure Development Authority,35211.55,41787.53,23945.91,91,72,16.33,66.72,79.12,46.83,59.08,7.64,21443.5,2502.41,15,6,0,12.4,18.68,17.94,1,1,28.19,Low
PRJ-00620,Infrastructure Project 00620,Ministry of Power,Energy,Uttar Pradesh,Central Government Agency,8090.91,9716.26,3858.96,61,12,9.61,7.29,19.67,46.56,4.89,2.39,3419.95,439.01,10,3,0,12.39,20.09,15.75,1,1,34.43,Low
PRJ-00621,Infrastructure Project 00621,Ministry of Coal,Social Infrastructure,Tamil Nadu,Public Sector Undertaking,40243.41,48388.66,27982.33,36,26,0.17,79.59,72.22,62.45,72.64,6.94,24081.53,3900.8,26,12,1,-7.36,20.24,0.46,1,0,4.68,Low
PRJ-00622,Infrastructure Project 00622,Ministry of Power,Communication,Tamil Nadu,Public Sector Undertaking,21167.74,23239.8,8541.58,93,67,0.0,72.95,72.04,35.27,68.95,4.01,8244.72,296.86,9,0,0,-0.91,9.79,0.0,0,0,6.99,Low
PRJ-00623,Infrastructure Project 00623,Ministry of Jal Shakti,Coal,Karnataka,Public Sector Undertaking,32557.51,38168.62,8313.39,64,8,3.97,18.74,12.5,24.42,16.73,2.0,7925.31,388.08,25,18,3,-6.24,17.23,6.2,1,0,11.84,Low
PRJ-00624,Infrastructure Project 00624,Ministry of Housing,Transport & Logistics,Tamil Nadu,State Government Agency,7412.27,7632.45,2726.96,99,97,2.82,100.0,97.98,27.41,96.51,3.49,2468.17,258.79,18,16,0,-2.02,2.97,2.85,0,0,3.47,Low
PRJ-00625,Infrastructure Project 00625,Ministry of Steel,Communication,Maharashtra,Infrastructure Development Authority,25456.26,26706.34,21583.99,118,118,12.96,89.84,100.0,75.96,85.5,4.34,18390.34,3193.65,23,2,2,10.16,4.91,10.98,0,1,20.57,Low
PRJ-00626,Infrastructure Project 00626,Ministry of Housing,Water & Sanitation,Madhya Pradesh,Public Sector Undertaking,48473.18,56340.42,9281.32,52,40,0.0,81.82,76.92,8.45,79.95,1.88,8539.96,741.37,18,12,1,-4.9,16.23,0.0,1,0,12.87,Low
PRJ-00627,Infrastructure Project 00627,Ministry of Coal,Communication,Karnataka,Infrastructure Development Authority,3261.9,3615.42,1829.7,48,40,10.33,79.25,83.33,54.5,71.8,7.46,1688.98,140.72,19,3,0,4.08,10.84,21.53,1,1,22.65,Low
PRJ-00628,Infrastructure Project 00628,Ministry of Housing,Energy,Uttar Pradesh,Central Government Agency,5898.65,6433.4,4089.58,71,44,8.02,43.02,61.97,64.71,41.56,1.46,3898.65,190.93,8,2,2,18.95,9.07,11.3,0,1,28.94,Low
PRJ-00629,Infrastructure Project 00629,Ministry of Jal Shakti,Transport & Logistics,West Bengal,Public Sector Undertaking,20921.0,23259.39,16660.34,63,43,6.09,75.43,68.25,76.32,73.34,2.09,14491.6,2168.75,6,3,0,-7.17,11.18,9.67,1,0,12.34,Low
PRJ-00630,Infrastructure Project 00630,Ministry of Railways,Coal,Andhra Pradesh,Central Government Agency,1922.26,2026.09,617.19,100,26,5.08,21.33,26.0,26.56,16.8,4.54,533.93,83.26,12,9,1,4.67,5.4,5.08,0,0,26.64,Low
PRJ-00631,Infrastructure Project 00631,Ministry of Railways,Transport & Logistics,Maharashtra,Infrastructure Development Authority,16884.35,20310.14,15191.27,83,44,6.3,53.33,53.01,76.74,52.89,0.44,14788.82,402.45,6,6,0,-0.31,20.29,7.59,1,0,14.46,Low
PRJ-00632,Infrastructure Project 00632,Ministry of Power,Social Infrastructure,Telangana,Central Government Agency,2435.72,2484.81,1414.44,62,40,2.91,60.1,64.52,52.89,52.43,7.68,1227.95,186.49,25,0,1,4.41,2.02,4.69,0,0,10.18,Low
PRJ-00633,Infrastructure Project 00633,Ministry of Railways,Social Infrastructure,Andhra Pradesh,Central Government Agency,41843.01,51609.26,13416.6,80,12,7.78,0.0,15.0,28.51,0.0,0.0,12655.54,761.07,26,7,1,15.0,23.34,9.73,1,0,33.99,Low
PRJ-00634,Infrastructure Project 00634,Ministry of Housing,Water & Sanitation,Gujarat,Central Government Agency,37783.35,46978.61,9429.35,55,41,9.08,71.75,74.55,22.01,67.54,4.21,9016.28,413.07,17,6,0,2.79,24.34,16.51,1,1,37.46,Medium
PRJ-00635,Infrastructure Project 00635,Ministry of Railways,Water & Sanitation,Bihar,State Government Agency,3375.31,3501.41,320.71,57,30,0.0,68.1,52.63,2.24,61.09,7.01,293.18,27.53,29,23,0,-15.47,3.74,0.0,0,0,9.77,Low
PRJ-00636,Infrastructure Project 00636,Ministry of Power,Energy,Bihar,State Government Agency,553.83,588.72,351.01,87,85,2.39,100.0,97.7,66.39,93.48,6.52,302.18,48.83,22,20,0,-2.3,6.3,2.75,0,0,4.94,Low
PRJ-00637,Infrastructure Project 00637,Ministry of Jal Shakti,Water & Sanitation,Telangana,State Government Agency,25357.44,31161.27,18691.19,62,46,6.47,68.18,74.19,60.81,62.57,5.61,18348.43,342.76,17,1,0,6.01,22.89,10.43,1,1,25.54,Low
PRJ-00638,Infrastructure Project 00638,Ministry of Communications,Transport & Logistics,Gujarat,Public Sector Undertaking,4298.4,4626.81,1163.21,41,45,4.25,100.0,100.0,23.96,94.57,5.43,1061.57,101.64,22,5,0,0.0,7.64,10.36,0,1,16.72,Low
PRJ-00639,Infrastructure Project 00639,Ministry of Communications,Transport & Logistics,Maharashtra,State Government Agency,5213.37,7419.17,2742.95,55,62,6.77,100.0,100.0,42.86,95.55,4.45,2576.45,166.49,28,24,0,0.0,42.31,12.31,1,1,22.36,Low
PRJ-00640,Infrastructure Project 00640,Ministry of Communications,Transport & Logistics,West Bengal,Infrastructure Development Authority,22875.75,24387.45,10621.37,71,54,6.88,66.95,76.06,39.71,63.57,3.38,9155.0,1466.37,22,8,1,9.11,6.61,9.68,0,0,15.53,Low
PRJ-00641,Infrastructure Project 00641,Ministry of Jal Shakti,Mining,Uttar Pradesh,Central Government Agency,20633.36,20878.92,4357.86,104,85,8.96,69.25,81.73,16.74,65.33,3.91,3869.74,488.12,6,2,2,12.48,1.19,8.62,0,0,23.76,Low
PRJ-00642,Infrastructure Project 00642,Ministry of Railways,Water & Sanitation,Odisha,Central Government Agency,1036.59,1199.88,495.73,95,64,3.97,65.36,67.37,47.59,58.57,6.78,439.82,55.91,20,8,1,2.01,15.75,4.18,1,0,22.62,Low
PRJ-00643,Infrastructure Project 00643,Ministry of Steel,Energy,Odisha,Public Sector Undertaking,34460.99,42404.48,19751.75,101,90,17.99,67.54,89.11,45.04,64.38,3.15,19153.87,597.88,14,11,3,21.57,23.05,17.81,1,1,45.16,Medium
PRJ-00644,Infrastructure Project 00644,Ministry of Coal,Energy,Madhya Pradesh,Public Sector Undertaking,43836.15,44364.9,3139.65,26,16,0.0,45.13,61.54,11.81,37.6,7.53,2739.57,400.08,17,1,0,16.41,1.21,0.0,0,0,17.72,Low
PRJ-00645,Infrastructure Project 00645,Ministry of Power,Coal,Madhya Pradesh,Infrastructure Development Authority,28725.16,29818.65,19692.7,101,108,6.05,99.91,100.0,49.22,98.88,1.03,16898.3,2794.4,21,4,0,0.09,3.81,5.99,0,0,14.02,Low
PRJ-00646,Infrastructure Project 00646,Ministry of Jal Shakti,Communication,Karnataka,Public Sector Undertaking,5634.56,7353.87,1085.75,88,61,16.41,63.37,69.32,7.62,62.55,0.82,1062.48,23.27,24,17,0,5.95,30.51,18.64,1,1,34.1,Low
PRJ-00647,Infrastructure Project 00647,Ministry of Communications,Mining,Madhya Pradesh,Public Sector Undertaking,20920.9,26734.2,13280.91,85,37,14.41,33.11,43.53,48.06,27.86,5.25,11716.6,1564.31,26,1,2,10.42,27.79,16.95,1,1,43.88,Medium
PRJ-00648,Infrastructure Project 00648,Ministry of Coal,Mining,Bihar,Public Sector Undertaking,18303.29,21656.36,6595.78,65,52,0.0,87.96,80.0,27.79,87.85,0.11,6119.22,476.56,20,14,0,-7.96,18.32,0.0,1,0,14.69,Low
PRJ-00649,Infrastructure Project 00649,Ministry of Housing,Steel,Uttar Pradesh,Central Government Agency,37974.37,48048.87,36202.84,73,79,8.3,100.0,100.0,65.6,92.04,7.96,36128.56,74.28,23,2,0,0.0,26.53,11.37,1,1,15.01,Low
PRJ-00650,Infrastructure Project 00650,Ministry of Railways,Steel,Karnataka,Infrastructure Development Authority,35499.82,36425.79,20146.69,89,17,7.56,22.02,19.1,56.14,21.93,0.09,17227.73,2918.96,6,4,0,-2.92,2.61,8.49,0,0,16.19,Low
PRJ-00651,Infrastructure Project 00651,Ministry of Steel,Communication,Madhya Pradesh,Infrastructure Development Authority,14689.19,15911.05,4092.3,33,20,0.0,60.08,60.61,25.33,55.28,4.79,3944.03,148.27,13,4,1,0.53,8.32,0.0,0,0,7.99,Low
PRJ-00652,Infrastructure Project 00652,Ministry of Road Transport,Social Infrastructure,Madhya Pradesh,State Government Agency,20023.17,22287.38,9379.46,26,14,0.0,39.42,53.85,42.58,38.42,1.0,9188.88,190.58,11,9,1,14.42,11.31,0.0,1,0,17.67,Low
PRJ-00653,Infrastructure Project 00653,Ministry of Coal,Transport & Logistics,Tamil Nadu,Public Sector Undertaking,8140.63,10123.5,6604.65,116,122,0.81,100.0,100.0,68.73,92.77,7.23,6560.72,43.93,12,9,1,0.0,24.36,0.7,1,0,20.26,Low
PRJ-00654,Infrastructure Project 00654,Ministry of Road Transport,Mining,Rajasthan,Public Sector Undertaking,26446.88,26735.65,12186.6,54,57,0.0,100.0,100.0,50.27,99.86,0.14,11382.04,804.55,20,9,1,0.0,1.09,0.0,0,0,9.68,Low
PRJ-00655,Infrastructure Project 00655,Ministry of Steel,Social Infrastructure,Madhya Pradesh,Infrastructure Development Authority,38070.02,39330.14,5040.68,73,71,0.0,100.0,97.26,18.11,99.71,0.29,4393.36,647.32,12,8,0,-2.74,3.31,0.0,0,0,11.02,Low
PRJ-00656,Infrastructure Project 00656,Ministry of Railways,Steel,West Bengal,State Government Agency,44422.18,49610.81,20214.79,45,13,4.75,36.43,28.89,36.8,36.11,0.31,20105.66,109.13,14,4,0,-7.54,11.68,10.56,1,1,17.8,Low
PRJ-00657,Infrastructure Project 00657,Ministry of Power,Communication,Uttar Pradesh,Central Government Agency,34867.64,40007.34,31356.84,100,61,16.6,63.6,61.0,71.97,60.84,2.76,30464.21,892.63,22,7,1,-2.6,14.74,16.6,1,1,21.12,Low
PRJ-00658,Infrastructure Project 00658,Ministry of Railways,Coal,Uttar Pradesh,Central Government Agency,35802.31,40487.02,18429.56,98,35,10.64,19.48,35.71,56.2,16.77,2.7,16372.37,2057.2,14,10,4,16.24,13.08,10.86,1,1,34.51,Low
PRJ-00659,Infrastructure Project 00659,Ministry of Railways,Mining,Telangana,Infrastructure Development Authority,608.9,738.26,42.57,70,10,5.14,13.03,14.29,2.05,6.13,6.9,39.86,2.71,23,20,0,1.26,21.24,7.35,1,0,22.87,Low
PRJ-00660,Infrastructure Project 00660,Ministry of Coal,Social Infrastructure,Gujarat,State Government Agency,3797.78,5051.77,1822.14,118,79,23.16,58.46,66.95,36.07,56.79,1.67,1564.05,258.09,25,14,3,8.49,33.02,19.63,1,1,40.47,Medium
PRJ-00661,Infrastructure Project 00661,Ministry of Road Transport,Energy,Odisha,Central Government Agency,27074.82,31490.2,13904.79,92,85,7.1,86.46,92.39,46.42,84.14,2.31,13051.72,853.08,20,8,0,5.94,16.31,7.72,1,0,14.29,Low
PRJ-00662,Infrastructure Project 00662,Ministry of Communications,Mining,Uttar Pradesh,Public Sector Undertaking,41686.11,47764.05,12527.6,68,35,0.0,40.57,51.47,38.42,36.18,4.4,10842.8,1684.8,29,19,4,10.9,14.58,0.0,1,0,16.99,Low
PRJ-00663,Infrastructure Project 00663,Ministry of Jal Shakti,Social Infrastructure,Uttar Pradesh,Public Sector Undertaking,26463.02,29290.49,9202.19,32,37,6.24,100.0,100.0,24.57,98.28,1.72,8944.19,258.0,12,2,1,0.0,10.68,19.5,1,1,30.94,Low
PRJ-00664,Infrastructure Project 00664,Ministry of Power,Water & Sanitation,Karnataka,Infrastructure Development Authority,27129.85,32429.61,20279.45,35,15,0.0,45.38,42.86,65.65,39.11,6.26,19376.89,902.56,20,9,1,-2.52,19.53,0.0,1,0,5.63,Low
PRJ-00665,Infrastructure Project 00665,Ministry of Road Transport,Mining,Maharashtra,Public Sector Undertaking,24379.35,25804.73,3889.25,58,39,0.77,57.96,67.24,15.31,54.01,3.95,3448.2,441.05,8,4,2,9.28,5.85,1.33,0,0,11.8,Low
PRJ-00666,Infrastructure Project 00666,Ministry of Communications,Communication,Odisha,State Government Agency,6044.17,7527.91,4784.16,29,28,0.0,97.01,96.55,55.84,89.23,7.78,4450.15,334.01,10,4,1,-0.46,24.55,0.0,1,0,15.7,Low
PRJ-00667,Infrastructure Project 00667,Ministry of Jal Shakti,Energy,West Bengal,Public Sector Undertaking,42048.55,45729.57,16441.0,40,20,7.62,19.18,50.0,33.7,17.82,1.36,15571.78,869.23,15,4,0,30.82,8.75,19.06,0,1,42.72,Medium
PRJ-00668,Infrastructure Project 00668,Ministry of Communications,Steel,Odisha,Public Sector Undertaking,41477.53,50977.94,34877.09,111,41,10.26,6.41,36.94,66.83,1.89,4.52,32427.53,2449.56,7,4,3,30.53,22.9,9.25,1,0,47.0,Medium
PRJ-00669,Infrastructure Project 00669,Ministry of Power,Social Infrastructure,Maharashtra,Public Sector Undertaking,32189.45,33676.75,5900.38,48,13,8.91,37.85,27.08,16.98,33.7,4.14,5892.61,7.77,21,18,2,-10.76,4.62,18.55,0,1,21.65,Low
PRJ-00670,Infrastructure Project 00670,Ministry of Power,Steel,Bihar,Infrastructure Development Authority,46441.03,48081.91,33415.37,38,14,2.51,33.86,36.84,75.19,33.54,0.32,29639.92,3775.45,7,3,0,2.98,3.53,6.61,0,0,15.33,Low
PRJ-00671,Infrastructure Project 00671,Ministry of Steel,Water & Sanitation,Andhra Pradesh,Infrastructure Development Authority,14997.82,16799.88,10646.91,110,109,3.28,93.94,99.09,68.58,87.77,6.16,9335.31,1311.61,21,21,0,5.15,12.02,2.98,1,0,18.46,Low
PRJ-00672,Infrastructure Project 00672,Ministry of Railways,Energy,Karnataka,State Government Agency,12477.99,15066.24,5032.89,36,9,0.0,31.83,25.0,36.03,28.83,2.99,4895.04,137.85,27,6,0,-6.83,20.74,0.0,1,0,24.96,Low
PRJ-00673,Infrastructure Project 00673,Ministry of Jal Shakti,Communication,Odisha,Public Sector Undertaking,21485.11,29941.0,20781.34,77,76,0.51,100.0,98.7,73.07,96.5,3.5,18362.47,2418.87,13,1,0,-1.3,39.36,0.67,1,0,18.9,Low
PRJ-00674,Infrastructure Project 00674,Ministry of Steel,Transport & Logistics,Rajasthan,Public Sector Undertaking,4129.58,5210.06,3957.28,71,79,4.5,97.44,100.0,71.38,93.92,3.53,3429.99,527.29,22,22,0,2.56,26.16,6.33,1,0,22.88,Low
PRJ-00675,Infrastructure Project 00675,Ministry of Steel,Steel,West Bengal,State Government Agency,24688.98,28630.09,17937.79,59,63,8.9,95.04,100.0,60.98,94.28,0.75,16785.84,1151.95,11,2,1,4.96,15.96,15.09,1,1,27.98,Low
PRJ-00676,Infrastructure Project 00676,Ministry of Housing,Mining,West Bengal,State Government Agency,49464.42,56280.76,44427.48,55,47,7.38,85.44,85.45,83.51,77.96,7.49,40521.5,3905.98,24,5,0,0.01,13.78,13.42,1,1,10.94,Low
PRJ-00677,Infrastructure Project 00677,Ministry of Road Transport,Energy,Tamil Nadu,Infrastructure Development Authority,40753.22,49357.64,5920.26,94,22,1.96,49.45,23.4,14.57,43.26,6.19,5874.04,46.22,28,19,0,-26.04,21.11,2.08,1,0,18.04,Low
PRJ-00678,Infrastructure Project 00678,Ministry of Coal,Energy,Odisha,Central Government Agency,26548.72,28397.84,14019.01,35,43,0.0,100.0,100.0,52.06,94.13,5.87,12713.4,1305.61,20,15,0,0.0,6.97,0.0,0,0,7.58,Low
PRJ-00679,Infrastructure Project 00679,Ministry of Steel,Social Infrastructure,Gujarat,Infrastructure Development Authority,9284.05,10899.01,3496.28,62,41,0.0,76.77,66.13,27.64,69.68,7.09,3365.87,130.41,15,1,1,-10.64,17.4,0.0,1,0,15.06,Low
PRJ-00680,Infrastructure Project 00680,Ministry of Road Transport,Water & Sanitation,Gujarat,Infrastructure Development Authority,41266.37,43204.92,31900.12,35,23,10.61,48.39,65.71,76.86,43.71,4.68,30871.96,1028.16,24,17,4,17.33,4.7,30.31,0,1,31.68,Low
PRJ-00681,Infrastructure Project 00681,Ministry of Steel,Social Infrastructure,Bihar,Central Government Agency,4470.93,5033.45,1307.34,119,87,5.07,64.15,73.11,25.18,63.83,0.32,1143.56,163.79,22,22,0,8.96,12.58,4.26,1,0,16.2,Low
PRJ-00682,Infrastructure Project 00682,Ministry of Communications,Mining,Gujarat,Central Government Agency,43521.89,45306.18,30031.83,53,38,0.0,55.49,71.7,63.71,51.74,3.75,26043.83,3988.0,11,0,1,16.21,4.1,0.0,0,0,16.63,Low
PRJ-00683,Infrastructure Project 00683,Ministry of Jal Shakti,Social Infrastructure,Madhya Pradesh,Central Government Agency,31585.83,35047.46,14968.58,28,23,0.32,84.76,82.14,34.31,78.15,6.61,13953.39,1015.18,25,19,0,-2.62,10.96,1.15,1,0,5.27,Low
PRJ-00684,Infrastructure Project 00684,Ministry of Road Transport,Energy,West Bengal,State Government Agency,3139.97,3572.77,2657.86,64,47,13.3,53.4,73.44,81.04,48.17,5.23,2535.17,122.69,18,3,3,20.04,13.78,20.78,1,1,44.09,Medium
PRJ-00685,Infrastructure Project 00685,Ministry of Housing,Communication,Rajasthan,Central Government Agency,49185.49,49746.9,20730.73,118,113,0.0,100.0,95.76,35.93,96.58,3.42,19528.02,1202.7,28,11,0,-4.24,1.14,0.0,0,0,10.05,Low
PRJ-00686,Infrastructure Project 00686,Ministry of Railways,Water & Sanitation,Karnataka,Central Government Agency,42639.92,43101.8,18103.93,109,102,0.42,96.18,93.58,35.85,89.62,6.55,16594.86,1509.06,22,7,1,-2.6,1.08,0.38,0,0,13.09,Low
PRJ-00687,Infrastructure Project 00687,Ministry of Coal,Steel,Telangana,State Government Agency,19917.48,21496.65,14281.3,87,50,2.73,61.91,57.47,79.39,60.16,1.76,13528.95,752.36,14,11,1,-4.44,7.93,3.14,0,0,12.6,Low
PRJ-00688,Infrastructure Project 00688,Ministry of Housing,Social Infrastructure,Odisha,State Government Agency,23298.86,23612.37,17789.99,115,81,0.0,75.2,70.43,70.59,73.02,2.19,16698.61,1091.38,26,12,0,-4.77,1.35,0.0,0,0,7.88,Low
PRJ-00689,Infrastructure Project 00689,Ministry of Jal Shakti,Steel,Bihar,Infrastructure Development Authority,37933.2,50021.94,35410.07,54,7,13.31,8.1,12.96,63.37,4.29,3.81,30969.05,4441.02,26,11,0,4.87,31.87,24.65,1,1,39.99,Medium
PRJ-00690,Infrastructure Project 00690,Ministry of Jal Shakti,Communication,Uttar Pradesh,State Government Agency,42107.51,50509.68,8420.54,103,102,0.32,89.39,99.03,24.7,88.74,0.65,7308.56,1111.98,22,0,1,9.64,19.95,0.31,1,0,23.24,Low
PRJ-00691,Infrastructure Project 00691,Ministry of Jal Shakti,Steel,Madhya Pradesh,Public Sector Undertaking,20313.34,24119.33,7107.64,45,38,8.1,79.35,84.44,31.78,72.6,6.75,6247.4,860.24,23,6,0,5.09,18.74,18.0,1,1,19.82,Low
PRJ-00692,Infrastructure Project 00692,Ministry of Steel,Social Infrastructure,Uttar Pradesh,Infrastructure Development Authority,46104.41,49913.9,29193.18,80,64,12.75,68.77,80.0,51.12,68.35,0.42,26782.59,2410.59,16,10,0,11.23,8.26,15.94,0,1,24.42,Low
PRJ-00693,Infrastructure Project 00693,Ministry of Coal,Mining,Karnataka,Public Sector Undertaking,47856.79,48476.98,26070.2,95,31,0.6,25.77,32.63,56.12,20.35,5.41,23952.9,2117.3,27,8,3,6.86,1.3,0.63,0,0,14.84,Low
PRJ-00694,Infrastructure Project 00694,Ministry of Communications,Social Infrastructure,Uttar Pradesh,Central Government Agency,21457.44,22549.88,19012.28,74,11,0.0,15.87,14.86,77.25,9.69,6.18,17538.87,1473.42,16,3,0,-1.0,5.09,0.0,0,0,11.86,Low
PRJ-00695,Infrastructure Project 00695,Ministry of Power,Energy,Uttar Pradesh,Infrastructure Development Authority,2065.89,2428.0,1505.09,89,54,7.4,69.05,60.67,47.16,65.21,3.84,1311.18,193.91,18,16,2,-8.38,17.53,8.32,1,0,20.41,Low
PRJ-00696,Infrastructure Project 00696,Ministry of Railways,Steel,Karnataka,Infrastructure Development Authority,37030.11,52918.93,11565.45,91,23,12.8,11.82,25.27,18.9,4.3,7.52,11321.52,243.93,27,18,2,13.45,42.91,14.06,1,1,43.58,Medium
PRJ-00697,Infrastructure Project 00697,Ministry of Housing,Mining,Odisha,Public Sector Undertaking,33648.6,34934.88,18238.62,62,46,0.0,57.7,74.19,48.21,55.24,2.46,17476.35,762.27,23,11,1,16.49,3.82,0.0,0,0,11.87,Low
PRJ-00698,Infrastructure Project 00698,Ministry of Steel,Social Infrastructure,Karnataka,State Government Agency,31564.75,33470.0,20459.52,117,32,0.0,39.22,27.35,58.78,36.35,2.87,19752.52,707.0,6,6,0,-11.87,6.04,0.0,0,0,13.03,Low
PRJ-00699,Infrastructure Project 00699,Ministry of Jal Shakti,Mining,Maharashtra,Central Government Agency,29753.64,31551.55,13398.66,77,7,8.91,20.65,9.09,42.69,16.05,4.6,13150.99,247.68,13,7,1,-11.56,6.04,11.57,0,1,20.46,Low
PRJ-00700,Infrastructure Project 00700,Ministry of Communications,Mining,Telangana,State Government Agency,20822.3,25242.56,16173.24,56,42,6.24,69.57,75.0,64.4,66.81,2.75,15490.22,683.03,14,7,1,5.43,21.23,11.15,1,1,19.4,Low
PRJ-00701,Infrastructure Project 00701,Ministry of Housing,Energy,Maharashtra,Infrastructure Development Authority,10299.6,12795.4,2565.96,35,12,3.31,44.32,34.29,11.25,43.77,0.55,2432.03,133.92,28,27,0,-10.04,24.23,9.47,1,0,26.63,Low
PRJ-00702,Infrastructure Project 00702,Ministry of Communications,Coal,Rajasthan,Central Government Agency,27326.9,28536.4,22498.11,46,36,2.36,71.45,78.26,82.75,66.06,5.39,20510.8,1987.31,21,12,0,6.81,4.43,5.12,0,0,6.75,Low
PRJ-00703,Infrastructure Project 00703,Ministry of Steel,Communication,Uttar Pradesh,Central Government Agency,1063.11,1252.49,973.43,101,68,4.45,66.79,67.33,80.69,62.91,3.88,944.07,29.36,22,3,2,0.54,17.81,4.41,1,0,13.06,Low
PRJ-00704,Infrastructure Project 00704,Ministry of Communications,Water & Sanitation,Karnataka,Central Government Agency,25651.08,28206.84,16607.96,108,8,0.0,12.19,7.41,60.54,8.17,4.03,14692.89,1915.07,23,17,1,-4.79,9.96,0.0,0,0,15.62,Low
PRJ-00705,Infrastructure Project 00705,Ministry of Road Transport,Mining,Andhra Pradesh,Central Government Agency,20654.44,21349.66,1790.8,113,15,4.94,7.7,13.27,13.3,3.43,4.27,1653.59,137.21,29,20,1,5.58,3.37,4.37,0,0,20.88,Low
PRJ-00706,Infrastructure Project 00706,Ministry of Road Transport,Social Infrastructure,Uttar Pradesh,Central Government Agency,44447.13,47849.2,23326.18,114,104,22.43,71.07,91.23,52.86,65.13,5.94,21412.28,1913.9,26,10,2,20.16,7.65,19.67,0,1,35.21,Medium
PRJ-00707,Infrastructure Project 00707,Ministry of Power,Social Infrastructure,West Bengal,Central Government Agency,30260.3,35357.02,19732.06,56,43,0.0,88.39,76.79,54.01,83.15,5.24,18289.15,1442.91,5,3,1,-11.6,16.84,0.0,1,0,19.59,Low
PRJ-00708,Infrastructure Project 00708,Ministry of Power,Communication,Karnataka,State Government Agency,47384.02,62349.49,23809.92,25,25,9.41,100.0,100.0,28.06,96.03,3.97,20701.55,3108.37,25,1,0,0.0,31.58,37.62,1,1,36.54,Medium
PRJ-00709,Infrastructure Project 00709,Ministry of Steel,Steel,Rajasthan,Public Sector Undertaking,44531.91,51055.17,20458.05,24,8,1.61,30.64,33.33,42.84,30.42,0.22,17598.66,2859.39,17,0,1,2.69,14.65,6.7,1,0,11.38,Low
PRJ-00710,Infrastructure Project 00710,Ministry of Coal,Social Infrastructure,Bihar,State Government Agency,17223.62,19003.04,2761.63,107,20,2.18,18.82,18.69,6.39,18.21,0.61,2490.16,271.47,7,7,0,-0.13,10.33,2.04,1,0,20.07,Low
PRJ-00711,Infrastructure Project 00711,Ministry of Coal,Transport & Logistics,Karnataka,Central Government Agency,46803.42,49671.22,21344.55,29,13,6.45,48.33,44.83,45.84,42.97,5.36,18481.0,2863.55,7,1,0,-3.5,6.13,22.25,0,1,16.03,Low
PRJ-00712,Infrastructure Project 00712,Ministry of Steel,Water & Sanitation,Maharashtra,Public Sector Undertaking,20509.28,24136.97,19568.55,56,10,4.23,29.35,17.86,87.67,26.13,3.23,18638.68,929.87,18,9,1,-11.5,17.69,7.56,1,0,20.87,Low
PRJ-00713,Infrastructure Project 00713,Ministry of Railways,Water & Sanitation,Gujarat,Central Government Agency,5856.06,6089.87,2124.25,60,43,5.16,57.24,71.67,41.25,53.65,3.59,1967.1,157.15,19,12,2,14.42,3.99,8.61,0,0,9.0,Low
PRJ-00714,Infrastructure Project 00714,Ministry of Road Transport,Energy,Madhya Pradesh,State Government Agency,18976.35,20284.28,14080.88,30,18,5.65,51.02,60.0,66.82,46.85,4.17,13495.44,585.44,27,23,0,8.98,6.89,18.83,0,1,16.93,Low
PRJ-00715,Infrastructure Project 00715,Ministry of Road Transport,Transport & Logistics,Telangana,Central Government Agency,25615.99,28995.91,7086.55,80,5,9.98,0.0,6.25,26.26,0.0,0.0,6897.6,188.95,26,26,1,6.25,13.19,12.47,1,1,17.86,Low
PRJ-00716,Infrastructure Project 00716,Ministry of Housing,Steel,Karnataka,Infrastructure Development Authority,46721.69,51149.07,14538.18,118,38,15.5,20.34,32.2,33.57,13.2,7.14,14130.74,407.43,16,13,3,11.87,9.48,13.14,0,1,25.13,Low
PRJ-00717,Infrastructure Project 00717,Ministry of Housing,Water & Sanitation,Tamil Nadu,Central Government Agency,23267.03,26303.68,1680.19,68,53,0.0,98.63,77.94,3.33,92.23,6.39,1611.76,68.43,19,4,1,-20.69,13.05,0.0,1,0,19.25,Low
PRJ-00718,Infrastructure Project 00718,Ministry of Railways,Communication,Gujarat,Public Sector Undertaking,9954.82,10516.87,7257.97,26,7,3.06,35.08,26.92,71.17,33.21,1.87,7170.97,87.0,14,8,1,-8.15,5.65,11.79,0,1,6.58,Low
PRJ-00719,Infrastructure Project 00719,Ministry of Railways,Steel,Rajasthan,Infrastructure Development Authority,18203.12,19276.04,6455.76,33,23,0.34,76.0,69.7,39.83,72.86,3.14,5589.77,865.99,18,8,1,-6.31,5.89,1.04,0,0,2.74,Low
PRJ-00720,Infrastructure Project 00720,Ministry of Road Transport,Communication,Gujarat,Central Government Agency,45033.74,54916.47,12776.65,88,71,7.76,78.55,80.68,19.01,78.45,0.1,12448.39,328.26,20,0,2,2.13,21.95,8.82,1,0,27.64,Low
PRJ-00721,Infrastructure Project 00721,Ministry of Railways,Coal,West Bengal,State Government Agency,11772.39,12065.87,9218.43,41,8,2.48,15.24,19.51,70.71,7.94,7.3,8573.9,644.53,16,1,1,4.27,2.49,6.05,0,0,12.98,Low
PRJ-00722,Infrastructure Project 00722,Ministry of Jal Shakti,Steel,Madhya Pradesh,Public Sector Undertaking,964.88,969.72,166.49,37,41,0.0,100.0,100.0,19.18,92.17,7.83,153.21,13.29,14,12,0,0.0,0.5,0.0,0,0,2.46,Low
PRJ-00723,Infrastructure Project 00723,Ministry of Road Transport,Transport & Logistics,Odisha,State Government Agency,25719.54,26184.42,18609.03,104,36,0.0,40.2,34.62,78.55,36.3,3.9,18495.92,113.1,23,2,0,-5.59,1.81,0.0,0,0,7.81,Low
PRJ-00724,Infrastructure Project 00724,Ministry of Coal,Water & Sanitation,Odisha,Infrastructure Development Authority,36058.17,36518.38,26465.36,98,8,0.0,13.7,8.16,69.74,7.23,6.47,22812.06,3653.3,16,15,0,-5.54,1.28,0.0,0,0,7.32,Low
PRJ-00725,Infrastructure Project 00725,Ministry of Communications,Communication,Tamil Nadu,Central Government Agency,39306.75,41161.84,23555.05,56,60,0.0,100.0,100.0,55.35,99.17,0.83,22327.01,1228.03,10,6,0,0.0,4.72,0.0,0,0,6.15,Low
PRJ-00726,Infrastructure Project 00726,Ministry of Power,Mining,West Bengal,Public Sector Undertaking,6648.7,7147.28,3897.55,82,78,11.83,84.58,95.12,53.07,81.65,2.92,3580.22,317.34,22,2,1,10.55,7.5,14.42,0,1,26.9,Low
PRJ-00727,Infrastructure Project 00727,Ministry of Housing,Transport & Logistics,Odisha,Central Government Agency,43135.92,48618.07,20626.29,116,69,0.93,52.05,59.48,36.39,44.89,7.15,19910.77,715.52,28,16,0,7.44,12.71,0.8,1,0,17.62,Low
PRJ-00728,Infrastructure Project 00728,Ministry of Steel,Communication,Telangana,State Government Agency,27466.19,34574.66,19390.16,78,67,10.53,84.69,85.9,57.94,83.21,1.47,16824.11,2566.05,24,5,0,1.21,25.88,13.5,1,1,34.44,Low
PRJ-00729,Infrastructure Project 00729,Ministry of Coal,Steel,Karnataka,Central Government Agency,33669.22,34622.85,1929.86,86,11,5.01,0.0,12.79,8.87,0.0,0.0,1873.77,56.09,12,8,2,12.79,2.83,5.83,0,0,29.52,Low
PRJ-00730,Infrastructure Project 00730,Ministry of Housing,Energy,West Bengal,State Government Agency,42833.77,49146.45,35654.12,41,14,0.49,15.22,34.15,74.09,11.5,3.72,35191.45,462.66,13,6,1,18.92,14.74,1.2,1,0,25.65,Low
PRJ-00731,Infrastructure Project 00731,Ministry of Railways,Coal,Bihar,Central Government Agency,23271.51,26089.7,12313.0,109,72,6.5,57.5,66.06,47.98,50.14,7.36,10481.2,1831.8,13,5,1,8.55,12.11,5.96,1,0,13.98,Low
PRJ-00732,Infrastructure Project 00732,Ministry of Coal,Steel,Madhya Pradesh,Infrastructure Development Authority,29915.34,41854.09,27345.83,103,106,14.59,86.43,100.0,72.61,82.67,3.76,26134.84,1210.99,5,0,0,13.57,39.91,14.17,1,1,35.44,Medium
PRJ-00733,Infrastructure Project 00733,Ministry of Road Transport,Coal,Uttar Pradesh,Central Government Agency,10261.61,12701.47,1866.64,90,27,8.59,26.93,30.0,11.48,22.93,4.0,1796.01,70.63,12,1,1,3.07,23.78,9.54,1,0,27.12,Low
PRJ-00734,Infrastructure Project 00734,Ministry of Railways,Mining,Maharashtra,Infrastructure Development Authority,31748.54,31786.8,3254.06,37,43,0.0,100.0,100.0,6.34,97.27,2.73,2782.25,471.81,16,1,0,0.0,0.12,0.0,0,0,10.77,Low
PRJ-00735,Infrastructure Project 00735,Ministry of Coal,Water & Sanitation,Karnataka,Infrastructure Development Authority,35355.65,44289.76,25509.96,64,72,6.52,100.0,100.0,48.07,93.26,6.74,22427.71,3082.25,9,9,0,0.0,25.27,10.18,1,1,13.31,Low
PRJ-00736,Infrastructure Project 00736,Ministry of Railways,Steel,Uttar Pradesh,State Government Agency,16298.37,18865.39,7957.0,60,39,7.59,58.77,65.0,40.91,55.34,3.43,6885.98,1071.02,8,0,1,6.23,15.75,12.65,1,1,33.25,Low
PRJ-00737,Infrastructure Project 00737,Ministry of Housing,Communication,Rajasthan,State Government Agency,28928.72,30137.53,20041.62,62,45,1.83,78.47,72.58,63.26,74.55,3.92,18903.19,1138.44,9,7,2,-5.89,4.18,2.95,0,0,9.3,Low
PRJ-00738,Infrastructure Project 00738,Ministry of Coal,Water & Sanitation,Gujarat,Infrastructure Development Authority,27280.85,32186.51,6701.69,104,11,11.42,0.0,10.58,15.04,0.0,0.0,6235.05,466.63,6,2,1,10.58,17.98,10.98,1,1,32.51,Low
PRJ-00739,Infrastructure Project 00739,Ministry of Steel,Energy,Gujarat,Infrastructure Development Authority,14575.5,16628.48,4702.21,50,50,5.29,100.0,100.0,24.86,96.73,3.27,4682.09,20.11,27,20,0,0.0,14.09,10.57,1,1,16.53,Low
PRJ-00740,Infrastructure Project 00740,Ministry of Housing,Communication,Odisha,Public Sector Undertaking,21017.47,26354.25,3413.04,69,6,12.07,0.0,8.7,12.8,0.0,0.0,3211.71,201.32,14,14,1,8.7,25.39,17.49,1,1,31.8,Low
PRJ-00741,Infrastructure Project 00741,Ministry of Jal Shakti,Water & Sanitation,Odisha,State Government Agency,39247.09,41163.84,26790.51,118,4,0.0,0.0,3.39,63.33,0.0,0.0,24214.72,2575.79,14,14,0,3.39,4.88,0.0,0,0,17.67,Low
PRJ-00742,Infrastructure Project 00742,Ministry of Power,Communication,Karnataka,Central Government Agency,2040.16,2833.14,2038.51,112,62,11.03,47.1,55.36,68.37,46.01,1.09,1983.14,55.37,20,9,1,8.26,38.87,9.85,1,0,33.27,Low
PRJ-00743,Infrastructure Project 00743,Ministry of Communications,Mining,Maharashtra,State Government Agency,22778.91,27675.75,9065.89,26,9,3.25,27.82,34.62,38.11,25.09,2.73,8717.61,348.28,14,11,1,6.8,21.5,12.49,1,1,24.21,Low
PRJ-00744,Infrastructure Project 00744,Ministry of Road Transport,Coal,Andhra Pradesh,Infrastructure Development Authority,14365.04,17058.7,10353.31,72,22,0.0,30.17,30.56,55.86,29.04,1.13,9078.18,1275.13,26,10,0,0.39,18.75,0.0,1,0,12.33,Low
PRJ-00745,Infrastructure Project 00745,Ministry of Coal,Communication,Rajasthan,Public Sector Undertaking,5806.01,6935.94,4302.83,50,44,5.56,88.33,88.0,57.34,83.84,4.49,4136.28,166.55,26,11,0,-0.33,19.46,11.12,1,1,13.44,Low
PRJ-00746,Infrastructure Project 00746,Ministry of Railways,Energy,Madhya Pradesh,Central Government Agency,24982.7,29421.67,12845.21,70,29,20.59,24.5,41.43,40.95,20.95,3.55,12504.44,340.78,27,10,1,16.93,17.77,29.41,1,1,41.32,Medium
PRJ-00747,Infrastructure Project 00747,Ministry of Power,Coal,Odisha,Infrastructure Development Authority,45222.56,46030.92,20514.55,97,53,5.01,53.97,54.64,38.14,53.69,0.28,18510.07,2004.48,20,3,0,0.67,1.79,5.16,0,0,2.99,Low
PRJ-00748,Infrastructure Project 00748,Ministry of Railways,Steel,Telangana,Infrastructure Development Authority,45395.4,54194.54,11573.84,116,100,9.36,64.08,86.21,22.71,61.87,2.21,10883.44,690.4,9,7,0,22.13,19.38,8.07,1,0,38.63,Medium
PRJ-00749,Infrastructure Project 00749,Ministry of Coal,Social Infrastructure,Gujarat,Infrastructure Development Authority,19166.23,20690.95,11392.76,94,67,13.86,64.04,71.28,50.33,59.08,4.95,10333.94,1058.82,8,5,0,7.24,7.96,14.74,0,1,19.0,Low
PRJ-00750,Infrastructure Project 00750,Ministry of Jal Shakti,Mining,Gujarat,Infrastructure Development Authority,20772.26,20855.32,17544.25,68,14,0.0,20.42,20.59,83.75,15.9,4.53,15690.81,1853.44,21,0,0,0.16,0.4,0.0,0,0,3.08,Low
PRJ-00751,Infrastructure Project 00751,Ministry of Jal Shakti,Transport & Logistics,Odisha,Central Government Agency,16945.87,17315.16,13827.55,100,105,4.79,100.0,100.0,82.81,96.12,3.88,12712.15,1115.41,5,2,0,0.0,2.18,4.79,0,0,8.38,Low
PRJ-00752,Infrastructure Project 00752,Ministry of Jal Shakti,Coal,Tamil Nadu,Public Sector Undertaking,39598.37,40573.29,17854.37,114,114,4.46,100.0,100.0,53.53,93.16,6.84,16603.39,1250.98,24,5,0,0.0,2.46,3.91,0,0,7.45,Low
PRJ-00753,Infrastructure Project 00753,Ministry of Communications,Water & Sanitation,Rajasthan,Central Government Agency,8084.5,9500.67,2993.8,86,9,13.46,0.0,10.47,32.88,0.0,0.0,2593.99,399.81,18,17,1,10.47,17.52,15.65,1,1,25.24,Low
PRJ-00754,Infrastructure Project 00754,Ministry of Coal,Steel,Tamil Nadu,State Government Agency,48007.62,53170.98,6107.62,45,12,3.02,24.16,26.67,4.23,17.5,6.66,5537.7,569.92,18,13,1,2.51,10.76,6.71,1,0,16.6,Low
PRJ-00755,Infrastructure Project 00755,Ministry of Coal,Steel,Rajasthan,Public Sector Undertaking,5435.98,7905.49,4522.11,26,7,4.42,18.99,26.92,49.43,18.74,0.25,4420.35,101.76,8,6,2,7.94,45.43,16.99,1,1,37.7,Medium
PRJ-00756,Infrastructure Project 00756,Ministry of Communications,Steel,Telangana,Public Sector Undertaking,36854.81,38940.14,12595.9,105,3,0.0,12.0,2.86,41.29,6.97,5.03,10829.64,1766.26,12,9,0,-9.14,5.66,0.0,0,0,0.0,Low
PRJ-00757,Infrastructure Project 00757,Ministry of Railways,Steel,Bihar,Public Sector Undertaking,16337.3,19876.15,7587.13,44,44,0.0,97.39,100.0,43.37,92.23,5.16,6510.32,1076.81,18,4,2,2.61,21.66,0.0,1,0,20.16,Low
PRJ-00758,Infrastructure Project 00758,Ministry of Road Transport,Communication,Rajasthan,Central Government Agency,19737.92,19913.43,1708.93,63,67,0.0,100.0,100.0,1.65,97.3,2.7,1453.06,255.87,12,2,2,0.0,0.89,0.0,0,0,9.03,Low
PRJ-00759,Infrastructure Project 00759,Ministry of Steel,Water & Sanitation,Andhra Pradesh,Public Sector Undertaking,17145.65,17795.65,6256.86,79,65,7.89,78.91,82.28,35.96,71.65,7.26,6203.41,53.45,26,22,1,3.37,3.79,9.99,0,0,15.26,Low
PRJ-00760,Infrastructure Project 00760,Ministry of Coal,Steel,Odisha,Infrastructure Development Authority,15412.04,17017.94,6902.6,102,10,10.29,4.97,9.8,36.59,1.82,3.15,6844.34,58.26,22,17,1,4.83,10.42,10.09,1,1,21.48,Low
PRJ-00761,Infrastructure Project 00761,Ministry of Jal Shakti,Energy,Uttar Pradesh,Central Government Agency,27765.51,28853.7,16138.56,50,56,10.55,100.0,100.0,57.49,94.33,5.67,14056.39,2082.17,25,25,1,0.0,3.92,21.09,0,1,22.87,Low
PRJ-00762,Infrastructure Project 00762,Ministry of Coal,Transport & Logistics,Telangana,State Government Agency,9167.99,10145.95,2682.55,31,12,7.15,46.03,38.71,27.36,38.07,7.95,2466.33,216.22,15,13,0,-7.32,10.67,23.08,1,1,25.78,Low
PRJ-00763,Infrastructure Project 00763,Ministry of Jal Shakti,Mining,Rajasthan,Public Sector Undertaking,31642.05,39946.68,33800.71,113,42,8.08,35.68,37.17,70.7,33.07,2.61,30527.78,3272.93,24,8,0,1.49,26.25,7.15,1,0,19.5,Low
PRJ-00764,Infrastructure Project 00764,Ministry of Road Transport,Social Infrastructure,Uttar Pradesh,Central Government Agency,49032.52,55711.06,4823.54,40,16,0.0,47.8,40.0,13.0,40.11,7.7,4203.33,620.21,10,9,0,-7.8,13.62,0.0,1,0,15.36,Low
PRJ-00765,Infrastructure Project 00765,Ministry of Housing,Communication,Uttar Pradesh,Infrastructure Development Authority,39268.91,42243.37,22328.22,82,88,12.47,95.96,100.0,58.49,93.44,2.52,20207.06,2121.16,22,21,0,4.04,7.57,15.2,0,1,13.04,Low
PRJ-00766,Infrastructure Project 00766,Ministry of Communications,Social Infrastructure,Tamil Nadu,Public Sector Undertaking,9477.35,12388.27,9814.2,36,40,2.63,100.0,100.0,89.91,92.74,7.26,8761.09,1053.1,9,7,0,0.0,30.71,7.32,1,0,24.58,Low
PRJ-00767,Infrastructure Project 00767,Ministry of Jal Shakti,Social Infrastructure,Gujarat,State Government Agency,31704.48,37519.5,25000.96,35,34,0.0,91.17,97.14,75.71,88.08,3.09,23727.12,1273.84,15,6,1,5.97,18.34,0.0,1,0,10.18,Low
PRJ-00768,Infrastructure Project 00768,Ministry of Steel,Steel,Andhra Pradesh,Infrastructure Development Authority,14782.37,17898.88,1413.08,85,87,4.5,99.38,100.0,4.84,91.51,7.86,1333.9,79.18,29,18,0,0.62,21.08,5.3,1,0,16.74,Low
PRJ-00769,Infrastructure Project 00769,Ministry of Communications,Energy,Rajasthan,Infrastructure Development Authority,43225.18,56114.88,16371.03,89,18,9.0,26.14,20.22,22.51,23.62,2.52,13950.98,2420.05,28,0,0,-5.91,29.82,10.12,1,1,34.76,Low
PRJ-00770,Infrastructure Project 00770,Ministry of Road Transport,Social Infrastructure,Rajasthan,Infrastructure Development Authority,28188.08,31378.9,10338.14,94,62,8.24,58.39,65.96,37.64,55.24,3.15,10059.8,278.35,22,1,0,7.57,11.32,8.76,1,0,18.03,Low
PRJ-00771,Infrastructure Project 00771,Ministry of Railways,Steel,Tamil Nadu,Central Government Agency,19016.98,20051.82,7884.3,113,27,0.48,22.62,23.89,35.69,17.51,5.11,7186.83,697.47,28,11,1,1.27,5.44,0.43,0,0,3.23,Low
PRJ-00772,Infrastructure Project 00772,Ministry of Coal,Transport & Logistics,Maharashtra,Central Government Agency,23838.17,24166.33,7744.62,34,33,0.0,100.0,97.06,29.78,97.65,2.35,7038.42,706.2,26,5,0,-2.94,1.38,0.0,0,0,3.19,Low
PRJ-00773,Infrastructure Project 00773,Ministry of Communications,Social Infrastructure,Rajasthan,State Government Agency,32574.35,40045.03,4501.66,96,48,17.24,29.16,50.0,17.6,23.53,5.63,4040.67,460.99,15,12,5,20.84,22.93,17.96,1,1,51.45,Medium
PRJ-00774,Infrastructure Project 00774,Ministry of Jal Shakti,Social Infrastructure,Gujarat,Infrastructure Development Authority,12852.66,16734.59,12316.73,35,21,9.24,53.03,60.0,79.33,51.06,1.97,11071.76,1244.97,6,4,1,6.97,30.2,26.41,1,1,41.43,Medium
PRJ-00775,Infrastructure Project 00775,Ministry of Power,Coal,Andhra Pradesh,Infrastructure Development Authority,8605.76,8762.61,5551.6,69,30,0.0,42.02,43.48,59.36,37.68,4.34,5241.47,310.13,22,18,0,1.45,1.82,0.0,0,0,0.0,Low
PRJ-00776,Infrastructure Project 00776,Ministry of Housing,Energy,Andhra Pradesh,Public Sector Undertaking,21673.61,34271.19,10000.32,108,74,16.75,51.04,68.52,35.84,49.61,1.43,9261.38,738.94,29,28,0,17.48,58.12,15.51,1,1,49.16,Medium
PRJ-00777,Infrastructure Project 00777,Ministry of Road Transport,Energy,Madhya Pradesh,Infrastructure Development Authority,30660.55,31475.26,6984.9,62,46,0.39,82.1,74.19,15.2,77.45,4.65,6732.44,252.45,22,2,0,-7.91,2.66,0.63,0,0,12.0,Low
PRJ-00778,Infrastructure Project 00778,Ministry of Communications,Steel,Telangana,Public Sector Undertaking,39388.07,42600.81,25311.67,81,33,5.25,31.94,40.74,57.93,24.16,7.79,23518.85,1792.81,7,0,0,8.8,8.16,6.49,0,0,16.21,Low
PRJ-00779,Infrastructure Project 00779,Ministry of Housing,Transport & Logistics,Andhra Pradesh,Public Sector Undertaking,21293.92,23447.32,17084.55,110,7,7.1,0.0,6.36,75.47,0.0,0.0,16893.34,191.21,11,8,0,6.36,10.11,6.45,1,0,15.27,Low
PRJ-00780,Infrastructure Project 00780,Ministry of Steel,Mining,Madhya Pradesh,Public Sector Undertaking,25633.66,29189.1,5089.02,111,45,3.83,29.07,40.54,20.93,28.68,0.39,4703.56,385.46,10,8,1,11.47,13.87,3.45,1,0,26.17,Low
PRJ-00781,Infrastructure Project 00781,Ministry of Communications,Coal,Tamil Nadu,State Government Agency,11272.28,12317.01,6778.27,76,62,5.14,87.84,81.58,62.35,81.64,6.19,6368.53,409.75,13,2,0,-6.26,9.27,6.77,0,0,17.6,Low
PRJ-00782,Infrastructure Project 00782,Ministry of Communications,Water & Sanitation,Gujarat,Infrastructure Development Authority,20840.02,25320.86,19267.53,111,99,21.62,64.06,89.19,81.39,62.02,2.04,17014.24,2253.28,7,0,2,25.13,21.5,19.48,1,1,48.79,Medium
PRJ-00783,Infrastructure Project 00783,Ministry of Housing,Steel,Telangana,Central Government Agency,17587.97,18111.05,7428.52,89,83,1.55,92.18,93.26,42.52,85.3,6.88,6631.28,797.24,24,0,0,1.07,2.97,1.74,0,0,5.88,Low
PRJ-00784,Infrastructure Project 00784,Ministry of Power,Energy,Maharashtra,Public Sector Undertaking,23902.62,25547.74,6455.99,104,57,9.07,55.59,54.81,22.85,51.45,4.14,6426.63,29.36,12,9,2,-0.78,6.88,8.72,0,0,26.77,Low
PRJ-00785,Infrastructure Project 00785,Ministry of Communications,Energy,Rajasthan,Central Government Agency,31028.16,34756.97,14758.39,99,19,9.17,20.14,19.19,44.35,15.73,4.41,12579.03,2179.36,16,5,1,-0.95,12.02,9.26,1,0,14.45,Low
PRJ-00786,Infrastructure Project 00786,Ministry of Jal Shakti,Communication,West Bengal,State Government Agency,19838.78,25178.97,12879.77,99,108,7.83,95.66,100.0,61.53,95.02,0.64,11234.6,1645.17,26,23,0,4.34,26.92,7.91,1,0,21.95,Low
PRJ-00787,Infrastructure Project 00787,Ministry of Communications,Energy,Telangana,State Government Agency,28902.97,32008.54,13923.55,52,17,2.15,15.09,32.69,40.91,12.58,2.51,13141.99,781.56,8,2,3,17.6,10.74,4.13,1,0,21.29,Low
PRJ-00788,Infrastructure Project 00788,Ministry of Coal,Water & Sanitation,Rajasthan,State Government Agency,9287.17,9818.02,5963.4,67,29,0.0,41.5,43.28,63.68,38.07,3.43,5073.32,890.08,24,12,0,1.78,5.72,0.0,0,0,3.83,Low
PRJ-00789,Infrastructure Project 00789,Ministry of Housing,Mining,Karnataka,Central Government Agency,3910.34,4358.12,3029.48,93,45,13.4,39.37,48.39,69.74,35.32,4.05,3001.19,28.29,27,1,0,9.02,11.45,14.41,1,1,25.48,Low
PRJ-00790,Infrastructure Project 00790,Ministry of Communications,Transport & Logistics,Madhya Pradesh,Public Sector Undertaking,17792.45,18701.41,6452.75,82,70,0.0,87.49,85.37,33.65,84.98,2.52,6076.78,375.97,6,2,1,-2.12,5.11,0.0,0,0,15.38,Low
PRJ-00791,Infrastructure Project 00791,Ministry of Road Transport,Transport & Logistics,Rajasthan,Infrastructure Development Authority,24997.33,38907.69,31685.52,86,54,15.24,48.9,62.79,80.32,44.84,4.05,28906.73,2778.79,11,6,0,13.89,55.65,17.72,1,1,36.27,Medium
PRJ-00792,Infrastructure Project 00792,Ministry of Coal,Communication,Telangana,Infrastructure Development Authority,24520.46,30151.04,24302.27,84,60,8.35,73.4,71.43,80.78,66.86,6.54,23549.71,752.55,13,5,1,-1.97,22.96,9.94,1,0,15.9,Low
PRJ-00793,Infrastructure Project 00793,Ministry of Railways,Communication,Madhya Pradesh,Central Government Agency,6166.32,6293.37,3083.74,102,102,4.42,100.0,100.0,54.49,99.8,0.2,2665.99,417.75,10,6,1,0.0,2.06,4.33,0,0,4.51,Low
PRJ-00794,Infrastructure Project 00794,Ministry of Railways,Mining,Uttar Pradesh,Infrastructure Development Authority,40348.81,40554.61,24700.05,72,4,5.71,1.22,5.56,59.72,0.0,1.22,21067.16,3632.88,23,9,0,4.34,0.51,7.93,0,0,5.88,Low
PRJ-00795,Infrastructure Project 00795,Ministry of Jal Shakti,Energy,Madhya Pradesh,Public Sector Undertaking,40685.59,45390.9,2848.58,89,53,0.0,61.37,59.55,8.37,55.32,6.05,2731.83,116.75,19,14,0,-1.82,11.57,0.0,1,0,20.6,Low
PRJ-00796,Infrastructure Project 00796,Ministry of Coal,Social Infrastructure,Gujarat,State Government Agency,43611.0,49208.57,16144.03,43,45,11.4,100.0,100.0,24.69,92.17,7.83,15506.78,637.25,27,7,2,0.0,12.84,26.52,1,1,30.41,Low
PRJ-00797,Infrastructure Project 00797,Ministry of Railways,Water & Sanitation,Andhra Pradesh,Infrastructure Development Authority,4141.17,4229.52,1954.78,113,77,2.41,71.83,68.14,50.96,67.77,4.06,1752.98,201.8,7,6,1,-3.69,2.13,2.13,0,0,8.53,Low
PRJ-00798,Infrastructure Project 00798,Ministry of Housing,Coal,West Bengal,Central Government Agency,8550.79,9066.41,3173.54,96,4,3.46,10.98,4.17,28.2,10.02,0.96,2759.25,414.29,11,6,1,-6.81,6.03,3.6,0,0,11.93,Low
PRJ-00799,Infrastructure Project 00799,Ministry of Power,Water & Sanitation,Karnataka,State Government Agency,17548.58,18528.12,3921.8,101,57,8.09,58.6,56.44,22.95,56.71,1.9,3484.19,437.61,19,1,1,-2.17,5.58,8.01,0,0,23.73,Low
PRJ-00800,Infrastructure Project 00800,Ministry of Communications,Social Infrastructure,Maharashtra,State Government Agency,40127.02,43269.64,33441.65,74,13,11.18,16.85,17.57,74.99,16.79,0.06,31953.55,1488.11,20,1,0,0.72,7.83,15.1,0,1,17.83,Low
PRJ-00801,Infrastructure Project 00801,Ministry of Jal Shakti,Communication,Odisha,Central Government Agency,48360.99,53808.69,16339.87,79,12,12.39,17.04,15.19,33.95,13.44,3.59,14148.96,2190.91,19,10,0,-1.85,11.26,15.69,1,1,20.4,Low
PRJ-00802,Infrastructure Project 00802,Ministry of Housing,Energy,Karnataka,Infrastructure Development Authority,41077.41,57378.69,26368.3,97,81,8.34,77.12,83.51,44.52,76.95,0.17,23246.34,3121.97,28,21,1,6.39,39.68,8.6,1,0,23.79,Low
PRJ-00803,Infrastructure Project 00803,Ministry of Steel,Transport & Logistics,Bihar,Infrastructure Development Authority,30600.31,39779.22,26958.32,72,56,7.75,76.62,77.78,71.05,75.17,1.45,26590.13,368.2,9,4,0,1.16,30.0,10.77,1,1,18.47,Low
PRJ-00804,Infrastructure Project 00804,Ministry of Railways,Water & Sanitation,Rajasthan,State Government Agency,32413.38,32637.12,27482.71,84,46,5.15,54.67,54.76,87.08,48.69,5.98,23978.18,3504.54,20,11,1,0.1,0.69,6.13,0,0,5.79,Low
PRJ-00805,Infrastructure Project 00805,Ministry of Road Transport,Steel,Bihar,Public Sector Undertaking,30827.97,37638.96,24142.82,83,67,23.1,64.17,80.72,63.68,61.85,2.32,22216.87,1925.95,14,11,4,16.55,22.09,27.83,1,1,46.27,Medium
PRJ-00806,Infrastructure Project 00806,Ministry of Housing,Water & Sanitation,West Bengal,State Government Agency,32308.52,36112.44,10063.47,75,41,16.48,53.84,54.67,30.53,48.79,5.05,9418.96,644.51,23,1,0,0.83,11.77,21.97,1,1,26.48,Low
PRJ-00807,Infrastructure Project 00807,Ministry of Steel,Coal,Madhya Pradesh,Central Government Agency,20008.01,21220.63,10014.33,29,3,4.13,3.97,10.34,50.74,0.0,3.97,9434.22,580.11,23,10,0,6.38,6.06,14.26,0,1,8.48,Low
PRJ-00808,Infrastructure Project 00808,Ministry of Power,Mining,Tamil Nadu,State Government Agency,10484.54,10774.1,7692.85,58,40,12.16,72.56,68.97,62.56,69.54,3.03,6867.98,824.88,20,20,0,-3.6,2.76,20.97,0,1,18.11,Low
PRJ-00809,Infrastructure Project 00809,Ministry of Housing,Social Infrastructure,Maharashtra,State Government Agency,30811.99,32055.64,25072.48,48,26,0.96,53.94,54.17,80.77,50.81,3.13,23565.83,1506.65,7,2,1,0.23,4.04,2.01,0,0,7.19,Low
PRJ-00810,Infrastructure Project 00810,Ministry of Coal,Energy,Tamil Nadu,Public Sector Undertaking,31366.82,32834.99,7458.85,38,8,0.0,24.35,21.05,18.88,23.93,0.42,7131.13,327.72,29,18,1,-3.3,4.68,0.0,0,0,9.29,Low
PRJ-00811,Infrastructure Project 00811,Ministry of Jal Shakti,Transport & Logistics,Tamil Nadu,State Government Agency,26722.21,29699.99,10549.23,58,41,11.24,53.12,70.69,34.72,51.2,1.91,10133.39,415.83,5,3,3,17.57,11.14,19.38,1,1,48.29,Medium
PRJ-00812,Infrastructure Project 00812,Ministry of Railways,Energy,Uttar Pradesh,Public Sector Undertaking,42085.13,51608.13,39868.42,119,42,19.72,31.2,35.29,71.62,27.97,3.23,35226.96,4641.46,19,15,0,4.09,22.63,16.57,1,1,27.57,Low
PRJ-00813,Infrastructure Project 00813,Ministry of Communications,Transport & Logistics,Rajasthan,Infrastructure Development Authority,26846.5,27140.96,18297.49,26,27,0.0,100.0,100.0,64.43,94.95,5.05,17247.79,1049.7,11,10,0,0.0,1.1,0.0,0,0,0.2,Low
PRJ-00814,Infrastructure Project 00814,Ministry of Road Transport,Transport & Logistics,Tamil Nadu,Infrastructure Development Authority,37618.28,45549.77,13909.48,39,18,9.78,43.57,46.15,24.99,35.89,7.69,12417.62,1491.86,5,5,0,2.58,21.08,25.07,1,1,28.21,Low
PRJ-00815,Infrastructure Project 00815,Ministry of Coal,Transport & Logistics,Maharashtra,Central Government Agency,5631.75,6021.93,2690.49,117,74,11.63,55.59,63.25,49.45,49.04,6.54,2447.72,242.77,22,19,1,7.66,6.93,9.94,0,0,19.38,Low
PRJ-00816,Infrastructure Project 00816,Ministry of Road Transport,Mining,Uttar Pradesh,Infrastructure Development Authority,27436.78,32929.88,17332.97,67,9,13.89,0.0,13.43,54.1,0.0,0.0,14876.71,2456.26,27,9,3,13.43,20.02,20.74,1,1,32.26,Low
PRJ-00817,Infrastructure Project 00817,Ministry of Jal Shakti,Transport & Logistics,Gujarat,Central Government Agency,17711.21,18043.77,4714.0,53,39,0.0,68.45,73.58,29.51,63.68,4.77,4455.12,258.89,18,4,1,5.13,1.88,0.0,0,0,5.61,Low
PRJ-00818,Infrastructure Project 00818,Ministry of Communications,Coal,Maharashtra,Public Sector Undertaking,24740.61,25691.72,10931.97,29,34,0.16,100.0,100.0,39.31,97.4,2.6,10920.28,11.69,25,2,0,0.0,3.84,0.56,0,0,3.97,Low
PRJ-00819,Infrastructure Project 00819,Ministry of Housing,Coal,Uttar Pradesh,Public Sector Undertaking,17200.17,18553.0,3083.9,104,37,1.53,53.31,35.58,14.12,49.35,3.96,3015.12,68.78,21,8,0,-17.73,7.87,1.47,0,0,11.99,Low
PRJ-00820,Infrastructure Project 00820,Ministry of Road Transport,Communication,Tamil Nadu,State Government Agency,21938.89,24138.56,14476.83,74,44,0.0,67.46,59.46,56.31,66.16,1.3,13977.27,499.57,7,7,1,-8.0,10.03,0.0,1,0,5.15,Low
PRJ-00821,Infrastructure Project 00821,Ministry of Jal Shakti,Communication,Tamil Nadu,Infrastructure Development Authority,26590.97,30581.14,8759.72,95,99,17.08,79.62,100.0,19.93,72.72,6.9,7464.07,1295.66,6,3,0,20.38,15.01,17.97,1,1,36.97,Medium
PRJ-00822,Infrastructure Project 00822,Ministry of Railways,Transport & Logistics,Karnataka,Central Government Agency,37545.79,48205.08,14698.88,87,18,11.25,30.18,20.69,31.21,29.39,0.79,13996.65,702.23,11,6,0,-9.49,28.39,12.93,1,1,20.13,Low
PRJ-00823,Infrastructure Project 00823,Ministry of Jal Shakti,Water & Sanitation,Maharashtra,Central Government Agency,19652.73,22643.85,2353.58,107,42,9.39,33.67,39.25,13.92,29.5,4.17,2305.69,47.89,19,9,1,5.58,15.22,8.78,1,0,21.57,Low
PRJ-00824,Infrastructure Project 00824,Ministry of Steel,Social Infrastructure,Uttar Pradesh,Public Sector Undertaking,29569.81,37218.04,11721.49,96,5,8.63,0.0,5.21,17.63,0.0,0.0,10878.52,842.97,5,3,3,5.21,25.86,8.99,1,0,49.49,Medium
PRJ-00825,Infrastructure Project 00825,Ministry of Communications,Steel,Telangana,Public Sector Undertaking,42509.58,45676.2,19853.17,103,43,0.0,47.76,41.75,51.32,47.38,0.38,18856.86,996.3,24,12,2,-6.02,7.45,0.0,0,0,5.09,Low
PRJ-00826,Infrastructure Project 00826,Ministry of Jal Shakti,Transport & Logistics,Karnataka,Central Government Agency,9632.5,11017.49,6220.68,107,27,16.47,16.44,25.23,57.61,15.73,0.71,5762.92,457.77,23,12,2,8.8,14.38,15.4,1,1,20.14,Low
PRJ-00827,Infrastructure Project 00827,Ministry of Jal Shakti,Communication,Bihar,State Government Agency,10466.61,11106.11,4559.51,75,13,0.0,14.02,17.33,47.46,9.59,4.43,4499.02,60.5,28,19,0,3.31,6.11,0.0,0,0,16.95,Low
PRJ-00828,Infrastructure Project 00828,Ministry of Steel,Social Infrastructure,Tamil Nadu,Infrastructure Development Authority,2177.5,2243.41,1205.96,58,14,0.0,23.21,24.14,42.19,22.36,0.84,1073.5,132.46,22,14,0,0.93,3.03,0.0,0,0,6.8,Low
PRJ-00829,Infrastructure Project 00829,Ministry of Road Transport,Transport & Logistics,Uttar Pradesh,State Government Agency,8290.09,9022.68,6518.71,115,28,10.32,15.29,24.35,68.38,9.01,6.28,6279.02,239.69,8,8,1,9.05,8.84,8.97,0,0,21.62,Low
PRJ-00830,Infrastructure Project 00830,Ministry of Housing,Transport & Logistics,Telangana,Infrastructure Development Authority,49315.23,59643.24,3844.2,90,24,6.49,17.77,26.67,9.18,9.85,7.92,3565.02,279.18,24,12,0,8.9,20.94,7.21,1,0,27.34,Low
PRJ-00831,Infrastructure Project 00831,Ministry of Coal,Energy,Maharashtra,Infrastructure Development Authority,27848.39,32361.95,18177.11,110,18,8.56,11.85,16.36,57.91,10.66,1.19,17461.31,715.8,14,1,0,4.52,16.21,7.78,1,0,11.24,Low
PRJ-00832,Infrastructure Project 00832,Ministry of Power,Social Infrastructure,West Bengal,Infrastructure Development Authority,2441.22,3123.04,2626.19,61,40,5.64,61.87,65.57,85.42,57.57,4.3,2280.24,345.95,14,7,0,3.7,27.93,9.24,1,0,20.79,Low
PRJ-00833,Infrastructure Project 00833,Ministry of Housing,Transport & Logistics,Odisha,Central Government Agency,34082.83,39978.56,20866.35,26,8,5.88,27.69,30.77,52.66,26.23,1.46,20480.67,385.68,5,1,1,3.08,17.3,22.62,1,1,39.18,Medium
PRJ-00834,Infrastructure Project 00834,Ministry of Steel,Communication,Rajasthan,Infrastructure Development Authority,43924.12,49249.89,20766.69,35,38,8.39,99.82,100.0,44.3,92.9,6.92,19095.96,1670.73,12,4,0,0.18,12.12,23.96,1,1,19.33,Low
PRJ-00835,Infrastructure Project 00835,Ministry of Communications,Transport & Logistics,Madhya Pradesh,Infrastructure Development Authority,17243.03,17939.73,3576.38,62,39,2.96,62.28,62.9,17.87,57.49,4.79,3479.62,96.77,10,10,0,0.62,4.04,4.77,0,0,23.25,Low
PRJ-00836,Infrastructure Project 00836,Ministry of Road Transport,Steel,Tamil Nadu,Central Government Agency,34020.45,34151.88,19972.7,104,75,0.0,69.11,72.12,49.34,68.17,0.94,18983.19,989.51,20,4,0,3.01,0.39,0.0,0,0,14.14,Low
PRJ-00837,Infrastructure Project 00837,Ministry of Steel,Transport & Logistics,Gujarat,Public Sector Undertaking,6120.95,7544.77,1407.21,42,42,10.65,91.61,100.0,11.92,87.16,4.45,1236.68,170.53,25,2,0,8.39,23.26,25.36,1,1,39.27,Medium
PRJ-00838,Infrastructure Project 00838,Ministry of Power,Transport & Logistics,Gujarat,Infrastructure Development Authority,17064.73,22050.03,15646.02,99,106,12.7,100.0,100.0,69.18,92.23,7.77,15346.55,299.47,5,5,0,0.0,29.21,12.83,1,1,25.55,Low
PRJ-00839,Infrastructure Project 00839,Ministry of Coal,Water & Sanitation,Karnataka,State Government Agency,29362.4,32725.73,4862.95,89,83,0.0,91.62,93.26,17.77,90.32,1.3,4815.98,46.97,14,9,0,1.63,11.45,0.0,1,0,11.5,Low
PRJ-00840,Infrastructure Project 00840,Ministry of Steel,Transport & Logistics,Telangana,Public Sector Undertaking,6285.93,9492.29,2258.45,41,25,9.05,51.49,60.98,11.07,49.62,1.87,2240.28,18.18,26,22,3,9.49,51.01,22.07,1,1,41.09,Medium
PRJ-00841,Infrastructure Project 00841,Ministry of Railways,Water & Sanitation,Andhra Pradesh,Central Government Agency,19643.46,23180.47,5381.85,109,73,4.28,64.2,66.97,18.76,56.67,7.53,4866.76,515.09,28,13,0,2.77,18.01,3.93,1,0,19.09,Low
PRJ-00842,Infrastructure Project 00842,Ministry of Communications,Steel,Uttar Pradesh,Infrastructure Development Authority,9255.9,10465.28,6172.51,30,4,5.22,23.54,13.33,45.58,21.21,2.33,5424.86,747.66,14,3,0,-10.21,13.07,17.4,1,1,18.12,Low
PRJ-00843,Infrastructure Project 00843,Ministry of Jal Shakti,Communication,Bihar,State Government Agency,9585.28,9789.34,3263.54,82,30,1.45,40.37,36.59,41.42,33.22,7.15,2975.7,287.84,5,5,0,-3.79,2.13,1.77,0,0,0.15,Low
PRJ-00844,Infrastructure Project 00844,Ministry of Housing,Mining,West Bengal,State Government Agency,4545.78,4696.24,682.3,109,73,0.36,60.37,66.97,11.18,56.24,4.13,588.42,93.88,25,11,0,6.6,3.31,0.33,0,0,21.65,Low
PRJ-00845,Infrastructure Project 00845,Ministry of Coal,Water & Sanitation,Uttar Pradesh,Central Government Agency,28103.24,28285.46,10364.18,81,12,0.0,24.08,14.81,39.76,20.35,3.73,8864.8,1499.37,6,2,0,-9.26,0.65,0.0,0,0,10.87,Low
PRJ-00846,Infrastructure Project 00846,Ministry of Railways,Water & Sanitation,Madhya Pradesh,Public Sector Undertaking,9210.12,11285.89,9512.55,24,4,2.39,18.94,16.67,85.84,16.35,2.59,8173.87,1338.68,8,3,0,-2.27,22.54,9.96,1,0,19.73,Low
PRJ-00847,Infrastructure Project 00847,Ministry of Power,Transport & Logistics,Bihar,Public Sector Undertaking,12398.4,14650.37,10606.05,113,94,1.71,80.53,83.19,68.59,79.27,1.26,9520.83,1085.22,23,6,1,2.66,18.16,1.51,1,0,4.24,Low
PRJ-00848,Infrastructure Project 00848,Ministry of Communications,Transport & Logistics,Bihar,Central Government Agency,2392.92,2551.1,474.81,55,13,1.7,20.66,23.64,25.72,14.72,5.93,425.19,49.61,15,15,0,2.98,6.61,3.09,0,0,7.99,Low
PRJ-00849,Infrastructure Project 00849,Ministry of Road Transport,Communication,Tamil Nadu,State Government Agency,34647.73,40100.63,30117.37,31,15,0.0,45.4,48.39,71.13,38.39,7.01,27742.06,2375.31,18,10,0,2.98,15.74,0.0,1,0,15.32,Low
PRJ-00850,Infrastructure Project 00850,Ministry of Steel,Energy,Bihar,Central Government Agency,3243.24,3346.62,2541.92,62,13,1.15,35.25,20.97,75.85,28.37,6.88,2354.18,187.73,12,11,1,-14.28,3.19,1.85,0,0,3.4,Low
PRJ-00851,Infrastructure Project 00851,Ministry of Railways,Water & Sanitation,Maharashtra,Infrastructure Development Authority,39748.02,41553.09,13153.49,107,46,5.2,61.65,42.99,40.97,60.55,1.1,12670.44,483.04,20,7,1,-18.66,4.54,4.86,0,0,13.32,Low
PRJ-00852,Infrastructure Project 00852,Ministry of Road Transport,Energy,Karnataka,Infrastructure Development Authority,46047.55,56472.86,47026.69,45,17,11.96,26.76,37.78,85.01,19.19,7.57,43611.57,3415.12,13,1,0,11.02,22.64,26.58,1,1,31.44,Low
PRJ-00853,Infrastructure Project 00853,Ministry of Railways,Steel,Rajasthan,State Government Agency,25012.76,28860.7,20027.63,108,50,9.27,34.64,46.3,64.01,30.7,3.94,19425.24,602.39,13,4,1,11.66,15.38,8.59,1,0,17.71,Low
PRJ-00854,Infrastructure Project 00854,Ministry of Road Transport,Communication,Maharashtra,State Government Agency,44918.68,46140.83,3473.4,82,65,2.09,85.08,79.27,11.65,78.1,6.98,2966.65,506.75,10,10,0,-5.81,2.72,2.55,0,0,12.63,Low
PRJ-00855,Infrastructure Project 00855,Ministry of Coal,Transport & Logistics,West Bengal,Infrastructure Development Authority,18366.48,23617.86,10535.31,102,37,12.07,9.3,36.27,43.23,8.39,0.92,9216.98,1318.33,25,11,1,26.97,28.59,11.83,1,1,38.34,Medium
PRJ-00856,Infrastructure Project 00856,Ministry of Road Transport,Steel,Rajasthan,Central Government Agency,35556.14,39859.76,11727.27,54,55,10.61,92.22,100.0,33.45,85.95,6.27,10527.25,1200.02,21,20,2,7.78,12.1,19.66,1,1,30.78,Low
PRJ-00857,Infrastructure Project 00857,Ministry of Coal,Water & Sanitation,Telangana,Infrastructure Development Authority,28518.3,29803.24,3453.52,109,72,8.36,66.31,66.06,12.18,61.52,4.79,3187.47,266.05,11,1,1,-0.26,4.51,7.67,0,0,14.81,Low
PRJ-00858,Infrastructure Project 00858,Ministry of Road Transport,Water & Sanitation,West Bengal,Central Government Agency,22036.31,28045.03,11937.69,52,27,0.0,50.26,51.92,42.05,44.99,5.27,11302.15,635.54,26,3,0,1.66,27.27,0.0,1,0,14.32,Low
PRJ-00859,Infrastructure Project 00859,Ministry of Coal,Steel,West Bengal,State Government Agency,36115.26,38073.0,19365.87,100,97,9.19,93.51,97.0,49.86,91.84,1.67,17390.04,1975.83,25,24,1,3.49,5.42,9.19,0,0,10.11,Low
PRJ-00860,Infrastructure Project 00860,Ministry of Communications,Communication,Andhra Pradesh,State Government Agency,17577.65,22231.77,5806.19,84,6,7.8,1.33,7.14,24.69,0.0,1.33,5720.39,85.8,13,12,0,5.81,26.48,9.29,1,0,24.65,Low
PRJ-00861,Infrastructure Project 00861,Ministry of Railways,Steel,Odisha,Infrastructure Development Authority,10699.02,10904.53,3218.65,32,7,1.63,21.22,21.88,21.62,16.73,4.49,3157.92,60.73,28,28,0,0.66,1.92,5.08,0,0,9.33,Low
PRJ-00862,Infrastructure Project 00862,Ministry of Housing,Mining,Bihar,Central Government Agency,7904.94,8265.81,4020.71,58,45,5.29,67.96,77.59,47.8,60.59,7.37,3748.9,271.81,10,3,0,9.63,4.57,9.12,0,0,17.54,Low
PRJ-00863,Infrastructure Project 00863,Ministry of Power,Social Infrastructure,Maharashtra,Infrastructure Development Authority,45201.07,53048.68,37107.2,75,8,5.13,6.79,10.67,78.51,4.4,2.39,34612.86,2494.33,6,1,0,3.88,17.36,6.84,1,0,16.67,Low
PRJ-00864,Infrastructure Project 00864,Ministry of Steel,Mining,Uttar Pradesh,State Government Agency,20936.88,21689.51,14922.63,67,47,5.06,61.12,70.15,74.28,58.17,2.95,13693.36,1229.27,19,3,1,9.03,3.59,7.56,0,0,7.64,Low
PRJ-00865,Infrastructure Project 00865,Ministry of Coal,Steel,West Bengal,Central Government Agency,49984.79,57997.22,18841.69,32,29,6.61,82.17,90.62,29.99,76.67,5.5,17016.01,1825.68,26,26,0,8.46,16.03,20.65,1,1,18.86,Low
PRJ-00866,Infrastructure Project 00866,Ministry of Communications,Energy,Uttar Pradesh,State Government Agency,24156.67,24491.32,3451.43,98,27,0.0,31.36,27.55,13.69,28.91,2.45,2969.28,482.15,11,9,1,-3.81,1.39,0.0,0,0,3.84,Low
PRJ-00867,Infrastructure Project 00867,Ministry of Housing,Transport & Logistics,Rajasthan,Infrastructure Development Authority,25978.98,29668.53,1730.91,117,34,4.38,34.12,29.06,15.26,33.45,0.67,1720.44,10.47,27,20,1,-5.06,14.2,3.74,1,0,18.25,Low
PRJ-00868,Infrastructure Project 00868,Ministry of Coal,Mining,Bihar,Infrastructure Development Authority,41374.8,42707.79,32309.4,66,22,0.89,34.27,33.33,73.25,28.16,6.11,28884.47,3424.93,29,21,3,-0.94,3.22,1.34,0,0,3.76,Low
PRJ-00869,Infrastructure Project 00869,Ministry of Communications,Transport & Logistics,Maharashtra,Infrastructure Development Authority,11133.0,12587.7,10102.85,98,22,22.07,18.29,22.45,75.38,12.06,6.22,9458.1,644.75,11,8,0,4.16,13.07,22.52,1,1,33.29,Low
PRJ-00870,Infrastructure Project 00870,Ministry of Jal Shakti,Communication,Telangana,Infrastructure Development Authority,45789.54,59765.58,4520.06,93,70,6.71,73.38,75.27,10.96,69.63,3.75,4181.46,338.59,10,2,0,1.89,30.52,7.21,1,0,21.34,Low
PRJ-00871,Infrastructure Project 00871,Ministry of Power,Steel,Andhra Pradesh,Central Government Agency,30910.15,32224.65,11221.32,96,11,12.62,5.65,11.46,26.73,0.78,4.86,10251.95,969.37,10,8,2,5.81,4.25,13.15,0,1,24.3,Low
PRJ-00872,Infrastructure Project 00872,Ministry of Communications,Communication,West Bengal,State Government Agency,44112.26,46657.13,31221.49,69,14,14.23,14.18,20.29,68.86,11.19,2.98,27787.21,3434.28,26,7,1,6.11,5.77,20.63,0,1,16.17,Low
PRJ-00873,Infrastructure Project 00873,Ministry of Jal Shakti,Transport & Logistics,West Bengal,Infrastructure Development Authority,38527.42,45368.85,19036.07,85,52,14.75,47.18,61.18,39.14,44.53,2.65,17720.47,1315.61,26,12,0,14.0,17.76,17.36,1,1,29.79,Low
PRJ-00874,Infrastructure Project 00874,Ministry of Road Transport,Social Infrastructure,Madhya Pradesh,Public Sector Undertaking,45137.31,46031.87,10442.45,118,49,11.62,27.94,41.53,22.68,23.01,4.93,9917.91,524.54,27,22,4,13.59,1.98,9.85,0,0,25.98,Low
PRJ-00875,Infrastructure Project 00875,Ministry of Communications,Coal,Telangana,Central Government Agency,21966.97,27585.53,15587.97,75,43,9.1,55.92,57.33,62.04,50.91,5.01,14200.09,1387.88,8,6,1,1.41,25.58,12.14,1,1,25.61,Low
PRJ-00876,Infrastructure Project 00876,Ministry of Housing,Social Infrastructure,Madhya Pradesh,State Government Agency,25177.57,33295.04,9534.91,75,38,4.72,52.92,50.67,24.9,51.66,1.26,9196.68,338.23,24,11,0,-2.25,32.24,6.3,1,0,28.26,Low
PRJ-00877,Infrastructure Project 00877,Ministry of Housing,Communication,Andhra Pradesh,State Government Agency,36935.51,40935.56,12694.85,92,26,2.54,29.89,28.26,23.42,23.69,6.19,11541.06,1153.79,19,10,0,-1.63,10.83,2.76,1,0,21.18,Low
PRJ-00878,Infrastructure Project 00878,Ministry of Railways,Water & Sanitation,Gujarat,Infrastructure Development Authority,18949.29,23140.33,18920.53,26,19,2.1,69.72,73.08,80.52,63.79,5.93,16894.13,2026.4,10,9,0,3.35,22.12,8.1,1,0,21.32,Low
PRJ-00879,Infrastructure Project 00879,Ministry of Coal,Social Infrastructure,Gujarat,Infrastructure Development Authority,24134.42,27225.77,9669.25,59,52,4.39,72.77,88.14,38.94,67.78,4.99,8452.13,1217.13,11,2,2,15.37,12.81,7.44,1,0,31.17,Low
PRJ-00880,Infrastructure Project 00880,Ministry of Power,Social Infrastructure,Madhya Pradesh,Public Sector Undertaking,27163.54,29942.57,9353.62,33,19,3.9,51.04,57.58,36.47,48.81,2.23,8283.44,1070.18,18,1,0,6.54,10.23,11.82,1,1,13.66,Low
PRJ-00881,Infrastructure Project 00881,Ministry of Coal,Communication,Telangana,State Government Agency,22070.47,23823.33,19620.68,107,102,6.71,82.83,95.33,83.19,79.11,3.71,18449.87,1170.81,28,2,0,12.5,7.94,6.27,0,0,25.88,Low
PRJ-00882,Infrastructure Project 00882,Ministry of Housing,Transport & Logistics,Gujarat,Infrastructure Development Authority,13079.39,13852.65,1192.54,86,77,7.32,81.69,89.53,11.34,73.95,7.74,1047.44,145.09,13,2,0,7.84,5.91,8.51,0,0,23.45,Low
PRJ-00883,Infrastructure Project 00883,Ministry of Road Transport,Communication,Telangana,Central Government Agency,26844.66,31733.53,17230.08,75,51,9.57,63.22,68.0,53.45,57.18,6.04,14834.47,2395.61,26,22,0,4.78,18.21,12.76,1,1,29.67,Low
PRJ-00884,Infrastructure Project 00884,Ministry of Coal,Social Infrastructure,West Bengal,Public Sector Undertaking,28158.04,29010.15,2810.45,77,54,11.25,65.54,70.13,7.64,62.89,2.66,2437.71,372.74,23,12,1,4.59,3.03,14.61,0,1,12.18,Low
PRJ-00885,Infrastructure Project 00885,Ministry of Power,Mining,Bihar,Central Government Agency,17001.41,20878.49,10593.53,101,79,7.79,84.4,78.22,50.47,83.41,0.99,9885.26,708.27,25,18,2,-6.18,22.8,7.72,1,0,20.73,Low
PRJ-00886,Infrastructure Project 00886,Ministry of Steel,Coal,Gujarat,Central Government Agency,11879.59,13533.04,1638.12,107,10,4.45,1.01,9.35,13.44,0.0,1.01,1458.66,179.47,14,14,2,8.34,13.92,4.16,1,0,22.71,Low
PRJ-00887,Infrastructure Project 00887,Ministry of Coal,Coal,Gujarat,Central Government Agency,2042.37,2230.19,1763.04,35,3,0.0,5.09,8.57,70.47,0.15,4.94,1576.45,186.59,23,22,0,3.48,9.2,0.0,0,0,13.09,Low
PRJ-00888,Infrastructure Project 00888,Ministry of Housing,Water & Sanitation,Karnataka,State Government Agency,44021.82,53117.2,43190.76,68,15,3.68,23.03,22.06,88.99,17.18,5.85,38816.73,4374.03,25,7,0,-0.98,20.66,5.41,1,0,16.62,Low
PRJ-00889,Infrastructure Project 00889,Ministry of Jal Shakti,Water & Sanitation,Rajasthan,Central Government Agency,48808.34,49559.11,8412.26,71,42,0.0,54.56,59.15,13.57,51.06,3.5,8383.16,29.1,28,7,0,4.59,1.54,0.0,0,0,17.01,Low
PRJ-00890,Infrastructure Project 00890,Ministry of Communications,Communication,Maharashtra,State Government Agency,45488.53,47671.18,29712.73,73,7,0.0,10.24,9.59,62.55,3.27,6.97,27423.33,2289.4,26,14,0,-0.65,4.8,0.0,0,0,0.0,Low
PRJ-00891,Infrastructure Project 00891,Ministry of Steel,Water & Sanitation,Gujarat,State Government Agency,38101.49,46419.16,6461.92,49,37,16.13,62.85,75.51,17.5,58.5,4.34,5913.41,548.51,11,4,3,12.66,21.83,32.92,1,1,46.27,Medium
PRJ-00892,Infrastructure Project 00892,Ministry of Road Transport,Communication,Tamil Nadu,Central Government Agency,45030.56,47550.35,31112.69,73,69,9.78,78.93,94.52,74.26,72.84,6.09,27748.06,3364.63,28,16,2,15.59,5.6,13.39,0,1,31.86,Low
PRJ-00893,Infrastructure Project 00893,Ministry of Communications,Social Infrastructure,Bihar,Public Sector Undertaking,47116.01,52577.2,8082.18,116,65,12.23,71.54,56.03,4.49,68.43,3.11,7050.58,1031.61,5,1,0,-15.5,11.59,10.55,1,1,13.91,Low
PRJ-00894,Infrastructure Project 00894,Ministry of Jal Shakti,Communication,West Bengal,Central Government Agency,20684.34,23261.06,13913.12,114,37,27.47,25.53,32.46,58.23,18.61,6.92,12196.74,1716.37,12,11,2,6.92,12.46,24.09,1,1,27.58,Low
PRJ-00895,Infrastructure Project 00895,Ministry of Housing,Communication,Madhya Pradesh,State Government Agency,43038.46,43641.2,33543.43,71,31,2.22,48.71,43.66,78.91,45.62,3.09,32513.72,1029.72,16,13,1,-5.05,1.4,3.12,0,0,3.55,Low
PRJ-00896,Infrastructure Project 00896,Ministry of Jal Shakti,Water & Sanitation,Rajasthan,Infrastructure Development Authority,7272.96,7641.78,2143.71,41,29,13.66,60.44,70.73,20.79,53.27,7.17,1955.45,188.26,22,15,0,10.29,5.07,33.31,0,1,30.75,Low
PRJ-00897,Infrastructure Project 00897,Ministry of Steel,Social Infrastructure,Tamil Nadu,Public Sector Undertaking,25878.23,31043.26,17597.06,100,25,8.35,10.83,25.0,53.59,6.79,4.04,17235.42,361.65,28,11,2,14.17,19.96,8.35,1,0,25.78,Low
PRJ-00898,Infrastructure Project 00898,Ministry of Communications,Mining,Maharashtra,Infrastructure Development Authority,7554.98,7628.46,1099.83,50,30,0.94,67.85,60.0,16.39,67.46,0.39,1068.77,31.06,27,7,0,-7.85,0.97,1.87,0,0,3.31,Low
PRJ-00899,Infrastructure Project 00899,Ministry of Railways,Mining,Karnataka,Central Government Agency,17107.52,17440.08,2256.89,102,48,0.0,59.75,47.06,13.13,52.59,7.16,1988.6,268.28,18,5,2,-12.69,1.94,0.0,0,0,8.21,Low
PRJ-00900,Infrastructure Project 00900,Ministry of Housing,Water & Sanitation,Gujarat,State Government Agency,13359.29,17507.98,3131.97,48,54,5.88,95.19,100.0,16.19,87.34,7.85,2838.44,293.53,6,5,0,4.81,31.05,12.26,1,1,19.17,Low
PRJ-00901,Infrastructure Project 00901,Ministry of Railways,Social Infrastructure,Rajasthan,State Government Agency,18091.41,22375.07,3854.39,37,16,0.14,45.93,43.24,23.13,42.22,3.71,3682.29,172.1,5,2,0,-2.69,23.68,0.37,1,0,20.35,Low
PRJ-00902,Infrastructure Project 00902,Ministry of Communications,Social Infrastructure,Andhra Pradesh,Central Government Agency,25910.93,31835.13,25582.27,82,35,12.54,36.37,42.68,82.29,30.64,5.72,25159.23,423.05,19,15,1,6.32,22.86,15.3,1,1,20.8,Low
PRJ-00903,Infrastructure Project 00903,Ministry of Coal,Mining,Bihar,State Government Agency,11777.89,12248.5,8295.61,27,21,0.0,81.53,77.78,68.45,75.7,5.83,7403.98,891.63,5,3,2,-3.76,4.0,0.0,0,0,22.06,Low
PRJ-00904,Infrastructure Project 00904,Ministry of Coal,Communication,Madhya Pradesh,State Government Agency,41473.61,45756.8,28378.48,106,16,11.02,0.0,15.09,63.58,0.0,0.0,27653.91,724.56,26,12,2,15.09,10.33,10.39,1,1,31.41,Low
PRJ-00905,Infrastructure Project 00905,Ministry of Road Transport,Energy,Telangana,Public Sector Undertaking,21185.17,22239.04,16618.74,77,82,9.2,84.04,100.0,69.15,82.46,1.57,14240.06,2378.68,29,18,4,15.96,4.97,11.95,0,1,30.53,Low
PRJ-00906,Infrastructure Project 00906,Ministry of Steel,Energy,West Bengal,Central Government Agency,47473.99,55945.47,12674.6,111,60,5.22,52.56,54.05,24.59,46.15,6.41,11900.45,774.15,19,12,0,1.5,17.84,4.71,1,0,16.21,Low
PRJ-00907,Infrastructure Project 00907,Ministry of Coal,Steel,Karnataka,Central Government Agency,2041.83,2058.44,342.5,59,22,0.0,27.48,37.29,13.85,27.13,0.35,330.45,12.04,23,21,2,9.81,0.81,0.0,0,0,9.63,Low
PRJ-00908,Infrastructure Project 00908,Ministry of Power,Water & Sanitation,Odisha,Central Government Agency,2398.78,2427.84,1506.73,70,46,0.0,69.63,65.71,60.34,61.66,7.97,1325.35,181.38,26,8,0,-3.92,1.21,0.0,0,0,3.74,Low
PRJ-00909,Infrastructure Project 00909,Ministry of Housing,Energy,Bihar,Public Sector Undertaking,41994.26,42930.78,7661.84,66,42,0.0,65.07,63.64,24.28,60.43,4.64,7631.55,30.29,29,25,0,-1.44,2.23,0.0,0,0,5.1,Low
PRJ-00910,Infrastructure Project 00910,Ministry of Communications,Steel,Karnataka,State Government Agency,48195.88,50903.01,37547.23,53,9,5.72,24.9,16.98,73.84,20.1,4.81,37505.56,41.67,21,16,1,-7.92,5.62,10.79,0,1,17.01,Low
PRJ-00911,Infrastructure Project 00911,Ministry of Railways,Mining,Telangana,State Government Agency,8274.17,8799.37,6319.53,104,87,0.0,77.65,83.65,75.51,77.19,0.47,5511.76,807.76,19,1,2,6.0,6.35,0.0,0,0,15.44,Low
PRJ-00912,Infrastructure Project 00912,Ministry of Road Transport,Mining,Telangana,Public Sector Undertaking,47911.96,64282.01,20231.45,74,10,14.88,18.18,13.51,32.42,13.47,4.71,20192.82,38.62,9,5,1,-4.67,34.17,20.11,1,1,35.29,Medium
PRJ-00913,Infrastructure Project 00913,Ministry of Road Transport,Water & Sanitation,Uttar Pradesh,Infrastructure Development Authority,22331.59,31138.5,4708.78,31,26,0.0,80.47,83.87,15.45,74.67,5.79,4355.63,353.15,16,13,1,3.4,39.44,0.0,1,0,38.27,Medium
PRJ-00914,Infrastructure Project 00914,Ministry of Communications,Energy,Rajasthan,Public Sector Undertaking,14695.96,16614.66,5721.89,84,70,0.0,70.04,83.33,31.46,63.85,6.18,4987.43,734.46,9,4,4,13.3,13.06,0.0,1,0,31.62,Low
PRJ-00915,Infrastructure Project 00915,Ministry of Jal Shakti,Mining,Andhra Pradesh,State Government Agency,23041.09,25045.45,8540.73,56,9,7.26,8.49,16.07,31.2,3.32,5.17,8044.66,496.08,27,21,1,7.58,8.7,12.97,0,1,18.79,Low
PRJ-00916,Infrastructure Project 00916,Ministry of Power,Energy,West Bengal,Central Government Agency,24729.82,25858.22,15404.73,110,35,8.76,28.19,31.82,58.66,24.16,4.02,13433.81,1970.92,12,6,1,3.63,4.56,7.96,0,0,16.51,Low
PRJ-00917,Infrastructure Project 00917,Ministry of Power,Mining,Maharashtra,Central Government Agency,5040.0,5263.36,904.29,72,60,1.69,79.46,83.33,21.5,77.23,2.24,772.46,131.82,7,7,2,3.87,4.43,2.34,0,0,17.94,Low
PRJ-00918,Infrastructure Project 00918,Ministry of Road Transport,Communication,Maharashtra,State Government Agency,28100.15,29952.71,5209.32,53,5,3.45,0.0,9.43,11.78,0.0,0.0,4963.57,245.75,10,7,1,9.43,6.59,6.51,0,0,19.48,Low
PRJ-00919,Infrastructure Project 00919,Ministry of Steel,Energy,Gujarat,Public Sector Undertaking,456.09,495.71,34.89,75,37,6.34,56.85,49.33,3.15,49.44,7.4,32.0,2.89,12,10,1,-7.51,8.69,8.46,0,0,14.81,Low
PRJ-00920,Infrastructure Project 00920,Ministry of Jal Shakti,Social Infrastructure,Bihar,Infrastructure Development Authority,24163.02,29964.62,4007.82,34,10,0.34,25.02,29.41,12.64,21.58,3.44,3578.08,429.74,27,11,0,4.4,24.01,1.0,1,0,24.12,Low
PRJ-00921,Infrastructure Project 00921,Ministry of Steel,Communication,Rajasthan,Public Sector Undertaking,2329.73,2630.26,1880.2,71,53,5.64,69.6,74.65,75.61,62.71,6.89,1822.6,57.6,27,23,0,5.04,12.9,7.95,1,0,10.53,Low
PRJ-00922,Infrastructure Project 00922,Ministry of Road Transport,Coal,Karnataka,Public Sector Undertaking,13730.67,15764.8,3207.18,39,22,2.98,45.79,56.41,14.15,41.3,4.49,2948.45,258.74,25,13,1,10.62,14.81,7.63,1,0,28.92,Low
PRJ-00923,Infrastructure Project 00923,Ministry of Jal Shakti,Transport & Logistics,Rajasthan,Infrastructure Development Authority,10433.97,11496.06,9608.31,91,38,14.42,38.49,41.76,75.4,36.04,2.44,8914.82,693.5,10,7,0,3.27,10.18,15.85,1,1,16.19,Low
PRJ-00924,Infrastructure Project 00924,Ministry of Railways,Coal,Maharashtra,Central Government Agency,22932.22,26570.01,5403.07,113,18,1.21,28.57,15.93,22.7,24.92,3.65,5058.65,344.42,10,2,0,-12.64,15.86,1.07,1,0,7.86,Low
PRJ-00925,Infrastructure Project 00925,Ministry of Power,Water & Sanitation,Odisha,Central Government Agency,43558.48,45088.31,22909.02,66,18,0.04,37.48,27.27,48.89,34.03,3.45,21559.37,1349.66,6,5,0,-10.21,3.51,0.06,0,0,0.0,Low
PRJ-00926,Infrastructure Project 00926,Ministry of Road Transport,Social Infrastructure,Tamil Nadu,Public Sector Undertaking,18702.05,20661.19,15659.44,29,10,0.0,37.7,34.48,68.16,32.31,5.39,14099.25,1560.19,18,5,0,-3.21,10.48,0.0,1,0,1.28,Low
PRJ-00927,Infrastructure Project 00927,Ministry of Power,Social Infrastructure,Bihar,State Government Agency,26932.03,27982.07,12659.75,109,101,0.1,89.49,92.66,50.73,81.71,7.78,10864.21,1795.54,27,21,0,3.17,3.9,0.09,0,0,8.24,Low
PRJ-00928,Infrastructure Project 00928,Ministry of Communications,Steel,Maharashtra,Central Government Agency,13417.47,16227.2,5907.86,80,80,11.92,100.0,100.0,38.2,96.89,3.11,5502.47,405.39,18,10,0,0.0,20.94,14.91,1,1,15.81,Low
PRJ-00929,Infrastructure Project 00929,Ministry of Coal,Steel,Uttar Pradesh,Infrastructure Development Authority,23378.02,23598.08,19386.99,98,34,0.0,32.9,34.69,74.17,31.5,1.4,18698.7,688.29,11,0,0,1.8,0.94,0.0,0,0,0.0,Low
PRJ-00930,Infrastructure Project 00930,Ministry of Housing,Transport & Logistics,Uttar Pradesh,Infrastructure Development Authority,29773.16,35418.42,25560.91,95,100,3.6,100.0,100.0,75.04,92.29,7.71,24954.47,606.44,29,12,0,0.0,18.96,3.79,1,0,13.91,Low
PRJ-00931,Infrastructure Project 00931,Ministry of Power,Social Infrastructure,Odisha,State Government Agency,15654.35,17593.49,5042.81,97,84,0.0,73.06,86.6,28.39,71.73,1.33,4399.62,643.19,6,4,3,13.53,12.39,0.0,1,0,32.57,Low
PRJ-00932,Infrastructure Project 00932,Ministry of Power,Social Infrastructure,Karnataka,Infrastructure Development Authority,4785.07,4806.91,3675.72,62,33,7.75,49.58,53.23,71.34,44.73,4.85,3230.04,445.68,29,17,0,3.64,0.46,12.5,0,1,7.09,Low
PRJ-00933,Infrastructure Project 00933,Ministry of Road Transport,Steel,Bihar,Infrastructure Development Authority,3505.35,4187.43,3013.98,54,27,7.73,47.84,50.0,69.66,40.97,6.87,2900.68,113.3,17,2,0,2.16,19.46,14.31,1,1,27.37,Low
PRJ-00934,Infrastructure Project 00934,Ministry of Communications,Water & Sanitation,Gujarat,Public Sector Undertaking,44728.31,45165.33,21473.7,30,5,0.0,19.29,16.67,38.96,18.9,0.39,20536.68,937.02,15,2,0,-2.63,0.98,0.0,0,0,13.67,Low
PRJ-00935,Infrastructure Project 00935,Ministry of Communications,Coal,Karnataka,Central Government Agency,23753.82,24767.5,20039.81,52,8,0.0,19.18,15.38,88.33,17.0,2.19,17646.95,2392.87,27,26,0,-3.8,4.27,0.0,0,0,4.15,Low
PRJ-00936,Infrastructure Project 00936,Ministry of Power,Steel,Uttar Pradesh,Public Sector Undertaking,38443.47,46649.12,25523.82,34,19,8.33,50.7,55.88,63.98,49.88,0.83,24905.35,618.47,25,8,0,5.18,21.34,24.51,1,1,32.95,Low
PRJ-00937,Infrastructure Project 00937,Ministry of Communications,Mining,Telangana,State Government Agency,37421.44,43489.59,5594.9,48,46,4.08,86.88,95.83,17.47,85.14,1.74,5505.47,89.43,25,2,0,8.95,16.22,8.5,1,0,23.64,Low
PRJ-00938,Infrastructure Project 00938,Ministry of Road Transport,Mining,Karnataka,Public Sector Undertaking,9166.12,9363.76,4275.93,34,36,0.23,100.0,100.0,49.18,94.13,5.87,4235.43,40.5,5,2,0,0.0,2.16,0.67,0,0,8.22,Low
PRJ-00939,Infrastructure Project 00939,Ministry of Communications,Social Infrastructure,Telangana,Public Sector Undertaking,45750.4,51629.78,6911.2,65,50,0.36,78.0,76.92,9.14,74.51,3.49,6354.89,556.3,23,15,0,-1.07,12.85,0.56,1,0,10.08,Low
PRJ-00940,Infrastructure Project 00940,Ministry of Power,Steel,Bihar,State Government Agency,26168.21,28610.28,19119.56,68,13,9.58,42.44,19.12,68.52,38.02,4.42,18350.18,769.38,26,18,1,-23.32,9.33,14.09,0,1,7.97,Low
PRJ-00941,Infrastructure Project 00941,Ministry of Communications,Transport & Logistics,Karnataka,Central Government Agency,8556.51,9059.08,5888.28,102,100,1.69,100.0,98.04,63.5,92.41,7.59,5380.79,507.49,8,4,1,-1.96,5.87,1.66,0,0,7.74,Low
PRJ-00942,Infrastructure Project 00942,Ministry of Power,Steel,Bihar,State Government Agency,43870.38,53098.6,10492.79,36,34,0.0,94.74,94.44,14.91,88.68,6.06,10135.48,357.31,27,15,1,-0.3,21.04,0.0,1,0,12.66,Low
PRJ-00943,Infrastructure Project 00943,Ministry of Steel,Energy,West Bengal,Central Government Agency,44994.32,52780.75,16143.98,101,83,15.14,77.48,82.18,40.66,76.28,1.2,15578.7,565.28,26,7,0,4.7,17.31,14.99,1,1,24.34,Low
PRJ-00944,Infrastructure Project 00944,Ministry of Jal Shakti,Steel,Odisha,State Government Agency,3807.91,4143.74,876.22,68,56,16.24,66.04,82.35,26.23,61.92,4.13,756.58,119.63,5,0,2,16.31,8.82,23.88,0,1,31.05,Low
PRJ-00945,Infrastructure Project 00945,Ministry of Jal Shakti,Social Infrastructure,Andhra Pradesh,Central Government Agency,45301.37,47180.43,6730.1,101,58,9.57,45.0,57.43,19.47,44.73,0.27,6524.61,205.49,25,1,2,12.42,4.15,9.48,0,0,16.77,Low
PRJ-00946,Infrastructure Project 00946,Ministry of Road Transport,Social Infrastructure,Bihar,Public Sector Undertaking,34872.06,35823.94,7777.84,39,31,0.0,100.0,79.49,22.32,99.06,0.94,6673.69,1104.14,8,5,2,-20.51,2.73,0.0,0,0,10.71,Low
PRJ-00947,Infrastructure Project 00947,Ministry of Railways,Communication,West Bengal,State Government Agency,39139.27,42914.8,28490.54,48,32,5.23,63.48,66.67,62.95,57.27,6.21,24436.16,4054.38,9,7,0,3.18,9.65,10.89,0,1,14.61,Low
PRJ-00948,Infrastructure Project 00948,Ministry of Coal,Communication,Bihar,Central Government Agency,45399.79,72622.61,58889.8,42,33,4.93,67.72,78.57,83.21,59.85,7.87,53602.22,5287.58,26,24,0,10.85,59.96,11.73,1,1,33.81,Low
PRJ-00949,Infrastructure Project 00949,Ministry of Housing,Mining,Tamil Nadu,Public Sector Undertaking,42508.37,46328.28,6618.04,106,100,3.42,98.24,94.34,14.1,92.68,5.56,5910.56,707.48,7,5,0,-3.9,8.99,3.22,0,0,13.66,Low
PRJ-00950,Infrastructure Project 00950,Ministry of Railways,Water & Sanitation,West Bengal,Public Sector Undertaking,14194.22,14496.55,6104.72,68,33,7.97,49.22,48.53,45.25,41.44,7.78,5649.52,455.2,5,2,1,-0.69,2.13,11.72,0,1,16.6,Low
PRJ-00951,Infrastructure Project 00951,Ministry of Power,Social Infrastructure,Rajasthan,Public Sector Undertaking,11262.51,12570.05,8733.12,73,44,5.08,52.87,60.27,72.8,48.08,4.78,8481.42,251.7,10,8,2,7.41,11.61,6.95,1,0,25.41,Low
PRJ-00952,Infrastructure Project 00952,Ministry of Power,Transport & Logistics,Telangana,Infrastructure Development Authority,12149.51,14567.14,9874.99,50,55,8.71,100.0,100.0,63.13,98.18,1.82,9771.25,103.74,6,6,0,0.0,19.9,17.43,1,1,30.91,Low
PRJ-00953,Infrastructure Project 00953,Ministry of Housing,Transport & Logistics,West Bengal,Infrastructure Development Authority,36941.38,38394.29,5549.13,79,47,8.48,60.62,59.49,15.26,58.75,1.87,4876.57,672.56,28,20,2,-1.12,3.93,10.73,0,1,7.46,Low
PRJ-00954,Infrastructure Project 00954,Ministry of Jal Shakti,Steel,Bihar,State Government Agency,19173.22,19484.59,15754.57,60,33,9.82,56.68,55.0,72.32,52.97,3.71,14979.26,775.31,10,6,0,-1.68,1.62,16.36,0,1,16.87,Low
PRJ-00955,Infrastructure Project 00955,Ministry of Housing,Steel,West Bengal,Central Government Agency,8450.96,8989.88,4814.98,37,31,2.29,88.58,83.78,56.01,83.74,4.85,4550.01,264.97,23,8,1,-4.8,6.38,6.19,0,0,15.22,Low
PRJ-00956,Infrastructure Project 00956,Ministry of Jal Shakti,Communication,Gujarat,State Government Agency,45664.78,46898.84,39422.64,107,74,2.76,74.36,69.16,84.72,71.71,2.65,36447.83,2974.81,19,6,0,-5.2,2.7,2.58,0,0,4.92,Low
PRJ-00957,Infrastructure Project 00957,Ministry of Communications,Water & Sanitation,Maharashtra,Central Government Agency,17934.81,20554.47,7870.55,103,64,5.21,74.61,62.14,40.96,69.73,4.87,7612.63,257.92,17,3,0,-12.47,14.61,5.06,1,0,21.78,Low
PRJ-00958,Infrastructure Project 00958,Ministry of Communications,Water & Sanitation,Rajasthan,Public Sector Undertaking,23642.32,26062.31,20551.08,54,10,2.58,11.46,18.52,71.83,9.35,2.11,17856.31,2694.77,19,17,0,7.06,10.24,4.78,1,0,16.61,Low
PRJ-00959,Infrastructure Project 00959,Ministry of Steel,Transport & Logistics,Maharashtra,State Government Agency,20152.59,21332.29,15562.84,81,80,2.19,87.86,98.77,70.05,83.33,4.53,13966.5,1596.34,10,0,1,10.9,5.85,2.7,0,0,5.19,Low
PRJ-00960,Infrastructure Project 00960,Ministry of Housing,Mining,Telangana,Infrastructure Development Authority,13428.17,14166.36,2735.57,62,14,0.73,29.07,22.58,16.0,27.24,1.83,2373.21,362.35,7,5,0,-6.49,5.5,1.17,0,0,9.28,Low
PRJ-00961,Infrastructure Project 00961,Ministry of Steel,Mining,Madhya Pradesh,State Government Agency,41966.75,53028.84,20545.44,33,22,4.18,70.89,66.67,38.9,65.9,4.99,19903.55,641.9,20,13,1,-4.23,26.36,12.67,1,1,37.78,Medium
PRJ-00962,Infrastructure Project 00962,Ministry of Railways,Communication,Telangana,Central Government Agency,16173.57,22864.3,10947.88,56,47,6.69,89.9,83.93,53.91,85.03,4.87,9946.97,1000.91,29,12,0,-5.97,41.37,11.95,1,1,29.12,Low
PRJ-00963,Infrastructure Project 00963,Ministry of Coal,Social Infrastructure,Karnataka,Central Government Agency,8416.62,9292.6,1142.11,59,20,2.93,34.33,33.9,7.03,30.14,4.19,1120.12,22.0,28,4,3,-0.43,10.41,4.96,1,0,6.83,Low
PRJ-00964,Infrastructure Project 00964,Ministry of Housing,Communication,Tamil Nadu,Infrastructure Development Authority,48986.46,51034.38,18238.89,93,35,12.17,29.38,37.63,40.91,25.77,3.61,17918.95,319.94,15,9,1,8.25,4.18,13.09,0,1,16.31,Low
PRJ-00965,Infrastructure Project 00965,Ministry of Railways,Social Infrastructure,Tamil Nadu,Infrastructure Development Authority,5161.5,6377.53,4554.7,116,48,7.44,37.09,41.38,57.89,31.39,5.7,4113.58,441.12,13,1,3,4.29,23.56,6.42,1,0,22.97,Low
PRJ-00966,Infrastructure Project 00966,Ministry of Steel,Communication,Maharashtra,Public Sector Undertaking,12662.66,15771.92,5960.88,25,33,0.0,100.0,100.0,36.85,92.19,7.81,5079.7,881.18,15,6,1,0.0,24.55,0.0,1,0,19.47,Low
PRJ-00967,Infrastructure Project 00967,Ministry of Power,Steel,Bihar,Public Sector Undertaking,12416.8,12637.24,1348.78,99,90,0.0,92.34,90.91,17.68,86.03,6.3,1341.84,6.94,26,7,0,-1.43,1.78,0.0,0,0,9.75,Low
PRJ-00968,Infrastructure Project 00968,Ministry of Road Transport,Social Infrastructure,Gujarat,Infrastructure Development Authority,28135.31,31233.7,11653.51,107,59,11.49,51.0,55.14,31.26,48.49,2.51,10408.72,1244.78,23,11,1,4.14,11.01,10.74,1,1,12.7,Low
PRJ-00969,Infrastructure Project 00969,Ministry of Road Transport,Steel,Madhya Pradesh,Public Sector Undertaking,26110.18,28436.96,23713.94,37,31,0.0,96.88,83.78,85.72,96.32,0.56,21994.77,1719.18,26,23,0,-13.1,8.91,0.0,0,0,2.57,Low
PRJ-00970,Infrastructure Project 00970,Ministry of Coal,Social Infrastructure,Tamil Nadu,Public Sector Undertaking,38580.14,49947.26,18816.99,71,6,6.35,5.71,8.45,35.37,2.58,3.13,18367.76,449.23,25,2,2,2.74,29.46,8.94,1,0,24.38,Low
PRJ-00971,Infrastructure Project 00971,Ministry of Coal,Social Infrastructure,Gujarat,State Government Agency,46813.92,61316.79,43191.32,51,12,15.19,22.79,23.53,74.12,20.04,2.76,38574.2,4617.12,17,7,0,0.74,30.98,29.79,1,1,31.82,Low
PRJ-00972,Infrastructure Project 00972,Ministry of Coal,Social Infrastructure,West Bengal,Infrastructure Development Authority,25239.54,26522.69,19913.33,100,29,1.61,21.38,29.0,81.09,17.2,4.17,18667.74,1245.58,23,14,1,7.62,5.08,1.61,0,0,5.86,Low
PRJ-00973,Infrastructure Project 00973,Ministry of Road Transport,Communication,Odisha,State Government Agency,39334.25,44410.97,36765.13,51,18,0.0,27.09,35.29,75.55,26.46,0.62,34553.32,2211.8,7,5,2,8.21,12.91,0.0,1,0,26.32,Low
PRJ-00974,Infrastructure Project 00974,Ministry of Jal Shakti,Communication,Tamil Nadu,Infrastructure Development Authority,42420.34,43577.11,11680.39,27,14,0.0,54.55,51.85,31.43,50.18,4.37,11098.23,582.16,16,3,0,-2.69,2.73,0.0,0,0,4.28,Low
PRJ-00975,Infrastructure Project 00975,Ministry of Steel,Social Infrastructure,Tamil Nadu,State Government Agency,49132.0,52246.89,28807.48,119,41,0.0,20.8,34.45,53.73,16.55,4.25,24916.24,3891.24,28,12,1,13.65,6.34,0.0,0,0,23.27,Low
PRJ-00976,Infrastructure Project 00976,Ministry of Jal Shakti,Steel,Madhya Pradesh,Public Sector Undertaking,25888.35,31870.59,13514.93,85,47,8.67,50.02,55.29,44.23,48.16,1.86,11518.62,1996.31,11,5,0,5.27,23.11,10.2,1,1,26.98,Low
PRJ-00977,Infrastructure Project 00977,Ministry of Communications,Coal,Uttar Pradesh,State Government Agency,13619.19,14020.04,871.11,60,17,10.69,27.55,28.33,10.67,26.09,1.45,825.03,46.08,27,16,0,0.79,2.94,17.81,0,1,18.47,Low
PRJ-00978,Infrastructure Project 00978,Ministry of Road Transport,Communication,Madhya Pradesh,State Government Agency,42154.74,43000.11,14543.45,77,39,0.0,53.51,50.65,29.34,46.77,6.74,12377.28,2166.17,27,25,0,-2.86,2.01,0.0,0,0,8.01,Low
PRJ-00979,Infrastructure Project 00979,Ministry of Housing,Coal,Andhra Pradesh,State Government Agency,35626.61,42783.53,9627.35,109,81,0.27,81.91,74.31,29.72,77.09,4.82,8868.89,758.45,20,2,1,-7.6,20.09,0.25,1,0,11.66,Low
PRJ-00980,Infrastructure Project 00980,Ministry of Road Transport,Coal,Andhra Pradesh,Central Government Agency,14213.26,14714.33,10325.95,29,19,0.0,62.67,65.52,62.89,55.27,7.4,10242.35,83.6,9,7,1,2.85,3.53,0.0,0,0,7.85,Low
PRJ-00981,Infrastructure Project 00981,Ministry of Steel,Energy,Rajasthan,State Government Agency,31004.48,39524.75,33291.68,60,51,0.0,77.21,85.0,81.76,70.19,7.02,31809.55,1482.13,25,1,0,7.79,27.48,0.0,1,0,20.32,Low
PRJ-00982,Infrastructure Project 00982,Ministry of Road Transport,Energy,Rajasthan,Central Government Agency,40584.71,50350.19,4162.29,100,52,9.89,52.78,52.0,2.66,49.21,3.57,3894.47,267.82,28,27,1,-0.78,24.06,9.89,1,0,30.24,Low
PRJ-00983,Infrastructure Project 00983,Ministry of Communications,Energy,Karnataka,Infrastructure Development Authority,23789.86,24838.19,6861.13,27,23,0.0,95.97,85.19,25.72,89.0,6.97,6790.52,70.61,23,8,1,-10.78,4.41,0.0,0,0,1.63,Low
PRJ-00984,Infrastructure Project 00984,Ministry of Steel,Water & Sanitation,Andhra Pradesh,Central Government Agency,9935.94,10272.48,8058.13,104,67,7.76,55.91,64.42,81.57,52.44,3.47,7922.62,135.51,10,6,4,8.51,3.39,7.46,0,0,25.83,Low
PRJ-00985,Infrastructure Project 00985,Ministry of Housing,Social Infrastructure,West Bengal,Central Government Agency,36877.52,43423.7,21559.29,41,39,3.59,95.97,95.12,45.71,93.55,2.41,19402.53,2156.76,16,1,1,-0.84,17.75,8.76,1,0,7.29,Low
PRJ-00986,Infrastructure Project 00986,Ministry of Steel,Transport & Logistics,Andhra Pradesh,Central Government Agency,33270.01,36365.9,2558.19,78,7,9.66,8.47,8.97,14.2,4.34,4.13,2176.84,381.35,27,22,1,0.51,9.31,12.39,0,1,10.22,Low
PRJ-00987,Infrastructure Project 00987,Ministry of Coal,Energy,Tamil Nadu,Central Government Agency,40709.15,41787.31,5514.93,59,23,5.01,36.59,38.98,9.04,35.46,1.13,4916.65,598.29,18,11,1,2.39,2.65,8.49,0,0,24.3,Low
PRJ-00988,Infrastructure Project 00988,Ministry of Jal Shakti,Water & Sanitation,Karnataka,State Government Agency,20983.42,21402.54,6733.38,75,36,7.53,32.92,48.0,20.07,31.93,0.99,6344.04,389.34,22,1,0,15.08,2.0,10.04,0,1,23.33,Low
PRJ-00989,Infrastructure Project 00989,Ministry of Road Transport,Social Infrastructure,Tamil Nadu,Infrastructure Development Authority,21523.22,22237.41,10923.62,31,9,0.0,42.42,29.03,53.75,36.93,5.48,10720.11,203.51,6,3,1,-13.38,3.32,0.0,0,0,1.39,Low
PRJ-00990,Infrastructure Project 00990,Ministry of Housing,Transport & Logistics,Odisha,State Government Agency,35701.46,36545.57,19036.08,64,7,5.27,4.5,10.94,44.86,0.0,4.5,18346.86,689.21,9,1,2,6.43,2.36,8.23,0,0,18.22,Low
PRJ-00991,Infrastructure Project 00991,Ministry of Railways,Social Infrastructure,Rajasthan,Infrastructure Development Authority,49314.56,49787.29,23914.42,70,40,0.0,76.77,57.14,53.94,74.22,2.56,22342.88,1571.54,6,2,1,-19.63,0.96,0.0,0,0,8.39,Low
PRJ-00992,Infrastructure Project 00992,Ministry of Road Transport,Energy,Andhra Pradesh,State Government Agency,753.04,794.36,438.45,49,18,6.8,38.78,36.73,61.26,31.27,7.51,398.72,39.72,25,12,0,-2.05,5.49,13.88,0,1,15.39,Low
PRJ-00993,Infrastructure Project 00993,Ministry of Power,Energy,Telangana,Central Government Agency,8286.52,8398.53,1202.83,104,61,6.57,66.78,58.65,15.83,59.6,7.18,1120.22,82.61,27,3,0,-8.13,1.35,6.32,0,0,0.0,Low
PRJ-00994,Infrastructure Project 00994,Ministry of Jal Shakti,Energy,Andhra Pradesh,Central Government Agency,22651.79,29203.42,6449.44,113,39,9.86,22.83,34.51,25.32,20.36,2.48,6392.86,56.59,25,14,1,11.68,28.92,8.72,1,0,37.08,Medium
PRJ-00995,Infrastructure Project 00995,Ministry of Communications,Water & Sanitation,Andhra Pradesh,State Government Agency,19979.29,20908.41,6665.04,77,38,9.29,44.14,49.35,32.07,40.54,3.6,5949.34,715.7,22,5,1,5.21,4.65,12.07,0,1,10.9,Low
PRJ-00996,Infrastructure Project 00996,Ministry of Railways,Transport & Logistics,Maharashtra,Public Sector Undertaking,16723.69,18824.52,11047.65,57,58,0.0,96.73,100.0,60.33,94.14,2.6,10289.8,757.85,5,4,0,3.27,12.56,0.0,1,0,6.54,Low
PRJ-00997,Infrastructure Project 00997,Ministry of Power,Social Infrastructure,Maharashtra,Central Government Agency,29369.59,34917.5,22013.81,75,4,0.61,18.27,5.33,57.98,16.99,1.29,20335.75,1678.06,24,24,0,-12.94,18.89,0.81,1,0,7.71,Low
PRJ-00998,Infrastructure Project 00998,Ministry of Communications,Transport & Logistics,Madhya Pradesh,Central Government Agency,46691.43,52701.39,10659.22,102,75,8.7,76.68,73.53,21.45,74.98,1.71,10514.49,144.73,23,0,1,-3.15,12.87,8.53,1,0,23.13,Low
PRJ-00999,Infrastructure Project 00999,Ministry of Communications,Steel,Madhya Pradesh,Infrastructure Development Authority,8750.71,10410.24,5605.18,50,43,14.76,67.34,86.0,55.35,63.84,3.5,5525.74,79.44,19,13,5,18.66,18.96,29.51,1,1,40.29,Medium
PRJ-01000,Infrastructure Project 01000,Ministry of Housing,Transport & Logistics,Odisha,State Government Agency,36311.97,42852.59,30776.63,62,43,7.18,48.1,69.35,74.07,48.05,0.05,30189.51,587.11,27,15,2,21.26,18.01,11.57,1,1,28.48,Low
PRJ-01001,Infrastructure Project 01001,Ministry of Coal,Communication,Uttar Pradesh,Central Government Agency,49551.38,65947.21,29030.43,84,37,16.52,29.08,44.05,37.17,24.01,5.07,26459.33,2571.1,16,11,2,14.96,33.09,19.67,1,1,42.85,Medium
PRJ-01002,Infrastructure Project 01002,Ministry of Power,Coal,Bihar,Public Sector Undertaking,27503.87,28728.43,15370.08,52,21,3.51,36.58,40.38,48.61,33.89,2.69,14019.32,1350.76,13,2,0,3.81,4.45,6.74,0,0,9.61,Low
PRJ-01003,Infrastructure Project 01003,Ministry of Steel,Transport & Logistics,Rajasthan,State Government Agency,37503.98,38046.81,24815.09,55,13,0.0,24.61,23.64,69.91,18.47,6.13,24050.66,764.43,18,2,2,-0.97,1.45,0.0,0,0,8.63,Low
PRJ-01004,Infrastructure Project 01004,Ministry of Communications,Steel,Bihar,State Government Agency,15846.65,19951.89,15413.07,94,79,7.93,83.71,84.04,77.4,82.44,1.27,14759.33,653.74,8,5,0,0.33,25.91,8.44,1,0,17.69,Low
PRJ-01005,Infrastructure Project 01005,Ministry of Railways,Energy,Madhya Pradesh,State Government Agency,31681.81,42787.95,36303.74,51,60,0.0,100.0,100.0,91.24,98.81,1.19,35345.53,958.21,16,0,0,0.0,35.06,0.0,1,0,28.27,Low
PRJ-01006,Infrastructure Project 01006,Ministry of Steel,Communication,Odisha,State Government Agency,48576.52,58507.5,34293.0,43,8,0.73,12.93,18.6,58.23,7.75,5.18,32932.9,1360.1,16,9,0,5.68,20.44,1.71,1,0,22.07,Low
PRJ-01007,Infrastructure Project 01007,Ministry of Coal,Transport & Logistics,Madhya Pradesh,Infrastructure Development Authority,5608.88,5966.25,3040.06,68,75,7.23,100.0,100.0,52.56,98.78,1.22,2752.59,287.47,14,0,0,0.0,6.37,10.63,0,1,13.93,Low
PRJ-01008,Infrastructure Project 01008,Ministry of Road Transport,Social Infrastructure,Gujarat,Public Sector Undertaking,43673.41,52618.71,40198.82,37,39,0.83,100.0,100.0,76.99,93.68,6.32,38985.24,1213.58,5,4,2,0.0,20.48,2.24,1,0,16.0,Low
PRJ-01009,Infrastructure Project 01009,Ministry of Steel,Transport & Logistics,Karnataka,Public Sector Undertaking,8136.21,8483.01,6669.58,98,68,0.0,60.39,69.39,78.08,59.84,0.55,5968.0,701.59,20,15,2,9.0,4.26,0.0,0,0,4.41,Low
PRJ-01010,Infrastructure Project 01010,Ministry of Housing,Social Infrastructure,Andhra Pradesh,Public Sector Undertaking,15127.2,15479.84,11071.63,55,22,9.21,44.9,40.0,73.61,42.81,2.09,9556.41,1515.22,22,4,1,-4.9,2.33,16.74,0,1,19.96,Low
PRJ-01011,Infrastructure Project 01011,Ministry of Coal,Mining,West Bengal,State Government Agency,36484.18,42369.55,20824.25,101,7,0.0,0.17,6.93,51.97,0.0,0.17,18893.84,1930.4,14,0,1,6.76,16.13,0.0,1,0,18.95,Low
PRJ-01012,Infrastructure Project 01012,Ministry of Road Transport,Steel,Rajasthan,Central Government Agency,5638.25,7018.53,4243.18,74,32,6.69,37.51,43.24,62.94,36.61,0.9,3928.46,314.71,29,23,0,5.74,24.48,9.04,1,0,27.44,Low
PRJ-01013,Infrastructure Project 01013,Ministry of Power,Energy,Odisha,State Government Agency,40018.17,43286.99,7132.98,65,55,9.94,83.8,84.62,18.59,83.52,0.28,6464.75,668.23,25,16,0,0.81,8.17,15.29,0,1,15.93,Low
PRJ-01014,Infrastructure Project 01014,Ministry of Communications,Transport & Logistics,Madhya Pradesh,Central Government Agency,32210.84,38322.03,20972.75,60,23,6.59,17.19,38.33,55.81,14.51,2.68,19375.98,1596.77,23,3,5,21.14,18.97,10.99,1,1,36.38,Medium
PRJ-01015,Infrastructure Project 01015,Ministry of Communications,Social Infrastructure,Madhya Pradesh,Public Sector Undertaking,18673.33,20047.99,15444.17,50,49,0.0,90.03,98.0,78.66,85.17,4.86,14949.87,494.3,13,7,0,7.97,7.36,0.0,0,0,5.19,Low
PRJ-01016,Infrastructure Project 01016,Ministry of Railways,Coal,Uttar Pradesh,Public Sector Undertaking,8833.95,8934.04,7093.77,39,32,2.06,70.61,82.05,73.11,65.79,4.83,7033.64,60.13,16,14,2,11.44,1.13,5.29,0,0,16.39,Low
PRJ-01017,Infrastructure Project 01017,Ministry of Communications,Energy,Telangana,Public Sector Undertaking,32814.45,39155.05,17295.75,89,18,1.46,6.54,20.22,45.86,4.01,2.52,16374.19,921.56,17,4,1,13.69,19.32,1.64,1,0,26.29,Low
PRJ-01018,Infrastructure Project 01018,Ministry of Communications,Transport & Logistics,Bihar,Central Government Agency,23928.76,27548.44,20506.62,38,44,6.59,100.0,100.0,72.83,92.24,7.76,18669.35,1837.26,28,8,1,0.0,15.13,17.34,1,1,21.48,Low
PRJ-01019,Infrastructure Project 01019,Ministry of Steel,Water & Sanitation,Odisha,Public Sector Undertaking,16070.71,16867.86,7267.91,107,110,0.0,100.0,100.0,39.82,97.27,2.73,7092.86,175.04,11,7,0,0.0,4.96,0.0,0,0,9.71,Low
PRJ-01020,Infrastructure Project 01020,Ministry of Steel,Transport & Logistics,Uttar Pradesh,Central Government Agency,42044.27,46658.66,24901.72,38,30,6.29,73.4,78.95,59.67,71.17,2.23,22581.58,2320.13,8,3,0,5.55,10.98,16.54,1,1,20.99,Low
PRJ-01021,Infrastructure Project 01021,Ministry of Coal,Communication,Bihar,Infrastructure Development Authority,25591.4,27947.62,23714.32,43,46,0.28,91.92,100.0,83.67,85.72,6.2,21038.43,2675.89,11,5,3,8.08,9.21,0.66,0,0,20.11,Low
PRJ-01022,Infrastructure Project 01022,Ministry of Coal,Transport & Logistics,Karnataka,Infrastructure Development Authority,23356.17,24041.99,16243.66,95,89,9.31,82.46,93.68,62.6,76.32,6.15,15269.1,974.56,13,6,0,11.22,2.94,9.8,0,0,13.52,Low
PRJ-01023,Infrastructure Project 01023,Ministry of Communications,Coal,Uttar Pradesh,Infrastructure Development Authority,45495.45,50354.56,41576.37,34,18,0.0,49.11,52.94,80.84,45.58,3.53,35950.28,5626.09,16,8,0,3.84,10.68,0.0,1,0,8.8,Low
PRJ-01024,Infrastructure Project 01024,Ministry of Housing,Steel,Telangana,Infrastructure Development Authority,1257.74,1691.6,864.53,28,27,0.0,100.0,96.43,55.75,93.75,6.25,858.85,5.68,29,20,2,-3.57,34.5,0.0,1,0,22.68,Low
PRJ-01025,Infrastructure Project 01025,Ministry of Steel,Water & Sanitation,Uttar Pradesh,State Government Agency,23856.31,24678.47,13083.58,99,23,2.17,21.14,23.23,54.33,16.91,4.23,12256.46,827.12,13,11,0,2.09,3.45,2.19,0,0,0.0,Low
PRJ-01026,Infrastructure Project 01026,Ministry of Communications,Social Infrastructure,Telangana,Infrastructure Development Authority,12730.23,14543.82,2049.67,91,21,1.5,3.69,23.08,15.11,0.38,3.31,1865.7,183.97,24,17,0,19.39,14.25,1.65,1,0,28.53,Low
PRJ-01027,Infrastructure Project 01027,Ministry of Communications,Water & Sanitation,Madhya Pradesh,Central Government Agency,44357.47,47641.86,3585.24,107,54,1.53,50.91,50.47,4.66,50.4,0.51,3426.06,159.18,28,15,0,-0.44,7.4,1.43,0,0,17.83,Low
PRJ-01028,Infrastructure Project 01028,Ministry of Coal,Steel,Rajasthan,State Government Agency,13136.25,15815.99,7990.06,30,37,5.99,100.0,100.0,49.84,97.64,2.36,7061.38,928.68,24,20,1,0.0,20.4,19.98,1,1,31.44,Low
PRJ-01029,Infrastructure Project 01029,Ministry of Steel,Mining,Maharashtra,Public Sector Undertaking,13115.24,15083.4,10975.49,69,46,5.56,58.4,66.67,78.57,54.28,4.13,9450.22,1525.27,6,4,0,8.26,15.01,8.05,1,0,26.24,Low
PRJ-01030,Infrastructure Project 01030,Ministry of Jal Shakti,Water & Sanitation,Andhra Pradesh,Central Government Agency,21427.4,24003.17,17006.01,26,29,2.38,100.0,100.0,71.39,95.46,4.54,14652.87,2353.15,21,6,0,0.0,12.02,9.14,1,0,6.98,Low
PRJ-01031,Infrastructure Project 01031,Ministry of Communications,Water & Sanitation,Odisha,State Government Agency,21902.11,28664.74,2789.41,110,41,12.38,38.28,37.27,10.22,36.56,1.72,2429.49,359.92,25,11,0,-1.01,30.88,11.26,1,1,23.97,Low
PRJ-01032,Infrastructure Project 01032,Ministry of Jal Shakti,Water & Sanitation,Uttar Pradesh,State Government Agency,32695.72,35017.3,8853.46,58,29,0.0,49.01,50.0,24.46,47.57,1.44,7558.42,1295.03,5,4,2,0.99,7.1,0.0,0,0,18.75,Low
PRJ-01033,Infrastructure Project 01033,Ministry of Coal,Water & Sanitation,Tamil Nadu,Central Government Agency,18213.23,19067.75,8507.31,85,62,0.0,63.83,72.94,55.31,58.52,5.32,7790.95,716.36,22,15,1,9.11,4.69,0.0,0,0,16.77,Low
PRJ-01034,Infrastructure Project 01034,Ministry of Road Transport,Water & Sanitation,Madhya Pradesh,Central Government Agency,45401.84,47758.68,40040.18,113,52,0.0,42.71,46.02,91.13,35.37,7.34,35936.11,4104.07,11,5,1,3.31,5.19,0.0,0,0,5.95,Low
PRJ-01035,Infrastructure Project 01035,Ministry of Communications,Communication,Telangana,State Government Agency,48502.11,50287.96,10202.68,62,34,11.82,60.82,54.84,23.34,53.71,7.1,9025.43,1177.25,9,7,2,-5.98,3.68,19.07,0,1,22.51,Low
PRJ-01036,Infrastructure Project 01036,Ministry of Road Transport,Water & Sanitation,Karnataka,Infrastructure Development Authority,41951.08,49939.08,38451.1,49,7,8.21,13.92,14.29,77.7,7.52,6.4,32794.51,5656.6,25,18,0,0.37,19.04,16.76,1,1,24.24,Low
PRJ-01037,Infrastructure Project 01037,Ministry of Jal Shakti,Mining,Rajasthan,Public Sector Undertaking,2018.67,3190.98,853.38,70,9,14.45,17.63,12.86,28.57,14.63,3.0,824.85,28.53,19,13,0,-4.77,58.07,20.64,1,1,27.3,Low
PRJ-01038,Infrastructure Project 01038,Ministry of Steel,Communication,Andhra Pradesh,State Government Agency,42388.69,42797.8,21853.62,42,4,0.0,12.18,9.52,48.78,5.05,7.13,21604.38,249.24,12,10,0,-2.66,0.97,0.0,0,0,1.49,Low
PRJ-01039,Infrastructure Project 01039,Ministry of Steel,Coal,Madhya Pradesh,Public Sector Undertaking,29358.97,34515.74,14425.71,40,17,2.21,47.08,42.5,36.52,40.24,6.84,12433.5,1992.21,6,6,1,-4.58,17.56,5.54,1,0,17.48,Low
PRJ-01040,Infrastructure Project 01040,Ministry of Communications,Steel,Odisha,Infrastructure Development Authority,322.9,364.55,116.77,78,38,0.0,41.43,48.72,31.15,37.85,3.58,100.82,15.95,16,0,0,7.29,12.9,0.0,1,0,31.69,Low
PRJ-01041,Infrastructure Project 01041,Ministry of Coal,Communication,Bihar,Infrastructure Development Authority,21328.23,21596.01,13499.06,107,70,5.8,65.65,65.42,59.23,58.47,7.18,12263.58,1235.47,27,10,0,-0.23,1.26,5.42,0,0,15.84,Low
PRJ-01042,Infrastructure Project 01042,Ministry of Power,Energy,Gujarat,Public Sector Undertaking,9625.93,11409.83,7627.85,93,11,8.04,0.0,11.83,67.9,0.0,0.0,7527.92,99.93,24,20,1,11.83,18.53,8.65,1,0,14.95,Low
PRJ-01043,Infrastructure Project 01043,Ministry of Power,Social Infrastructure,Madhya Pradesh,Public Sector Undertaking,20591.61,21443.22,11191.34,118,59,11.59,45.05,50.0,48.21,39.32,5.73,9578.79,1612.55,22,12,0,4.95,4.14,9.82,0,0,21.63,Low
PRJ-01044,Infrastructure Project 01044,Ministry of Coal,Steel,Uttar Pradesh,Central Government Agency,34949.06,36134.15,28852.95,36,44,0.0,100.0,100.0,78.37,96.09,3.91,27880.82,972.13,25,5,0,0.0,3.39,0.0,0,0,0.0,Low
PRJ-01045,Infrastructure Project 01045,Ministry of Communications,Mining,Telangana,Central Government Agency,8614.28,13606.38,4715.57,39,34,6.02,90.42,87.18,34.04,87.31,3.12,4440.19,275.38,22,12,0,-3.24,57.95,15.43,1,1,29.42,Low
PRJ-01046,Infrastructure Project 01046,Ministry of Housing,Communication,West Bengal,State Government Agency,22201.89,24654.0,2345.37,84,21,3.74,27.92,25.0,9.19,26.82,1.1,2084.2,261.17,9,4,0,-2.92,11.04,4.45,1,0,19.26,Low
PRJ-01047,Infrastructure Project 01047,Ministry of Railways,Transport & Logistics,Odisha,Public Sector Undertaking,40928.66,43582.97,25179.45,78,80,7.11,100.0,100.0,61.76,93.63,6.37,24152.12,1027.33,25,16,1,0.0,6.49,9.11,0,0,12.63,Low
PRJ-01048,Infrastructure Project 01048,Ministry of Road Transport,Mining,Uttar Pradesh,Infrastructure Development Authority,16888.08,21726.94,7310.96,84,67,19.97,63.03,79.76,34.48,56.24,6.79,6666.81,644.15,27,4,2,16.73,28.65,23.78,1,1,45.25,Medium
PRJ-01049,Infrastructure Project 01049,Ministry of Housing,Water & Sanitation,Gujarat,Infrastructure Development Authority,33175.0,40471.83,10213.56,91,94,22.58,89.16,100.0,33.75,82.22,6.94,9613.94,599.62,5,1,4,10.84,21.99,24.81,1,1,52.47,Medium
PRJ-01050,Infrastructure Project 01050,Ministry of Steel,Social Infrastructure,Madhya Pradesh,State Government Agency,35108.46,37629.79,20695.29,62,61,1.94,90.39,98.39,64.64,85.41,4.98,20677.78,17.5,9,4,0,8.0,7.18,3.14,0,0,5.31,Low
PRJ-01051,Infrastructure Project 01051,Ministry of Steel,Social Infrastructure,Tamil Nadu,Public Sector Undertaking,16661.64,16716.28,2369.62,98,57,0.0,54.97,58.16,16.18,53.7,1.27,2044.57,325.04,17,11,1,3.19,0.33,0.0,0,0,8.48,Low
PRJ-01052,Infrastructure Project 01052,Ministry of Road Transport,Coal,Madhya Pradesh,Central Government Agency,32860.36,36078.32,28284.4,72,51,8.99,61.19,70.83,79.28,56.4,4.8,26055.85,2228.55,26,18,0,9.64,9.79,12.49,0,1,21.41,Low
PRJ-01053,Infrastructure Project 01053,Ministry of Steel,Steel,Andhra Pradesh,Central Government Agency,35713.94,50421.99,13918.22,41,16,0.0,41.35,39.02,29.25,34.16,7.19,12961.89,956.33,8,0,0,-2.33,41.18,0.0,1,0,19.33,Low
PRJ-01054,Infrastructure Project 01054,Ministry of Communications,Transport & Logistics,Karnataka,Public Sector Undertaking,9668.2,12709.76,4821.18,108,67,25.7,40.91,62.04,39.78,35.71,5.2,4420.88,400.3,20,4,3,21.13,31.46,23.8,1,1,48.38,Medium
PRJ-01055,Infrastructure Project 01055,Ministry of Housing,Mining,West Bengal,Central Government Agency,44503.49,48499.28,27411.58,108,112,16.71,100.0,100.0,63.95,95.87,4.13,27331.74,79.83,26,9,1,0.0,8.98,15.47,0,1,15.18,Low
PRJ-01056,Infrastructure Project 01056,Ministry of Steel,Steel,Rajasthan,Public Sector Undertaking,49806.34,52523.58,33652.58,75,8,8.91,10.56,10.67,59.57,8.29,2.28,31532.69,2119.89,20,2,0,0.1,5.46,11.87,0,1,17.16,Low
PRJ-01057,Infrastructure Project 01057,Ministry of Power,Water & Sanitation,West Bengal,Central Government Agency,13856.71,15709.58,11004.31,115,118,5.68,100.0,100.0,63.36,92.21,7.79,9603.08,1401.23,17,8,0,0.0,13.37,4.94,1,0,22.41,Low
PRJ-01058,Infrastructure Project 01058,Ministry of Jal Shakti,Energy,Madhya Pradesh,State Government Agency,34065.56,37377.04,25679.58,90,88,10.13,98.68,97.78,74.84,96.84,1.85,22959.64,2719.95,16,6,1,-0.9,9.72,11.25,0,1,9.09,Low
PRJ-01059,Infrastructure Project 01059,Ministry of Housing,Steel,Uttar Pradesh,State Government Agency,12756.88,13604.6,11494.5,41,29,7.11,59.32,70.73,83.06,54.63,4.7,11158.98,335.52,21,14,3,11.41,6.65,17.33,0,1,27.25,Low
PRJ-01060,Infrastructure Project 01060,Ministry of Communications,Communication,Karnataka,State Government Agency,10623.76,11965.28,5694.37,105,111,15.06,100.0,100.0,52.96,96.35,3.65,4966.33,728.04,8,6,2,0.0,12.63,14.34,1,1,21.84,Low
PRJ-01061,Infrastructure Project 01061,Ministry of Housing,Water & Sanitation,Bihar,Infrastructure Development Authority,49671.81,59332.79,27888.94,43,14,3.68,41.26,32.56,46.11,36.84,4.42,24732.45,3156.49,10,0,1,-8.7,19.45,8.57,1,0,19.71,Low
PRJ-01062,Infrastructure Project 01062,Ministry of Railways,Social Infrastructure,Gujarat,State Government Agency,27183.16,30318.37,13005.52,39,47,0.0,100.0,100.0,48.57,97.38,2.62,12206.87,798.64,11,7,0,0.0,11.53,0.0,1,0,10.77,Low
PRJ-01063,Infrastructure Project 01063,Ministry of Power,Mining,West Bengal,Infrastructure Development Authority,37945.05,41789.26,34985.5,59,15,1.1,25.02,25.42,76.47,20.98,4.04,33751.03,1234.47,23,10,1,0.41,10.13,1.87,1,0,2.93,Low
PRJ-01064,Infrastructure Project 01064,Ministry of Power,Social Infrastructure,Karnataka,Central Government Agency,4842.46,5311.44,1427.01,111,13,7.61,11.84,11.71,21.59,4.73,7.11,1213.73,213.28,12,6,1,-0.13,9.68,6.86,0,0,20.05,Low
PRJ-01065,Infrastructure Project 01065,Ministry of Jal Shakti,Steel,Gujarat,Infrastructure Development Authority,25594.36,27451.55,22016.35,24,12,8.32,43.13,50.0,82.84,41.91,1.22,20805.96,1210.39,24,1,1,6.87,7.26,34.67,0,1,24.26,Low
PRJ-01066,Infrastructure Project 01066,Ministry of Road Transport,Mining,Rajasthan,Central Government Agency,3941.06,4345.61,2894.49,114,68,7.0,63.29,59.65,71.07,58.65,4.64,2562.02,332.47,11,5,0,-3.64,10.27,6.14,1,0,14.95,Low
PRJ-01067,Infrastructure Project 01067,Ministry of Steel,Mining,Uttar Pradesh,Infrastructure Development Authority,7893.2,8257.51,1714.68,73,79,0.0,100.0,100.0,21.04,93.64,6.36,1703.19,11.49,15,15,2,0.0,4.62,0.0,0,0,2.76,Low
PRJ-01068,Infrastructure Project 01068,Ministry of Steel,Steel,Tamil Nadu,State Government Agency,33689.09,34951.91,5018.76,91,59,9.49,60.18,64.84,21.5,59.66,0.51,4308.73,710.04,15,14,2,4.66,3.75,10.43,0,1,19.16,Low
PRJ-01069,Infrastructure Project 01069,Ministry of Communications,Energy,Bihar,Central Government Agency,27239.97,27430.04,7874.18,55,48,3.41,75.89,87.27,28.13,71.26,4.62,7106.52,767.67,26,12,0,11.38,0.7,6.19,0,0,9.31,Low
PRJ-01070,Infrastructure Project 01070,Ministry of Power,Coal,Maharashtra,State Government Agency,38909.85,41221.95,10448.44,45,31,2.44,67.87,68.89,19.58,61.95,5.91,9009.96,1438.48,14,14,2,1.02,5.94,5.42,0,0,15.87,Low
PRJ-01071,Infrastructure Project 01071,Ministry of Housing,Mining,Telangana,Infrastructure Development Authority,21848.32,26673.32,20599.59,38,31,1.91,93.06,81.58,75.65,89.29,3.78,19339.39,1260.2,23,9,0,-11.49,22.08,5.04,1,0,10.62,Low
PRJ-01072,Infrastructure Project 01072,Ministry of Coal,Water & Sanitation,Telangana,State Government Agency,16312.56,16941.13,4116.16,95,5,0.0,3.41,5.26,24.18,0.0,3.41,3551.41,564.75,15,11,1,1.85,3.85,0.0,0,0,11.66,Low
PRJ-01073,Infrastructure Project 01073,Ministry of Road Transport,Communication,West Bengal,Public Sector Undertaking,22534.11,33047.15,14106.31,52,51,5.83,100.0,98.08,36.68,96.38,3.62,12972.94,1133.36,14,14,1,-1.92,46.65,11.21,1,1,39.06,Medium
PRJ-01074,Infrastructure Project 01074,Ministry of Jal Shakti,Energy,Tamil Nadu,Infrastructure Development Authority,14449.69,18494.79,3813.97,32,18,2.97,52.12,56.25,19.55,48.35,3.77,3774.86,39.11,23,7,1,4.13,27.99,9.29,1,0,19.37,Low
PRJ-01075,Infrastructure Project 01075,Ministry of Jal Shakti,Water & Sanitation,Maharashtra,Central Government Agency,17383.28,18433.95,4796.72,76,13,7.7,12.38,17.11,25.8,11.36,1.02,4483.29,313.43,8,2,2,4.73,6.04,10.13,0,1,29.83,Low
PRJ-01076,Infrastructure Project 01076,Ministry of Railways,Coal,Bihar,State Government Agency,17319.14,23422.78,5651.71,43,21,0.0,40.66,48.84,23.97,34.46,6.2,5546.11,105.59,22,20,0,8.18,35.24,0.0,1,0,22.07,Low
PRJ-01077,Infrastructure Project 01077,Ministry of Coal,Coal,Karnataka,Public Sector Undertaking,34246.34,45301.4,10815.19,80,72,3.84,94.07,90.0,22.5,88.71,5.36,9331.24,1483.95,17,3,2,-4.07,32.28,4.8,1,0,20.64,Low
PRJ-01078,Infrastructure Project 01078,Ministry of Railways,Mining,Bihar,Infrastructure Development Authority,6876.43,6989.45,3347.34,87,81,0.0,99.33,93.1,45.17,95.99,3.35,3147.2,200.14,14,4,1,-6.23,1.64,0.0,0,0,0.0,Low
PRJ-01079,Infrastructure Project 01079,Ministry of Coal,Mining,Tamil Nadu,State Government Agency,13726.82,14864.16,3432.59,113,3,7.03,0.0,2.65,16.74,0.0,0.0,3281.22,151.37,25,8,1,2.65,8.29,6.22,0,0,8.87,Low
PRJ-01080,Infrastructure Project 01080,Ministry of Communications,Mining,Madhya Pradesh,Infrastructure Development Authority,15302.92,15668.94,2118.9,29,32,4.04,100.0,100.0,8.06,94.26,5.74,1808.09,310.81,29,27,1,0.0,2.39,13.94,0,1,13.12,Low
PRJ-01081,Infrastructure Project 01081,Ministry of Road Transport,Mining,Gujarat,State Government Agency,42023.56,44328.3,16700.96,33,19,0.0,56.0,57.58,38.52,55.13,0.88,15822.03,878.93,17,15,0,1.57,5.48,0.0,0,0,10.57,Low
PRJ-01082,Infrastructure Project 01082,Ministry of Power,Social Infrastructure,Andhra Pradesh,Infrastructure Development Authority,9331.8,9952.14,7875.1,25,31,1.95,100.0,100.0,80.28,93.16,6.84,7631.95,243.15,5,1,0,0.0,6.65,7.81,0,0,7.43,Low
PRJ-01083,Infrastructure Project 01083,Ministry of Communications,Steel,Telangana,Public Sector Undertaking,19085.75,19606.55,4482.8,76,61,9.11,73.02,80.26,23.82,67.04,5.98,4479.71,3.09,25,22,2,7.24,2.73,11.98,0,1,23.87,Low
PRJ-01084,Infrastructure Project 01084,Ministry of Railways,Social Infrastructure,Maharashtra,Central Government Agency,41445.65,41731.22,8300.51,113,42,3.24,35.19,37.17,14.26,31.53,3.66,7508.03,792.48,28,15,1,1.98,0.69,2.87,0,0,8.01,Low
PRJ-01085,Infrastructure Project 01085,Ministry of Communications,Transport & Logistics,Tamil Nadu,Public Sector Undertaking,7385.21,7569.71,5010.48,30,8,0.0,26.99,26.67,75.11,24.56,2.44,4668.89,341.59,28,4,1,-0.33,2.5,0.0,0,0,2.6,Low
PRJ-01086,Infrastructure Project 01086,Ministry of Communications,Mining,Gujarat,Infrastructure Development Authority,32429.7,34048.75,8943.12,98,26,5.61,20.48,26.53,35.37,18.45,2.04,7934.49,1008.64,6,2,0,6.05,4.99,5.73,0,0,12.53,Low
PRJ-01087,Infrastructure Project 01087,Ministry of Jal Shakti,Communication,Telangana,State Government Agency,39607.82,43824.98,32249.27,44,26,0.0,64.09,59.09,70.54,61.79,2.29,31039.28,1210.0,8,7,1,-4.99,10.65,0.0,1,0,18.65,Low
PRJ-01088,Infrastructure Project 01088,Ministry of Communications,Mining,Tamil Nadu,State Government Agency,13308.33,15697.76,5014.86,115,57,4.38,54.93,49.57,37.11,51.79,3.15,4635.02,379.84,15,6,0,-5.37,17.95,3.81,1,0,8.74,Low
PRJ-01089,Infrastructure Project 01089,Ministry of Steel,Mining,Telangana,Central Government Agency,30447.5,34342.86,25110.7,115,29,0.0,8.3,25.22,71.85,1.97,6.33,21582.27,3528.44,21,1,3,16.92,12.79,0.0,1,0,25.74,Low
PRJ-01090,Infrastructure Project 01090,Ministry of Communications,Water & Sanitation,West Bengal,State Government Agency,38647.94,41473.61,24688.63,30,20,5.35,82.72,66.67,55.09,81.29,1.42,24401.37,287.26,8,4,0,-16.05,7.31,17.82,0,1,21.4,Low
PRJ-01091,Infrastructure Project 01091,Ministry of Communications,Transport & Logistics,Maharashtra,Central Government Agency,22954.73,26089.75,6000.62,63,20,1.92,36.54,31.75,30.4,32.72,3.82,5159.42,841.2,6,0,0,-4.79,13.66,3.04,1,0,18.99,Low
PRJ-01092,Infrastructure Project 01092,Ministry of Coal,Mining,Uttar Pradesh,Central Government Agency,45175.7,49052.58,14971.92,31,26,3.42,93.92,83.87,23.93,90.54,3.38,14204.53,767.38,25,4,1,-10.05,8.58,11.03,0,1,16.01,Low
PRJ-01093,Infrastructure Project 01093,Ministry of Road Transport,Coal,Gujarat,Central Government Agency,21710.77,24279.13,16827.89,100,54,9.95,63.07,54.0,67.65,55.45,7.61,16780.72,47.17,29,24,1,-9.07,11.83,9.95,1,0,18.44,Low
PRJ-01094,Infrastructure Project 01094,Ministry of Housing,Coal,Uttar Pradesh,Infrastructure Development Authority,48937.06,51538.72,39018.78,52,55,0.0,100.0,100.0,71.32,96.3,3.7,37961.55,1057.23,18,9,0,0.0,5.32,0.0,0,0,2.33,Low
PRJ-01095,Infrastructure Project 01095,Ministry of Jal Shakti,Water & Sanitation,Maharashtra,Public Sector Undertaking,27693.11,34912.96,5436.82,63,70,5.97,100.0,100.0,11.81,97.34,2.66,4649.12,787.7,29,11,1,0.0,26.07,9.48,1,0,27.3,Low
PRJ-01096,Infrastructure Project 01096,Ministry of Jal Shakti,Water & Sanitation,Maharashtra,Public Sector Undertaking,23445.52,25358.99,18387.34,113,70,3.25,78.26,61.95,71.37,75.61,2.65,16710.04,1677.3,18,9,0,-16.32,8.16,2.87,0,0,11.42,Low
PRJ-01097,Infrastructure Project 01097,Ministry of Jal Shakti,Social Infrastructure,Rajasthan,Public Sector Undertaking,49404.51,51163.86,6645.87,48,42,0.0,80.29,87.5,13.53,73.17,7.12,6157.48,488.39,5,3,1,7.21,3.56,0.0,0,0,8.24,Low
PRJ-01098,Infrastructure Project 01098,Ministry of Jal Shakti,Communication,Tamil Nadu,State Government Agency,37320.44,38509.35,27093.39,48,45,3.81,84.09,93.75,69.72,78.27,5.82,23944.36,3149.04,17,14,1,9.66,3.19,7.93,0,0,9.3,Low
PRJ-01099,Infrastructure Project 01099,Ministry of Coal,Water & Sanitation,Gujarat,State Government Agency,48521.42,52609.25,23162.45,36,38,0.0,100.0,100.0,42.2,98.53,1.47,20216.24,2946.21,16,0,1,0.0,8.42,0.0,0,0,2.11,Low
PRJ-01100,Infrastructure Project 01100,Ministry of Jal Shakti,Mining,Madhya Pradesh,Infrastructure Development Authority,23087.34,34716.58,29206.04,61,28,8.31,51.34,45.9,82.11,43.4,7.94,26372.59,2833.44,28,27,0,-5.44,50.37,13.63,1,1,31.24,Low
PRJ-01101,Infrastructure Project 01101,Ministry of Railways,Social Infrastructure,Uttar Pradesh,Public Sector Undertaking,20679.18,25079.03,19228.84,57,4,7.13,3.11,7.02,70.6,0.0,3.11,16929.13,2299.71,17,3,1,3.9,21.28,12.52,1,1,28.26,Low
PRJ-01102,Infrastructure Project 01102,Ministry of Steel,Steel,Andhra Pradesh,Public Sector Undertaking,45474.81,47178.38,20848.56,82,76,4.13,79.84,92.68,43.39,77.29,2.55,18651.71,2196.85,11,2,1,12.84,3.75,5.03,0,0,22.57,Low
PRJ-01103,Infrastructure Project 01103,Ministry of Housing,Energy,Bihar,Central Government Agency,20940.39,25705.32,1679.28,97,95,10.34,94.69,97.94,12.05,93.23,1.46,1665.12,14.16,27,23,1,3.25,22.75,10.66,1,1,32.51,Low
PRJ-01104,Infrastructure Project 01104,Ministry of Steel,Coal,Madhya Pradesh,Public Sector Undertaking,38579.15,41861.92,14818.28,99,10,0.36,8.9,10.1,40.79,1.96,6.94,14128.68,689.6,18,12,1,1.2,8.51,0.37,0,0,10.48,Low
PRJ-01105,Infrastructure Project 01105,Ministry of Road Transport,Water & Sanitation,Odisha,Central Government Agency,29356.23,31135.9,10447.09,38,19,3.24,58.57,50.0,37.04,55.12,3.45,8904.01,1543.08,8,0,0,-8.57,6.06,8.53,0,0,15.84,Low
PRJ-01106,Infrastructure Project 01106,Ministry of Coal,Mining,Tamil Nadu,State Government Agency,23917.01,24262.51,5191.36,103,60,4.31,60.7,58.25,30.45,53.58,7.12,4939.93,251.43,10,8,0,-2.45,1.44,4.19,0,0,9.21,Low
PRJ-01107,Infrastructure Project 01107,Ministry of Communications,Steel,West Bengal,State Government Agency,29431.37,30336.57,3842.1,39,44,1.65,99.51,100.0,21.94,92.18,7.34,3779.28,62.83,21,5,2,0.49,3.08,4.23,0,0,8.24,Low
PRJ-01108,Infrastructure Project 01108,Ministry of Road Transport,Coal,Madhya Pradesh,Public Sector Undertaking,32035.96,37192.53,14771.53,83,36,11.4,37.39,43.37,41.44,35.71,1.67,13316.08,1455.45,27,8,2,5.99,16.1,13.73,1,1,16.81,Low
PRJ-01109,Infrastructure Project 01109,Ministry of Steel,Transport & Logistics,Bihar,Central Government Agency,49369.91,55527.59,45716.97,110,101,4.73,95.74,91.82,73.6,92.11,3.63,39287.08,6429.89,28,11,0,-3.92,12.47,4.3,1,0,9.52,Low
PRJ-01110,Infrastructure Project 01110,Ministry of Jal Shakti,Energy,West Bengal,Infrastructure Development Authority,25974.59,28082.8,22316.44,70,46,0.0,57.42,65.71,85.86,53.06,4.37,21324.95,991.5,26,5,0,8.29,8.12,0.0,0,0,2.59,Low
PRJ-01111,Infrastructure Project 01111,Ministry of Road Transport,Steel,Uttar Pradesh,Public Sector Undertaking,47248.82,54820.89,14418.06,80,65,12.98,70.0,81.25,23.6,62.68,7.32,13974.52,443.54,19,7,1,11.25,16.03,16.23,1,1,19.54,Low
PRJ-01112,Infrastructure Project 01112,Ministry of Road Transport,Steel,Karnataka,State Government Agency,37999.58,38728.1,31834.5,90,46,0.0,41.67,51.11,82.86,33.83,7.84,29244.92,2589.58,5,1,2,9.44,1.92,0.0,0,0,12.4,Low
PRJ-01113,Infrastructure Project 01113,Ministry of Road Transport,Transport & Logistics,Rajasthan,State Government Agency,29532.63,30391.33,19609.52,25,15,0.0,64.57,60.0,69.11,61.28,3.28,19577.48,32.04,23,18,0,-4.57,2.91,0.0,0,0,1.84,Low
PRJ-01114,Infrastructure Project 01114,Ministry of Steel,Communication,Odisha,Infrastructure Development Authority,1617.71,1984.58,467.06,114,28,15.09,16.24,24.56,34.39,10.41,5.83,421.95,45.12,6,5,2,8.33,22.68,13.24,1,1,36.82,Medium
PRJ-01115,Infrastructure Project 01115,Ministry of Jal Shakti,Energy,Gujarat,Central Government Agency,41328.45,42973.37,15746.77,41,31,4.81,63.61,75.61,34.09,57.39,6.22,14004.84,1741.93,9,2,2,12.0,3.98,11.72,0,1,23.94,Low
PRJ-01116,Infrastructure Project 01116,Ministry of Housing,Transport & Logistics,Rajasthan,Central Government Agency,47058.8,53533.32,32416.56,62,69,4.14,100.0,100.0,64.02,99.02,0.98,30949.46,1467.1,10,5,0,0.0,13.76,6.68,1,0,8.95,Low
PRJ-01117,Infrastructure Project 01117,Ministry of Jal Shakti,Communication,Karnataka,Public Sector Undertaking,41132.39,45026.38,15799.19,84,11,9.2,5.19,13.1,41.7,2.77,2.42,15268.71,530.48,29,12,1,7.91,9.47,10.95,0,1,18.8,Low
PRJ-01118,Infrastructure Project 01118,Ministry of Steel,Steel,Maharashtra,Public Sector Undertaking,46560.74,51427.6,5334.69,28,9,3.54,22.58,32.14,23.13,15.26,7.31,5311.19,23.5,23,11,0,9.57,10.45,12.63,1,1,21.16,Low
PRJ-01119,Infrastructure Project 01119,Ministry of Power,Social Infrastructure,Tamil Nadu,Central Government Agency,15418.41,16452.89,1493.05,60,47,4.85,59.19,78.33,16.28,53.09,6.1,1303.71,189.34,23,1,2,19.14,6.71,8.09,0,0,29.81,Low
PRJ-01120,Infrastructure Project 01120,Ministry of Railways,Water & Sanitation,Tamil Nadu,Infrastructure Development Authority,8364.08,10128.27,3148.94,28,5,0.0,22.64,17.86,37.59,18.37,4.27,3090.33,58.61,21,1,1,-4.79,21.09,0.0,1,0,14.55,Low
PRJ-01121,Infrastructure Project 01121,Ministry of Jal Shakti,Water & Sanitation,Rajasthan,State Government Agency,29912.52,34597.29,10078.66,25,22,0.0,84.17,88.0,35.15,78.04,6.13,10026.96,51.7,25,6,0,3.83,15.66,0.0,1,0,17.86,Low
PRJ-01122,Infrastructure Project 01122,Ministry of Road Transport,Communication,Karnataka,Public Sector Undertaking,48974.36,54296.59,28207.29,75,21,3.0,17.94,28.0,58.61,11.31,6.63,26844.9,1362.39,18,2,0,10.06,10.87,4.0,1,0,11.49,Low
PRJ-01123,Infrastructure Project 01123,Ministry of Power,Coal,Bihar,Infrastructure Development Authority,16586.66,16936.91,13685.87,52,17,0.0,39.53,32.69,87.47,37.14,2.39,13408.74,277.13,15,10,0,-6.84,2.11,0.0,0,0,0.0,Low
PRJ-01124,Infrastructure Project 01124,Ministry of Road Transport,Energy,Andhra Pradesh,Public Sector Undertaking,3534.05,4028.85,1647.49,86,62,0.0,79.0,72.09,35.36,73.2,5.8,1528.64,118.85,12,8,0,-6.91,14.0,0.0,1,0,18.16,Low
PRJ-01125,Infrastructure Project 01125,Ministry of Road Transport,Coal,Uttar Pradesh,Infrastructure Development Authority,45020.24,52225.89,30791.44,74,43,6.98,43.25,58.11,58.36,37.29,5.96,26305.14,4486.3,19,16,1,14.86,16.01,9.44,1,0,19.92,Low
PRJ-01126,Infrastructure Project 01126,Ministry of Steel,Steel,Maharashtra,Central Government Agency,1351.97,1519.29,638.16,25,23,1.11,100.0,92.0,46.97,98.14,1.86,631.8,6.35,5,2,0,-8.0,12.38,4.43,1,0,17.74,Low
PRJ-01127,Infrastructure Project 01127,Ministry of Coal,Steel,Odisha,State Government Agency,35098.99,37822.33,3233.9,83,5,0.0,8.55,6.02,16.37,0.87,7.68,3024.79,209.11,27,9,2,-2.53,7.76,0.0,0,0,7.91,Low
PRJ-01128,Infrastructure Project 01128,Ministry of Railways,Mining,Gujarat,Public Sector Undertaking,36747.25,37696.64,14751.69,112,119,10.95,92.16,100.0,42.45,86.9,5.26,14142.7,608.99,22,16,1,7.84,2.58,9.77,0,0,13.62,Low
PRJ-01129,Infrastructure Project 01129,Ministry of Steel,Transport & Logistics,Odisha,State Government Agency,42243.9,45057.92,15092.71,75,67,1.5,95.32,89.33,34.64,91.52,3.79,14957.5,135.21,16,11,0,-5.98,6.66,2.0,0,0,9.7,Low
PRJ-01130,Infrastructure Project 01130,Ministry of Railways,Communication,Bihar,Central Government Agency,6075.23,7190.55,5576.29,30,37,6.12,100.0,100.0,67.42,95.3,4.7,4919.8,656.49,19,10,0,0.0,18.36,20.41,1,1,16.6,Low
PRJ-01131,Infrastructure Project 01131,Ministry of Power,Communication,Odisha,Central Government Agency,11538.73,13502.76,4190.94,119,91,4.16,79.44,76.47,25.64,78.02,1.42,4099.72,91.22,13,2,0,-2.97,17.02,3.5,1,0,13.26,Low
PRJ-01132,Infrastructure Project 01132,Ministry of Housing,Steel,Andhra Pradesh,Infrastructure Development Authority,3042.78,3667.47,1744.16,82,40,7.63,35.15,48.78,45.26,33.92,1.23,1496.23,247.93,14,3,5,13.63,20.53,9.31,1,0,31.02,Low
PRJ-01133,Infrastructure Project 01133,Ministry of Road Transport,Water & Sanitation,Gujarat,Infrastructure Development Authority,36982.88,41294.71,6580.34,43,19,6.14,35.52,44.19,23.68,30.86,4.65,5690.64,889.7,9,2,0,8.67,11.66,14.28,1,1,21.21,Low
PRJ-01134,Infrastructure Project 01134,Ministry of Steel,Steel,Andhra Pradesh,Central Government Agency,43958.58,45679.43,34845.33,103,6,6.93,0.0,5.83,78.07,0.0,0.0,31637.09,3208.24,5,0,2,5.83,3.91,6.73,0,0,16.14,Low
PRJ-01135,Infrastructure Project 01135,Ministry of Coal,Water & Sanitation,Bihar,State Government Agency,37410.01,40464.2,33285.09,45,49,5.72,100.0,100.0,79.0,98.42,1.58,33044.59,240.5,8,1,0,0.0,8.16,12.71,0,1,13.22,Low
PRJ-01136,Infrastructure Project 01136,Ministry of Housing,Steel,Telangana,Central Government Agency,3755.0,4001.55,1560.75,46,49,7.67,100.0,100.0,43.88,96.24,3.76,1361.22,199.53,18,5,0,0.0,6.57,16.66,0,1,14.47,Low
PRJ-01137,Infrastructure Project 01137,Ministry of Power,Communication,West Bengal,Central Government Agency,30350.15,36439.48,25171.37,88,12,7.37,20.71,13.64,70.51,13.55,7.16,22189.93,2981.43,9,7,1,-7.08,20.06,8.38,1,0,19.2,Low
PRJ-01138,Infrastructure Project 01138,Ministry of Steel,Transport & Logistics,Odisha,Infrastructure Development Authority,19414.45,23174.58,17154.38,98,50,7.3,44.52,51.02,75.79,43.9,0.62,15000.43,2153.95,28,6,0,6.5,19.37,7.45,1,0,20.88,Low
PRJ-01139,Infrastructure Project 01139,Ministry of Communications,Steel,Odisha,State Government Agency,36722.98,45818.67,20750.65,47,53,2.51,100.0,100.0,50.26,94.4,5.6,18817.3,1933.35,20,15,4,0.0,24.77,5.33,1,0,21.54,Low
PRJ-01140,Infrastructure Project 01140,Ministry of Railways,Steel,Karnataka,Central Government Agency,22648.8,24429.43,7375.75,114,32,9.01,33.39,28.07,35.82,31.79,1.6,6933.45,442.3,26,25,0,-5.32,7.86,7.91,0,0,10.86,Low
PRJ-01141,Infrastructure Project 01141,Ministry of Jal Shakti,Energy,Telangana,Infrastructure Development Authority,38247.54,41144.43,15577.1,78,61,5.54,93.5,78.21,49.1,87.76,5.73,14226.35,1350.75,22,16,0,-15.29,7.57,7.1,0,0,10.87,Low
PRJ-01142,Infrastructure Project 01142,Ministry of Power,Coal,Bihar,State Government Agency,31937.56,35969.73,19356.98,100,68,3.0,66.75,68.0,54.64,61.02,5.73,19210.65,146.33,11,10,0,1.25,12.63,3.0,1,0,6.28,Low
PRJ-01143,Infrastructure Project 01143,Ministry of Coal,Mining,Karnataka,Public Sector Undertaking,40308.78,47507.18,8021.73,37,44,8.36,100.0,100.0,12.33,95.49,4.51,7572.45,449.28,5,5,1,0.0,17.86,22.59,1,1,33.17,Low
PRJ-01144,Infrastructure Project 01144,Ministry of Jal Shakti,Energy,Uttar Pradesh,State Government Agency,15985.35,20429.36,2864.89,85,93,10.55,100.0,100.0,5.37,96.08,3.92,2677.06,187.83,8,8,1,0.0,27.8,12.42,1,1,26.0,Low
PRJ-01145,Infrastructure Project 01145,Ministry of Housing,Coal,Andhra Pradesh,Public Sector Undertaking,5933.52,5996.27,2271.52,64,66,10.96,100.0,100.0,29.43,99.71,0.29,1937.93,333.59,8,7,1,0.0,1.06,17.12,0,1,20.46,Low
PRJ-01146,Infrastructure Project 01146,Ministry of Power,Transport & Logistics,Madhya Pradesh,Infrastructure Development Authority,43573.4,53725.19,40016.19,49,12,1.22,21.91,24.49,81.52,21.65,0.26,36476.65,3539.54,11,11,2,2.58,23.3,2.49,1,0,14.02,Low
PRJ-01147,Infrastructure Project 01147,Ministry of Communications,Transport & Logistics,Tamil Nadu,Central Government Agency,45655.13,49437.55,31094.1,52,38,2.55,66.19,73.08,61.35,64.09,2.1,30965.36,128.74,26,14,1,6.89,8.28,4.91,0,0,20.25,Low
PRJ-01148,Infrastructure Project 01148,Ministry of Communications,Mining,Gujarat,Infrastructure Development Authority,1158.54,1188.97,476.51,24,18,5.64,79.05,75.0,40.04,76.18,2.86,446.4,30.11,19,10,1,-4.05,2.63,23.49,0,1,26.03,Low
PRJ-01149,Infrastructure Project 01149,Ministry of Jal Shakti,Communication,Uttar Pradesh,State Government Agency,30559.91,35268.12,3999.86,40,5,6.87,7.93,12.5,9.56,6.45,1.48,3884.61,115.25,21,6,2,4.57,15.41,17.16,1,1,27.4,Low
PRJ-01150,Infrastructure Project 01150,Ministry of Coal,Transport & Logistics,Uttar Pradesh,Infrastructure Development Authority,22477.83,24432.26,18882.1,117,87,8.24,68.28,74.36,73.59,61.89,6.38,17849.84,1032.27,13,2,1,6.08,8.69,7.04,0,0,13.57,Low
PRJ-01151,Infrastructure Project 01151,Ministry of Coal,Social Infrastructure,Odisha,Public Sector Undertaking,31437.94,32596.39,11725.78,29,26,7.7,79.55,89.66,36.75,76.58,2.97,10185.39,1540.39,19,17,0,10.11,3.68,26.55,0,1,24.6,Low
PRJ-01152,Infrastructure Project 01152,Ministry of Road Transport,Transport & Logistics,Gujarat,Central Government Agency,36228.92,42059.18,10749.32,43,52,7.48,100.0,100.0,23.78,95.22,4.78,10737.89,11.43,13,5,0,0.0,16.09,17.4,1,1,25.72,Low
PRJ-01153,Infrastructure Project 01153,Ministry of Communications,Steel,Rajasthan,Infrastructure Development Authority,31860.19,35193.63,28689.31,95,94,2.24,99.73,98.95,86.73,91.83,7.91,24571.68,4117.63,23,23,1,-0.79,10.46,2.36,1,0,1.36,Low
PRJ-01154,Infrastructure Project 01154,Ministry of Road Transport,Mining,Karnataka,Central Government Agency,40345.5,42164.86,7073.58,85,53,11.05,54.2,62.35,21.81,50.71,3.49,6404.46,669.12,18,15,1,8.16,4.51,13.0,0,1,23.6,Low
PRJ-01155,Infrastructure Project 01155,Ministry of Jal Shakti,Mining,Odisha,Public Sector Undertaking,5033.76,5384.94,4294.19,59,37,0.0,68.03,62.71,85.88,67.69,0.34,4170.23,123.96,15,11,0,-5.32,6.98,0.0,0,0,10.62,Low
PRJ-01156,Infrastructure Project 01156,Ministry of Communications,Communication,Odisha,Central Government Agency,43706.63,46254.71,38569.41,86,12,5.68,5.7,13.95,75.8,4.95,0.75,38327.14,242.26,24,12,3,8.26,5.83,6.6,0,0,12.04,Low
PRJ-01157,Infrastructure Project 01157,Ministry of Power,Mining,Uttar Pradesh,Central Government Agency,12187.93,14523.08,5483.55,115,97,7.22,81.78,84.35,38.65,77.82,3.96,5378.3,105.25,20,8,2,2.57,19.16,6.28,1,0,19.6,Low
PRJ-01158,Infrastructure Project 01158,Ministry of Jal Shakti,Mining,Gujarat,State Government Agency,44757.63,67302.68,38330.25,64,52,0.0,75.08,81.25,52.94,72.37,2.7,35872.2,2458.05,22,13,0,6.17,50.37,0.0,1,0,30.75,Low
PRJ-01159,Infrastructure Project 01159,Ministry of Coal,Transport & Logistics,Tamil Nadu,State Government Agency,24193.46,24789.6,7246.4,100,80,3.52,88.2,80.0,28.61,86.92,1.29,6947.17,299.23,20,16,0,-8.2,2.46,3.52,0,0,0.08,Low
PRJ-01160,Infrastructure Project 01160,Ministry of Steel,Energy,Tamil Nadu,Public Sector Undertaking,5157.73,5683.75,3086.94,49,36,3.52,64.73,73.47,53.47,57.14,7.59,2881.29,205.65,26,13,2,8.74,10.2,7.19,1,0,19.2,Low
PRJ-01161,Infrastructure Project 01161,Ministry of Communications,Water & Sanitation,Uttar Pradesh,Central Government Agency,27921.6,32504.27,27182.76,54,52,2.37,84.0,96.3,82.27,79.67,4.33,24705.98,2476.78,19,14,1,12.3,16.41,4.38,1,0,27.2,Low
PRJ-01162,Infrastructure Project 01162,Ministry of Communications,Social Infrastructure,Madhya Pradesh,Public Sector Undertaking,46689.36,55175.87,39373.65,25,12,1.98,51.75,48.0,75.99,46.7,5.05,34670.79,4702.86,18,14,2,-3.75,18.18,7.91,1,0,21.95,Low
PRJ-01163,Infrastructure Project 01163,Ministry of Communications,Steel,West Bengal,State Government Agency,28019.53,32831.17,15896.13,47,29,0.0,59.57,61.7,48.82,52.77,6.81,13608.9,2287.23,14,14,1,2.13,17.17,0.0,1,0,14.38,Low
PRJ-01164,Infrastructure Project 01164,Ministry of Coal,Social Infrastructure,Rajasthan,Public Sector Undertaking,2322.94,2439.99,1139.18,92,66,0.0,79.31,71.74,50.68,74.43,4.88,1132.2,6.98,14,6,0,-7.57,5.04,0.0,0,0,11.83,Low
PRJ-01165,Infrastructure Project 01165,Ministry of Communications,Social Infrastructure,Karnataka,State Government Agency,48199.86,49474.57,30485.11,56,45,0.0,82.18,80.36,66.03,74.45,7.72,29125.34,1359.77,20,12,0,-1.82,2.64,0.0,0,0,0.0,Low
PRJ-01166,Infrastructure Project 01166,Ministry of Road Transport,Steel,Gujarat,Central Government Agency,38591.14,41205.06,29892.67,111,64,4.6,71.12,57.66,69.34,67.6,3.52,27892.28,2000.39,9,0,1,-13.46,6.77,4.15,0,0,5.97,Low
PRJ-01167,Infrastructure Project 01167,Ministry of Road Transport,Transport & Logistics,West Bengal,Infrastructure Development Authority,8250.88,9150.86,3504.56,62,64,4.56,93.14,100.0,44.73,88.8,4.34,3368.34,136.22,14,5,0,6.86,10.91,7.35,1,0,20.5,Low
PRJ-01168,Infrastructure Project 01168,Ministry of Coal,Water & Sanitation,Karnataka,State Government Agency,2939.01,3009.13,1592.05,119,72,10.8,59.23,60.5,49.44,58.82,0.42,1355.03,237.03,29,16,2,1.27,2.39,9.07,0,0,2.81,Low
PRJ-01169,Infrastructure Project 01169,Ministry of Housing,Energy,Telangana,Infrastructure Development Authority,27130.35,31426.35,20836.89,102,76,2.18,66.94,74.51,70.99,66.72,0.22,20826.73,10.15,21,13,1,7.57,15.83,2.14,1,0,14.88,Low
PRJ-01170,Infrastructure Project 01170,Ministry of Communications,Mining,Bihar,Central Government Agency,27728.86,29314.61,16343.41,64,38,15.14,57.12,59.38,58.66,49.25,7.87,15810.23,533.19,23,15,0,2.26,5.72,23.66,0,1,10.72,Low
PRJ-01171,Infrastructure Project 01171,Ministry of Power,Social Infrastructure,Bihar,State Government Agency,26434.88,28643.9,6052.22,56,25,4.55,46.29,44.64,21.87,43.97,2.32,5965.79,86.43,21,3,0,-1.65,8.36,8.13,0,0,10.76,Low
PRJ-01172,Infrastructure Project 01172,Ministry of Communications,Social Infrastructure,Telangana,Public Sector Undertaking,28512.81,30480.75,3519.16,67,76,10.95,100.0,100.0,14.47,95.61,4.39,3278.92,240.24,29,5,0,0.0,6.9,16.34,0,1,19.01,Low
PRJ-01173,Infrastructure Project 01173,Ministry of Road Transport,Coal,Madhya Pradesh,Central Government Agency,18783.68,19325.96,14470.9,102,79,0.62,77.36,77.45,76.39,77.26,0.1,12989.36,1481.54,28,3,0,0.09,2.89,0.6,0,0,0.68,Low
PRJ-01174,Infrastructure Project 01174,Ministry of Jal Shakti,Communication,Uttar Pradesh,Public Sector Undertaking,41479.69,49930.68,28404.18,116,108,1.59,93.91,93.1,54.22,90.39,3.52,24478.54,3925.64,14,4,0,-0.81,20.37,1.37,1,0,8.36,Low
PRJ-01175,Infrastructure Project 01175,Ministry of Power,Social Infrastructure,Bihar,Public Sector Undertaking,34126.93,47009.89,33938.78,54,45,14.8,79.28,83.33,64.78,77.25,2.03,33685.93,252.85,16,2,0,4.05,37.75,27.4,1,1,33.14,Low
PRJ-01176,Infrastructure Project 01176,Ministry of Housing,Mining,Telangana,Central Government Agency,44385.17,46017.25,26706.54,37,19,3.88,55.68,51.35,50.66,48.35,7.33,25947.49,759.05,25,25,1,-4.33,3.68,10.48,0,1,12.78,Low
PRJ-01177,Infrastructure Project 01177,Ministry of Power,Energy,Tamil Nadu,State Government Agency,4438.4,5457.84,4223.07,107,25,8.34,9.61,23.36,87.67,9.08,0.54,4188.79,34.28,6,1,0,13.75,22.97,7.8,1,0,25.56,Low
PRJ-01178,Infrastructure Project 01178,Ministry of Steel,Steel,Madhya Pradesh,Central Government Agency,43909.29,52226.31,21212.22,100,94,10.31,84.48,94.0,33.4,80.87,3.61,19006.0,2206.23,16,1,1,9.52,18.94,10.31,1,1,28.36,Low
PRJ-01179,Infrastructure Project 01179,Ministry of Road Transport,Mining,Telangana,Infrastructure Development Authority,30331.82,31000.58,11491.62,31,37,5.24,100.0,100.0,37.52,96.56,3.44,11008.71,482.92,24,1,1,0.0,2.2,16.91,0,1,22.79,Low
PRJ-01180,Infrastructure Project 01180,Ministry of Coal,Mining,West Bengal,State Government Agency,36103.88,37398.76,12141.63,61,34,0.0,57.16,55.74,34.32,49.35,7.81,10853.64,1288.0,17,15,0,-1.42,3.59,0.0,0,0,7.6,Low
PRJ-01181,Infrastructure Project 01181,Ministry of Jal Shakti,Communication,Gujarat,Infrastructure Development Authority,37825.42,41217.42,31409.25,100,44,3.29,30.86,44.0,75.12,23.66,7.21,28574.0,2835.25,7,5,2,13.14,8.97,3.29,0,0,22.87,Low
PRJ-01182,Infrastructure Project 01182,Ministry of Coal,Social Infrastructure,West Bengal,Central Government Agency,47577.14,56869.93,24449.62,56,50,2.24,89.35,89.29,43.19,86.33,3.02,23321.97,1127.65,11,3,0,-0.06,19.53,3.99,1,0,6.55,Low
PRJ-01183,Infrastructure Project 01183,Ministry of Communications,Water & Sanitation,Telangana,Central Government Agency,43704.58,49111.74,6316.37,75,33,8.32,44.96,44.0,20.27,39.75,5.21,6156.96,159.41,5,5,0,-0.96,12.37,11.1,1,1,14.02,Low
PRJ-01184,Infrastructure Project 01184,Ministry of Jal Shakti,Coal,Uttar Pradesh,Public Sector Undertaking,42348.54,44649.7,17868.43,51,31,11.73,47.81,60.78,35.4,42.06,5.75,15659.66,2208.77,7,0,2,12.98,5.43,23.0,0,1,31.7,Low
PRJ-01185,Infrastructure Project 01185,Ministry of Power,Transport & Logistics,Uttar Pradesh,State Government Agency,47838.26,72587.88,30845.81,27,20,8.0,63.38,74.07,42.17,62.39,0.98,28505.1,2340.72,24,11,1,10.7,51.74,29.63,1,1,47.67,Medium
PRJ-01186,Infrastructure Project 01186,Ministry of Coal,Communication,Odisha,State Government Agency,24628.7,25952.16,12608.36,114,11,10.74,11.82,9.65,49.53,4.46,7.36,12228.89,379.47,25,2,0,-2.17,5.37,9.42,0,0,11.13,Low
PRJ-01187,Infrastructure Project 01187,Ministry of Power,Transport & Logistics,Rajasthan,State Government Agency,12725.84,13982.45,4295.96,97,68,8.37,61.18,70.1,24.81,57.56,3.62,3798.51,497.46,14,1,3,8.92,9.87,8.63,0,0,20.45,Low
PRJ-01188,Infrastructure Project 01188,Ministry of Communications,Steel,West Bengal,State Government Agency,31116.5,42318.5,24798.68,61,15,6.93,18.39,24.59,63.48,11.36,7.03,23746.2,1052.47,22,3,0,6.2,36.0,11.37,1,1,20.7,Low
PRJ-01189,Infrastructure Project 01189,Ministry of Jal Shakti,Energy,Gujarat,Central Government Agency,17795.1,18115.01,3088.72,40,35,0.0,89.52,87.5,14.89,81.81,7.71,2925.46,163.26,5,0,2,-2.02,1.8,0.0,0,0,26.42,Low
PRJ-01190,Infrastructure Project 01190,Ministry of Housing,Communication,Odisha,Infrastructure Development Authority,25511.34,25569.89,5689.78,117,24,0.0,27.97,20.51,20.38,20.4,7.57,5111.88,577.9,8,0,0,-7.45,0.23,0.0,0,0,12.29,Low
PRJ-01191,Infrastructure Project 01191,Ministry of Communications,Steel,Andhra Pradesh,State Government Agency,37878.91,40530.73,9991.3,52,58,4.79,100.0,100.0,26.73,92.64,7.36,9127.5,863.8,28,5,0,0.0,7.0,9.22,0,0,10.29,Low
PRJ-01192,Infrastructure Project 01192,Ministry of Coal,Coal,Andhra Pradesh,Central Government Agency,13097.81,14962.37,6420.83,44,50,5.96,100.0,100.0,43.29,94.86,5.14,5497.58,923.24,12,12,0,0.0,14.24,13.54,1,1,14.21,Low
PRJ-01193,Infrastructure Project 01193,Ministry of Communications,Steel,Andhra Pradesh,Central Government Agency,47116.88,62874.38,33667.02,63,23,15.63,19.26,36.51,57.12,13.86,5.4,29486.51,4180.51,10,0,1,17.25,33.44,24.81,1,1,46.55,Medium
PRJ-01194,Infrastructure Project 01194,Ministry of Housing,Transport & Logistics,Maharashtra,Central Government Agency,5158.24,5252.37,1880.31,111,115,5.3,100.0,100.0,42.69,96.68,3.32,1713.77,166.55,15,15,2,0.0,1.82,4.77,0,0,12.44,Low
PRJ-01195,Infrastructure Project 01195,Ministry of Railways,Mining,Odisha,Infrastructure Development Authority,40030.92,47746.03,17525.87,51,47,0.0,100.0,92.16,40.72,98.44,1.56,16659.83,866.04,9,2,0,-7.84,19.27,0.0,1,0,16.62,Low
PRJ-01196,Infrastructure Project 01196,Ministry of Housing,Energy,Odisha,Central Government Agency,18361.88,28022.08,12910.53,103,8,18.24,0.0,7.77,45.35,0.0,0.0,12845.99,64.54,14,14,0,7.77,52.61,17.71,1,1,41.96,Medium
PRJ-01197,Infrastructure Project 01197,Ministry of Communications,Steel,Rajasthan,Central Government Agency,19470.66,20183.79,15572.7,55,21,0.17,34.3,38.18,84.97,32.06,2.24,15064.57,508.13,14,8,2,3.88,3.66,0.31,0,0,6.61,Low
PRJ-01198,Infrastructure Project 01198,Ministry of Coal,Coal,Tamil Nadu,Infrastructure Development Authority,187.33,195.01,67.05,103,50,3.24,69.66,48.54,38.16,63.95,5.7,57.07,9.99,8,5,1,-21.11,4.1,3.14,0,0,11.56,Low
PRJ-01199,Infrastructure Project 01199,Ministry of Railways,Transport & Logistics,Andhra Pradesh,Public Sector Undertaking,24404.49,26093.63,13103.38,102,31,8.82,26.64,30.39,48.97,25.9,0.74,11741.61,1361.77,24,19,1,3.75,6.92,8.64,0,0,14.14,Low
PRJ-01200,Infrastructure Project 01200,Ministry of Jal Shakti,Communication,Uttar Pradesh,Central Government Agency,25894.76,26039.5,19637.37,117,62,1.22,46.04,52.99,81.31,42.67,3.37,16803.94,2833.42,29,19,1,6.95,0.56,1.04,0,0,13.81,Low
PRJ-01201,Infrastructure Project 01201,Ministry of Housing,Transport & Logistics,Uttar Pradesh,Public Sector Undertaking,15556.4,15740.46,3122.04,40,28,0.0,81.35,70.0,17.55,74.48,6.88,3093.26,28.78,10,5,0,-11.35,1.18,0.0,0,0,0.68,Low
PRJ-01202,Infrastructure Project 01202,Ministry of Railways,Communication,West Bengal,Central Government Agency,6218.47,6288.42,3244.7,65,37,0.0,55.97,56.92,56.93,51.27,4.7,3168.85,75.85,23,3,0,0.96,1.12,0.0,0,0,11.13,Low
PRJ-01203,Infrastructure Project 01203,Ministry of Communications,Coal,Uttar Pradesh,Infrastructure Development Authority,45995.13,53060.69,40545.42,80,49,0.0,56.61,61.25,75.32,54.05,2.55,38539.92,2005.5,27,1,1,4.64,15.36,0.0,1,0,10.62,Low
PRJ-01204,Infrastructure Project 01204,Ministry of Road Transport,Social Infrastructure,Uttar Pradesh,State Government Agency,22302.52,25402.46,7884.97,110,68,16.82,58.5,61.82,36.4,54.03,4.47,7614.7,270.27,18,14,0,3.32,13.9,15.29,1,1,17.7,Low
PRJ-01205,Infrastructure Project 01205,Ministry of Road Transport,Transport & Logistics,West Bengal,Infrastructure Development Authority,27452.12,28374.31,16495.26,83,63,3.94,75.16,75.9,56.86,67.58,7.58,16253.55,241.71,16,14,1,0.74,3.36,4.75,0,0,6.51,Low
PRJ-01206,Infrastructure Project 01206,Ministry of Housing,Mining,Uttar Pradesh,Central Government Agency,48827.34,50974.87,26950.43,37,23,0.0,67.11,62.16,59.68,64.03,3.08,26833.71,116.72,26,5,1,-4.95,4.4,0.0,0,0,5.73,Low
PRJ-01207,Infrastructure Project 01207,Ministry of Power,Energy,Madhya Pradesh,State Government Agency,37073.64,41352.91,18698.53,30,38,0.01,100.0,100.0,55.11,97.28,2.72,16595.46,2103.07,25,18,0,0.0,11.54,0.04,1,0,0.0,Low
PRJ-01208,Infrastructure Project 01208,Ministry of Power,Coal,Bihar,Infrastructure Development Authority,25512.02,26346.02,7885.32,31,8,0.0,30.13,25.81,45.77,29.88,0.25,7073.56,811.76,5,1,0,-4.33,3.27,0.0,0,0,2.65,Low
PRJ-01209,Infrastructure Project 01209,Ministry of Communications,Steel,Andhra Pradesh,Public Sector Undertaking,11642.18,12530.95,2197.15,118,49,2.94,36.97,41.53,8.58,35.43,1.55,1968.25,228.9,29,24,0,4.55,7.63,2.49,0,0,15.25,Low
PRJ-01210,Infrastructure Project 01210,Ministry of Communications,Communication,Gujarat,Public Sector Undertaking,37793.07,41668.92,7067.26,66,29,0.0,33.28,43.94,20.58,27.33,5.96,6774.93,292.32,14,11,0,10.66,10.26,0.0,1,0,21.17,Low
PRJ-01211,Infrastructure Project 01211,Ministry of Power,Energy,Maharashtra,Infrastructure Development Authority,49649.2,50470.3,34710.73,67,35,0.39,64.37,52.24,75.37,57.84,6.53,34470.84,239.88,23,19,0,-12.13,1.65,0.59,0,0,5.64,Low
PRJ-01212,Infrastructure Project 01212,Ministry of Railways,Steel,Gujarat,State Government Agency,10821.86,11745.39,879.19,119,24,4.14,11.01,20.17,10.42,3.98,7.03,838.41,40.78,15,9,0,9.16,8.53,3.48,0,0,18.46,Low
PRJ-01213,Infrastructure Project 01213,Ministry of Steel,Transport & Logistics,Uttar Pradesh,State Government Agency,45905.46,47497.1,19458.4,111,100,8.32,90.41,90.09,40.8,85.82,4.59,18369.8,1088.6,11,2,0,-0.32,3.47,7.5,0,0,20.59,Low
PRJ-01214,Infrastructure Project 01214,Ministry of Coal,Energy,West Bengal,Public Sector Undertaking,29037.4,33350.15,26370.38,114,37,10.55,33.4,32.46,72.31,27.74,5.65,25074.15,1296.22,11,6,0,-0.94,14.85,9.25,1,0,17.37,Low
PRJ-01215,Infrastructure Project 01215,Ministry of Jal Shakti,Coal,Gujarat,Central Government Agency,12105.62,14176.94,8598.09,115,57,15.48,40.45,49.57,60.66,33.06,7.39,7484.37,1113.72,6,1,0,9.11,17.11,13.46,1,1,23.2,Low
PRJ-01216,Infrastructure Project 01216,Ministry of Power,Energy,Rajasthan,Public Sector Undertaking,363.71,398.06,304.63,106,26,5.44,12.28,24.53,80.54,5.1,7.19,295.32,9.32,28,16,0,12.25,9.44,5.13,0,0,15.12,Low
PRJ-01217,Infrastructure Project 01217,Ministry of Jal Shakti,Communication,Odisha,Infrastructure Development Authority,42661.3,51784.47,38947.06,36,27,0.0,68.98,75.0,77.52,67.87,1.11,36097.83,2849.23,16,9,1,6.02,21.39,0.0,1,0,19.72,Low
PRJ-01218,Infrastructure Project 01218,Ministry of Communications,Water & Sanitation,Tamil Nadu,State Government Agency,45871.48,49377.2,41884.01,106,24,18.22,26.68,22.64,86.97,25.99,0.69,35967.15,5916.86,15,9,2,-4.04,7.64,17.19,0,1,13.97,Low
PRJ-01219,Infrastructure Project 01219,Ministry of Coal,Social Infrastructure,Karnataka,State Government Agency,36984.36,39531.64,11255.15,81,17,7.69,12.65,20.99,29.11,11.82,0.84,10768.24,486.91,24,0,2,8.33,6.89,9.5,0,0,25.37,Low
PRJ-01220,Infrastructure Project 01220,Ministry of Communications,Energy,West Bengal,State Government Agency,708.38,744.93,164.0,58,14,8.96,12.71,24.14,22.03,11.71,1.0,143.37,20.63,28,5,5,11.43,5.16,15.44,0,1,23.01,Low
PRJ-01221,Infrastructure Project 01221,Ministry of Coal,Mining,Gujarat,State Government Agency,41842.07,44475.72,3961.39,64,55,2.74,84.43,85.94,7.62,77.91,6.52,3538.52,422.87,17,5,1,1.51,6.29,4.28,0,0,19.74,Low
PRJ-01222,Infrastructure Project 01222,Ministry of Steel,Water & Sanitation,Andhra Pradesh,Public Sector Undertaking,2869.47,3428.36,1042.97,38,6,13.33,0.0,15.79,24.39,0.0,0.0,1040.92,2.05,27,19,4,15.79,19.48,35.07,1,1,36.88,Medium
PRJ-01223,Infrastructure Project 01223,Ministry of Power,Coal,Gujarat,Infrastructure Development Authority,45712.26,46523.62,2945.28,88,46,0.0,53.11,52.27,9.67,48.23,4.89,2742.7,202.58,23,22,0,-0.84,1.77,0.0,0,0,10.3,Low
PRJ-01224,Infrastructure Project 01224,Ministry of Railways,Transport & Logistics,Tamil Nadu,Infrastructure Development Authority,5622.75,5801.8,4685.7,73,79,1.87,100.0,100.0,79.31,99.73,0.27,4419.64,266.06,29,5,1,0.0,3.18,2.56,0,0,5.92,Low
PRJ-01225,Infrastructure Project 01225,Ministry of Coal,Coal,Gujarat,Central Government Agency,21755.03,24551.18,14621.38,33,36,0.0,100.0,100.0,63.76,95.1,4.9,12699.82,1921.57,22,3,0,0.0,12.85,0.0,1,0,7.95,Low
PRJ-01226,Infrastructure Project 01226,Ministry of Housing,Social Infrastructure,West Bengal,Public Sector Undertaking,41256.94,44007.6,20147.02,37,3,0.0,20.57,8.11,46.49,20.38,0.19,18842.27,1304.75,8,5,0,-12.46,6.67,0.0,0,0,0.0,Low
PRJ-01227,Infrastructure Project 01227,Ministry of Coal,Transport & Logistics,Telangana,State Government Agency,12939.44,16572.32,12198.08,87,10,11.87,7.69,11.49,72.91,0.0,7.69,11503.58,694.5,10,8,0,3.81,28.08,13.65,1,1,20.75,Low
PRJ-01228,Infrastructure Project 01228,Ministry of Power,Coal,Andhra Pradesh,State Government Agency,34787.63,39777.56,24980.82,50,10,2.49,9.92,20.0,58.83,6.61,3.31,22793.04,2187.79,28,26,3,10.08,14.34,4.98,1,0,19.38,Low
PRJ-01229,Infrastructure Project 01229,Ministry of Jal Shakti,Steel,Andhra Pradesh,Public Sector Undertaking,19979.99,20798.71,13634.62,32,7,0.0,27.69,21.88,58.36,25.4,2.3,12309.58,1325.04,24,17,0,-5.82,4.1,0.0,0,0,4.1,Low
PRJ-01230,Infrastructure Project 01230,Ministry of Railways,Coal,Madhya Pradesh,Central Government Agency,20708.33,26832.79,6120.3,32,3,14.41,2.31,9.38,15.26,0.0,2.31,5319.09,801.21,26,13,1,7.07,29.57,45.03,1,1,44.5,Medium
PRJ-01231,Infrastructure Project 01231,Ministry of Housing,Energy,Karnataka,Central Government Agency,4845.92,4937.0,2691.73,53,54,5.24,98.59,100.0,53.83,97.95,0.64,2318.57,373.16,27,2,1,1.41,1.88,9.89,0,0,7.7,Low
PRJ-01232,Infrastructure Project 01232,Ministry of Communications,Water & Sanitation,Uttar Pradesh,State Government Agency,14655.83,14814.74,8961.73,61,56,0.0,100.0,91.8,66.79,94.08,5.92,8885.4,76.33,24,6,0,-8.2,1.08,0.0,0,0,11.58,Low
PRJ-01233,Infrastructure Project 01233,Ministry of Power,Communication,Karnataka,Infrastructure Development Authority,28657.83,36793.91,28193.42,59,4,2.12,2.06,6.78,73.06,0.0,2.06,25802.81,2390.61,9,6,2,4.71,28.39,3.6,1,0,27.74,Low
PRJ-01234,Infrastructure Project 01234,Ministry of Road Transport,Energy,West Bengal,State Government Agency,39403.17,40015.38,13439.07,33,28,6.68,86.67,84.85,30.74,79.51,7.16,12074.1,1364.97,16,13,0,-1.82,1.55,20.24,0,1,15.01,Low
PRJ-01235,Infrastructure Project 01235,Ministry of Road Transport,Communication,Gujarat,State Government Agency,40920.97,53939.53,3169.37,58,32,9.97,38.13,55.17,5.38,37.79,0.35,3049.17,120.2,12,2,1,17.04,31.81,17.19,1,1,36.97,Medium
PRJ-01236,Infrastructure Project 01236,Ministry of Road Transport,Water & Sanitation,Maharashtra,Central Government Agency,5741.05,7209.11,4256.65,97,29,19.59,41.22,29.9,56.77,35.31,5.91,3831.64,425.01,12,10,0,-11.32,25.57,20.2,1,1,28.21,Low
PRJ-01237,Infrastructure Project 01237,Ministry of Steel,Mining,Uttar Pradesh,Central Government Agency,3263.83,3376.86,1966.36,33,31,3.72,100.0,93.94,63.41,94.37,5.63,1800.45,165.92,13,0,0,-6.06,3.46,11.27,0,1,4.48,Low
PRJ-01238,Infrastructure Project 01238,Ministry of Communications,Mining,West Bengal,Public Sector Undertaking,4230.94,4272.19,1072.54,69,77,0.0,100.0,100.0,16.66,94.61,5.39,936.62,135.92,23,4,0,0.0,0.98,0.0,0,0,11.08,Low
PRJ-01239,Infrastructure Project 01239,Ministry of Jal Shakti,Transport & Logistics,Odisha,Infrastructure Development Authority,16061.51,19705.68,4444.05,80,27,0.0,38.28,33.75,21.12,36.96,1.32,4337.93,106.12,9,8,0,-4.53,22.69,0.0,1,0,15.52,Low
PRJ-01240,Infrastructure Project 01240,Ministry of Coal,Water & Sanitation,Bihar,Central Government Agency,23476.37,24273.86,13190.68,98,96,6.33,90.14,97.96,47.24,86.69,3.45,12194.83,995.85,11,11,1,7.82,3.4,6.46,0,0,9.71,Low
PRJ-01241,Infrastructure Project 01241,Ministry of Power,Communication,Gujarat,Central Government Agency,19366.19,19698.08,3098.35,67,28,0.0,45.93,41.79,16.28,43.55,2.38,3046.51,51.84,16,12,0,-4.14,1.71,0.0,0,0,19.46,Low
PRJ-01242,Infrastructure Project 01242,Ministry of Communications,Mining,Karnataka,Public Sector Undertaking,4463.56,4579.46,508.89,117,28,5.16,36.15,23.93,20.9,28.63,7.52,479.21,29.68,22,10,0,-12.22,2.6,4.41,0,0,14.32,Low
PRJ-01243,Infrastructure Project 01243,Ministry of Coal,Coal,Bihar,Infrastructure Development Authority,7481.59,8714.51,3206.47,67,31,0.0,44.42,46.27,43.51,42.24,2.18,3083.12,123.35,6,6,0,1.85,16.48,0.0,1,0,12.22,Low
PRJ-01244,Infrastructure Project 01244,Ministry of Power,Social Infrastructure,Maharashtra,State Government Agency,40777.72,44615.76,3245.93,31,29,0.71,100.0,93.55,9.34,92.74,7.26,3201.26,44.67,19,8,1,-6.45,9.41,2.28,0,0,20.28,Low
PRJ-01245,Infrastructure Project 01245,Ministry of Jal Shakti,Transport & Logistics,Tamil Nadu,State Government Agency,31959.44,32865.78,20825.63,119,7,4.04,1.83,5.88,60.12,0.0,1.83,20812.27,13.35,24,16,0,4.05,2.84,3.4,0,0,8.6,Low
PRJ-01246,Infrastructure Project 01246,Ministry of Railways,Transport & Logistics,Gujarat,Public Sector Undertaking,8066.97,9600.65,3311.8,75,60,0.0,73.51,80.0,38.22,69.54,3.97,2947.36,364.44,27,7,0,6.49,19.01,0.0,1,0,17.06,Low
PRJ-01247,Infrastructure Project 01247,Ministry of Coal,Coal,Rajasthan,Central Government Agency,47883.45,49855.97,5549.48,45,34,0.0,75.38,75.56,16.35,69.55,5.83,5207.55,341.93,26,12,1,0.18,4.12,0.0,0,0,15.92,Low
PRJ-01248,Infrastructure Project 01248,Ministry of Railways,Social Infrastructure,Gujarat,State Government Agency,10848.82,11701.16,6852.06,78,61,5.52,66.9,78.21,63.73,64.7,2.2,6243.53,608.52,22,16,2,11.3,7.86,7.08,0,0,25.34,Low
PRJ-01249,Infrastructure Project 01249,Ministry of Steel,Communication,Odisha,Infrastructure Development Authority,2303.66,2334.51,828.96,119,99,6.08,89.36,83.19,38.66,85.62,3.74,713.6,115.36,22,19,2,-6.16,1.34,5.11,0,0,13.03,Low
PRJ-01250,Infrastructure Project 01250,Ministry of Road Transport,Communication,Madhya Pradesh,Infrastructure Development Authority,12736.17,16115.73,10607.48,44,7,0.0,23.97,15.91,67.26,21.37,2.6,9221.26,1386.22,9,9,1,-8.06,26.54,0.0,1,0,11.22,Low
PRJ-01251,Infrastructure Project 01251,Ministry of Power,Transport & Logistics,Madhya Pradesh,State Government Agency,1974.64,2019.45,841.09,92,12,12.23,3.02,13.04,40.24,0.0,3.02,827.68,13.41,19,19,2,10.02,2.27,13.29,0,1,20.14,Low
PRJ-01252,Infrastructure Project 01252,Ministry of Coal,Communication,Andhra Pradesh,Public Sector Undertaking,573.88,710.74,296.76,109,10,11.75,7.57,9.17,46.26,1.76,5.81,295.02,1.74,26,11,0,1.6,23.85,10.78,1,1,15.2,Low
PRJ-01253,Infrastructure Project 01253,Ministry of Power,Energy,Maharashtra,State Government Agency,4079.58,5310.01,3805.06,27,26,0.0,100.0,96.3,69.03,99.13,0.87,3717.48,87.58,26,6,0,-3.7,30.16,0.0,1,0,19.85,Low
PRJ-01254,Infrastructure Project 01254,Ministry of Steel,Water & Sanitation,West Bengal,State Government Agency,33240.28,48414.07,36705.33,55,10,11.31,8.36,18.18,74.25,6.75,1.61,31812.64,4892.69,21,17,0,9.82,45.65,20.56,1,1,48.39,Medium
PRJ-01255,Infrastructure Project 01255,Ministry of Steel,Water & Sanitation,Madhya Pradesh,Central Government Agency,35284.4,37370.69,19827.06,56,56,0.39,79.44,100.0,47.61,79.38,0.06,19455.4,371.66,8,8,0,20.56,5.91,0.7,0,0,19.79,Low
PRJ-01256,Infrastructure Project 01256,Ministry of Railways,Communication,Telangana,Central Government Agency,9627.95,11278.72,4168.67,28,34,8.4,100.0,100.0,36.17,93.26,6.74,4136.47,32.2,8,0,0,0.0,17.15,30.0,1,1,28.26,Low
PRJ-01257,Infrastructure Project 01257,Ministry of Steel,Coal,Gujarat,Central Government Agency,11421.68,12775.77,7475.5,102,37,3.46,34.78,36.27,62.16,28.74,6.04,7317.64,157.86,23,12,0,1.49,11.86,3.39,1,0,0.0,Low
PRJ-01258,Infrastructure Project 01258,Ministry of Road Transport,Transport & Logistics,Karnataka,Central Government Agency,47337.79,50592.45,31291.45,100,90,1.03,88.0,90.0,61.39,85.04,2.96,26949.55,4341.9,18,12,1,2.0,6.88,1.03,0,0,18.31,Low
PRJ-01259,Infrastructure Project 01259,Ministry of Communications,Water & Sanitation,Karnataka,Public Sector Undertaking,16438.79,18457.82,8681.99,117,91,9.34,84.92,77.78,40.13,84.72,0.2,8341.8,340.19,25,18,1,-7.15,12.28,7.98,1,0,26.48,Low
PRJ-01260,Infrastructure Project 01260,Ministry of Jal Shakti,Mining,Karnataka,Infrastructure Development Authority,8342.74,9347.06,941.8,107,7,13.72,0.0,6.54,16.38,0.0,0.0,903.09,38.71,7,0,1,6.54,12.04,12.83,1,1,24.7,Low
PRJ-01261,Infrastructure Project 01261,Ministry of Railways,Energy,Telangana,State Government Agency,2165.9,2991.07,203.25,83,90,5.51,100.0,100.0,3.64,92.05,7.95,198.21,5.04,9,1,0,0.0,38.1,6.64,1,0,32.95,Low
PRJ-01262,Infrastructure Project 01262,Ministry of Road Transport,Water & Sanitation,Tamil Nadu,State Government Agency,43723.61,52024.42,26799.08,89,73,1.07,76.59,82.02,52.65,74.35,2.24,24744.23,2054.85,7,1,0,5.43,18.98,1.2,1,0,24.8,Low
PRJ-01263,Infrastructure Project 01263,Ministry of Steel,Water & Sanitation,Maharashtra,Public Sector Undertaking,14900.04,15740.86,12011.83,116,47,5.57,48.59,40.52,70.9,43.26,5.33,11173.81,838.01,6,6,1,-8.08,5.64,4.8,0,0,7.41,Low
PRJ-01264,Infrastructure Project 01264,Ministry of Coal,Transport & Logistics,Rajasthan,Public Sector Undertaking,36115.87,37182.61,19662.01,36,15,0.0,36.58,41.67,55.11,31.76,4.82,17744.86,1917.15,21,13,0,5.09,2.95,0.0,0,0,3.48,Low
PRJ-01265,Infrastructure Project 01265,Ministry of Jal Shakti,Communication,Andhra Pradesh,State Government Agency,44462.43,56510.71,33150.18,77,84,0.0,99.42,100.0,55.34,95.98,3.45,31502.1,1648.08,17,3,1,0.58,27.1,0.0,1,0,9.78,Low
PRJ-01266,Infrastructure Project 01266,Ministry of Coal,Transport & Logistics,Andhra Pradesh,Public Sector Undertaking,44243.89,53032.5,35980.99,64,64,11.6,91.13,100.0,74.0,85.52,5.61,31345.62,4635.37,6,0,1,8.87,19.86,18.12,1,1,30.8,Low
PRJ-01267,Infrastructure Project 01267,Ministry of Housing,Mining,Rajasthan,State Government Agency,28359.96,28886.72,12403.76,94,91,0.0,92.71,96.81,39.53,91.46,1.24,11244.42,1159.34,8,1,1,4.1,1.86,0.0,0,0,13.56,Low
PRJ-01268,Infrastructure Project 01268,Ministry of Coal,Transport & Logistics,Tamil Nadu,State Government Agency,40576.78,61642.96,30976.7,75,36,20.88,46.91,48.0,59.53,42.2,4.71,26843.69,4133.01,20,20,0,1.09,51.92,27.84,1,1,33.59,Low
PRJ-01269,Infrastructure Project 01269,Ministry of Power,Social Infrastructure,West Bengal,Infrastructure Development Authority,30173.71,35897.42,24579.21,76,50,10.57,66.21,65.79,70.59,59.35,6.86,21878.7,2700.51,14,10,0,-0.42,18.97,13.91,1,1,11.2,Low
PRJ-01270,Infrastructure Project 01270,Ministry of Housing,Communication,West Bengal,Public Sector Undertaking,12715.16,12973.1,10012.69,110,32,5.97,27.89,29.09,79.76,23.99,3.89,9100.65,912.04,9,8,0,1.2,2.03,5.43,0,0,5.15,Low
PRJ-01271,Infrastructure Project 01271,Ministry of Steel,Mining,West Bengal,State Government Agency,7745.85,8369.59,600.15,117,67,4.33,67.84,57.26,1.98,66.12,1.73,573.12,27.03,11,9,1,-10.58,8.05,3.7,0,0,16.47,Low
PRJ-01272,Infrastructure Project 01272,Ministry of Power,Social Infrastructure,Andhra Pradesh,Public Sector Undertaking,22760.61,23321.19,1854.48,68,9,1.1,10.0,13.24,1.61,4.3,5.71,1751.76,102.72,5,3,0,3.23,2.46,1.61,0,0,2.61,Low
PRJ-01273,Infrastructure Project 01273,Ministry of Steel,Steel,Karnataka,State Government Agency,24601.16,27135.42,15900.74,68,51,5.18,64.62,75.0,60.12,56.88,7.74,13808.95,2091.78,24,12,0,10.38,10.3,7.62,1,0,18.68,Low
PRJ-01274,Infrastructure Project 01274,Ministry of Railways,Energy,Andhra Pradesh,State Government Agency,7107.41,7178.32,782.36,66,61,5.26,67.3,92.42,15.08,60.2,7.1,706.39,75.98,18,17,3,25.13,1.0,7.97,0,0,31.27,Low
PRJ-01275,Infrastructure Project 01275,Ministry of Housing,Social Infrastructure,Uttar Pradesh,Public Sector Undertaking,27786.08,34704.46,26837.39,51,18,0.0,32.81,35.29,78.67,30.54,2.27,26294.11,543.28,29,5,1,2.49,24.9,0.0,1,0,18.86,Low
PRJ-01276,Infrastructure Project 01276,Ministry of Communications,Communication,Rajasthan,Infrastructure Development Authority,41346.47,44144.74,10917.64,69,6,0.0,9.89,8.7,26.83,4.68,5.22,9470.41,1447.23,21,16,1,-1.2,6.77,0.0,0,0,10.81,Low
PRJ-01277,Infrastructure Project 01277,Ministry of Housing,Communication,Tamil Nadu,Central Government Agency,8963.93,9693.82,5779.9,37,23,0.0,70.65,62.16,59.74,69.32,1.33,4938.96,840.95,23,22,1,-8.49,8.14,0.0,0,0,5.33,Low
PRJ-01278,Infrastructure Project 01278,Ministry of Power,Mining,Andhra Pradesh,State Government Agency,9955.6,10503.56,6709.33,94,15,20.11,0.4,15.96,62.05,0.0,0.4,5953.89,755.45,20,11,1,15.56,5.5,21.39,0,1,27.01,Low
PRJ-01279,Infrastructure Project 01279,Ministry of Coal,Social Infrastructure,Bihar,Public Sector Undertaking,10997.94,14686.02,3086.92,110,44,14.15,30.19,40.0,22.1,24.36,5.83,3054.15,32.77,18,8,0,9.81,33.53,12.86,1,1,30.7,Low
PRJ-01280,Infrastructure Project 01280,Ministry of Steel,Steel,Maharashtra,State Government Agency,39590.66,45745.02,37623.45,113,63,21.0,45.18,55.75,80.2,44.11,1.07,35801.03,1822.42,7,1,2,10.57,15.54,18.59,1,1,30.42,Low
PRJ-01281,Infrastructure Project 01281,Ministry of Road Transport,Energy,West Bengal,State Government Agency,19882.46,20034.03,16455.93,94,88,8.43,86.32,93.62,82.62,83.55,2.77,15454.49,1001.44,5,4,3,7.3,0.76,8.97,0,0,20.1,Low
PRJ-01282,Infrastructure Project 01282,Ministry of Housing,Coal,Bihar,Public Sector Undertaking,18306.22,19029.17,4214.49,46,19,3.05,38.43,41.3,28.3,34.33,4.11,4189.66,24.83,7,6,1,2.87,3.95,6.64,0,0,13.55,Low
PRJ-01283,Infrastructure Project 01283,Ministry of Communications,Communication,Telangana,Infrastructure Development Authority,29944.52,33855.77,20640.38,43,22,8.8,50.34,51.16,63.12,46.61,3.73,17666.42,2973.96,19,14,0,0.83,13.06,20.45,1,1,20.87,Low
PRJ-01284,Infrastructure Project 01284,Ministry of Jal Shakti,Energy,Gujarat,Infrastructure Development Authority,33292.41,34391.25,12284.16,88,11,2.41,16.11,12.5,29.94,9.03,7.08,11660.13,624.03,18,10,0,-3.61,3.3,2.73,0,0,8.43,Low
PRJ-01285,Infrastructure Project 01285,Ministry of Housing,Water & Sanitation,Uttar Pradesh,Public Sector Undertaking,25078.55,27194.21,21288.18,53,31,0.0,55.22,58.49,71.13,52.78,2.44,19355.59,1932.59,11,8,3,3.27,8.44,0.0,0,0,8.89,Low
PRJ-01286,Infrastructure Project 01286,Ministry of Steel,Coal,Telangana,Infrastructure Development Authority,3532.84,3746.74,3041.29,39,3,0.0,20.12,7.69,84.66,15.16,4.95,2710.26,331.04,21,7,1,-12.42,6.05,0.0,0,0,5.43,Low
PRJ-01287,Infrastructure Project 01287,Ministry of Housing,Communication,Gujarat,Infrastructure Development Authority,7302.34,7825.87,5669.28,86,91,6.47,100.0,100.0,73.14,95.03,4.97,5294.22,375.06,13,0,1,0.0,7.17,7.53,0,0,9.38,Low
PRJ-01288,Infrastructure Project 01288,Ministry of Housing,Communication,Bihar,State Government Agency,43657.72,46748.23,17452.57,43,7,15.25,16.98,16.28,37.9,14.94,2.04,17370.94,81.63,6,2,0,-0.7,7.08,35.47,0,1,30.31,Low
PRJ-01289,Infrastructure Project 01289,Ministry of Housing,Water & Sanitation,Andhra Pradesh,State Government Agency,2274.27,2554.62,1192.24,82,56,0.0,71.89,68.29,47.96,66.82,5.08,1054.63,137.61,12,0,0,-3.6,12.33,0.0,1,0,7.03,Low
PRJ-01290,Infrastructure Project 01290,Ministry of Road Transport,Energy,Uttar Pradesh,Public Sector Undertaking,32558.01,42175.53,28233.69,97,82,10.79,79.5,84.54,67.67,73.96,5.54,27834.56,399.14,20,6,1,5.04,29.54,11.13,1,1,29.75,Low
PRJ-01291,Infrastructure Project 01291,Ministry of Jal Shakti,Mining,Karnataka,State Government Agency,42040.25,50228.33,35489.17,100,4,14.22,6.16,4.0,67.36,4.61,1.55,31484.81,4004.36,15,1,0,-2.16,19.48,14.22,1,1,27.64,Low
PRJ-01292,Infrastructure Project 01292,Ministry of Railways,Energy,Madhya Pradesh,Public Sector Undertaking,2193.64,2937.77,2026.73,40,26,8.19,80.25,65.0,69.9,76.96,3.29,1920.97,105.76,9,2,1,-15.25,33.92,20.48,1,1,30.77,Low
PRJ-01293,Infrastructure Project 01293,Ministry of Road Transport,Steel,Maharashtra,Central Government Agency,48603.59,69125.47,24340.51,26,26,6.78,94.82,100.0,37.73,94.05,0.77,22838.31,1502.21,27,0,0,5.18,42.22,26.08,1,1,39.63,Medium
PRJ-01294,Infrastructure Project 01294,Ministry of Communications,Coal,West Bengal,Infrastructure Development Authority,29675.75,30214.04,5522.03,28,3,0.0,24.17,10.71,24.97,19.37,4.8,5388.22,133.8,24,21,0,-13.46,1.81,0.0,0,0,11.31,Low
PRJ-01295,Infrastructure Project 01295,Ministry of Housing,Steel,Madhya Pradesh,Public Sector Undertaking,10908.08,11181.34,3417.06,29,27,0.0,99.84,93.1,30.67,94.73,5.12,3089.16,327.91,27,8,0,-6.74,2.51,0.0,0,0,14.56,Low
PRJ-01296,Infrastructure Project 01296,Ministry of Coal,Coal,Tamil Nadu,Public Sector Undertaking,18594.74,20946.21,1417.3,71,42,15.56,51.6,59.15,3.41,47.53,4.07,1209.14,208.16,28,8,0,7.55,12.65,21.92,1,1,22.45,Low
PRJ-01297,Infrastructure Project 01297,Ministry of Power,Coal,Rajasthan,Public Sector Undertaking,26291.34,29608.89,20599.78,102,54,5.43,45.08,52.94,68.6,39.14,5.95,19109.35,1490.43,16,7,1,7.86,12.62,5.32,1,0,7.68,Low
PRJ-01298,Infrastructure Project 01298,Ministry of Housing,Mining,Rajasthan,Infrastructure Development Authority,46423.84,56100.38,38336.83,82,67,1.98,66.71,81.71,66.85,60.96,5.74,37501.79,835.03,19,16,2,15.0,20.84,2.42,1,0,26.52,Low
PRJ-01299,Infrastructure Project 01299,Ministry of Railways,Steel,Andhra Pradesh,State Government Agency,26142.64,29146.03,11697.09,61,26,6.39,40.86,42.62,38.86,36.6,4.26,11678.23,18.86,22,3,0,1.76,11.49,10.47,1,1,10.62,Low
PRJ-01300,Infrastructure Project 01300,Ministry of Coal,Mining,West Bengal,Central Government Agency,7986.91,10429.19,3262.78,41,42,0.0,100.0,100.0,29.44,94.86,5.14,3237.39,25.39,19,11,0,0.0,30.58,0.0,1,0,18.35,Low
PRJ-01301,Infrastructure Project 01301,Ministry of Railways,Steel,Maharashtra,State Government Agency,10176.59,13082.37,1265.25,95,37,0.88,29.55,38.95,13.65,22.35,7.2,1198.74,66.51,25,17,0,9.4,28.55,0.92,1,0,21.72,Low
PRJ-01302,Infrastructure Project 01302,Ministry of Railways,Coal,Madhya Pradesh,Public Sector Undertaking,7104.22,7359.55,2109.19,55,43,6.94,74.31,78.18,21.83,68.72,5.59,1936.01,173.18,29,28,1,3.87,3.59,12.62,0,1,17.06,Low
PRJ-01303,Infrastructure Project 01303,Ministry of Railways,Communication,Gujarat,Public Sector Undertaking,31804.11,37865.61,2725.9,42,42,3.07,90.3,100.0,14.17,89.37,0.93,2580.02,145.88,24,16,2,9.7,19.06,7.32,1,0,29.79,Low
PRJ-01304,Infrastructure Project 01304,Ministry of Housing,Coal,Madhya Pradesh,State Government Agency,41074.22,48945.76,19849.88,33,27,1.28,93.54,81.82,42.42,90.67,2.88,17693.94,2155.94,7,6,1,-11.73,19.16,3.88,1,0,21.91,Low
PRJ-01305,Infrastructure Project 01305,Ministry of Coal,Energy,Gujarat,Central Government Agency,40705.41,47335.36,31545.52,40,26,0.0,56.26,65.0,62.44,48.84,7.42,28751.93,2793.59,11,6,1,8.74,16.29,0.0,1,0,20.25,Low
PRJ-01306,Infrastructure Project 01306,Ministry of Railways,Mining,Andhra Pradesh,Public Sector Undertaking,32497.59,43295.23,4124.85,101,102,12.88,100.0,100.0,7.18,95.09,4.91,3761.96,362.89,22,12,0,0.0,33.23,12.75,1,1,30.29,Low
PRJ-01307,Infrastructure Project 01307,Ministry of Power,Social Infrastructure,Maharashtra,Central Government Agency,46311.06,49204.02,22517.19,25,13,8.59,48.66,52.0,42.79,41.69,6.97,21943.5,573.68,9,1,0,3.34,6.25,34.35,0,1,30.53,Low
PRJ-01308,Infrastructure Project 01308,Ministry of Power,Water & Sanitation,Tamil Nadu,Public Sector Undertaking,30619.35,31839.92,12958.26,106,17,4.61,16.4,16.04,45.16,9.43,6.98,11561.49,1396.77,17,5,0,-0.37,3.99,4.35,0,0,8.11,Low
PRJ-01309,Infrastructure Project 01309,Ministry of Jal Shakti,Social Infrastructure,Andhra Pradesh,Infrastructure Development Authority,34165.07,41081.36,6924.81,98,68,13.03,70.97,69.39,16.25,68.87,2.1,6419.25,505.56,18,4,1,-1.58,20.24,13.3,1,1,20.89,Low
PRJ-01310,Infrastructure Project 01310,Ministry of Jal Shakti,Social Infrastructure,Bihar,Infrastructure Development Authority,8403.01,8625.37,2688.88,104,15,0.0,17.02,14.42,21.18,9.11,7.92,2298.92,389.97,13,4,0,-2.6,2.65,0.0,0,0,2.21,Low
PRJ-01311,Infrastructure Project 01311,Ministry of Jal Shakti,Communication,Madhya Pradesh,State Government Agency,34659.26,39284.72,14809.42,55,47,13.17,85.54,85.45,34.8,82.64,2.9,14144.51,664.91,29,27,0,-0.09,13.35,23.94,1,1,22.31,Low
PRJ-01312,Infrastructure Project 01312,Ministry of Steel,Coal,Bihar,Central Government Agency,22823.86,23524.2,3179.79,62,31,3.01,40.73,50.0,20.3,34.63,6.1,2826.81,352.98,25,5,3,9.27,3.07,4.86,0,0,20.18,Low
PRJ-01313,Infrastructure Project 01313,Ministry of Road Transport,Coal,Karnataka,Central Government Agency,19019.37,20850.21,15344.16,72,10,3.92,11.09,13.89,69.59,10.77,0.31,13252.66,2091.5,13,13,1,2.8,9.63,5.44,0,0,21.01,Low
PRJ-01314,Infrastructure Project 01314,Ministry of Road Transport,Transport & Logistics,Rajasthan,Central Government Agency,24918.66,26393.63,17720.63,101,91,0.0,94.34,90.1,65.7,94.12,0.23,16468.31,1252.32,28,23,0,-4.24,5.92,0.0,0,0,5.48,Low
PRJ-01315,Infrastructure Project 01315,Ministry of Jal Shakti,Transport & Logistics,West Bengal,State Government Agency,20498.36,24640.32,19402.6,35,5,7.0,7.55,14.29,75.44,6.14,1.41,17819.43,1583.16,27,5,2,6.73,20.21,20.0,1,1,32.52,Low
PRJ-01316,Infrastructure Project 01316,Ministry of Coal,Transport & Logistics,Telangana,Public Sector Undertaking,22932.81,23996.14,17661.92,25,7,0.0,34.91,28.0,77.7,29.32,5.59,16747.6,914.32,11,2,1,-6.91,4.64,0.0,0,0,0.0,Low
PRJ-01317,Infrastructure Project 01317,Ministry of Power,Coal,Telangana,Infrastructure Development Authority,47375.35,51503.9,40649.24,84,50,1.2,56.44,59.52,84.97,48.6,7.84,38934.96,1714.28,24,18,0,3.08,8.71,1.43,0,0,8.55,Low
PRJ-01318,Infrastructure Project 01318,Ministry of Power,Mining,Karnataka,Infrastructure Development Authority,34035.74,37727.92,29995.79,114,75,11.9,49.3,65.79,87.58,43.9,5.4,29949.72,46.06,14,6,1,16.49,10.85,10.44,1,1,19.56,Low
PRJ-01319,Infrastructure Project 01319,Ministry of Power,Coal,Telangana,Public Sector Undertaking,44962.53,55401.32,3009.75,65,9,11.32,2.23,13.85,3.43,0.0,2.23,2703.63,306.12,21,18,1,11.61,23.22,17.42,1,1,35.98,Medium
PRJ-01320,Infrastructure Project 01320,Ministry of Road Transport,Mining,Telangana,Infrastructure Development Authority,16431.91,18375.62,8433.75,63,62,4.97,91.89,98.41,50.52,90.21,1.68,7440.33,993.42,14,8,2,6.52,11.83,7.89,1,0,14.08,Low
PRJ-01321,Infrastructure Project 01321,Ministry of Coal,Energy,Andhra Pradesh,Infrastructure Development Authority,6866.79,7281.31,4376.01,97,56,1.79,57.25,57.73,71.7,57.19,0.06,4002.43,373.58,7,5,0,0.48,6.04,1.85,0,0,4.18,Low
PRJ-01322,Infrastructure Project 01322,Ministry of Housing,Coal,Madhya Pradesh,Infrastructure Development Authority,36383.59,53285.6,9085.26,28,11,5.22,40.3,39.29,16.05,37.54,2.77,8395.9,689.36,14,9,0,-1.02,46.46,18.63,1,1,26.79,Low
PRJ-01323,Infrastructure Project 01323,Ministry of Power,Mining,Uttar Pradesh,Public Sector Undertaking,2928.38,2975.96,2017.79,100,54,0.0,58.71,54.0,66.75,53.49,5.23,2005.89,11.9,24,19,0,-4.71,1.62,0.0,0,0,15.62,Low
PRJ-01324,Infrastructure Project 01324,Ministry of Coal,Communication,Uttar Pradesh,Public Sector Undertaking,49769.97,52983.19,7534.56,89,53,4.36,62.61,59.55,21.3,60.38,2.23,7222.14,312.42,28,0,0,-3.06,6.46,4.89,0,0,11.96,Low
PRJ-01325,Infrastructure Project 01325,Ministry of Road Transport,Water & Sanitation,Andhra Pradesh,Infrastructure Development Authority,30893.87,37533.08,8932.66,33,11,0.0,38.11,33.33,22.73,32.93,5.18,8028.9,903.76,16,4,0,-4.78,21.49,0.0,1,0,19.81,Low
PRJ-01326,Infrastructure Project 01326,Ministry of Road Transport,Mining,Uttar Pradesh,Central Government Agency,29657.8,34217.24,9803.9,50,50,13.0,100.0,100.0,32.46,97.87,2.13,9788.04,15.87,24,15,1,0.0,15.37,26.0,1,1,24.02,Low
PRJ-01327,Infrastructure Project 01327,Ministry of Railways,Coal,Maharashtra,Infrastructure Development Authority,16092.09,17979.32,2923.64,27,14,0.0,53.0,51.85,14.87,51.7,1.3,2878.77,44.87,10,0,0,-1.15,11.73,0.0,1,0,12.59,Low
PRJ-01328,Infrastructure Project 01328,Ministry of Steel,Transport & Logistics,Tamil Nadu,Public Sector Undertaking,9736.95,10336.91,5474.47,93,28,2.61,25.12,30.11,57.6,23.38,1.74,4713.44,761.04,24,5,0,4.99,6.16,2.81,0,0,11.75,Low
PRJ-01329,Infrastructure Project 01329,Ministry of Road Transport,Social Infrastructure,Telangana,Central Government Agency,42040.17,45807.71,12500.11,97,13,2.29,4.18,13.4,31.45,0.18,4.0,10941.99,1558.12,25,19,0,9.22,8.96,2.36,0,0,16.52,Low
PRJ-01330,Infrastructure Project 01330,Ministry of Power,Steel,Karnataka,Infrastructure Development Authority,4809.14,5636.93,3096.69,29,25,0.0,83.82,86.21,69.09,80.84,2.98,3033.17,63.52,29,15,0,2.39,17.21,0.0,1,0,10.16,Low
PRJ-01331,Infrastructure Project 01331,Ministry of Railways,Water & Sanitation,Odisha,State Government Agency,41908.5,47511.59,27868.61,95,35,12.73,27.32,36.84,64.94,24.09,3.23,24509.28,3359.33,17,14,2,9.52,13.37,13.4,1,1,17.2,Low
PRJ-01332,Infrastructure Project 01332,Ministry of Road Transport,Energy,Maharashtra,State Government Agency,37525.9,45843.93,29318.42,92,30,19.43,27.15,32.61,64.69,20.11,7.04,27113.77,2204.65,28,11,2,5.46,22.17,21.12,1,1,27.93,Low
PRJ-01333,Infrastructure Project 01333,Ministry of Power,Transport & Logistics,Odisha,Central Government Agency,34785.24,38139.72,29970.64,96,80,5.43,68.63,83.33,75.37,61.08,7.55,27030.37,2940.27,27,24,1,14.7,9.64,5.65,0,0,12.04,Low
PRJ-01334,Infrastructure Project 01334,Ministry of Jal Shakti,Energy,Bihar,Public Sector Undertaking,12525.44,13075.32,715.67,89,49,10.02,23.68,55.06,11.26,21.02,2.66,677.76,37.91,25,1,3,31.38,4.39,11.26,0,1,36.76,Medium
PRJ-01335,Infrastructure Project 01335,Ministry of Jal Shakti,Mining,Tamil Nadu,State Government Agency,17893.59,21843.35,4687.52,75,55,9.1,62.87,73.33,17.51,62.17,0.7,4296.57,390.95,20,2,2,10.46,22.07,12.13,1,1,31.28,Low
PRJ-01336,Infrastructure Project 01336,Ministry of Communications,Social Infrastructure,Bihar,State Government Agency,46361.8,50771.05,13817.5,30,4,9.77,18.73,13.33,34.03,14.53,4.2,13208.08,609.43,25,8,0,-5.4,9.51,32.58,0,1,15.66,Low
PRJ-01337,Infrastructure Project 01337,Ministry of Railways,Steel,Odisha,Central Government Agency,3715.09,4256.91,2439.69,78,28,1.8,42.72,35.9,55.28,39.37,3.35,2220.05,219.65,10,3,0,-6.82,14.58,2.31,1,0,14.09,Low
PRJ-01338,Infrastructure Project 01338,Ministry of Railways,Mining,Uttar Pradesh,Infrastructure Development Authority,47459.12,49268.63,25580.42,118,14,5.41,17.68,11.86,51.32,11.61,6.06,25257.22,323.21,23,21,0,-5.81,3.81,4.58,0,0,0.0,Low
PRJ-01339,Infrastructure Project 01339,Ministry of Power,Mining,Karnataka,Central Government Agency,457.6,464.2,96.22,61,30,0.0,47.01,49.18,27.68,40.34,6.67,94.34,1.88,10,0,1,2.17,1.44,0.0,0,0,3.68,Low
PRJ-01340,Infrastructure Project 01340,Ministry of Railways,Coal,Gujarat,Public Sector Undertaking,30636.62,33557.53,20230.29,75,66,2.82,100.0,88.0,57.63,96.75,3.25,19791.27,439.02,16,3,1,-12.0,9.53,3.76,0,0,11.62,Low
PRJ-01341,Infrastructure Project 01341,Ministry of Power,Social Infrastructure,Telangana,Infrastructure Development Authority,20152.65,22992.18,7200.0,79,41,15.81,33.53,51.9,21.13,30.91,2.61,6383.36,816.64,23,19,7,18.37,14.09,20.01,1,1,54.71,Medium
PRJ-01342,Infrastructure Project 01342,Ministry of Jal Shakti,Mining,Karnataka,Public Sector Undertaking,24249.66,30719.25,15952.71,60,48,4.47,71.18,80.0,65.09,64.7,6.48,13964.02,1988.7,7,1,0,8.82,26.68,7.44,1,0,25.64,Low
PRJ-01343,Infrastructure Project 01343,Ministry of Communications,Water & Sanitation,Tamil Nadu,State Government Agency,9777.39,10534.47,5721.59,55,26,2.86,57.48,47.27,50.78,51.05,6.43,5487.15,234.44,25,7,0,-10.21,7.74,5.2,0,0,12.46,Low
PRJ-01344,Infrastructure Project 01344,Ministry of Housing,Communication,West Bengal,Public Sector Undertaking,11729.55,16637.46,11936.01,76,19,12.04,9.2,25.0,75.59,1.66,7.55,10528.16,1407.85,15,4,0,15.8,41.84,15.84,1,1,42.05,Medium
PRJ-01345,Infrastructure Project 01345,Ministry of Power,Mining,Maharashtra,State Government Agency,4802.52,4989.91,2416.57,87,81,0.0,97.33,93.1,46.94,96.05,1.28,2113.16,303.4,28,13,0,-4.23,3.9,0.0,0,0,12.9,Low
PRJ-01346,Infrastructure Project 01346,Ministry of Road Transport,Communication,Bihar,Infrastructure Development Authority,40374.62,41651.81,22216.07,97,35,7.82,42.51,36.08,59.66,37.45,5.06,19462.67,2753.4,24,15,0,-6.43,3.16,8.07,0,0,2.4,Low
PRJ-01347,Infrastructure Project 01347,Ministry of Communications,Steel,Uttar Pradesh,Infrastructure Development Authority,29361.85,33326.55,11539.89,96,41,12.55,31.67,42.71,36.37,25.05,6.62,9870.41,1669.48,27,19,1,11.03,13.5,13.07,1,1,35.26,Medium
PRJ-01348,Infrastructure Project 01348,Ministry of Housing,Communication,Maharashtra,Public Sector Undertaking,24181.46,32844.88,18763.27,84,17,9.26,15.52,20.24,56.95,10.2,5.32,16493.23,2270.04,15,4,1,4.72,35.83,11.02,1,1,31.89,Low
PRJ-01349,Infrastructure Project 01349,Ministry of Power,Steel,Madhya Pradesh,Public Sector Undertaking,16376.22,16952.01,10008.33,96,70,3.41,92.84,72.92,55.37,88.01,4.83,8517.55,1490.78,16,1,0,-19.93,3.52,3.55,0,0,8.18,Low
PRJ-01350,Infrastructure Project 01350,Ministry of Communications,Transport & Logistics,West Bengal,Central Government Agency,37825.11,39120.38,5774.85,32,21,0.0,68.28,65.62,15.15,67.64,0.64,5108.6,666.25,20,11,0,-2.66,3.42,0.0,0,0,13.51,Low
PRJ-01351,Infrastructure Project 01351,Ministry of Housing,Steel,Bihar,Public Sector Undertaking,22204.61,23147.24,12049.37,25,4,2.13,0.0,16.0,55.89,0.0,0.0,11892.11,157.26,27,22,2,16.0,4.25,8.53,0,0,14.27,Low
PRJ-01352,Infrastructure Project 01352,Ministry of Railways,Transport & Logistics,Gujarat,State Government Agency,37597.15,39606.83,12979.96,84,82,8.33,94.08,97.62,35.12,86.88,7.2,12170.6,809.36,13,9,0,3.54,5.35,9.92,0,0,13.23,Low
PRJ-01353,Infrastructure Project 01353,Ministry of Road Transport,Steel,Uttar Pradesh,Central Government Agency,49242.26,56134.45,35338.45,68,62,0.0,80.14,91.18,55.38,76.72,3.42,34012.83,1325.62,20,16,2,11.04,14.0,0.0,1,0,14.81,Low
PRJ-01354,Infrastructure Project 01354,Ministry of Coal,Social Infrastructure,Andhra Pradesh,State Government Agency,16060.48,17402.05,2374.6,54,6,0.0,0.0,11.11,20.5,0.0,0.0,2170.63,203.97,17,2,3,11.11,8.35,0.0,0,0,9.27,Low
PRJ-01355,Infrastructure Project 01355,Ministry of Communications,Water & Sanitation,Rajasthan,Infrastructure Development Authority,37356.09,40258.37,31438.25,44,14,7.62,13.06,31.82,83.31,6.93,6.13,29699.15,1739.1,28,12,2,18.75,7.77,17.32,0,1,26.62,Low
PRJ-01356,Infrastructure Project 01356,Ministry of Housing,Social Infrastructure,Odisha,Central Government Agency,14687.35,15568.56,3261.42,99,43,2.71,39.49,43.43,30.96,31.89,7.59,2999.41,262.01,19,9,0,3.95,6.0,2.73,0,0,21.53,Low
PRJ-01357,Infrastructure Project 01357,Ministry of Jal Shakti,Communication,Rajasthan,Public Sector Undertaking,32620.22,35793.1,9469.56,95,82,10.37,78.9,86.32,32.15,75.31,3.6,8198.08,1271.48,6,4,3,7.41,9.73,10.91,0,1,26.87,Low
PRJ-01358,Infrastructure Project 01358,Ministry of Housing,Steel,Telangana,Central Government Agency,34012.47,35615.71,12559.66,30,10,0.47,27.19,33.33,37.55,23.86,3.33,11281.17,1278.49,22,12,0,6.14,4.71,1.58,0,0,3.21,Low
PRJ-01359,Infrastructure Project 01359,Ministry of Housing,Energy,West Bengal,Public Sector Undertaking,34745.32,44486.13,25190.24,105,49,20.88,34.82,46.67,65.69,31.75,3.07,23446.12,1744.12,16,6,2,11.84,28.03,19.88,1,1,31.63,Low
PRJ-01360,Infrastructure Project 01360,Ministry of Steel,Coal,West Bengal,Infrastructure Development Authority,22486.26,23670.73,10637.42,99,47,3.02,43.87,47.47,39.27,39.4,4.47,9864.02,773.4,19,17,0,3.61,5.27,3.05,0,0,14.54,Low
PRJ-01361,Infrastructure Project 01361,Ministry of Coal,Communication,Gujarat,Central Government Agency,14588.43,14950.72,1913.17,31,19,0.0,67.14,61.29,18.97,63.59,3.55,1667.04,246.12,8,4,0,-5.85,2.48,0.0,0,0,5.0,Low
PRJ-01362,Infrastructure Project 01362,Ministry of Steel,Social Infrastructure,Karnataka,Public Sector Undertaking,38851.14,44603.64,25334.02,25,7,3.74,21.53,28.0,65.2,14.29,7.25,23557.08,1776.94,20,15,1,6.47,14.81,14.95,1,1,30.13,Low
PRJ-01363,Infrastructure Project 01363,Ministry of Jal Shakti,Water & Sanitation,Uttar Pradesh,State Government Agency,22302.32,22808.44,8208.25,82,55,3.97,74.47,67.07,37.47,73.51,0.96,7045.13,1163.12,8,7,1,-7.4,2.27,4.84,0,0,10.7,Low
PRJ-01364,Infrastructure Project 01364,Ministry of Road Transport,Energy,Bihar,Public Sector Undertaking,48589.2,69217.91,23580.11,106,39,16.16,22.69,36.79,38.14,16.8,5.89,22602.48,977.64,17,11,0,14.1,42.46,15.24,1,1,36.65,Medium
PRJ-01365,Infrastructure Project 01365,Ministry of Railways,Social Infrastructure,Maharashtra,Infrastructure Development Authority,17386.35,23548.82,11341.09,46,39,0.0,86.49,84.78,51.38,83.08,3.41,9683.47,1657.61,25,18,0,-1.71,35.44,0.01,1,0,27.48,Low
PRJ-01366,Infrastructure Project 01366,Ministry of Housing,Energy,Telangana,State Government Agency,2951.57,3485.07,1204.57,99,88,8.07,74.55,88.89,28.7,71.05,3.51,1168.78,35.78,17,7,1,14.33,18.08,8.15,1,0,27.87,Low
PRJ-01367,Infrastructure Project 01367,Ministry of Jal Shakti,Water & Sanitation,Karnataka,State Government Agency,17575.47,19836.76,8877.17,26,32,0.0,100.0,100.0,48.45,93.19,6.81,8432.42,444.75,15,14,0,0.0,12.87,0.0,1,0,0.0,Low
PRJ-01368,Infrastructure Project 01368,Ministry of Coal,Mining,West Bengal,Infrastructure Development Authority,44971.27,53845.41,21034.61,93,33,4.32,31.18,35.48,38.8,24.91,6.27,18425.52,2609.09,10,3,0,4.31,19.73,4.64,1,0,12.86,Low
PRJ-01369,Infrastructure Project 01369,Ministry of Steel,Mining,Bihar,Infrastructure Development Authority,25575.01,29423.29,16157.96,84,72,6.83,76.08,85.71,56.8,69.34,6.74,16109.78,48.17,9,3,1,9.63,15.05,8.13,1,0,19.49,Low
PRJ-01370,Infrastructure Project 01370,Ministry of Jal Shakti,Steel,Bihar,State Government Agency,19354.92,19942.41,15298.74,110,43,8.21,42.5,39.09,84.62,35.5,7.0,13783.09,1515.65,10,0,0,-3.41,3.04,7.47,0,0,0.19,Low
PRJ-01371,Infrastructure Project 01371,Ministry of Jal Shakti,Communication,West Bengal,State Government Agency,35907.59,38792.91,14933.49,37,44,1.88,100.0,100.0,38.07,92.42,7.58,12915.15,2018.34,12,8,0,0.0,8.04,5.07,0,0,7.19,Low
PRJ-01372,Infrastructure Project 01372,Ministry of Railways,Coal,Andhra Pradesh,Public Sector Undertaking,18442.81,20102.35,8472.43,88,31,0.0,32.51,35.23,42.56,31.43,1.08,8404.53,67.9,12,3,0,2.72,9.0,0.0,0,0,15.47,Low
PRJ-01373,Infrastructure Project 01373,Ministry of Railways,Transport & Logistics,Maharashtra,Central Government Agency,39816.13,44207.37,11984.21,79,85,4.8,88.79,100.0,25.65,88.05,0.74,11606.42,377.79,28,27,0,11.21,11.03,6.08,1,0,24.6,Low
PRJ-01374,Infrastructure Project 01374,Ministry of Road Transport,Transport & Logistics,Telangana,Public Sector Undertaking,21713.13,23389.25,2220.41,47,12,0.0,17.09,25.53,19.99,9.43,7.66,2029.26,191.15,10,9,1,8.44,7.72,0.0,0,0,10.5,Low
PRJ-01375,Infrastructure Project 01375,Ministry of Road Transport,Water & Sanitation,Gujarat,State Government Agency,8669.56,11061.43,8450.54,28,4,0.0,22.09,14.29,80.2,21.81,0.28,8400.98,49.57,29,19,0,-7.8,27.59,0.0,1,0,14.2,Low
PRJ-01376,Infrastructure Project 01376,Ministry of Communications,Communication,Tamil Nadu,Central Government Agency,1532.95,1555.19,374.82,77,86,6.02,97.8,100.0,22.94,93.95,3.85,349.82,25.0,13,8,0,2.2,1.45,7.81,0,0,16.39,Low
PRJ-01377,Infrastructure Project 01377,Ministry of Communications,Water & Sanitation,Tamil Nadu,Public Sector Undertaking,35560.62,38018.84,18493.6,53,48,0.0,87.5,90.57,55.26,85.99,1.51,16231.13,2262.47,5,3,0,3.07,6.91,0.0,0,0,6.32,Low
PRJ-01378,Infrastructure Project 01378,Ministry of Jal Shakti,Energy,Bihar,State Government Agency,10572.1,11898.15,5625.47,116,123,6.79,88.27,100.0,47.29,80.97,7.3,5008.81,616.66,16,0,1,11.73,12.54,5.85,1,0,18.16,Low
PRJ-01379,Infrastructure Project 01379,Ministry of Jal Shakti,Energy,Telangana,Central Government Agency,17805.06,23861.3,19223.95,81,27,2.51,18.59,33.33,70.14,11.07,7.52,16397.31,2826.65,23,11,2,14.75,34.01,3.1,1,0,26.4,Low
PRJ-01380,Infrastructure Project 01380,Ministry of Road Transport,Transport & Logistics,Telangana,Infrastructure Development Authority,13396.11,14777.21,1725.56,33,8,0.0,29.51,24.24,17.99,27.25,2.27,1577.8,147.75,8,4,1,-5.27,10.31,0.0,1,0,18.25,Low
PRJ-01381,Infrastructure Project 01381,Ministry of Housing,Coal,Madhya Pradesh,Central Government Agency,5629.76,5838.67,3228.89,98,63,0.0,57.63,64.29,61.53,50.14,7.48,2772.47,456.42,24,14,2,6.66,3.71,0.0,0,0,15.47,Low
PRJ-01382,Infrastructure Project 01382,Ministry of Power,Social Infrastructure,Rajasthan,Public Sector Undertaking,16868.77,17858.34,5408.8,85,13,9.28,5.27,15.29,30.75,0.0,5.27,5024.97,383.83,28,2,0,10.02,5.87,10.91,0,1,26.73,Low
PRJ-01383,Infrastructure Project 01383,Ministry of Coal,Energy,Karnataka,Infrastructure Development Authority,45307.5,50972.65,25877.63,92,93,8.25,100.0,100.0,52.82,98.67,1.33,24614.0,1263.63,20,10,0,0.0,12.5,8.97,1,0,19.73,Low
PRJ-01384,Infrastructure Project 01384,Ministry of Railways,Steel,Maharashtra,State Government Agency,34598.88,35837.75,10638.36,55,22,0.0,43.85,40.0,30.68,42.95,0.91,9709.77,928.59,27,6,0,-3.85,3.58,0.0,0,0,10.12,Low
PRJ-01385,Infrastructure Project 01385,Ministry of Communications,Steel,West Bengal,Central Government Agency,22092.52,34167.97,27360.79,100,51,16.92,40.39,51.0,74.32,33.31,7.08,24570.09,2790.7,16,15,2,10.61,54.66,16.92,1,1,41.14,Medium
PRJ-01386,Infrastructure Project 01386,Ministry of Communications,Steel,Uttar Pradesh,Public Sector Undertaking,5765.76,5864.51,3265.44,57,6,0.91,0.0,10.53,51.8,0.0,0.0,2932.93,332.51,15,1,3,10.53,1.71,1.6,0,0,12.38,Low
PRJ-01387,Infrastructure Project 01387,Ministry of Jal Shakti,Mining,Rajasthan,Infrastructure Development Authority,39240.91,44923.26,23075.97,107,66,4.23,48.98,61.68,59.75,45.1,3.88,21826.33,1249.64,15,0,4,12.7,14.48,3.96,1,0,24.74,Low
PRJ-01388,Infrastructure Project 01388,Ministry of Power,Transport & Logistics,Tamil Nadu,Public Sector Undertaking,49523.02,66000.6,33669.25,70,31,10.85,35.21,44.29,53.22,33.52,1.69,31311.61,2357.64,23,23,1,9.08,33.27,15.5,1,1,37.83,Medium
PRJ-01389,Infrastructure Project 01389,Ministry of Road Transport,Steel,Karnataka,Public Sector Undertaking,46921.53,53943.44,21364.24,39,15,0.0,47.1,38.46,44.09,44.22,2.88,20443.23,921.01,6,4,1,-8.63,14.97,0.0,1,0,14.3,Low
PRJ-01390,Infrastructure Project 01390,Ministry of Railways,Water & Sanitation,Madhya Pradesh,Public Sector Undertaking,27300.05,28833.82,24011.72,86,73,9.8,85.13,84.88,84.77,83.0,2.13,21181.2,2830.52,21,19,0,-0.25,5.62,11.4,0,1,6.39,Low
PRJ-01391,Infrastructure Project 01391,Ministry of Steel,Social Infrastructure,Rajasthan,State Government Agency,5880.37,6145.49,5184.69,64,33,0.0,69.88,51.56,85.0,66.99,2.89,5100.16,84.53,19,3,3,-18.32,4.51,0.0,0,0,6.43,Low
PRJ-01392,Infrastructure Project 01392,Ministry of Railways,Transport & Logistics,Gujarat,State Government Agency,31103.66,34866.44,6199.79,99,107,1.05,100.0,100.0,15.58,98.36,1.64,5869.02,330.77,5,1,0,0.0,12.1,1.06,1,0,10.07,Low
PRJ-01393,Infrastructure Project 01393,Ministry of Coal,Mining,Karnataka,State Government Agency,35917.82,44325.71,21212.08,80,37,3.39,37.46,46.25,53.62,36.88,0.59,19391.41,1820.67,15,7,1,8.79,23.41,4.24,1,0,22.53,Low
PRJ-01394,Infrastructure Project 01394,Ministry of Housing,Social Infrastructure,Telangana,Central Government Agency,40036.55,50968.87,27541.44,54,15,3.04,20.03,27.78,59.56,18.04,1.99,26247.67,1293.77,24,9,1,7.74,27.31,5.63,1,0,23.78,Low
PRJ-01395,Infrastructure Project 01395,Ministry of Power,Steel,Tamil Nadu,Public Sector Undertaking,39444.64,65087.35,4385.81,113,13,26.0,0.0,11.5,9.34,0.0,0.0,4025.79,360.02,20,0,3,11.5,65.01,23.01,1,1,54.77,Medium
PRJ-01396,Infrastructure Project 01396,Ministry of Power,Water & Sanitation,Tamil Nadu,Central Government Agency,32950.84,47395.0,24687.59,102,104,24.89,93.61,100.0,48.39,88.29,5.32,23452.34,1235.25,15,14,2,6.39,43.84,24.4,1,1,44.81,Medium
PRJ-01397,Infrastructure Project 01397,Ministry of Road Transport,Transport & Logistics,Tamil Nadu,Central Government Agency,22696.99,23903.32,11060.2,92,26,5.33,33.1,28.26,43.07,26.38,6.71,10070.67,989.53,19,4,1,-4.83,5.31,5.79,0,0,13.26,Low
PRJ-01398,Infrastructure Project 01398,Ministry of Jal Shakti,Mining,Rajasthan,Infrastructure Development Authority,38025.85,42973.59,21623.39,88,67,7.38,77.37,76.14,45.91,71.97,5.39,19525.89,2097.5,24,22,1,-1.23,13.01,8.39,1,0,13.98,Low
PRJ-01399,Infrastructure Project 01399,Ministry of Coal,Social Infrastructure,Karnataka,Central Government Agency,33403.68,44946.94,32940.36,108,72,16.29,56.64,66.67,80.11,51.35,5.29,30368.08,2572.29,16,4,0,10.03,34.56,15.09,1,1,38.44,Medium
PRJ-01400,Infrastructure Project 01400,Ministry of Railways,Social Infrastructure,West Bengal,Public Sector Undertaking,39242.21,40982.76,17564.71,62,38,3.08,40.96,61.29,44.76,39.97,0.99,16228.18,1336.53,10,1,4,20.33,4.44,4.97,0,0,29.79,Low
PRJ-01401,Infrastructure Project 01401,Ministry of Coal,Coal,Gujarat,Public Sector Undertaking,18962.49,21942.81,5838.79,71,45,7.7,45.33,63.38,30.97,38.61,6.73,5747.11,91.68,12,0,5,18.05,15.72,10.85,1,1,35.77,Medium
PRJ-01402,Infrastructure Project 01402,Ministry of Housing,Mining,Karnataka,Central Government Agency,6577.47,7827.87,2344.88,57,46,7.35,81.34,80.7,26.09,75.99,5.35,2055.67,289.2,5,4,1,-0.64,19.01,12.89,1,1,24.86,Low
PRJ-01403,Infrastructure Project 01403,Ministry of Road Transport,Steel,Tamil Nadu,Infrastructure Development Authority,20560.89,32076.8,24960.91,76,56,16.68,74.11,73.68,76.3,71.46,2.65,23105.38,1855.53,27,3,0,-0.43,56.01,21.95,1,1,32.04,Low
PRJ-01404,Infrastructure Project 01404,Ministry of Power,Coal,West Bengal,Central Government Agency,13261.81,13822.18,1439.0,41,40,0.0,80.41,97.56,10.2,77.72,2.69,1265.49,173.51,25,21,1,17.15,4.23,0.0,0,0,18.74,Low
PRJ-01405,Infrastructure Project 01405,Ministry of Coal,Transport & Logistics,Bihar,Infrastructure Development Authority,35743.48,37225.15,12553.41,86,21,7.06,20.09,24.42,36.26,18.06,2.04,10684.75,1868.66,5,5,1,4.32,4.15,8.21,0,0,17.8,Low
PRJ-01406,Infrastructure Project 01406,Ministry of Communications,Mining,Tamil Nadu,Infrastructure Development Authority,29761.72,34537.84,10974.41,75,81,2.87,100.0,100.0,29.34,98.03,1.97,10597.91,376.5,7,6,0,0.0,16.05,3.82,1,0,10.33,Low
PRJ-01407,Infrastructure Project 01407,Ministry of Housing,Energy,Karnataka,Infrastructure Development Authority,40889.43,47008.42,21954.81,110,48,11.62,32.67,43.64,43.93,25.31,7.35,20514.94,1439.86,6,4,0,10.97,14.96,10.56,1,1,19.84,Low
PRJ-01408,Infrastructure Project 01408,Ministry of Power,Water & Sanitation,Andhra Pradesh,Public Sector Undertaking,47595.97,56681.05,42969.24,28,12,7.41,36.41,42.86,75.6,35.89,0.51,40896.86,2072.38,14,0,1,6.45,19.09,26.46,1,1,33.72,Low
PRJ-01409,Infrastructure Project 01409,Ministry of Road Transport,Social Infrastructure,Maharashtra,State Government Agency,23264.56,23512.55,10583.04,116,82,1.72,74.3,70.69,43.66,68.03,6.27,9934.31,648.72,5,5,0,-3.61,1.07,1.49,0,0,12.1,Low
PRJ-01410,Infrastructure Project 01410,Ministry of Coal,Water & Sanitation,Karnataka,Public Sector Undertaking,20320.0,23217.97,6582.42,66,61,0.0,96.23,92.42,27.98,94.14,2.09,6121.19,461.23,25,23,0,-3.8,14.26,0.0,1,0,8.48,Low
PRJ-01411,Infrastructure Project 01411,Ministry of Housing,Energy,Uttar Pradesh,Public Sector Undertaking,6296.71,6734.54,1516.5,43,38,5.32,90.06,88.37,19.59,82.89,7.17,1300.42,216.08,7,3,0,-1.69,6.95,12.36,0,1,7.17,Low
PRJ-01412,Infrastructure Project 01412,Ministry of Power,Coal,Maharashtra,Central Government Agency,41029.88,42095.3,24939.93,39,4,0.0,9.24,10.26,61.48,8.52,0.72,21306.11,3633.82,5,2,0,1.01,2.6,0.0,0,0,0.0,Low
PRJ-01413,Infrastructure Project 01413,Ministry of Railways,Steel,Odisha,Infrastructure Development Authority,16772.2,19858.9,13703.28,66,44,9.57,50.48,66.67,71.03,50.27,0.22,12206.93,1496.35,7,0,4,16.18,18.4,14.5,1,1,40.23,Medium
PRJ-01414,Infrastructure Project 01414,Ministry of Railways,Steel,Rajasthan,Central Government Agency,29011.64,29711.79,20916.36,99,70,2.92,63.83,70.71,71.41,57.6,6.24,18000.13,2916.23,20,8,1,6.87,2.41,2.95,0,0,4.87,Low
PRJ-01415,Infrastructure Project 01415,Ministry of Coal,Coal,Bihar,Infrastructure Development Authority,32675.33,40993.56,34085.64,59,30,4.59,66.01,50.85,92.0,58.29,7.72,31129.82,2955.82,19,11,0,-15.16,25.46,7.79,1,0,19.19,Low
PRJ-01416,Infrastructure Project 01416,Ministry of Road Transport,Energy,Bihar,Central Government Agency,28591.3,31518.21,17142.66,47,44,11.01,97.27,93.62,52.67,94.13,3.14,16883.4,259.26,21,18,0,-3.65,10.24,23.43,1,1,18.62,Low
PRJ-01417,Infrastructure Project 01417,Ministry of Jal Shakti,Coal,Rajasthan,State Government Agency,45514.01,48525.71,25555.35,56,63,0.0,100.0,100.0,54.57,93.22,6.78,22677.01,2878.35,25,25,2,0.0,6.62,0.0,0,0,10.89,Low
PRJ-01418,Infrastructure Project 01418,Ministry of Railways,Mining,Gujarat,Infrastructure Development Authority,29194.73,30347.65,13030.93,41,12,0.0,24.6,29.27,42.91,21.77,2.84,12221.27,809.67,19,18,4,4.67,3.95,0.0,0,0,17.08,Low
PRJ-01419,Infrastructure Project 01419,Ministry of Coal,Communication,Odisha,Central Government Agency,30979.66,31207.56,4420.54,62,9,10.07,4.78,14.52,20.09,0.0,4.78,3836.71,583.83,11,11,2,9.74,0.74,16.24,0,1,21.3,Low
PRJ-01420,Infrastructure Project 01420,Ministry of Housing,Transport & Logistics,Tamil Nadu,Central Government Agency,35863.86,40868.69,2415.44,30,33,8.58,100.0,100.0,3.16,96.76,3.24,2209.09,206.35,8,2,0,0.0,13.96,28.59,1,1,33.24,Low
PRJ-01421,Infrastructure Project 01421,Ministry of Road Transport,Steel,Karnataka,Infrastructure Development Authority,5068.8,5703.2,3770.84,106,77,0.0,71.28,72.64,67.71,64.68,6.6,3483.98,286.86,21,17,0,1.36,12.52,0.0,1,0,18.47,Low
PRJ-01422,Infrastructure Project 01422,Ministry of Power,Mining,Tamil Nadu,State Government Agency,33475.86,44745.03,34269.11,54,29,15.86,48.54,53.7,75.79,43.35,5.18,29171.34,5097.77,19,5,0,5.17,33.66,29.37,1,1,33.47,Low
PRJ-01423,Infrastructure Project 01423,Ministry of Housing,Energy,Tamil Nadu,Central Government Agency,47725.9,52177.74,14603.81,59,9,0.0,15.51,15.25,25.46,14.91,0.61,14534.3,69.51,23,11,0,-0.26,9.33,0.0,0,0,14.12,Low
PRJ-01424,Infrastructure Project 01424,Ministry of Road Transport,Water & Sanitation,Tamil Nadu,Public Sector Undertaking,22259.47,23625.54,16824.5,119,40,0.0,30.8,33.61,71.0,24.25,6.55,15777.29,1047.21,15,14,0,2.81,6.14,0.0,0,0,8.16,Low
PRJ-01425,Infrastructure Project 01425,Ministry of Steel,Transport & Logistics,Tamil Nadu,Public Sector Undertaking,8991.73,9669.08,8209.56,48,22,5.8,42.35,45.83,87.04,39.77,2.57,7221.04,988.52,6,0,0,3.49,7.53,12.09,0,1,9.04,Low
PRJ-01426,Infrastructure Project 01426,Ministry of Housing,Energy,Gujarat,Public Sector Undertaking,49657.13,59627.44,25226.32,57,36,0.87,70.8,63.16,40.48,65.66,5.14,24048.54,1177.78,29,23,0,-7.64,20.08,1.52,1,0,7.55,Low
PRJ-01427,Infrastructure Project 01427,Ministry of Jal Shakti,Coal,Telangana,Public Sector Undertaking,23031.98,23495.91,10771.94,93,16,8.68,0.0,17.2,57.48,0.0,0.0,9326.68,1445.26,28,13,2,17.2,2.01,9.34,0,0,24.33,Low
PRJ-01428,Infrastructure Project 01428,Ministry of Housing,Transport & Logistics,Maharashtra,Central Government Agency,16819.65,18550.09,5915.08,52,38,10.44,70.68,73.08,37.88,66.17,4.51,5580.32,334.76,17,8,2,2.4,10.29,20.07,1,1,22.81,Low
PRJ-01429,Infrastructure Project 01429,Ministry of Railways,Coal,Maharashtra,Central Government Agency,12732.34,13511.87,1671.83,104,103,10.16,100.0,99.04,22.03,95.62,4.38,1465.91,205.92,9,2,1,-0.96,6.12,9.77,0,0,11.39,Low
PRJ-01430,Infrastructure Project 01430,Ministry of Power,Energy,Karnataka,Public Sector Undertaking,42918.44,47919.85,31705.0,24,6,0.0,22.79,25.0,68.71,22.2,0.58,28181.01,3523.99,27,11,2,2.21,11.65,0.0,1,0,13.84,Low
PRJ-01431,Infrastructure Project 01431,Ministry of Housing,Communication,Telangana,State Government Agency,41846.68,42987.61,35658.47,118,51,0.0,48.9,43.22,86.99,44.96,3.94,30696.77,4961.69,9,4,0,-5.68,2.73,0.0,0,0,1.97,Low
PRJ-01432,Infrastructure Project 01432,Ministry of Road Transport,Transport & Logistics,West Bengal,State Government Agency,37991.85,40020.28,19681.24,63,34,2.72,35.33,53.97,53.78,33.52,1.81,19385.73,295.51,14,4,4,18.64,5.34,4.32,0,0,29.62,Low
PRJ-01433,Infrastructure Project 01433,Ministry of Housing,Mining,Bihar,Public Sector Undertaking,27336.56,30148.39,24867.81,62,19,4.83,20.88,30.65,85.12,15.6,5.28,24238.68,629.13,7,3,0,9.77,10.29,7.78,1,0,15.88,Low
PRJ-01434,Infrastructure Project 01434,Ministry of Power,Steel,Rajasthan,Public Sector Undertaking,21254.0,24414.44,17816.05,36,31,0.0,92.86,86.11,77.78,87.93,4.93,17078.86,737.18,21,19,2,-6.75,14.87,0.0,1,0,3.69,Low
PRJ-01435,Infrastructure Project 01435,Ministry of Housing,Water & Sanitation,Andhra Pradesh,Central Government Agency,2671.35,2683.09,138.37,112,14,2.53,9.17,12.5,5.16,2.03,7.14,121.36,17.0,8,1,0,3.33,0.44,2.26,0,0,7.98,Low
PRJ-01436,Infrastructure Project 01436,Ministry of Railways,Mining,Andhra Pradesh,State Government Agency,25132.48,31833.5,17955.93,115,68,14.4,47.9,59.13,58.91,44.18,3.72,16760.71,1195.22,13,1,1,11.23,26.66,12.52,1,1,28.58,Low
PRJ-01437,Infrastructure Project 01437,Ministry of Railways,Water & Sanitation,Maharashtra,Infrastructure Development Authority,23394.85,28166.93,11389.7,49,19,6.03,55.97,38.78,37.24,51.41,4.57,11238.08,151.61,8,5,0,-17.2,20.4,12.31,1,1,23.66,Low
PRJ-01438,Infrastructure Project 01438,Ministry of Jal Shakti,Social Infrastructure,Madhya Pradesh,State Government Agency,23184.68,26239.73,12925.68,114,94,15.1,73.95,82.46,45.39,67.4,6.55,11353.77,1571.91,16,4,2,8.51,13.18,13.24,1,1,20.79,Low
PRJ-01439,Infrastructure Project 01439,Ministry of Power,Communication,Madhya Pradesh,Central Government Agency,41372.07,47464.81,16294.38,47,23,7.77,48.5,48.94,29.79,41.98,6.53,13896.12,2398.25,20,6,2,0.43,14.73,16.53,1,1,19.82,Low
PRJ-01440,Infrastructure Project 01440,Ministry of Road Transport,Water & Sanitation,Odisha,Public Sector Undertaking,16073.63,16791.28,7717.45,101,84,6.35,77.03,83.17,47.39,72.63,4.41,6677.21,1040.24,12,7,1,6.14,4.46,6.29,0,0,10.48,Low
PRJ-01441,Infrastructure Project 01441,Ministry of Steel,Coal,Andhra Pradesh,Central Government Agency,4222.0,4930.09,624.57,45,43,0.0,100.0,95.56,10.64,98.38,1.62,559.18,65.4,20,10,0,-4.44,16.77,0.0,1,0,8.82,Low
PRJ-01442,Infrastructure Project 01442,Ministry of Steel,Energy,Uttar Pradesh,State Government Agency,4627.47,5034.55,1237.74,51,11,2.06,21.08,21.57,25.37,16.94,4.14,1158.71,79.03,20,18,0,0.49,8.8,4.04,0,0,12.86,Low
PRJ-01443,Infrastructure Project 01443,Ministry of Steel,Water & Sanitation,Odisha,Infrastructure Development Authority,3738.25,4348.48,2450.57,66,75,0.0,100.0,100.0,64.75,97.82,2.18,2105.51,345.07,15,10,0,0.0,16.32,0.0,1,0,11.79,Low
PRJ-01444,Infrastructure Project 01444,Ministry of Housing,Transport & Logistics,Odisha,Public Sector Undertaking,32271.54,33065.09,16434.3,100,90,4.65,87.38,90.0,50.37,81.14,6.24,15826.08,608.22,16,15,0,2.62,2.46,4.65,0,0,1.89,Low
PRJ-01445,Infrastructure Project 01445,Ministry of Power,Social Infrastructure,Maharashtra,Public Sector Undertaking,38109.81,39831.19,9785.93,64,36,0.0,58.37,56.25,22.29,55.42,2.95,8437.47,1348.45,16,2,0,-2.12,4.52,0.0,0,0,11.95,Low
PRJ-01446,Infrastructure Project 01446,Ministry of Communications,Energy,Bihar,State Government Agency,41489.17,46425.98,5643.76,45,31,8.38,58.51,68.89,13.23,58.35,0.17,5368.75,275.01,16,2,2,10.38,11.9,18.63,1,1,39.27,Medium
PRJ-01447,Infrastructure Project 01447,Ministry of Power,Social Infrastructure,Andhra Pradesh,Central Government Agency,34413.58,36667.52,23655.05,45,50,0.0,100.0,100.0,67.18,94.34,5.66,20522.13,3132.92,18,18,0,0.0,6.55,0.0,0,0,1.79,Low
PRJ-01448,Infrastructure Project 01448,Ministry of Power,Water & Sanitation,Tamil Nadu,Public Sector Undertaking,2206.57,2343.34,1810.83,65,48,0.73,73.55,73.85,83.98,67.26,6.28,1552.6,258.23,8,4,2,0.3,6.2,1.13,0,0,4.09,Low
PRJ-01449,Infrastructure Project 01449,Ministry of Railways,Social Infrastructure,Gujarat,Central Government Agency,18717.83,21714.12,2051.35,40,7,0.0,13.93,17.5,6.14,12.71,1.22,1995.97,55.38,8,8,2,3.57,16.01,0.0,1,0,25.11,Low
PRJ-01450,Infrastructure Project 01450,Ministry of Housing,Communication,Odisha,Public Sector Undertaking,9876.38,10571.64,746.19,38,14,0.0,42.69,36.84,4.09,40.52,2.17,700.43,45.76,25,1,0,-5.85,7.04,0.0,0,0,8.69,Low
PRJ-01451,Infrastructure Project 01451,Ministry of Housing,Coal,Madhya Pradesh,Infrastructure Development Authority,45735.62,52731.82,23182.97,63,53,7.16,80.92,84.13,31.25,75.43,5.49,21593.38,1589.59,14,3,0,3.21,15.3,11.37,1,1,14.2,Low
PRJ-01452,Infrastructure Project 01452,Ministry of Road Transport,Steel,Telangana,State Government Agency,11140.65,11838.59,3832.33,52,33,0.0,67.8,63.46,40.09,65.78,2.02,3313.29,519.04,8,4,0,-4.33,6.26,0.0,0,0,7.72,Low
PRJ-01453,Infrastructure Project 01453,Ministry of Power,Mining,Tamil Nadu,Public Sector Undertaking,14335.21,22475.26,15616.32,44,17,7.4,41.05,38.64,71.32,34.23,6.82,13663.14,1953.19,19,17,0,-2.42,56.78,16.83,1,1,37.53,Medium
PRJ-01454,Infrastructure Project 01454,Ministry of Power,Coal,Uttar Pradesh,Central Government Agency,28618.4,29233.47,15953.26,48,29,0.0,53.06,60.42,57.41,51.65,1.41,14191.75,1761.51,7,5,1,7.36,2.15,0.0,0,0,8.57,Low
PRJ-01455,Infrastructure Project 01455,Ministry of Housing,Water & Sanitation,Tamil Nadu,Public Sector Undertaking,42500.15,45759.96,15866.61,39,23,7.68,59.97,58.97,34.99,59.64,0.33,14247.42,1619.19,28,5,0,-0.99,7.67,19.69,0,1,16.71,Low
PRJ-01456,Infrastructure Project 01456,Ministry of Communications,Mining,West Bengal,Central Government Agency,49615.57,53591.55,13794.65,107,10,0.0,19.58,9.35,24.08,14.57,5.0,12591.99,1202.65,17,16,0,-10.23,8.01,0.0,0,0,15.88,Low
PRJ-01457,Infrastructure Project 01457,Ministry of Communications,Mining,Gujarat,Public Sector Undertaking,10164.22,11521.26,6979.93,33,32,0.3,93.98,96.97,52.29,88.16,5.83,6601.25,378.69,16,10,0,2.99,13.35,0.9,1,0,9.3,Low
PRJ-01458,Infrastructure Project 01458,Ministry of Coal,Transport & Logistics,Rajasthan,State Government Agency,48437.57,52445.32,16640.46,77,26,5.64,24.26,33.77,23.16,16.8,7.46,15696.31,944.15,16,15,5,9.51,8.27,7.33,0,0,32.34,Low
PRJ-01459,Infrastructure Project 01459,Ministry of Housing,Communication,Madhya Pradesh,Public Sector Undertaking,12498.14,13304.97,5320.18,27,24,0.0,98.43,88.89,52.32,93.82,4.61,5056.18,264.0,15,10,3,-9.54,6.46,0.0,0,0,17.99,Low
PRJ-01460,Infrastructure Project 01460,Ministry of Coal,Transport & Logistics,Madhya Pradesh,Public Sector Undertaking,5971.85,6550.06,2634.31,84,93,12.37,100.0,100.0,41.05,99.49,0.51,2425.85,208.46,11,4,1,0.0,9.68,14.72,0,1,12.05,Low
PRJ-01461,Infrastructure Project 01461,Ministry of Power,Communication,Madhya Pradesh,Central Government Agency,14357.41,16492.16,13511.42,66,14,10.22,21.06,21.21,82.51,14.38,6.67,12736.98,774.44,18,14,0,0.15,14.87,15.49,1,1,8.09,Low
PRJ-01462,Infrastructure Project 01462,Ministry of Power,Social Infrastructure,Uttar Pradesh,State Government Agency,28702.41,37016.89,16094.43,103,44,5.02,42.2,42.72,50.0,36.71,5.49,14590.83,1503.59,15,14,0,0.52,28.97,4.87,1,0,27.94,Low
PRJ-01463,Infrastructure Project 01463,Ministry of Power,Mining,Bihar,Public Sector Undertaking,25530.11,27926.25,17890.06,64,44,0.0,77.4,68.75,57.48,74.6,2.8,17274.15,615.91,14,9,1,-8.65,9.39,0.0,0,0,3.95,Low
PRJ-01464,Infrastructure Project 01464,Ministry of Steel,Energy,Odisha,Public Sector Undertaking,29657.22,35062.96,16035.06,37,38,1.78,100.0,100.0,39.32,97.67,2.33,13847.87,2187.19,27,14,1,0.0,18.23,4.81,1,0,19.7,Low
PRJ-01465,Infrastructure Project 01465,Ministry of Power,Steel,Uttar Pradesh,Infrastructure Development Authority,34924.41,38876.77,4892.51,25,33,0.14,100.0,100.0,13.16,92.14,7.86,4632.59,259.92,26,1,1,0.0,11.32,0.56,1,0,15.18,Low
PRJ-01466,Infrastructure Project 01466,Ministry of Jal Shakti,Steel,Maharashtra,Infrastructure Development Authority,13698.19,14191.57,8051.09,81,19,2.33,28.58,23.46,54.1,25.58,3.0,7437.89,613.2,6,6,0,-5.12,3.6,2.87,0,0,2.31,Low
PRJ-01467,Infrastructure Project 01467,Ministry of Railways,Social Infrastructure,Telangana,State Government Agency,35858.85,40033.09,27975.58,65,12,10.48,12.75,18.46,68.49,6.07,6.68,23879.31,4096.28,26,13,0,5.71,11.64,16.12,1,1,14.6,Low
PRJ-01468,Infrastructure Project 01468,Ministry of Coal,Transport & Logistics,Karnataka,State Government Agency,30195.89,34994.17,9215.05,68,40,6.47,55.74,58.82,29.58,49.51,6.23,8993.19,221.86,29,10,0,3.08,15.89,9.51,1,0,28.37,Low
PRJ-01469,Infrastructure Project 01469,Ministry of Road Transport,Communication,West Bengal,Infrastructure Development Authority,33894.07,37641.06,24687.33,37,46,7.52,100.0,100.0,59.02,93.19,6.81,20988.66,3698.67,21,20,1,0.0,11.06,20.34,1,1,14.49,Low
PRJ-01470,Infrastructure Project 01470,Ministry of Communications,Transport & Logistics,Karnataka,Infrastructure Development Authority,21317.8,22053.02,3362.66,115,98,10.83,71.1,85.22,14.78,70.81,0.28,2896.47,466.18,7,1,0,14.12,3.45,9.42,0,0,24.71,Low
PRJ-01471,Infrastructure Project 01471,Ministry of Road Transport,Steel,Telangana,State Government Agency,32733.76,34198.48,10814.0,105,68,9.11,67.35,64.76,36.06,62.44,4.92,10470.36,343.64,16,5,1,-2.59,4.47,8.67,0,0,0.03,Low
PRJ-01472,Infrastructure Project 01472,Ministry of Road Transport,Steel,Maharashtra,Public Sector Undertaking,21456.25,23791.66,14097.18,52,7,0.0,11.64,13.46,60.41,7.43,4.21,12464.22,1632.96,27,2,1,1.82,10.88,0.0,1,0,13.91,Low
PRJ-01473,Infrastructure Project 01473,Ministry of Power,Energy,Telangana,Central Government Agency,19514.0,25360.01,10497.94,76,72,18.28,91.87,94.74,37.67,84.67,7.2,9758.33,739.61,17,5,0,2.87,29.96,24.05,1,1,37.69,Medium
PRJ-01474,Infrastructure Project 01474,Ministry of Jal Shakti,Communication,Madhya Pradesh,Central Government Agency,7783.06,10377.4,3576.15,101,60,14.67,44.48,59.41,35.59,42.01,2.46,3456.71,119.44,27,25,3,14.93,33.33,14.53,1,1,44.32,Medium
PRJ-01475,Infrastructure Project 01475,Ministry of Power,Coal,Maharashtra,Central Government Agency,4313.66,4726.69,1296.85,48,49,0.0,100.0,100.0,27.71,93.64,6.36,1250.81,46.04,27,0,1,0.0,9.58,0.0,0,0,11.32,Low
PRJ-01476,Infrastructure Project 01476,Ministry of Jal Shakti,Transport & Logistics,West Bengal,State Government Agency,5986.56,6360.78,3552.58,93,41,0.0,47.77,44.09,61.19,47.26,0.51,3243.08,309.5,21,18,0,-3.68,6.25,0.0,0,0,2.11,Low
PRJ-01477,Infrastructure Project 01477,Ministry of Steel,Energy,Andhra Pradesh,State Government Agency,29363.99,33184.12,9766.83,89,25,4.05,31.43,28.09,32.18,29.67,1.76,9750.26,16.57,23,1,0,-3.34,13.01,4.55,1,0,14.56,Low
PRJ-01478,Infrastructure Project 01478,Ministry of Power,Transport & Logistics,West Bengal,Central Government Agency,47850.12,72289.06,27726.01,57,40,10.67,78.02,70.18,36.54,72.95,5.07,26146.13,1579.88,26,2,0,-7.85,51.07,18.71,1,1,39.7,Medium
PRJ-01479,Infrastructure Project 01479,Ministry of Road Transport,Water & Sanitation,Andhra Pradesh,Central Government Agency,39977.02,44659.15,27917.48,115,63,10.54,43.1,54.78,63.19,41.09,2.0,27215.13,702.35,5,5,0,11.69,11.71,9.17,1,0,17.14,Low
PRJ-01480,Infrastructure Project 01480,Ministry of Jal Shakti,Coal,Uttar Pradesh,Infrastructure Development Authority,10873.08,11384.43,5848.64,26,3,0.0,3.4,11.54,49.88,0.0,3.4,5178.11,670.53,22,9,2,8.13,4.7,0.0,0,0,11.93,Low
PRJ-01481,Infrastructure Project 01481,Ministry of Steel,Transport & Logistics,Odisha,Infrastructure Development Authority,36682.7,39668.5,15347.05,68,62,14.12,78.4,91.18,38.05,76.09,2.31,14827.2,519.85,23,13,1,12.78,8.14,20.76,0,1,32.94,Low
PRJ-01482,Infrastructure Project 01482,Ministry of Railways,Coal,Rajasthan,State Government Agency,47336.8,50855.67,22807.96,57,38,9.41,50.86,66.67,41.19,46.83,4.03,19438.13,3369.83,29,5,2,15.81,7.43,16.51,0,1,34.56,Low
PRJ-01483,Infrastructure Project 01483,Ministry of Steel,Mining,Rajasthan,Central Government Agency,32683.8,39261.24,3593.48,51,28,0.0,36.33,54.9,11.03,32.89,3.44,3555.06,38.41,21,20,3,18.57,20.12,0.0,1,0,32.55,Low
PRJ-01484,Infrastructure Project 01484,Ministry of Power,Mining,Karnataka,Public Sector Undertaking,38189.31,39887.15,20749.02,83,66,8.27,64.28,79.52,52.93,63.36,0.92,20306.7,442.32,17,14,5,15.24,4.45,9.97,0,0,12.78,Low
PRJ-01485,Infrastructure Project 01485,Ministry of Jal Shakti,Mining,Gujarat,Public Sector Undertaking,47868.37,48198.21,26000.97,107,96,2.97,88.02,89.72,55.48,85.04,2.98,25412.66,588.31,15,6,0,1.7,0.69,2.78,0,0,6.61,Low
PRJ-01486,Infrastructure Project 01486,Ministry of Road Transport,Water & Sanitation,Bihar,Public Sector Undertaking,4738.62,4971.27,2331.86,118,94,8.13,80.99,79.66,51.89,77.89,3.1,2243.57,88.29,11,0,1,-1.33,4.91,6.89,0,0,2.13,Low
PRJ-01487,Infrastructure Project 01487,Ministry of Communications,Water & Sanitation,Odisha,Central Government Agency,44558.17,53091.66,23494.72,81,70,9.58,87.42,86.42,46.75,84.93,2.49,20777.46,2717.27,27,21,0,-1.0,19.15,11.82,1,1,12.34,Low
PRJ-01488,Infrastructure Project 01488,Ministry of Railways,Energy,Rajasthan,Public Sector Undertaking,3187.13,3316.09,695.62,78,69,4.54,91.9,88.46,13.33,84.55,7.35,656.6,39.02,19,7,0,-3.44,4.05,5.82,0,0,9.26,Low
PRJ-01489,Infrastructure Project 01489,Ministry of Power,Coal,Karnataka,Public Sector Undertaking,378.71,392.2,301.1,41,8,3.11,22.65,19.51,75.56,19.27,3.38,269.45,31.65,26,23,0,-3.13,3.56,7.58,0,0,14.27,Low
PRJ-01490,Infrastructure Project 01490,Ministry of Coal,Steel,Rajasthan,Public Sector Undertaking,25828.21,32978.68,18946.31,85,54,3.64,51.65,63.53,56.0,50.06,1.59,18237.89,708.42,18,2,2,11.88,27.68,4.29,1,0,26.4,Low
PRJ-01491,Infrastructure Project 01491,Ministry of Steel,Social Infrastructure,Karnataka,Public Sector Undertaking,25809.06,26287.43,17145.41,112,23,6.27,2.83,20.54,64.04,0.0,2.83,15700.61,1444.8,21,10,2,17.71,1.85,5.6,0,0,27.97,Low
PRJ-01492,Infrastructure Project 01492,Ministry of Steel,Steel,Telangana,State Government Agency,29551.62,30739.9,11891.9,41,38,4.17,84.72,92.68,42.77,83.81,0.91,11360.1,531.8,7,0,2,7.96,4.02,10.16,0,1,20.94,Low
PRJ-01493,Infrastructure Project 01493,Ministry of Power,Coal,Gujarat,State Government Agency,44190.73,48448.36,39300.87,95,33,0.0,27.44,34.74,80.63,25.91,1.52,36452.06,2848.81,22,17,0,7.3,9.63,0.0,0,0,9.43,Low
PRJ-01494,Infrastructure Project 01494,Ministry of Communications,Coal,Andhra Pradesh,Infrastructure Development Authority,48485.57,50616.4,11599.52,37,17,0.0,32.35,45.95,18.19,25.05,7.3,10317.25,1282.27,7,4,2,13.6,4.39,0.0,0,0,24.34,Low
PRJ-01495,Infrastructure Project 01495,Ministry of Communications,Water & Sanitation,Karnataka,Central Government Agency,36718.34,39464.44,23284.36,115,38,0.0,37.41,33.04,53.77,36.0,1.42,21385.36,1898.99,21,1,2,-4.37,7.48,0.0,0,0,9.95,Low
PRJ-01496,Infrastructure Project 01496,Ministry of Coal,Energy,West Bengal,Public Sector Undertaking,7969.79,8884.93,6545.7,111,103,16.56,76.9,92.79,73.25,76.07,0.83,6361.05,184.66,13,5,2,15.9,11.48,14.92,1,1,29.04,Low
PRJ-01497,Infrastructure Project 01497,Ministry of Communications,Steel,Uttar Pradesh,Central Government Agency,15102.7,20449.36,9576.69,84,54,11.44,66.25,64.29,44.17,58.34,7.91,9216.52,360.17,12,1,2,-1.96,35.4,13.62,1,1,31.32,Low
PRJ-01498,Infrastructure Project 01498,Ministry of Jal Shakti,Transport & Logistics,Bihar,Central Government Agency,24094.6,24790.19,11533.14,80,50,3.62,66.47,62.5,48.06,60.98,5.49,11398.66,134.48,13,8,1,-3.97,2.89,4.52,0,0,12.93,Low
PRJ-01499,Infrastructure Project 01499,Ministry of Power,Social Infrastructure,Odisha,Infrastructure Development Authority,12101.62,13303.97,5707.2,54,3,3.57,0.0,5.56,47.27,0.0,0.0,5294.6,412.6,29,20,0,5.56,9.94,6.61,0,0,22.46,Low
PRJ-01500,Infrastructure Project 01500,Ministry of Jal Shakti,Coal,Uttar Pradesh,State Government Agency,366.66,375.26,27.1,50,22,4.7,44.0,44.0,11.09,41.03,2.97,25.14,1.95,27,8,0,-0.0,2.34,9.41,0,0,14.4,Low
PRJ-01501,Infrastructure Project 01501,Ministry of Jal Shakti,Water & Sanitation,Tamil Nadu,State Government Agency,46819.33,51498.45,31379.69,95,94,4.89,100.0,98.95,61.5,96.31,3.69,29415.75,1963.94,7,2,1,-1.05,9.99,5.15,0,0,16.14,Low
PRJ-01502,Infrastructure Project 01502,Ministry of Road Transport,Mining,Karnataka,Public Sector Undertaking,1676.07,1731.82,1413.11,55,19,1.69,24.58,34.55,79.93,19.0,5.59,1392.03,21.09,21,7,3,9.96,3.33,3.06,0,0,14.81,Low
PRJ-01503,Infrastructure Project 01503,Ministry of Power,Water & Sanitation,Madhya Pradesh,Public Sector Undertaking,41022.35,43475.39,36900.04,46,38,6.92,66.33,82.61,88.19,59.77,6.56,35912.82,987.22,26,19,2,16.28,5.98,15.04,0,1,11.14,Low
PRJ-01504,Infrastructure Project 01504,Ministry of Jal Shakti,Coal,Odisha,Central Government Agency,12867.78,12950.33,8679.93,27,10,11.36,35.59,37.04,63.26,27.62,7.97,8548.98,130.95,28,4,0,1.45,0.64,42.06,0,1,24.47,Low
PRJ-01505,Infrastructure Project 01505,Ministry of Coal,Coal,Madhya Pradesh,Public Sector Undertaking,22362.51,30054.37,16792.0,110,25,12.87,12.78,22.73,50.25,8.31,4.46,14678.01,2113.99,10,7,2,9.95,34.4,11.7,1,1,34.72,Low
PRJ-01506,Infrastructure Project 01506,Ministry of Jal Shakti,Communication,Telangana,Public Sector Undertaking,546.83,644.42,502.87,79,8,0.0,22.1,10.13,82.18,15.45,6.65,434.73,68.14,20,15,1,-11.97,17.85,0.0,1,0,16.81,Low
PRJ-01507,Infrastructure Project 01507,Ministry of Railways,Water & Sanitation,Rajasthan,Public Sector Undertaking,34993.69,39290.46,4752.69,72,80,0.0,100.0,100.0,16.73,93.83,6.17,4383.5,369.19,16,9,1,0.0,12.28,0.0,1,0,21.2,Low
PRJ-01508,Infrastructure Project 01508,Ministry of Communications,Coal,Uttar Pradesh,Infrastructure Development Authority,42338.26,44894.84,27518.84,92,95,10.29,100.0,100.0,64.11,94.0,6.0,23778.68,3740.16,27,21,0,0.0,6.04,11.18,0,1,6.68,Low
PRJ-01509,Infrastructure Project 01509,Ministry of Railways,Coal,Gujarat,Central Government Agency,6819.22,7374.7,446.82,39,34,15.54,79.59,87.18,4.81,79.01,0.58,408.87,37.94,9,3,1,7.59,8.15,39.85,0,1,33.86,Low
PRJ-01510,Infrastructure Project 01510,Ministry of Coal,Transport & Logistics,Uttar Pradesh,Infrastructure Development Authority,42379.26,50576.78,34786.34,59,62,7.76,93.83,100.0,64.98,87.46,6.37,32756.33,2030.0,26,13,0,6.17,19.34,13.15,1,1,22.05,Low
PRJ-01511,Infrastructure Project 01511,Ministry of Jal Shakti,Steel,Maharashtra,Infrastructure Development Authority,23705.45,26365.8,3196.73,73,41,8.0,47.22,56.16,15.57,44.44,2.79,2804.67,392.06,19,7,0,8.94,11.22,10.96,1,1,22.21,Low
PRJ-01512,Infrastructure Project 01512,Ministry of Communications,Coal,Andhra Pradesh,Central Government Agency,43088.3,43723.18,17109.73,29,10,0.0,23.85,34.48,35.29,16.12,7.73,16233.72,876.01,11,6,1,10.63,1.47,0.0,0,0,18.83,Low
PRJ-01513,Infrastructure Project 01513,Ministry of Jal Shakti,Communication,West Bengal,Central Government Agency,41646.18,49196.73,36131.27,32,25,0.0,85.6,78.12,72.91,83.46,2.14,35616.03,515.24,21,21,1,-7.48,18.13,0.0,1,0,15.31,Low
PRJ-01514,Infrastructure Project 01514,Ministry of Steel,Communication,Karnataka,Infrastructure Development Authority,46587.84,52599.85,35075.52,102,101,14.01,78.31,99.02,71.45,75.18,3.13,32638.77,2436.75,8,8,4,20.71,12.9,13.74,1,1,36.95,Medium
PRJ-01515,Infrastructure Project 01515,Ministry of Railways,Transport & Logistics,Andhra Pradesh,Public Sector Undertaking,4872.17,6803.47,501.74,40,33,13.84,83.01,82.5,6.33,82.86,0.15,438.44,63.31,21,4,0,-0.51,39.64,34.6,1,1,50.09,Medium
PRJ-01516,Infrastructure Project 01516,Ministry of Jal Shakti,Mining,Uttar Pradesh,Infrastructure Development Authority,15502.55,17899.27,13403.22,57,30,5.14,33.64,52.63,75.87,30.52,3.12,12661.52,741.7,15,9,2,19.0,15.46,9.02,1,0,25.07,Low
PRJ-01517,Infrastructure Project 01517,Ministry of Steel,Steel,Tamil Nadu,Public Sector Undertaking,21034.71,22780.94,1160.34,117,32,12.81,29.23,27.35,10.88,28.99,0.24,1053.69,106.65,17,6,0,-1.88,8.3,10.95,0,1,24.15,Low
PRJ-01518,Infrastructure Project 01518,Ministry of Railways,Transport & Logistics,Gujarat,State Government Agency,36974.74,38596.99,4626.86,48,43,0.0,87.1,89.58,10.36,84.23,2.87,4573.84,53.03,29,10,1,2.49,4.39,0.0,0,0,3.92,Low
PRJ-01519,Infrastructure Project 01519,Ministry of Railways,Social Infrastructure,Uttar Pradesh,Public Sector Undertaking,32961.21,38248.98,31020.36,92,52,6.95,54.65,56.52,81.04,48.21,6.44,27740.87,3279.49,20,19,0,1.87,16.04,7.56,1,0,15.39,Low
PRJ-01520,Infrastructure Project 01520,Ministry of Railways,Water & Sanitation,Tamil Nadu,Public Sector Undertaking,9082.75,9334.19,5614.04,48,29,3.39,70.73,60.42,56.09,63.86,6.86,4854.23,759.8,11,11,0,-10.31,2.77,7.06,0,0,7.74,Low
PRJ-01521,Infrastructure Project 01521,Ministry of Communications,Energy,Madhya Pradesh,Public Sector Undertaking,24669.19,25079.48,18033.11,77,27,0.0,37.77,35.06,64.44,30.53,7.24,17561.84,471.27,20,19,1,-2.71,1.66,0.0,0,0,8.6,Low
PRJ-01522,Infrastructure Project 01522,Ministry of Power,Coal,Tamil Nadu,Central Government Agency,9589.41,10224.6,4816.24,65,54,4.95,74.05,83.08,52.97,72.71,1.34,4745.16,71.08,23,14,1,9.03,6.62,7.61,0,0,24.77,Low
PRJ-01523,Infrastructure Project 01523,Ministry of Housing,Transport & Logistics,Bihar,Infrastructure Development Authority,43533.36,48333.25,11656.58,29,11,2.7,28.66,37.93,25.21,23.63,5.03,10032.3,1624.27,5,3,2,9.27,11.03,9.3,1,0,24.85,Low
PRJ-01524,Infrastructure Project 01524,Ministry of Coal,Social Infrastructure,Odisha,Central Government Agency,11440.21,12184.1,3871.47,104,77,0.0,70.23,74.04,41.34,64.88,5.34,3550.75,320.72,11,1,0,3.81,6.5,0.0,0,0,12.55,Low
PRJ-01525,Infrastructure Project 01525,Ministry of Housing,Energy,Bihar,Public Sector Undertaking,40880.13,42699.49,28390.22,97,99,16.89,100.0,100.0,60.96,95.7,4.3,24261.67,4128.55,25,18,0,0.0,4.45,17.41,0,1,12.93,Low
PRJ-01526,Infrastructure Project 01526,Ministry of Housing,Coal,Odisha,Central Government Agency,10766.17,11600.65,5867.92,108,105,8.6,100.0,97.22,48.03,98.96,1.04,5047.27,820.65,16,15,0,-2.78,7.75,7.97,0,0,7.71,Low
PRJ-01527,Infrastructure Project 01527,Ministry of Railways,Communication,Andhra Pradesh,Infrastructure Development Authority,31436.49,34305.56,6315.18,114,9,0.0,0.0,7.89,26.63,0.0,0.0,5495.46,819.73,23,23,1,7.89,9.13,0.0,0,0,6.68,Low
PRJ-01528,Infrastructure Project 01528,Ministry of Power,Transport & Logistics,Uttar Pradesh,State Government Agency,34024.42,39471.92,24980.93,53,38,2.39,69.59,71.7,69.55,63.92,5.68,23044.43,1936.49,9,1,0,2.1,16.01,4.5,1,0,16.61,Low
PRJ-01529,Infrastructure Project 01529,Ministry of Power,Transport & Logistics,Madhya Pradesh,Central Government Agency,38910.73,39164.43,3681.89,95,61,0.0,64.14,64.21,6.53,58.06,6.08,3392.25,289.63,8,8,0,0.07,0.65,0.0,0,0,6.53,Low
PRJ-01530,Infrastructure Project 01530,Ministry of Coal,Communication,Bihar,Central Government Agency,1217.41,1260.4,862.51,111,113,0.0,99.65,100.0,71.29,94.94,4.71,800.58,61.93,28,23,0,0.35,3.53,0.0,0,0,2.27,Low
PRJ-01531,Infrastructure Project 01531,Ministry of Coal,Energy,Telangana,State Government Agency,32087.44,37062.3,17657.46,69,4,9.11,7.94,5.8,44.25,1.63,6.3,15259.78,2397.67,17,12,0,-2.14,15.5,13.2,1,1,18.21,Low
PRJ-01532,Infrastructure Project 01532,Ministry of Housing,Mining,Odisha,Central Government Agency,20253.86,26284.5,20865.46,93,35,15.84,22.88,37.63,76.34,22.73,0.15,20846.38,19.08,9,5,4,14.75,29.78,17.03,1,1,49.62,Medium
PRJ-01533,Infrastructure Project 01533,Ministry of Power,Social Infrastructure,Maharashtra,Public Sector Undertaking,22976.81,30246.64,9562.55,36,36,0.0,100.0,100.0,34.39,98.54,1.46,8991.42,571.14,25,4,3,0.0,31.64,0.0,1,0,27.94,Low
PRJ-01534,Infrastructure Project 01534,Ministry of Power,Transport & Logistics,Karnataka,Infrastructure Development Authority,10586.42,11272.51,5293.58,95,90,5.74,99.43,94.74,48.38,97.12,2.31,4643.37,650.21,27,19,0,-4.69,6.48,6.05,0,0,9.5,Low
PRJ-01535,Infrastructure Project 01535,Ministry of Jal Shakti,Steel,Odisha,Central Government Agency,45735.48,48931.34,24969.99,119,123,6.62,97.1,100.0,50.55,97.03,0.07,22607.88,2362.11,14,14,1,2.9,6.99,5.57,0,0,18.11,Low
PRJ-01536,Infrastructure Project 01536,Ministry of Communications,Social Infrastructure,Madhya Pradesh,Central Government Agency,11622.12,15345.94,6494.26,73,53,0.7,69.72,72.6,36.91,66.68,3.04,5916.67,577.59,16,3,0,2.88,32.04,0.96,1,0,19.62,Low
PRJ-01537,Infrastructure Project 01537,Ministry of Coal,Social Infrastructure,Karnataka,State Government Agency,13952.82,14078.22,11648.9,92,89,8.88,100.0,96.74,86.24,93.97,6.03,11543.74,105.16,22,15,1,-3.26,0.9,9.65,0,0,3.47,Low
PRJ-01538,Infrastructure Project 01538,Ministry of Housing,Energy,Odisha,Central Government Agency,41477.66,51128.85,18586.24,95,5,0.0,13.33,5.26,30.94,9.64,3.69,15934.88,2651.36,16,16,1,-8.06,23.27,0.0,1,0,16.83,Low
PRJ-01539,Infrastructure Project 01539,Ministry of Power,Energy,Andhra Pradesh,Central Government Agency,19656.33,20121.49,11134.13,82,33,4.43,57.87,40.24,50.55,54.58,3.29,10137.98,996.15,11,3,0,-17.63,2.37,5.41,0,0,17.54,Low
PRJ-01540,Infrastructure Project 01540,Ministry of Power,Transport & Logistics,Bihar,Infrastructure Development Authority,47320.41,55764.3,14983.68,98,13,3.16,4.95,13.27,16.91,2.84,2.11,14787.2,196.48,5,3,1,8.32,17.84,3.22,1,0,26.27,Low
PRJ-01541,Infrastructure Project 01541,Ministry of Steel,Energy,Maharashtra,Public Sector Undertaking,25266.28,29356.69,12600.69,92,35,4.99,50.6,38.04,41.71,47.11,3.49,11647.61,953.08,11,8,0,-12.55,16.19,5.42,1,0,12.68,Low
PRJ-01542,Infrastructure Project 01542,Ministry of Steel,Steel,Andhra Pradesh,Central Government Agency,21500.18,22924.08,10685.24,29,25,0.0,83.18,86.21,50.19,83.13,0.06,10470.58,214.66,10,4,0,3.02,6.62,0.0,0,0,10.37,Low
PRJ-01543,Infrastructure Project 01543,Ministry of Communications,Communication,Maharashtra,Central Government Agency,33187.97,34674.33,12311.83,83,35,0.07,30.55,42.17,32.94,30.03,0.52,11282.98,1028.85,18,0,2,11.62,4.48,0.09,0,0,11.52,Low
PRJ-01544,Infrastructure Project 01544,Ministry of Road Transport,Mining,Karnataka,Infrastructure Development Authority,40982.93,45168.55,3796.72,34,18,0.0,52.37,52.94,0.1,47.66,4.72,3388.4,408.32,10,1,0,0.57,10.21,0.0,1,0,12.17,Low
PRJ-01545,Infrastructure Project 01545,Ministry of Power,Transport & Logistics,Maharashtra,Central Government Agency,37775.55,40381.67,33815.51,39,6,0.57,17.58,15.38,78.68,17.29,0.3,32648.64,1166.87,25,18,0,-2.2,6.9,1.45,0,0,11.82,Low
PRJ-01546,Infrastructure Project 01546,Ministry of Road Transport,Energy,Bihar,Infrastructure Development Authority,47181.62,57523.19,9062.85,25,11,0.0,34.37,44.0,16.11,28.75,5.62,8808.46,254.39,10,7,2,9.63,21.92,0.0,1,0,30.74,Low
PRJ-01547,Infrastructure Project 01547,Ministry of Railways,Coal,Gujarat,Public Sector Undertaking,7103.08,8143.95,1800.31,31,15,0.0,49.51,48.39,21.88,42.65,6.87,1683.38,116.93,20,5,0,-1.13,14.65,0.0,1,0,12.34,Low
PRJ-01548,Infrastructure Project 01548,Ministry of Coal,Water & Sanitation,Bihar,State Government Agency,48904.74,50848.49,29407.2,83,72,2.07,86.98,86.75,60.88,82.41,4.57,29008.75,398.44,14,9,0,-0.24,3.97,2.49,0,0,14.72,Low
PRJ-01549,Infrastructure Project 01549,Ministry of Jal Shakti,Mining,Tamil Nadu,Infrastructure Development Authority,17501.8,17846.45,4538.56,66,69,7.4,100.0,100.0,32.29,93.2,6.8,4225.71,312.85,5,0,0,0.0,1.97,11.21,0,1,10.14,Low
PRJ-01550,Infrastructure Project 01550,Ministry of Road Transport,Water & Sanitation,Gujarat,Public Sector Undertaking,45237.79,52447.89,31675.02,26,32,4.51,100.0,100.0,66.17,93.67,6.33,27004.0,4671.03,25,8,1,0.0,15.94,17.35,1,1,18.05,Low
PRJ-01551,Infrastructure Project 01551,Ministry of Railways,Coal,Telangana,Central Government Agency,42857.52,55894.51,39139.24,46,42,0.0,84.87,91.3,72.17,79.15,5.73,36948.62,2190.62,21,2,0,6.43,30.42,0.0,1,0,30.06,Low
PRJ-01552,Infrastructure Project 01552,Ministry of Communications,Steel,Madhya Pradesh,Central Government Agency,21209.36,22068.48,18239.18,88,77,5.3,99.48,87.5,84.79,97.65,1.83,17090.34,1148.85,12,4,1,-11.98,4.05,6.02,0,0,6.96,Low
PRJ-01553,Infrastructure Project 01553,Ministry of Communications,Communication,Telangana,Central Government Agency,32282.97,34576.4,19049.56,57,29,11.37,34.55,50.88,60.55,31.76,2.79,17234.7,1814.86,22,3,0,16.33,7.1,19.95,0,1,25.62,Low
PRJ-01554,Infrastructure Project 01554,Ministry of Road Transport,Steel,West Bengal,Infrastructure Development Authority,32474.18,33260.91,20840.33,56,65,3.97,100.0,100.0,59.15,99.69,0.31,19654.88,1185.45,8,5,1,0.0,2.42,7.09,0,0,6.73,Low
PRJ-01555,Infrastructure Project 01555,Ministry of Railways,Social Infrastructure,Maharashtra,Central Government Agency,8875.55,8957.57,2779.77,41,32,8.85,73.57,78.05,30.23,69.26,4.31,2600.84,178.94,14,1,1,4.48,0.92,21.59,0,1,11.33,Low
PRJ-01556,Infrastructure Project 01556,Ministry of Steel,Water & Sanitation,Odisha,Central Government Agency,47324.5,57462.25,19673.86,36,41,5.88,100.0,100.0,27.09,95.21,4.79,17079.77,2594.09,25,23,0,0.0,21.42,16.33,1,1,21.35,Low
PRJ-01557,Infrastructure Project 01557,Ministry of Communications,Coal,Tamil Nadu,Infrastructure Development Authority,37697.04,43026.75,14580.25,47,36,3.4,82.82,76.6,34.48,75.63,7.19,13108.45,1471.8,26,17,0,-6.23,14.14,7.23,1,0,18.44,Low
PRJ-01558,Infrastructure Project 01558,Ministry of Road Transport,Social Infrastructure,Andhra Pradesh,State Government Agency,9021.01,12089.49,4401.14,66,48,8.59,60.87,72.73,37.11,60.09,0.78,4023.51,377.63,29,26,0,11.86,34.01,13.02,1,1,30.89,Low
PRJ-01559,Infrastructure Project 01559,Ministry of Road Transport,Energy,Telangana,Infrastructure Development Authority,43621.88,45635.86,10969.41,93,60,11.4,50.37,64.52,29.06,45.98,4.39,9986.48,982.92,22,11,1,14.14,4.62,12.26,0,1,17.82,Low
PRJ-01560,Infrastructure Project 01560,Ministry of Railways,Mining,Uttar Pradesh,Central Government Agency,46544.58,49967.81,24630.03,61,28,6.18,53.73,45.9,56.14,46.95,6.79,21548.61,3081.42,10,1,0,-7.83,7.35,10.13,0,1,12.15,Low
PRJ-01561,Infrastructure Project 01561,Ministry of Railways,Transport & Logistics,Rajasthan,Public Sector Undertaking,9192.11,11557.91,1583.73,78,5,7.64,0.0,6.41,21.71,0.0,0.0,1486.64,97.09,23,7,1,6.41,25.74,9.8,1,0,38.38,Medium
PRJ-01562,Infrastructure Project 01562,Ministry of Coal,Coal,Bihar,State Government Agency,31301.88,35893.07,22474.14,73,17,5.53,13.7,23.29,64.64,6.55,7.15,20090.22,2383.92,20,16,0,9.59,14.67,7.58,1,0,17.55,Low
PRJ-01563,Infrastructure Project 01563,Ministry of Jal Shakti,Steel,Rajasthan,Infrastructure Development Authority,9050.18,9684.57,7998.01,79,42,9.49,43.95,53.16,91.48,41.15,2.8,7099.55,898.45,26,9,0,9.22,7.01,12.02,0,1,16.04,Low
PRJ-01564,Infrastructure Project 01564,Ministry of Road Transport,Energy,Uttar Pradesh,State Government Agency,4664.34,4801.27,1580.54,35,29,4.54,73.95,82.86,28.59,71.32,2.63,1491.73,88.81,19,17,0,8.91,2.94,12.97,0,1,11.86,Low
PRJ-01565,Infrastructure Project 01565,Ministry of Steel,Transport & Logistics,Gujarat,State Government Agency,11906.37,12383.6,6172.91,91,7,6.69,14.65,7.69,48.49,7.34,7.32,6081.69,91.21,5,3,1,-6.96,4.01,7.35,0,0,19.47,Low
PRJ-01566,Infrastructure Project 01566,Ministry of Railways,Communication,Andhra Pradesh,Public Sector Undertaking,37781.76,50618.18,9788.61,50,15,7.79,26.1,30.0,14.93,25.9,0.21,9406.96,381.65,6,2,0,3.9,33.98,15.59,1,1,36.57,Medium
PRJ-01567,Infrastructure Project 01567,Ministry of Jal Shakti,Communication,Rajasthan,Central Government Agency,22390.62,26100.84,8276.32,66,29,0.0,41.81,43.94,26.92,36.72,5.09,7856.05,420.26,6,3,0,2.13,16.57,0.0,1,0,20.54,Low
PRJ-01568,Infrastructure Project 01568,Ministry of Railways,Energy,Telangana,Public Sector Undertaking,2030.38,2185.27,283.72,67,13,4.8,9.48,19.4,12.14,7.72,1.76,277.51,6.21,8,2,1,9.92,7.63,7.17,0,0,26.02,Low
PRJ-01569,Infrastructure Project 01569,Ministry of Steel,Water & Sanitation,Maharashtra,State Government Agency,9561.42,10652.18,3130.74,34,16,11.58,45.61,47.06,19.61,43.23,2.37,3110.69,20.05,8,8,0,1.45,11.41,34.07,1,1,27.79,Low
PRJ-01570,Infrastructure Project 01570,Ministry of Railways,Energy,Telangana,State Government Agency,30218.9,33630.45,26788.99,26,4,6.97,14.43,15.38,75.57,12.36,2.07,22899.88,3889.11,15,11,0,0.96,11.29,26.82,1,1,25.66,Low
PRJ-01571,Infrastructure Project 01571,Ministry of Road Transport,Coal,Madhya Pradesh,Public Sector Undertaking,17675.95,18498.46,6081.75,68,34,6.94,54.47,50.0,32.68,49.92,4.56,6047.46,34.29,21,14,0,-4.47,4.65,10.2,0,1,11.3,Low
PRJ-01572,Infrastructure Project 01572,Ministry of Housing,Steel,Andhra Pradesh,Public Sector Undertaking,36053.32,38986.7,27765.21,41,22,0.0,50.64,53.66,74.45,48.23,2.41,24184.29,3580.92,20,8,0,3.02,8.14,0.0,0,0,2.15,Low
PRJ-01573,Infrastructure Project 01573,Ministry of Steel,Coal,Odisha,Infrastructure Development Authority,13601.27,14227.02,7298.83,60,23,4.31,38.38,38.33,60.43,31.5,6.88,6888.48,410.35,11,0,1,-0.04,4.6,7.18,0,0,14.23,Low
PRJ-01574,Infrastructure Project 01574,Ministry of Jal Shakti,Steel,West Bengal,Public Sector Undertaking,21286.34,23127.58,15881.16,42,8,9.55,16.07,19.05,71.97,14.71,1.35,15409.24,471.93,28,18,1,2.98,8.65,22.73,0,1,17.97,Low
PRJ-01575,Infrastructure Project 01575,Ministry of Road Transport,Mining,Andhra Pradesh,Infrastructure Development Authority,5546.49,6050.8,2946.91,27,9,0.0,30.1,33.33,52.53,22.25,7.85,2893.8,53.11,13,0,0,3.23,9.09,0.0,0,0,7.89,Low
PRJ-01576,Infrastructure Project 01576,Ministry of Jal Shakti,Transport & Logistics,West Bengal,State Government Agency,17754.36,18341.63,3845.41,26,11,4.79,38.73,42.31,27.27,35.98,2.75,3597.21,248.19,5,5,0,3.58,3.31,18.42,0,1,15.62,Low
PRJ-01577,Infrastructure Project 01577,Ministry of Housing,Transport & Logistics,West Bengal,Public Sector Undertaking,26453.97,33201.43,7270.14,90,81,11.67,92.05,90.0,17.17,85.49,6.56,6452.49,817.65,13,5,0,-2.05,25.51,12.97,1,1,28.94,Low
PRJ-01578,Infrastructure Project 01578,Ministry of Power,Water & Sanitation,Telangana,Central Government Agency,35807.48,39723.4,24200.82,78,61,1.14,85.88,78.21,57.58,83.63,2.26,20807.15,3393.67,21,2,1,-7.68,10.94,1.47,1,0,14.38,Low
PRJ-01579,Infrastructure Project 01579,Ministry of Jal Shakti,Communication,Maharashtra,Public Sector Undertaking,24223.6,30550.43,14342.94,72,59,18.28,90.42,81.94,42.51,86.47,3.95,13639.0,703.95,13,11,0,-8.48,26.12,25.39,1,1,35.18,Medium
PRJ-01580,Infrastructure Project 01580,Ministry of Power,Energy,Bihar,Public Sector Undertaking,28297.16,39239.3,22486.76,69,54,8.7,76.57,78.26,66.01,71.54,5.03,21935.62,551.14,16,16,1,1.69,38.67,12.6,1,1,26.61,Low
PRJ-01581,Infrastructure Project 01581,Ministry of Coal,Transport & Logistics,Maharashtra,Central Government Agency,28087.78,29686.12,24117.08,113,56,6.59,38.72,49.56,75.99,33.9,4.81,20673.26,3443.82,28,8,2,10.84,5.69,5.83,0,0,17.06,Low
PRJ-01582,Infrastructure Project 01582,Ministry of Road Transport,Social Infrastructure,Tamil Nadu,Public Sector Undertaking,40382.87,46410.98,10933.05,103,41,0.0,22.71,39.81,20.3,22.69,0.02,9998.03,935.02,7,2,5,17.09,14.93,0.0,1,0,34.05,Low
PRJ-01583,Infrastructure Project 01583,Ministry of Steel,Mining,Odisha,Public Sector Undertaking,17875.37,20270.84,7093.67,84,27,12.42,26.6,32.14,35.7,25.87,0.72,6307.41,786.25,23,12,1,5.55,13.4,14.78,1,1,22.56,Low
PRJ-01584,Infrastructure Project 01584,Ministry of Coal,Steel,Rajasthan,Public Sector Undertaking,13943.11,17932.11,4833.78,71,11,14.85,13.39,15.49,27.05,9.06,4.34,4471.19,362.59,18,9,0,2.1,28.61,20.92,1,1,30.37,Low
PRJ-01585,Infrastructure Project 01585,Ministry of Railways,Communication,Uttar Pradesh,State Government Agency,21980.74,26153.81,3945.48,71,66,9.79,87.91,92.96,16.08,86.92,0.99,3857.05,88.43,23,9,0,5.05,18.99,13.79,1,1,21.61,Low
PRJ-01586,Infrastructure Project 01586,Ministry of Road Transport,Social Infrastructure,Madhya Pradesh,State Government Agency,42162.22,49400.87,41585.48,96,81,9.14,65.5,84.38,89.88,64.81,0.69,38355.92,3229.56,16,13,4,18.88,17.17,9.52,1,0,30.45,Low
PRJ-01587,Infrastructure Project 01587,Ministry of Railways,Communication,Madhya Pradesh,Central Government Agency,41642.42,44218.52,29880.52,67,48,1.69,62.11,71.64,67.13,54.4,7.72,29880.49,0.02,20,4,1,9.53,6.19,2.52,0,0,13.94,Low
PRJ-01588,Infrastructure Project 01588,Ministry of Railways,Communication,West Bengal,Infrastructure Development Authority,29610.44,30006.52,15636.16,91,90,3.15,98.45,98.9,54.77,96.39,2.06,14972.04,664.13,11,6,2,0.46,1.34,3.46,0,0,7.45,Low
PRJ-01589,Infrastructure Project 01589,Ministry of Steel,Social Infrastructure,Telangana,Infrastructure Development Authority,21225.31,25428.44,15524.39,44,34,0.0,67.53,77.27,61.56,65.79,1.74,14903.64,620.74,12,2,1,9.74,19.8,0.0,1,0,32.9,Low
PRJ-01590,Infrastructure Project 01590,Ministry of Power,Communication,Telangana,Infrastructure Development Authority,31016.54,31428.64,13900.78,87,60,5.24,71.85,68.97,47.68,70.99,0.86,13283.34,617.44,5,0,0,-2.89,1.33,6.02,0,0,4.59,Low
PRJ-01591,Infrastructure Project 01591,Ministry of Steel,Coal,Tamil Nadu,State Government Agency,27217.99,44081.08,25928.7,89,80,25.78,83.32,89.89,55.03,78.79,4.53,24547.0,1381.7,6,1,1,6.57,61.96,28.97,1,1,45.64,Medium
PRJ-01592,Infrastructure Project 01592,Ministry of Steel,Coal,Gujarat,Public Sector Undertaking,22244.06,22714.35,12907.43,52,25,3.93,35.39,48.08,62.15,33.31,2.08,12841.72,65.71,27,7,2,12.69,2.11,7.56,0,0,18.09,Low
PRJ-01593,Infrastructure Project 01593,Ministry of Housing,Steel,Maharashtra,State Government Agency,7037.91,7731.76,4581.32,102,58,7.6,51.86,56.86,64.95,49.19,2.67,4187.86,393.46,24,5,1,5.01,9.86,7.45,0,0,9.23,Low
PRJ-01594,Infrastructure Project 01594,Ministry of Railways,Social Infrastructure,Rajasthan,Infrastructure Development Authority,15722.56,16368.96,3638.8,39,24,0.0,59.38,61.54,23.24,54.28,5.1,3153.77,485.03,17,11,1,2.15,4.11,0.0,0,0,11.75,Low
PRJ-01595,Infrastructure Project 01595,Ministry of Coal,Mining,Andhra Pradesh,Public Sector Undertaking,32322.69,34105.72,16665.81,64,52,6.42,85.9,81.25,53.22,85.36,0.54,16557.65,108.16,23,15,0,-4.65,5.52,10.03,0,1,16.67,Low
PRJ-01596,Infrastructure Project 01596,Ministry of Coal,Steel,Gujarat,State Government Agency,38720.14,43490.84,25672.05,99,34,3.91,35.12,34.34,67.46,31.97,3.15,23064.24,2607.81,29,9,0,-0.78,12.32,3.95,1,0,13.43,Low
PRJ-01597,Infrastructure Project 01597,Ministry of Steel,Coal,Gujarat,State Government Agency,22513.32,30111.28,10371.24,88,5,4.56,12.26,5.68,33.25,8.86,3.4,9966.89,404.34,22,20,1,-6.57,33.75,5.18,1,0,21.31,Low
PRJ-01598,Infrastructure Project 01598,Ministry of Housing,Coal,Rajasthan,Central Government Agency,19419.92,22514.88,5041.62,42,25,1.91,67.77,59.52,20.16,60.53,7.24,4927.32,114.3,22,4,0,-8.24,15.94,4.55,1,0,16.08,Low
PRJ-01599,Infrastructure Project 01599,Ministry of Coal,Transport & Logistics,Maharashtra,Central Government Agency,6835.25,7583.31,4519.42,118,111,1.57,89.43,94.07,60.22,82.17,7.25,4197.89,321.53,20,9,0,4.64,10.94,1.33,1,0,9.91,Low
PRJ-01600,Infrastructure Project 01600,Ministry of Jal Shakti,Water & Sanitation,Telangana,Infrastructure Development Authority,11702.38,12863.37,8007.79,79,14,5.16,15.35,17.72,68.78,13.02,2.33,7608.37,399.42,26,15,0,2.37,9.92,6.53,0,0,1.35,Low
PRJ-01601,Infrastructure Project 01601,Ministry of Road Transport,Water & Sanitation,Tamil Nadu,State Government Agency,6594.32,7525.94,4760.52,90,49,4.96,60.87,54.44,57.07,59.35,1.51,4224.96,535.55,6,4,0,-6.42,14.13,5.51,1,0,10.76,Low
PRJ-01602,Infrastructure Project 01602,Ministry of Steel,Transport & Logistics,Uttar Pradesh,Infrastructure Development Authority,49274.7,69338.5,56547.84,42,36,5.46,77.98,85.71,83.85,76.79,1.19,49788.63,6759.21,14,13,0,7.73,40.72,12.99,1,1,29.2,Low
PRJ-01603,Infrastructure Project 01603,Ministry of Railways,Mining,Gujarat,State Government Agency,5609.83,5798.58,3667.4,103,53,13.05,27.96,51.46,63.22,20.41,7.55,3440.47,226.93,5,1,5,23.5,3.36,12.67,0,1,49.94,Medium
PRJ-01604,Infrastructure Project 01604,Ministry of Railways,Energy,Gujarat,Infrastructure Development Authority,3997.49,4324.58,2666.17,118,38,11.3,31.16,32.2,64.4,26.42,4.75,2350.33,315.85,14,12,0,1.04,8.18,9.58,0,0,6.1,Low
PRJ-01605,Infrastructure Project 01605,Ministry of Road Transport,Communication,Tamil Nadu,Public Sector Undertaking,40887.24,50698.0,14566.2,116,119,4.69,91.15,100.0,34.03,87.81,3.34,12435.97,2130.23,11,11,0,8.85,23.99,4.04,1,0,23.15,Low
PRJ-01606,Infrastructure Project 01606,Ministry of Road Transport,Communication,Rajasthan,Infrastructure Development Authority,20451.9,21488.99,4797.99,112,100,6.37,84.14,89.29,21.03,79.11,5.03,4797.92,0.07,27,14,1,5.15,5.07,5.69,0,0,15.02,Low
PRJ-01607,Infrastructure Project 01607,Ministry of Railways,Coal,Tamil Nadu,State Government Agency,30781.61,31752.65,20120.44,54,48,3.21,89.24,88.89,68.38,87.2,2.04,18606.07,1514.38,23,2,0,-0.35,3.15,5.95,0,0,6.5,Low
PRJ-01608,Infrastructure Project 01608,Ministry of Communications,Social Infrastructure,West Bengal,State Government Agency,37594.7,37875.51,18961.98,106,83,0.63,89.92,78.3,52.65,82.48,7.43,17622.01,1339.97,13,4,0,-11.61,0.75,0.6,0,0,9.25,Low
PRJ-01609,Infrastructure Project 01609,Ministry of Housing,Transport & Logistics,Telangana,State Government Agency,14118.3,16228.07,2451.97,82,48,13.67,48.86,58.54,20.46,42.97,5.89,2351.21,100.76,29,20,1,9.68,14.94,16.67,1,1,28.31,Low
PRJ-01610,Infrastructure Project 01610,Ministry of Road Transport,Transport & Logistics,Uttar Pradesh,Central Government Agency,36808.69,40903.99,24350.23,40,49,1.91,100.0,100.0,58.16,96.5,3.5,23557.57,792.66,14,3,1,0.0,11.13,4.78,1,0,15.39,Low
PRJ-01611,Infrastructure Project 01611,Ministry of Housing,Steel,Karnataka,Infrastructure Development Authority,24682.02,26368.92,11877.87,56,50,0.0,77.29,89.29,41.03,76.25,1.04,11085.37,792.5,14,2,0,11.99,6.83,0.0,0,0,14.3,Low
PRJ-01612,Infrastructure Project 01612,Ministry of Steel,Social Infrastructure,West Bengal,Infrastructure Development Authority,15896.53,19996.07,4928.31,117,11,5.34,0.0,9.4,21.71,0.0,0.0,4279.55,648.76,25,13,1,9.4,25.79,4.56,1,0,29.36,Low
PRJ-01613,Infrastructure Project 01613,Ministry of Road Transport,Water & Sanitation,Gujarat,State Government Agency,990.87,1048.13,110.16,57,35,0.0,70.58,61.4,11.94,68.24,2.33,99.32,10.85,13,0,1,-9.17,5.78,0.0,0,0,8.85,Low
PRJ-01614,Infrastructure Project 01614,Ministry of Power,Communication,Uttar Pradesh,Public Sector Undertaking,17531.44,19337.48,14085.08,59,26,4.24,38.34,44.07,78.33,34.95,3.39,13903.67,181.41,6,5,1,5.73,10.3,7.19,1,0,15.42,Low
PRJ-01615,Infrastructure Project 01615,Ministry of Steel,Communication,Uttar Pradesh,Infrastructure Development Authority,24434.15,28469.94,1451.97,39,9,0.0,18.36,23.08,0.0,11.16,7.2,1332.73,119.24,8,7,3,4.71,16.52,0.0,1,0,31.43,Low
PRJ-01616,Infrastructure Project 01616,Ministry of Communications,Mining,Andhra Pradesh,Central Government Agency,20919.96,24384.61,11228.26,50,10,0.0,16.05,20.0,46.97,12.41,3.64,11048.53,179.73,13,2,0,3.95,16.56,0.0,1,0,13.7,Low
PRJ-01617,Infrastructure Project 01617,Ministry of Power,Social Infrastructure,Rajasthan,State Government Agency,44478.14,45763.47,31680.04,88,27,3.62,9.48,30.68,69.86,6.51,2.97,28248.12,3431.92,17,8,3,21.21,2.89,4.12,0,0,27.14,Low
PRJ-01618,Infrastructure Project 01618,Ministry of Steel,Mining,Andhra Pradesh,Infrastructure Development Authority,42301.23,59884.49,24762.06,27,34,3.52,100.0,100.0,42.92,95.27,4.73,23559.73,1202.33,24,13,0,0.0,41.57,13.03,1,1,30.9,Low
PRJ-01619,Infrastructure Project 01619,Ministry of Power,Transport & Logistics,Bihar,Public Sector Undertaking,3468.43,4706.73,3141.55,89,21,15.84,0.0,23.6,72.14,0.0,0.0,2794.16,347.39,12,3,4,23.6,35.7,17.8,1,1,35.03,Medium
PRJ-01620,Infrastructure Project 01620,Ministry of Power,Energy,Uttar Pradesh,Infrastructure Development Authority,32736.9,44042.02,33213.33,58,4,18.84,0.0,6.9,77.11,0.0,0.0,32269.96,943.38,25,7,1,6.9,34.53,32.48,1,1,37.67,Medium
PRJ-01621,Infrastructure Project 01621,Ministry of Railways,Communication,Karnataka,Infrastructure Development Authority,29336.61,34870.82,15483.52,94,45,4.15,40.41,47.87,48.92,32.61,7.81,15005.04,478.47,11,3,2,7.46,18.86,4.41,1,0,22.98,Low
PRJ-01622,Infrastructure Project 01622,Ministry of Jal Shakti,Mining,Maharashtra,Central Government Agency,15400.26,16690.19,8862.32,73,60,5.63,74.25,82.19,40.57,73.47,0.78,8677.78,184.54,11,9,1,7.95,8.38,7.71,0,0,16.84,Low
PRJ-01623,Infrastructure Project 01623,Ministry of Housing,Mining,Madhya Pradesh,Public Sector Undertaking,22695.52,23649.72,13432.28,100,29,7.37,28.16,29.0,49.73,20.48,7.68,12285.03,1147.24,7,3,1,0.84,4.2,7.37,0,0,19.2,Low
PRJ-01624,Infrastructure Project 01624,Ministry of Road Transport,Energy,Madhya Pradesh,State Government Agency,42306.03,46446.09,25892.19,24,9,0.02,36.84,37.5,49.24,36.04,0.8,23497.59,2394.6,6,3,0,0.66,9.79,0.1,0,0,14.81,Low
PRJ-01625,Infrastructure Project 01625,Ministry of Communications,Steel,Tamil Nadu,Central Government Agency,49196.07,54236.2,4104.21,65,60,2.7,84.21,92.31,4.25,80.57,3.63,3987.55,116.66,17,0,1,8.1,10.24,4.15,1,0,16.56,Low
PRJ-01626,Infrastructure Project 01626,Ministry of Coal,Water & Sanitation,Rajasthan,Public Sector Undertaking,17174.91,17475.74,9572.63,47,5,0.0,17.69,10.64,55.38,16.49,1.2,8723.48,849.15,28,24,0,-7.05,1.75,0.0,0,0,9.54,Low
PRJ-01627,Infrastructure Project 01627,Ministry of Steel,Steel,Telangana,Central Government Agency,6663.85,7817.23,5897.52,47,4,7.71,12.16,8.51,74.06,10.19,1.97,5080.16,817.36,20,18,1,-3.65,17.31,16.4,1,1,26.35,Low
PRJ-01628,Infrastructure Project 01628,Ministry of Jal Shakti,Coal,Odisha,State Government Agency,48915.78,50751.46,15866.46,94,66,12.89,73.96,70.21,20.01,71.82,2.15,14742.73,1123.74,5,3,2,-3.75,3.75,13.72,0,1,16.48,Low
PRJ-01629,Infrastructure Project 01629,Ministry of Road Transport,Water & Sanitation,Odisha,Infrastructure Development Authority,47176.01,49048.23,26242.41,65,72,0.0,100.0,100.0,48.9,97.58,2.42,25204.27,1038.14,27,16,0,0.0,3.97,0.0,0,0,3.4,Low
PRJ-01630,Infrastructure Project 01630,Ministry of Housing,Transport & Logistics,Karnataka,Infrastructure Development Authority,9356.02,12303.31,10425.13,35,17,0.0,49.01,48.57,81.22,44.97,4.05,9661.91,763.22,27,14,0,-0.44,31.5,0.0,1,0,10.56,Low
PRJ-01631,Infrastructure Project 01631,Ministry of Road Transport,Water & Sanitation,Bihar,Infrastructure Development Authority,37244.9,38924.06,28657.74,58,60,0.03,93.92,100.0,68.1,92.93,0.99,25931.69,2726.05,17,4,1,6.08,4.51,0.06,0,0,13.44,Low
PRJ-01632,Infrastructure Project 01632,Ministry of Housing,Social Infrastructure,Madhya Pradesh,State Government Agency,19960.41,21124.52,2483.88,70,62,0.0,86.69,88.57,6.66,81.71,4.98,2320.22,163.66,5,4,0,1.88,5.83,0.0,0,0,14.5,Low
PRJ-01633,Infrastructure Project 01633,Ministry of Housing,Communication,Odisha,Public Sector Undertaking,35169.34,49141.4,24918.0,78,58,12.91,71.95,74.36,49.73,67.22,4.73,22028.81,2889.19,19,6,0,2.41,39.73,16.56,1,1,35.48,Medium
PRJ-01634,Infrastructure Project 01634,Ministry of Railways,Energy,Maharashtra,Infrastructure Development Authority,41959.7,45751.64,11823.66,73,14,9.38,18.1,19.18,27.48,16.03,2.07,10652.53,1171.14,26,8,0,1.08,9.04,12.84,0,1,15.96,Low
PRJ-01635,Infrastructure Project 01635,Ministry of Communications,Energy,Tamil Nadu,Infrastructure Development Authority,15929.75,19801.54,5495.95,36,42,0.0,100.0,100.0,26.28,97.89,2.11,5427.89,68.06,20,18,0,0.0,24.31,0.0,1,0,14.16,Low
PRJ-01636,Infrastructure Project 01636,Ministry of Housing,Energy,Telangana,State Government Agency,6108.77,6909.86,2742.54,58,51,15.87,79.73,87.93,42.02,74.37,5.35,2588.33,154.21,8,7,0,8.2,13.11,27.36,1,1,34.4,Low
PRJ-01637,Infrastructure Project 01637,Ministry of Road Transport,Energy,Odisha,Infrastructure Development Authority,18972.23,21575.15,5676.51,101,26,2.64,26.39,25.74,18.21,18.44,7.96,4909.81,766.7,22,14,0,-0.65,13.72,2.62,1,0,18.81,Low
PRJ-01638,Infrastructure Project 01638,Ministry of Housing,Steel,Andhra Pradesh,State Government Agency,22856.19,23353.61,4667.27,87,60,7.84,66.98,68.97,21.22,62.64,4.33,4228.47,438.8,7,2,1,1.99,2.18,9.01,0,0,13.15,Low
PRJ-01639,Infrastructure Project 01639,Ministry of Housing,Transport & Logistics,Maharashtra,Public Sector Undertaking,5721.94,7421.97,6150.46,32,31,0.0,100.0,96.88,82.95,97.18,2.82,5638.53,511.93,11,7,0,-3.12,29.71,0.0,1,0,14.8,Low
PRJ-01640,Infrastructure Project 01640,Ministry of Jal Shakti,Social Infrastructure,Rajasthan,State Government Agency,31979.5,33815.22,7641.43,43,39,1.42,89.77,90.7,25.22,84.3,5.47,7065.14,576.29,9,4,0,0.93,5.74,3.29,0,0,4.71,Low
PRJ-01641,Infrastructure Project 01641,Ministry of Housing,Mining,Odisha,Infrastructure Development Authority,38504.32,39158.38,11311.22,115,69,0.0,70.19,60.0,23.95,62.58,7.61,9831.32,1479.9,22,14,0,-10.19,1.7,0.0,0,0,5.09,Low
PRJ-01642,Infrastructure Project 01642,Ministry of Jal Shakti,Mining,Uttar Pradesh,Public Sector Undertaking,22097.3,24059.73,11352.22,95,3,4.76,0.0,3.16,49.05,0.0,0.0,10209.35,1142.88,17,6,0,3.16,8.88,5.01,0,0,16.18,Low
PRJ-01643,Infrastructure Project 01643,Ministry of Steel,Energy,Odisha,Central Government Agency,36648.91,40288.93,29853.88,98,71,0.0,68.79,72.45,67.18,68.11,0.69,28475.99,1377.9,11,5,1,3.66,9.93,0.0,0,0,20.16,Low
PRJ-01644,Infrastructure Project 01644,Ministry of Jal Shakti,Social Infrastructure,Bihar,State Government Agency,33881.28,35574.12,28376.19,30,20,5.19,58.58,66.67,79.0,53.3,5.28,25075.56,3300.63,18,12,4,8.08,5.0,17.31,0,1,21.49,Low
PRJ-01645,Infrastructure Project 01645,Ministry of Housing,Water & Sanitation,Bihar,State Government Agency,32199.31,38623.69,22663.74,44,44,4.41,100.0,100.0,59.14,95.76,4.24,19374.44,3289.31,22,19,1,0.0,19.95,10.03,1,1,20.27,Low
PRJ-01646,Infrastructure Project 01646,Ministry of Power,Social Infrastructure,Rajasthan,Central Government Agency,4619.98,5158.68,2158.62,74,74,3.59,94.58,100.0,30.91,90.08,4.5,1941.2,217.43,14,10,0,5.42,11.66,4.86,1,0,26.49,Low
PRJ-01647,Infrastructure Project 01647,Ministry of Steel,Energy,West Bengal,State Government Agency,17947.38,24066.86,17085.57,78,8,6.83,8.12,10.26,71.0,2.58,5.54,14982.08,2103.49,16,9,1,2.14,34.1,8.76,1,0,23.69,Low
PRJ-01648,Infrastructure Project 01648,Ministry of Railways,Water & Sanitation,Madhya Pradesh,Central Government Agency,24553.55,35916.81,15184.9,46,9,2.65,20.06,19.57,45.2,17.73,2.33,13410.67,1774.24,14,4,0,-0.5,46.28,5.76,1,0,27.02,Low
PRJ-01649,Infrastructure Project 01649,Ministry of Jal Shakti,Energy,Uttar Pradesh,Infrastructure Development Authority,33482.73,44159.94,19358.73,98,26,26.03,8.46,26.53,35.0,2.82,5.63,17113.65,2245.08,17,0,1,18.07,31.89,26.56,1,1,48.16,Medium
PRJ-01650,Infrastructure Project 01650,Ministry of Communications,Mining,West Bengal,Public Sector Undertaking,45478.75,48718.49,30543.54,61,60,3.02,91.63,98.36,60.55,90.65,0.99,28781.06,1762.49,29,24,0,6.73,7.12,4.96,0,0,17.5,Low
PRJ-01651,Infrastructure Project 01651,Ministry of Coal,Steel,Maharashtra,State Government Agency,36892.18,40227.84,25127.52,47,17,0.36,42.07,36.17,60.5,39.86,2.21,24059.4,1068.12,22,11,0,-5.9,9.04,0.77,0,0,8.82,Low
PRJ-01652,Infrastructure Project 01652,Ministry of Power,Energy,Odisha,Public Sector Undertaking,3156.47,3672.49,2363.75,103,6,13.64,0.0,5.83,68.21,0.0,0.0,2361.27,2.47,17,9,0,5.83,16.35,13.24,1,1,14.77,Low
PRJ-01653,Infrastructure Project 01653,Ministry of Coal,Water & Sanitation,West Bengal,Infrastructure Development Authority,37350.36,47095.63,26467.34,104,58,6.19,62.65,55.77,59.09,58.66,3.99,25139.61,1327.73,11,3,1,-6.88,26.09,5.95,1,0,25.14,Low
PRJ-01654,Infrastructure Project 01654,Ministry of Communications,Water & Sanitation,Uttar Pradesh,State Government Agency,21246.21,21597.84,13849.08,59,48,3.04,80.83,81.36,68.35,74.4,6.43,13210.2,638.88,22,1,0,0.53,1.66,5.16,0,0,9.57,Low
PRJ-01655,Infrastructure Project 01655,Ministry of Jal Shakti,Mining,Tamil Nadu,Central Government Agency,23694.42,25505.75,18017.49,32,40,10.46,100.0,100.0,63.98,92.59,7.41,16722.78,1294.71,10,7,0,0.0,7.64,32.7,0,1,19.69,Low
PRJ-01656,Infrastructure Project 01656,Ministry of Communications,Water & Sanitation,Odisha,Public Sector Undertaking,13834.76,14897.28,11804.19,42,35,0.0,98.67,83.33,81.35,95.75,2.92,11459.46,344.74,15,2,0,-15.34,7.68,0.0,0,0,16.11,Low
PRJ-01657,Infrastructure Project 01657,Ministry of Power,Water & Sanitation,Madhya Pradesh,Central Government Agency,1055.67,1494.79,812.9,45,15,0.0,43.46,33.33,54.55,39.0,4.46,705.17,107.73,19,16,0,-10.12,41.6,0.0,1,0,29.95,Low
PRJ-01658,Infrastructure Project 01658,Ministry of Railways,Social Infrastructure,Telangana,Infrastructure Development Authority,8204.71,8627.5,1436.89,24,11,5.38,56.72,45.83,19.9,52.02,4.7,1328.19,108.7,18,9,0,-10.88,5.15,22.43,0,1,27.02,Low
PRJ-01659,Infrastructure Project 01659,Ministry of Jal Shakti,Steel,West Bengal,Public Sector Undertaking,27544.19,29156.8,15058.39,45,35,3.95,66.77,77.78,43.77,65.09,1.68,14146.69,911.69,27,21,0,11.01,5.85,8.79,0,0,10.71,Low
PRJ-01660,Infrastructure Project 01660,Ministry of Railways,Energy,Telangana,Public Sector Undertaking,49462.88,64117.21,34590.08,47,24,4.29,50.53,51.06,53.72,48.4,2.13,30497.53,4092.55,8,8,0,0.53,29.63,9.13,1,0,22.75,Low
PRJ-01661,Infrastructure Project 01661,Ministry of Communications,Transport & Logistics,Karnataka,Public Sector Undertaking,959.51,1044.83,98.76,48,24,4.58,52.59,50.0,7.63,47.45,5.15,91.12,7.65,11,3,0,-2.59,8.89,9.54,0,0,18.84,Low
PRJ-01662,Infrastructure Project 01662,Ministry of Jal Shakti,Coal,Rajasthan,Public Sector Undertaking,2298.56,2557.2,164.64,101,76,0.22,78.65,75.25,9.69,72.47,6.18,161.75,2.89,20,20,0,-3.4,11.25,0.21,1,0,12.63,Low
PRJ-01663,Infrastructure Project 01663,Ministry of Housing,Steel,Tamil Nadu,State Government Agency,22085.93,22498.68,4640.39,117,70,11.46,60.54,59.83,20.76,56.69,3.85,3947.05,693.35,28,24,0,-0.71,1.87,9.79,0,0,16.17,Low
PRJ-01664,Infrastructure Project 01664,Ministry of Coal,Social Infrastructure,Telangana,Central Government Agency,43137.85,43827.39,19687.89,65,54,8.8,71.78,83.08,46.05,67.32,4.46,16871.72,2816.17,28,8,1,11.3,1.6,13.54,0,1,15.51,Low
PRJ-01665,Infrastructure Project 01665,Ministry of Jal Shakti,Transport & Logistics,Madhya Pradesh,State Government Agency,23782.56,25505.02,8316.89,66,12,4.49,11.6,18.18,37.01,10.81,0.79,7617.71,699.18,28,24,1,6.58,7.24,6.8,0,0,12.88,Low
PRJ-01666,Infrastructure Project 01666,Ministry of Housing,Transport & Logistics,Maharashtra,Public Sector Undertaking,38348.6,43271.31,36431.18,66,16,11.15,19.69,24.24,82.81,12.0,7.68,35933.17,498.01,11,6,0,4.56,12.84,16.9,1,1,12.87,Low
PRJ-01667,Infrastructure Project 01667,Ministry of Road Transport,Social Infrastructure,Odisha,Public Sector Undertaking,47491.72,55479.14,46197.9,62,41,6.48,50.17,66.13,85.15,45.48,4.69,43855.58,2342.32,20,12,4,15.96,16.82,10.45,1,1,23.15,Low
PRJ-01668,Infrastructure Project 01668,Ministry of Jal Shakti,Steel,Madhya Pradesh,Infrastructure Development Authority,24570.68,27397.16,10610.02,114,81,0.59,69.07,71.05,39.76,68.15,0.91,10381.5,228.52,12,10,2,1.99,11.5,0.51,1,0,18.15,Low
PRJ-01669,Infrastructure Project 01669,Ministry of Housing,Water & Sanitation,Odisha,Public Sector Undertaking,37678.35,50213.91,7923.55,70,56,6.83,70.24,80.0,20.84,69.4,0.85,7277.76,645.79,5,0,2,9.76,33.27,9.76,1,0,39.45,Medium
PRJ-01670,Infrastructure Project 01670,Ministry of Coal,Transport & Logistics,Rajasthan,State Government Agency,170.45,188.9,89.69,36,27,0.42,77.55,75.0,48.26,71.74,5.81,79.59,10.1,20,9,0,-2.55,10.82,1.18,1,0,5.42,Low
PRJ-01671,Infrastructure Project 01671,Ministry of Railways,Transport & Logistics,Odisha,Central Government Agency,13150.0,13721.22,4479.54,49,50,2.98,100.0,100.0,24.12,92.27,7.73,4179.38,300.15,10,2,1,0.0,4.34,6.08,0,0,5.37,Low
PRJ-01672,Infrastructure Project 01672,Ministry of Coal,Energy,Uttar Pradesh,Infrastructure Development Authority,20121.22,30358.53,13576.97,81,87,21.4,99.93,100.0,48.96,96.67,3.26,13455.52,121.44,19,1,0,0.07,50.88,26.42,1,1,32.48,Low
PRJ-01673,Infrastructure Project 01673,Ministry of Steel,Transport & Logistics,Andhra Pradesh,State Government Agency,45247.51,47518.62,31011.96,90,65,7.96,86.3,72.22,66.75,79.99,6.31,27425.8,3586.16,19,2,0,-14.08,5.02,8.85,0,0,11.3,Low
PRJ-01674,Infrastructure Project 01674,Ministry of Jal Shakti,Communication,Bihar,Public Sector Undertaking,46283.65,54325.3,21874.46,26,34,6.11,100.0,100.0,42.03,97.03,2.97,20872.27,1002.19,25,5,0,0.0,17.37,23.49,1,1,25.75,Low
PRJ-01675,Infrastructure Project 01675,Ministry of Communications,Mining,Andhra Pradesh,Central Government Agency,11284.45,11919.75,3693.91,98,46,4.55,26.59,46.94,30.23,24.84,1.75,3182.8,511.11,12,5,0,20.35,5.63,4.64,0,0,22.94,Low
PRJ-01676,Infrastructure Project 01676,Ministry of Power,Water & Sanitation,Odisha,Central Government Agency,39518.77,41341.33,10509.44,73,24,2.44,14.77,32.88,26.03,14.32,0.45,9710.33,799.1,27,13,4,18.11,4.61,3.34,0,0,21.41,Low
PRJ-01677,Infrastructure Project 01677,Ministry of Railways,Communication,Karnataka,State Government Agency,35948.87,37049.87,11055.03,30,26,0.0,80.23,86.67,29.91,76.47,3.75,9561.2,1493.82,14,0,0,6.44,3.06,0.0,0,0,13.76,Low
PRJ-01678,Infrastructure Project 01678,Ministry of Coal,Water & Sanitation,Tamil Nadu,Infrastructure Development Authority,21346.08,24790.3,2595.82,79,76,6.27,100.0,96.2,6.53,96.27,3.73,2570.82,25.0,6,1,0,-3.8,16.14,7.94,1,0,26.01,Low
PRJ-01679,Infrastructure Project 01679,Ministry of Communications,Steel,Odisha,Infrastructure Development Authority,21761.15,23106.62,12634.01,110,69,18.2,49.75,62.73,63.56,46.23,3.52,10942.91,1691.1,12,4,1,12.98,6.18,16.54,0,1,20.35,Low
PRJ-01680,Infrastructure Project 01680,Ministry of Communications,Social Infrastructure,Telangana,Central Government Agency,3691.24,4338.15,3648.93,92,64,8.91,62.65,69.57,80.95,59.59,3.05,3632.05,16.88,7,2,1,6.92,17.53,9.68,1,0,24.73,Low
PRJ-01681,Infrastructure Project 01681,Ministry of Housing,Social Infrastructure,Uttar Pradesh,State Government Agency,22473.14,27328.18,15800.59,45,33,15.81,73.65,73.33,55.9,73.28,0.37,15579.74,220.86,6,5,0,-0.32,21.6,35.14,1,1,33.51,Low
PRJ-01682,Infrastructure Project 01682,Ministry of Coal,Energy,Maharashtra,State Government Agency,16170.52,18910.06,6525.46,43,6,0.0,0.15,13.95,30.54,0.0,0.15,5985.06,540.41,7,2,2,13.8,16.94,0.0,1,0,27.41,Low
PRJ-01683,Infrastructure Project 01683,Ministry of Railways,Energy,Telangana,Infrastructure Development Authority,32841.93,37343.21,13801.43,49,15,5.21,26.84,30.61,36.79,23.65,3.19,13147.76,653.67,27,5,1,3.77,13.71,10.63,1,1,14.72,Low
PRJ-01684,Infrastructure Project 01684,Ministry of Housing,Steel,Bihar,State Government Agency,41176.2,43115.5,6193.48,87,61,6.39,59.44,70.11,14.81,55.29,4.16,5724.39,469.08,15,9,0,10.67,4.71,7.35,0,0,22.52,Low
PRJ-01685,Infrastructure Project 01685,Ministry of Road Transport,Communication,Maharashtra,State Government Agency,31734.51,34528.76,21007.03,69,62,8.04,74.07,89.86,66.0,68.69,5.38,18372.39,2634.64,29,0,1,15.78,8.81,11.65,0,1,16.15,Low
PRJ-01686,Infrastructure Project 01686,Ministry of Power,Coal,Uttar Pradesh,Infrastructure Development Authority,22622.38,25375.96,9191.77,96,26,0.0,23.02,27.08,30.48,17.17,5.85,7907.01,1284.76,11,6,0,4.06,12.17,0.0,1,0,7.67,Low
PRJ-01687,Infrastructure Project 01687,Ministry of Road Transport,Energy,West Bengal,Infrastructure Development Authority,43987.24,56519.13,9215.88,25,15,0.0,45.69,60.0,15.67,42.5,3.19,8518.47,697.41,27,2,0,14.31,28.49,0.0,1,0,30.68,Low
PRJ-01688,Infrastructure Project 01688,Ministry of Road Transport,Water & Sanitation,Uttar Pradesh,Central Government Agency,36325.33,46423.15,25539.61,106,101,14.86,83.2,95.28,58.81,79.08,4.11,24703.65,835.96,12,0,1,12.09,27.8,14.02,1,1,29.04,Low
PRJ-01689,Infrastructure Project 01689,Ministry of Steel,Energy,Madhya Pradesh,Central Government Agency,25791.66,29605.11,14872.7,24,13,3.57,43.15,54.17,47.42,36.13,7.02,14841.55,31.15,13,7,0,11.02,14.79,14.89,1,1,20.24,Low
PRJ-01690,Infrastructure Project 01690,Ministry of Jal Shakti,Mining,Telangana,State Government Agency,18889.43,22161.94,11671.54,118,45,18.76,20.56,38.14,45.39,19.31,1.25,10769.13,902.41,19,16,1,17.58,17.32,15.9,1,1,27.75,Low
PRJ-01691,Infrastructure Project 01691,Ministry of Jal Shakti,Transport & Logistics,Odisha,Public Sector Undertaking,12641.98,18433.14,13396.4,48,13,9.32,22.32,27.08,77.3,20.83,1.49,12499.13,897.28,9,6,1,4.76,45.81,19.43,1,1,34.93,Low
PRJ-01692,Infrastructure Project 01692,Ministry of Steel,Communication,Andhra Pradesh,Infrastructure Development Authority,47172.31,50135.92,33064.41,119,99,7.18,80.4,83.19,62.06,77.27,3.13,32040.61,1023.81,21,5,0,2.79,6.28,6.03,0,0,4.09,Low
PRJ-01693,Infrastructure Project 01693,Ministry of Coal,Water & Sanitation,Maharashtra,Central Government Agency,36377.42,37747.42,11462.38,36,5,7.57,26.18,13.89,24.7,18.62,7.56,10921.0,541.38,26,24,0,-12.3,3.77,21.04,0,1,14.97,Low
PRJ-01694,Infrastructure Project 01694,Ministry of Power,Water & Sanitation,Tamil Nadu,Public Sector Undertaking,48254.73,54146.55,15824.75,77,70,6.12,96.15,90.91,30.15,91.63,4.52,15820.31,4.44,7,5,1,-5.24,12.21,7.94,1,0,18.61,Low
PRJ-01695,Infrastructure Project 01695,Ministry of Coal,Coal,Rajasthan,State Government Agency,34473.17,35278.08,16245.83,74,12,0.0,18.01,16.22,48.41,13.33,4.68,14483.26,1762.57,15,3,0,-1.79,2.33,0.0,0,0,6.78,Low
PRJ-01696,Infrastructure Project 01696,Ministry of Jal Shakti,Energy,Telangana,State Government Agency,36521.9,38699.34,21828.74,49,8,1.59,7.39,16.33,49.61,2.94,4.45,21319.08,509.65,14,6,1,8.94,5.96,3.24,0,0,17.89,Low
PRJ-01697,Infrastructure Project 01697,Ministry of Steel,Energy,Karnataka,State Government Agency,21007.26,21542.64,14568.59,74,58,0.0,82.92,78.38,68.57,81.5,1.42,12488.76,2079.83,17,1,0,-4.54,2.55,0.0,0,0,10.06,Low
PRJ-01698,Infrastructure Project 01698,Ministry of Steel,Social Infrastructure,Tamil Nadu,Public Sector Undertaking,46078.0,53190.74,19772.38,105,95,8.26,76.79,90.48,39.79,73.46,3.32,17062.4,2709.98,10,10,3,13.69,15.44,7.87,1,0,27.29,Low
PRJ-01699,Infrastructure Project 01699,Ministry of Road Transport,Coal,Maharashtra,State Government Agency,41041.99,43877.5,14475.94,117,26,0.0,30.15,22.22,31.06,28.69,1.46,14018.77,457.17,25,3,0,-7.93,6.91,0.0,0,0,13.75,Low
PRJ-01700,Infrastructure Project 01700,Ministry of Power,Energy,West Bengal,State Government Agency,1301.39,1703.03,1046.57,31,38,1.24,100.0,100.0,65.76,98.61,1.39,1029.07,17.5,8,5,0,0.0,30.86,4.01,1,0,16.28,Low
PRJ-01701,Infrastructure Project 01701,Ministry of Road Transport,Transport & Logistics,Telangana,Infrastructure Development Authority,38421.52,44781.23,8263.61,83,29,0.87,19.66,34.94,13.22,18.71,0.96,7101.08,1162.53,27,8,7,15.28,16.55,1.05,1,0,19.37,Low
PRJ-01702,Infrastructure Project 01702,Ministry of Housing,Communication,Maharashtra,Central Government Agency,34845.99,37864.77,12352.74,92,48,1.52,44.83,52.17,33.3,41.74,3.09,10533.33,1819.41,23,21,2,7.34,8.66,1.65,0,0,16.0,Low
PRJ-01703,Infrastructure Project 01703,Ministry of Communications,Mining,Odisha,State Government Agency,25330.34,26383.11,11477.21,47,29,8.35,60.69,61.7,51.5,57.64,3.06,11242.42,234.79,10,10,2,1.01,4.16,17.78,0,1,20.67,Low
PRJ-01704,Infrastructure Project 01704,Ministry of Housing,Communication,West Bengal,State Government Agency,17685.83,21452.01,10531.16,52,24,0.0,38.17,46.15,50.53,35.73,2.43,9643.75,887.41,21,5,2,7.99,21.29,0.0,1,0,26.06,Low
PRJ-01705,Infrastructure Project 01705,Ministry of Power,Mining,Rajasthan,Central Government Agency,41385.81,48253.33,29104.59,26,35,6.69,100.0,100.0,48.41,99.9,0.1,28881.88,222.71,28,2,2,0.0,16.59,25.75,1,1,21.24,Low
PRJ-01706,Infrastructure Project 01706,Ministry of Coal,Coal,Rajasthan,State Government Agency,31244.38,32390.42,13905.37,42,21,0.0,33.95,50.0,47.66,32.72,1.23,13195.24,710.14,12,0,1,16.05,3.67,0.0,0,0,19.7,Low
PRJ-01707,Infrastructure Project 01707,Ministry of Communications,Social Infrastructure,Telangana,Central Government Agency,39105.76,40116.88,31773.56,118,73,0.0,71.42,61.86,81.08,70.1,1.32,30016.23,1757.33,22,1,1,-9.56,2.59,0.0,0,0,6.98,Low
PRJ-01708,Infrastructure Project 01708,Ministry of Housing,Social Infrastructure,Madhya Pradesh,Central Government Agency,22575.68,23872.28,3936.25,107,49,10.14,53.35,45.79,11.59,51.64,1.71,3512.84,423.41,8,2,0,-7.55,5.74,9.47,0,0,15.83,Low
PRJ-01709,Infrastructure Project 01709,Ministry of Coal,Social Infrastructure,Gujarat,Public Sector Undertaking,28934.59,32710.66,14255.13,75,80,1.7,100.0,100.0,38.55,97.4,2.6,12337.79,1917.34,26,21,0,0.0,13.05,2.26,1,0,16.91,Low
PRJ-01710,Infrastructure Project 01710,Ministry of Communications,Communication,Bihar,State Government Agency,5468.11,6636.57,3486.42,79,70,0.15,92.92,88.61,53.94,90.9,2.01,3223.27,263.15,19,6,1,-4.31,21.37,0.19,1,0,8.04,Low
PRJ-01711,Infrastructure Project 01711,Ministry of Housing,Steel,Andhra Pradesh,Central Government Agency,13989.93,15403.91,3713.72,106,113,3.71,100.0,100.0,20.41,93.36,6.64,3396.56,317.16,17,2,1,0.0,10.11,3.5,1,0,14.24,Low
PRJ-01712,Infrastructure Project 01712,Ministry of Road Transport,Steel,Gujarat,Central Government Agency,21804.99,22301.44,3012.94,102,6,10.13,0.0,5.88,20.6,0.0,0.0,2714.24,298.7,24,24,1,5.88,2.28,9.93,0,0,20.15,Low
PRJ-01713,Infrastructure Project 01713,Ministry of Railways,Mining,Bihar,Public Sector Undertaking,11564.23,12394.84,1130.49,54,49,1.3,85.39,90.74,11.39,81.48,3.91,1087.11,43.39,20,6,0,5.35,7.18,2.4,0,0,22.84,Low
PRJ-01714,Infrastructure Project 01714,Ministry of Jal Shakti,Energy,Andhra Pradesh,Infrastructure Development Authority,19646.53,23530.91,6956.21,45,20,8.49,37.37,44.44,27.48,36.1,1.27,6625.19,331.02,6,6,0,7.08,19.77,18.87,1,1,30.87,Low
PRJ-01715,Infrastructure Project 01715,Ministry of Road Transport,Energy,Telangana,Central Government Agency,42833.08,43619.2,4785.23,58,20,3.93,28.06,34.48,11.81,21.97,6.09,4446.33,338.9,24,21,2,6.43,1.84,6.78,0,0,14.0,Low
PRJ-01716,Infrastructure Project 01716,Ministry of Road Transport,Communication,Rajasthan,Central Government Agency,34031.67,36314.21,11599.91,80,30,5.04,24.52,37.5,31.91,17.06,7.46,11229.73,370.18,22,10,2,12.98,6.71,6.3,0,0,31.7,Low
PRJ-01717,Infrastructure Project 01717,Ministry of Steel,Steel,West Bengal,Infrastructure Development Authority,11912.79,13590.69,1028.52,110,83,0.04,63.87,75.45,14.05,57.0,6.86,944.51,84.01,26,7,0,11.59,14.08,0.03,1,0,21.25,Low
PRJ-01718,Infrastructure Project 01718,Ministry of Power,Communication,West Bengal,State Government Agency,653.29,744.46,355.12,44,6,12.47,8.37,13.64,49.8,0.63,7.74,354.78,0.33,7,6,1,5.27,13.96,28.35,1,1,31.11,Low
PRJ-01719,Infrastructure Project 01719,Ministry of Jal Shakti,Steel,West Bengal,Public Sector Undertaking,14667.51,15236.94,7680.56,109,29,1.44,26.72,26.61,45.55,23.5,3.22,6893.96,786.59,23,21,0,-0.12,3.88,1.32,0,0,3.97,Low
PRJ-01720,Infrastructure Project 01720,Ministry of Housing,Energy,Andhra Pradesh,Public Sector Undertaking,26445.12,29832.03,12971.56,99,63,6.37,56.76,63.64,44.33,48.93,7.84,12147.73,823.83,6,4,1,6.87,12.81,6.44,1,0,27.99,Low
PRJ-01721,Infrastructure Project 01721,Ministry of Steel,Coal,Andhra Pradesh,State Government Agency,13310.99,16202.21,7027.3,61,66,0.13,100.0,100.0,38.43,93.67,6.33,6533.47,493.83,16,12,0,0.0,21.72,0.22,1,0,13.68,Low
PRJ-01722,Infrastructure Project 01722,Ministry of Coal,Energy,Bihar,State Government Agency,35538.32,48731.62,24609.98,71,71,11.3,100.0,100.0,48.77,93.5,6.5,23369.16,1240.82,6,6,1,0.0,37.12,15.92,1,1,37.46,Medium
PRJ-01723,Infrastructure Project 01723,Ministry of Jal Shakti,Coal,Bihar,Central Government Agency,509.68,618.59,349.18,33,20,0.0,63.31,60.61,56.73,61.82,1.49,330.25,18.93,16,7,0,-2.7,21.37,0.0,1,0,6.6,Low
PRJ-01724,Infrastructure Project 01724,Ministry of Steel,Communication,Karnataka,State Government Agency,39801.34,45612.33,25991.15,119,91,4.7,74.96,76.47,47.65,74.93,0.03,25752.38,238.77,21,2,0,1.51,14.6,3.95,1,0,14.5,Low
PRJ-01725,Infrastructure Project 01725,Ministry of Road Transport,Water & Sanitation,Gujarat,Infrastructure Development Authority,11873.21,14911.9,2930.15,58,55,9.72,99.77,94.83,18.16,96.2,3.57,2583.02,347.13,21,16,0,-4.94,25.59,16.77,1,1,25.53,Low
PRJ-01726,Infrastructure Project 01726,Ministry of Housing,Social Infrastructure,Rajasthan,Infrastructure Development Authority,4655.07,4927.37,3179.08,116,58,0.75,44.66,50.0,64.96,41.86,2.81,2848.4,330.68,27,7,0,5.34,5.85,0.65,0,0,10.75,Low
PRJ-01727,Infrastructure Project 01727,Ministry of Housing,Social Infrastructure,Bihar,Infrastructure Development Authority,12301.76,14117.15,9857.71,46,24,4.41,42.67,52.17,72.19,36.81,5.86,9796.17,61.53,14,6,1,9.5,14.76,9.59,1,0,16.46,Low
PRJ-01728,Infrastructure Project 01728,Ministry of Jal Shakti,Communication,Tamil Nadu,Public Sector Undertaking,22081.51,28146.87,6098.21,98,49,4.03,55.9,50.0,17.62,50.22,5.69,5443.86,654.35,10,5,0,-5.9,27.47,4.11,1,0,19.53,Low
PRJ-01729,Infrastructure Project 01729,Ministry of Jal Shakti,Steel,Madhya Pradesh,Central Government Agency,43706.7,45430.0,29239.81,56,52,7.65,97.16,92.86,70.96,89.66,7.51,27243.11,1996.7,18,12,1,-4.31,3.94,13.65,0,1,10.7,Low
PRJ-01730,Infrastructure Project 01730,Ministry of Railways,Steel,Tamil Nadu,Infrastructure Development Authority,4159.35,4515.64,3626.72,70,56,3.31,77.28,80.0,89.88,76.57,0.71,3278.33,348.39,27,23,1,2.72,8.57,4.73,0,0,5.98,Low
PRJ-01731,Infrastructure Project 01731,Ministry of Road Transport,Coal,Tamil Nadu,State Government Agency,37872.93,44154.94,2251.53,50,53,5.95,100.0,100.0,11.25,96.67,3.33,2005.18,246.35,25,12,2,0.0,16.59,11.91,1,1,17.27,Low
PRJ-01732,Infrastructure Project 01732,Ministry of Steel,Energy,West Bengal,Infrastructure Development Authority,47818.8,58347.57,45342.35,53,56,6.96,98.13,100.0,80.34,90.14,7.99,42676.45,2665.9,8,1,3,1.87,22.02,13.14,1,1,24.04,Low
PRJ-01733,Infrastructure Project 01733,Ministry of Railways,Coal,Odisha,Public Sector Undertaking,23700.27,26853.02,2350.23,84,81,0.0,98.0,96.43,7.33,90.67,7.33,2029.9,320.33,28,0,1,-1.57,13.3,0.0,1,0,18.98,Low
PRJ-01734,Infrastructure Project 01734,Ministry of Road Transport,Steel,Madhya Pradesh,State Government Agency,25048.7,26334.31,14740.26,89,68,0.0,71.27,76.4,59.03,66.71,4.56,14544.81,195.45,14,9,0,5.14,5.13,0.0,0,0,17.65,Low
PRJ-01735,Infrastructure Project 01735,Ministry of Jal Shakti,Energy,Uttar Pradesh,State Government Agency,29727.39,31691.09,26243.88,106,104,2.88,100.0,98.11,75.18,92.56,7.44,23811.44,2432.45,17,6,1,-1.89,6.61,2.72,0,0,11.31,Low
PRJ-01736,Infrastructure Project 01736,Ministry of Coal,Steel,Odisha,Infrastructure Development Authority,19680.06,20357.37,13177.21,34,39,3.54,100.0,100.0,64.38,99.88,0.12,12581.36,595.85,26,12,0,0.0,3.44,10.41,0,1,11.22,Low
PRJ-01737,Infrastructure Project 01737,Ministry of Coal,Energy,Gujarat,State Government Agency,24388.09,26359.1,21695.15,94,64,0.0,60.68,68.09,74.13,55.73,4.95,21331.81,363.34,19,7,2,7.4,8.08,0.0,0,0,13.14,Low
PRJ-01738,Infrastructure Project 01738,Ministry of Communications,Mining,Maharashtra,Central Government Agency,12779.99,13725.52,9148.1,88,75,10.49,84.09,85.23,74.6,82.27,1.82,7937.52,1210.58,22,10,0,1.14,7.4,11.92,0,1,24.37,Low
PRJ-01739,Infrastructure Project 01739,Ministry of Road Transport,Steel,Rajasthan,Infrastructure Development Authority,29377.6,37755.81,4434.57,100,75,7.57,57.73,75.0,12.28,54.66,3.07,3954.82,479.75,24,0,1,17.27,28.52,7.57,1,0,39.68,Medium
PRJ-01740,Infrastructure Project 01740,Ministry of Housing,Social Infrastructure,Telangana,Public Sector Undertaking,7373.2,8197.14,5297.62,65,46,2.61,71.93,70.77,76.07,69.18,2.75,5114.84,182.78,8,4,0,-1.16,11.17,4.02,1,0,6.61,Low
PRJ-01741,Infrastructure Project 01741,Ministry of Road Transport,Energy,Gujarat,Infrastructure Development Authority,44227.83,44665.84,23821.31,89,60,0.0,61.88,67.42,46.75,61.03,0.85,21674.74,2146.57,13,1,2,5.54,0.99,0.0,0,0,20.75,Low
PRJ-01742,Infrastructure Project 01742,Ministry of Steel,Social Infrastructure,Bihar,Infrastructure Development Authority,27346.92,29061.76,3029.35,63,20,0.45,27.75,31.75,10.96,27.08,0.67,2917.25,112.1,25,18,0,4.0,6.27,0.72,0,0,18.14,Low
PRJ-01743,Infrastructure Project 01743,Ministry of Steel,Coal,Karnataka,Central Government Agency,44604.21,52143.16,37055.48,94,40,9.57,44.99,42.55,66.25,44.31,0.68,32541.22,4514.26,16,8,0,-2.43,16.9,10.18,1,1,17.41,Low
PRJ-01744,Infrastructure Project 01744,Ministry of Jal Shakti,Energy,Rajasthan,State Government Agency,3787.91,3937.34,2882.59,103,42,3.64,45.2,40.78,58.3,42.23,2.97,2464.99,417.6,25,22,0,-4.42,3.94,3.53,0,0,12.79,Low
PRJ-01745,Infrastructure Project 01745,Ministry of Road Transport,Transport & Logistics,Gujarat,Public Sector Undertaking,9698.91,11800.99,5139.8,51,57,0.0,100.0,100.0,38.8,99.73,0.27,4428.42,711.38,16,4,0,0.0,21.67,0.0,1,0,8.38,Low
PRJ-01746,Infrastructure Project 01746,Ministry of Railways,Steel,Bihar,Infrastructure Development Authority,11453.74,12138.33,4401.81,103,60,2.1,44.15,58.25,36.07,42.01,2.14,4156.5,245.31,14,8,4,14.1,5.98,2.04,0,0,23.53,Low
PRJ-01747,Infrastructure Project 01747,Ministry of Jal Shakti,Energy,Maharashtra,Public Sector Undertaking,21825.06,31694.82,8887.85,116,118,13.49,80.79,100.0,25.09,74.36,6.43,7874.65,1013.19,28,9,3,19.21,45.22,11.63,1,1,43.9,Medium
PRJ-01748,Infrastructure Project 01748,Ministry of Railways,Mining,West Bengal,Public Sector Undertaking,39064.56,40625.05,9993.52,61,56,5.69,100.0,91.8,24.64,94.54,5.46,9082.71,910.81,28,20,0,-8.2,3.99,9.32,0,0,11.64,Low
PRJ-01749,Infrastructure Project 01749,Ministry of Steel,Water & Sanitation,Karnataka,Public Sector Undertaking,47950.08,56249.62,13571.18,59,15,2.36,29.4,25.42,23.78,25.47,3.92,13115.33,455.85,25,5,0,-3.97,17.31,4.0,1,0,23.05,Low
PRJ-01750,Infrastructure Project 01750,Ministry of Road Transport,Water & Sanitation,Telangana,Infrastructure Development Authority,33357.7,42238.29,6608.35,109,91,9.61,86.11,83.49,16.06,81.81,4.31,6482.85,125.51,18,15,1,-2.63,26.62,8.82,1,0,17.51,Low
PRJ-01751,Infrastructure Project 01751,Ministry of Jal Shakti,Steel,Madhya Pradesh,Infrastructure Development Authority,31906.38,36294.76,18960.71,33,33,1.43,100.0,100.0,51.85,92.08,7.92,18167.27,793.43,25,5,0,0.0,13.75,4.34,1,0,6.32,Low
PRJ-01752,Infrastructure Project 01752,Ministry of Communications,Steel,Bihar,Central Government Agency,45958.99,48884.35,35331.37,73,55,1.94,75.46,75.34,68.78,72.82,2.64,35269.05,62.32,29,4,0,-0.12,6.37,2.66,0,0,3.91,Low
PRJ-01753,Infrastructure Project 01753,Ministry of Railways,Communication,Madhya Pradesh,Central Government Agency,2332.09,2396.78,1232.51,100,88,1.06,80.65,88.0,41.54,73.8,6.85,1216.76,15.75,11,5,2,7.35,2.77,1.06,0,0,16.9,Low
PRJ-01754,Infrastructure Project 01754,Ministry of Railways,Transport & Logistics,Madhya Pradesh,Public Sector Undertaking,33257.28,34598.41,17824.71,79,12,12.41,0.0,15.19,52.47,0.0,0.0,15650.96,2173.75,25,7,4,15.19,4.03,15.71,0,1,20.97,Low
PRJ-01755,Infrastructure Project 01755,Ministry of Steel,Water & Sanitation,Madhya Pradesh,Central Government Agency,37973.98,45840.91,32875.91,103,85,13.08,68.52,82.52,72.67,64.29,4.23,31069.43,1806.48,10,8,2,14.0,20.72,12.7,1,1,35.44,Medium
PRJ-01756,Infrastructure Project 01756,Ministry of Power,Steel,Telangana,Infrastructure Development Authority,2178.69,2786.21,2118.82,61,26,0.0,45.5,42.62,76.7,40.4,5.1,1950.66,168.16,24,5,0,-2.87,27.88,0.0,1,0,11.16,Low
PRJ-01757,Infrastructure Project 01757,Ministry of Jal Shakti,Water & Sanitation,Telangana,Public Sector Undertaking,2754.72,3302.59,1322.55,40,12,2.03,24.48,30.0,44.45,20.91,3.57,1321.54,1.01,5,0,0,5.52,19.89,5.08,1,0,17.7,Low
PRJ-01758,Infrastructure Project 01758,Ministry of Jal Shakti,Transport & Logistics,Bihar,Public Sector Undertaking,29251.71,29930.8,19429.37,116,61,4.12,56.94,52.59,62.15,49.49,7.45,19168.43,260.94,24,9,0,-4.35,2.32,3.56,0,0,0.0,Low
PRJ-01759,Infrastructure Project 01759,Ministry of Jal Shakti,Transport & Logistics,Gujarat,State Government Agency,31452.47,35721.46,5735.66,27,34,3.2,100.0,100.0,17.61,98.14,1.86,5005.93,729.73,21,8,0,0.0,13.57,11.84,1,1,15.02,Low
PRJ-01760,Infrastructure Project 01760,Ministry of Jal Shakti,Transport & Logistics,Uttar Pradesh,Central Government Agency,9354.48,9833.6,2415.04,36,14,0.91,34.71,38.89,23.32,31.09,3.62,2249.11,165.93,14,9,0,4.18,5.12,2.53,0,0,16.12,Low
PRJ-01761,Infrastructure Project 01761,Ministry of Communications,Social Infrastructure,Rajasthan,Public Sector Undertaking,7218.28,9674.39,4880.59,69,23,23.11,20.82,33.33,56.47,18.08,2.75,4189.28,691.31,24,6,2,12.51,34.03,33.5,1,1,46.91,Medium
PRJ-01762,Infrastructure Project 01762,Ministry of Steel,Water & Sanitation,Andhra Pradesh,Public Sector Undertaking,16272.04,21310.38,6098.45,92,24,10.7,20.89,26.09,30.13,17.63,3.25,5536.1,562.36,13,3,1,5.2,30.96,11.63,1,1,37.67,Medium
PRJ-01763,Infrastructure Project 01763,Ministry of Power,Coal,Bihar,Central Government Agency,33776.8,43811.06,31227.07,66,41,3.59,61.09,62.12,73.24,58.87,2.22,29496.41,1730.66,6,3,0,1.04,29.71,5.43,1,0,27.92,Low
PRJ-01764,Infrastructure Project 01764,Ministry of Railways,Coal,Uttar Pradesh,Central Government Agency,12463.63,13441.97,10391.19,102,55,0.0,50.29,53.92,85.16,49.27,1.02,8887.35,1503.85,11,8,0,3.63,7.85,0.0,0,0,7.12,Low
PRJ-01765,Infrastructure Project 01765,Ministry of Road Transport,Social Infrastructure,Uttar Pradesh,Central Government Agency,49584.45,63080.15,24548.24,97,63,7.32,57.22,64.95,32.54,51.01,6.21,23268.47,1279.77,28,13,0,7.73,27.22,7.54,1,0,21.56,Low
PRJ-01766,Infrastructure Project 01766,Ministry of Road Transport,Communication,Telangana,Central Government Agency,38559.38,41303.5,29447.66,116,65,8.44,54.76,56.03,79.95,50.41,4.35,27143.62,2304.04,29,6,1,1.27,7.12,7.28,0,0,10.85,Low
PRJ-01767,Infrastructure Project 01767,Ministry of Coal,Social Infrastructure,Telangana,State Government Agency,49394.28,52343.15,40133.64,42,13,2.3,17.72,30.95,73.84,17.62,0.11,34533.52,5600.12,25,17,2,13.23,5.97,5.47,0,0,23.98,Low
PRJ-01768,Infrastructure Project 01768,Ministry of Railways,Water & Sanitation,Bihar,Infrastructure Development Authority,41495.59,43036.9,29388.83,103,76,8.46,67.05,73.79,58.28,62.89,4.16,24995.14,4393.69,14,9,0,6.73,3.71,8.21,0,0,14.87,Low
PRJ-01769,Infrastructure Project 01769,Ministry of Power,Transport & Logistics,Uttar Pradesh,Public Sector Undertaking,26885.22,27147.81,4618.08,115,4,0.0,5.41,3.48,22.03,5.23,0.19,4354.63,263.45,12,12,0,-1.94,0.98,0.0,0,0,7.85,Low
PRJ-01770,Infrastructure Project 01770,Ministry of Road Transport,Water & Sanitation,Gujarat,State Government Agency,44111.01,46206.66,10860.42,27,9,0.0,45.21,33.33,23.48,43.14,2.08,9338.1,1522.32,22,2,0,-11.88,4.75,0.0,0,0,2.0,Low
PRJ-01771,Infrastructure Project 01771,Ministry of Coal,Mining,Maharashtra,Infrastructure Development Authority,36599.61,41248.76,4834.84,88,69,15.21,74.2,78.41,17.15,66.29,7.92,4726.04,108.8,26,9,2,4.21,12.7,17.28,1,1,25.17,Low
PRJ-01772,Infrastructure Project 01772,Ministry of Housing,Social Infrastructure,West Bengal,Public Sector Undertaking,25058.59,26291.22,2684.78,46,36,0.0,70.64,78.26,0.0,66.64,4.0,2348.8,335.98,7,6,1,7.62,4.92,0.0,0,0,14.94,Low
PRJ-01773,Infrastructure Project 01773,Ministry of Housing,Energy,Uttar Pradesh,State Government Agency,47211.01,54337.89,24237.21,70,39,2.88,59.24,55.71,42.05,56.7,2.54,21647.09,2590.12,8,2,1,-3.52,15.1,4.11,1,0,14.2,Low
PRJ-01774,Infrastructure Project 01774,Ministry of Jal Shakti,Communication,Rajasthan,Central Government Agency,36168.66,37346.17,15531.07,90,26,0.0,29.66,28.89,42.63,21.75,7.91,14031.47,1499.6,13,12,0,-0.77,3.26,0.0,0,0,5.61,Low
PRJ-01775,Infrastructure Project 01775,Ministry of Road Transport,Steel,Telangana,State Government Agency,45820.72,49561.34,37362.57,58,23,0.0,43.55,39.66,74.13,36.32,7.23,34455.7,2906.87,11,7,0,-3.89,8.16,0.0,0,0,5.81,Low
PRJ-01776,Infrastructure Project 01776,Ministry of Housing,Coal,Uttar Pradesh,Public Sector Undertaking,31189.42,34057.3,3910.97,88,6,19.32,0.0,6.82,18.07,0.0,0.0,3907.83,3.14,22,5,0,6.82,9.2,21.95,0,1,23.22,Low
PRJ-01777,Infrastructure Project 01777,Ministry of Housing,Social Infrastructure,Uttar Pradesh,State Government Agency,45846.09,46096.75,28269.11,118,41,0.0,25.63,34.75,48.62,18.77,6.86,25064.01,3205.1,16,8,1,9.11,0.55,0.0,0,0,7.86,Low
PRJ-01778,Infrastructure Project 01778,Ministry of Coal,Coal,Uttar Pradesh,State Government Agency,23692.58,30739.06,20487.97,105,9,13.78,3.07,8.57,66.04,0.0,3.07,20171.0,316.97,14,7,0,5.5,29.74,13.12,1,1,35.4,Medium
PRJ-01779,Infrastructure Project 01779,Ministry of Communications,Mining,Uttar Pradesh,State Government Agency,38321.27,40642.18,25470.22,107,62,3.46,60.71,57.94,68.92,58.76,1.96,24582.0,888.23,22,8,0,-2.77,6.06,3.24,0,0,3.73,Low
PRJ-01780,Infrastructure Project 01780,Ministry of Jal Shakti,Transport & Logistics,Bihar,Public Sector Undertaking,24828.65,27347.46,17079.19,106,82,8.93,77.31,77.36,62.72,74.5,2.81,15836.47,1242.71,27,0,1,0.05,10.14,8.43,1,0,12.73,Low
PRJ-01781,Infrastructure Project 01781,Ministry of Steel,Water & Sanitation,Odisha,State Government Agency,16694.38,16817.95,10961.43,52,15,0.0,29.64,28.85,69.61,26.45,3.19,9883.74,1077.69,5,4,0,-0.8,0.74,0.0,0,0,0.0,Low
PRJ-01782,Infrastructure Project 01782,Ministry of Power,Social Infrastructure,Tamil Nadu,State Government Agency,28988.88,38704.22,6504.69,87,88,13.16,99.95,100.0,13.53,92.36,7.59,5897.34,607.35,7,4,0,0.05,33.51,15.13,1,1,35.3,Medium
PRJ-01783,Infrastructure Project 01783,Ministry of Road Transport,Steel,Bihar,Infrastructure Development Authority,46462.79,62086.96,48917.89,49,9,8.73,9.72,18.37,78.25,5.37,4.34,45996.19,2921.7,26,9,1,8.65,33.63,17.81,1,1,28.42,Low
PRJ-01784,Infrastructure Project 01784,Ministry of Power,Social Infrastructure,Gujarat,State Government Agency,46800.15,55782.06,43581.29,59,45,4.84,90.03,76.27,69.43,84.06,5.97,43572.18,9.11,17,15,0,-13.76,19.19,8.21,1,0,21.43,Low
PRJ-01785,Infrastructure Project 01785,Ministry of Railways,Energy,Tamil Nadu,Central Government Agency,29436.17,31796.67,2642.59,61,4,9.98,14.69,6.56,6.31,13.1,1.59,2251.9,390.69,16,16,0,-8.14,8.02,16.36,0,1,16.66,Low
PRJ-01786,Infrastructure Project 01786,Ministry of Coal,Water & Sanitation,Gujarat,State Government Agency,3467.34,3667.23,1574.28,114,119,0.0,100.0,100.0,46.26,94.38,5.62,1424.08,150.21,7,0,0,0.0,5.77,0.0,0,0,0.0,Low
PRJ-01787,Infrastructure Project 01787,Ministry of Road Transport,Communication,Maharashtra,Infrastructure Development Authority,20422.2,20541.48,3178.29,78,5,0.0,3.26,6.41,16.76,3.08,0.18,2901.08,277.21,6,2,1,3.15,0.58,0.0,0,0,14.26,Low
PRJ-01788,Infrastructure Project 01788,Ministry of Communications,Mining,Karnataka,Infrastructure Development Authority,36329.8,41315.72,3265.42,61,47,7.83,73.74,77.05,6.59,71.21,2.54,2788.43,476.99,23,12,0,3.31,13.72,12.84,1,1,18.67,Low
PRJ-01789,Infrastructure Project 01789,Ministry of Power,Mining,Tamil Nadu,Central Government Agency,31951.05,46523.48,20833.13,57,24,16.87,29.43,42.11,44.9,23.25,6.18,19538.68,1294.45,10,7,2,12.67,45.61,29.6,1,1,53.88,Medium
PRJ-01790,Infrastructure Project 01790,Ministry of Communications,Steel,Maharashtra,State Government Agency,29066.79,32480.79,18482.33,106,68,16.14,53.37,64.15,48.83,52.61,0.76,16121.73,2360.59,13,11,2,10.78,11.75,15.23,1,1,32.11,Low
PRJ-01791,Infrastructure Project 01791,Ministry of Housing,Communication,Andhra Pradesh,Central Government Agency,49876.12,55186.17,21010.13,117,40,7.96,22.85,34.19,34.96,22.38,0.46,20022.03,988.11,26,22,2,11.34,10.65,6.81,1,0,20.55,Low
PRJ-01792,Infrastructure Project 01792,Ministry of Communications,Mining,Karnataka,Central Government Agency,24878.69,32041.43,23662.08,62,9,0.32,10.38,14.52,70.87,5.65,4.73,20268.42,3393.66,23,13,1,4.14,28.79,0.52,1,0,19.27,Low
PRJ-01793,Infrastructure Project 01793,Ministry of Power,Coal,Maharashtra,State Government Agency,41959.36,42335.7,20912.81,48,34,0.0,63.49,70.83,57.91,61.46,2.03,19788.83,1123.98,26,5,0,7.34,0.9,0.0,0,0,11.17,Low
PRJ-01794,Infrastructure Project 01794,Ministry of Communications,Water & Sanitation,Gujarat,Infrastructure Development Authority,23919.83,25647.6,6114.87,59,5,0.0,11.12,8.47,21.03,6.84,4.28,5495.9,618.97,21,21,1,-2.65,7.22,0.0,0,0,11.94,Low
PRJ-01795,Infrastructure Project 01795,Ministry of Coal,Social Infrastructure,Andhra Pradesh,Infrastructure Development Authority,24559.69,24928.61,16761.21,93,47,0.53,44.42,50.54,67.72,40.88,3.54,14940.63,1820.59,6,6,0,6.12,1.5,0.57,0,0,12.9,Low
PRJ-01796,Infrastructure Project 01796,Ministry of Power,Mining,Karnataka,State Government Agency,46794.11,57676.13,19332.38,42,47,9.1,100.0,100.0,30.48,92.13,7.87,18741.74,590.65,28,5,2,0.0,23.26,21.67,1,1,20.91,Low
PRJ-01797,Infrastructure Project 01797,Ministry of Jal Shakti,Steel,Bihar,Central Government Agency,29000.41,33255.26,17418.43,73,6,10.69,21.36,8.22,50.51,16.86,4.5,15686.66,1731.77,16,8,0,-13.14,14.67,14.64,1,1,12.19,Low
PRJ-01798,Infrastructure Project 01798,Ministry of Coal,Transport & Logistics,Bihar,Public Sector Undertaking,14592.34,20654.52,12709.69,27,11,10.84,43.8,40.74,60.22,39.21,4.59,12090.73,618.96,26,3,0,-3.05,41.54,40.13,1,1,45.14,Medium
PRJ-01799,Infrastructure Project 01799,Ministry of Jal Shakti,Communication,Gujarat,State Government Agency,4576.34,4768.58,3935.19,24,26,0.0,87.05,100.0,82.18,79.11,7.94,3433.76,501.42,29,20,2,12.95,4.2,0.0,0,0,13.15,Low
PRJ-01800,Infrastructure Project 01800,Ministry of Road Transport,Transport & Logistics,Karnataka,Public Sector Undertaking,16543.74,18203.33,2807.09,72,57,16.38,66.2,79.17,13.29,58.71,7.49,2772.79,34.3,13,12,1,12.96,10.03,22.75,1,1,25.8,Low
PRJ-01801,Infrastructure Project 01801,Ministry of Railways,Energy,West Bengal,Public Sector Undertaking,43575.01,46755.56,23166.28,73,61,1.79,81.91,83.56,55.28,80.51,1.4,21583.52,1582.76,15,9,0,1.65,7.3,2.45,0,0,0.0,Low
PRJ-01802,Infrastructure Project 01802,Ministry of Coal,Social Infrastructure,Maharashtra,State Government Agency,25782.15,26268.21,12148.23,63,60,0.0,100.0,95.24,48.75,98.27,1.73,10604.59,1543.64,29,24,0,-4.76,1.89,0.0,0,0,0.0,Low
PRJ-01803,Infrastructure Project 01803,Ministry of Communications,Steel,Rajasthan,Public Sector Undertaking,44921.83,53777.87,13046.37,71,52,8.77,80.81,73.24,17.88,76.81,4.0,12853.52,192.86,10,10,0,-7.57,19.71,12.35,1,1,31.9,Low
PRJ-01804,Infrastructure Project 01804,Ministry of Housing,Communication,Odisha,State Government Agency,25673.4,30881.19,3317.35,109,47,26.1,25.7,43.12,8.32,24.27,1.43,3090.37,226.98,9,3,2,17.42,20.28,23.95,1,1,46.43,Medium
PRJ-01805,Infrastructure Project 01805,Ministry of Jal Shakti,Steel,Madhya Pradesh,Central Government Agency,2680.0,3132.09,1968.39,33,42,2.28,100.0,100.0,61.47,99.93,0.07,1883.25,85.14,28,24,0,0.0,16.87,6.9,1,0,14.8,Low
PRJ-01806,Infrastructure Project 01806,Ministry of Housing,Social Infrastructure,Tamil Nadu,Public Sector Undertaking,3287.48,3972.04,291.6,28,10,0.0,21.59,35.71,3.14,21.55,0.04,270.74,20.86,9,0,1,14.13,20.82,0.0,1,0,38.82,Medium
PRJ-01807,Infrastructure Project 01807,Ministry of Housing,Coal,Rajasthan,State Government Agency,31124.81,33524.62,12694.34,107,104,3.07,86.04,97.2,33.04,80.51,5.53,11272.54,1421.79,7,1,2,11.15,7.71,2.87,0,0,32.42,Low
PRJ-01808,Infrastructure Project 01808,Ministry of Railways,Communication,Telangana,Central Government Agency,39613.29,45977.03,17577.58,25,18,2.54,59.56,72.0,36.79,54.98,4.58,16731.02,846.55,26,20,1,12.44,16.06,10.17,1,1,32.96,Low
PRJ-01809,Infrastructure Project 01809,Ministry of Housing,Social Infrastructure,Uttar Pradesh,Central Government Agency,19940.5,27749.74,13441.79,34,40,10.51,100.0,100.0,43.86,94.75,5.25,13123.2,318.58,7,4,0,0.0,39.16,30.9,1,1,32.84,Low
PRJ-01810,Infrastructure Project 01810,Ministry of Jal Shakti,Water & Sanitation,Karnataka,Central Government Agency,35436.61,37107.09,14236.15,115,111,0.0,93.94,96.52,46.78,90.64,3.3,12926.82,1309.33,17,0,0,2.58,4.71,0.0,0,0,9.16,Low
PRJ-01811,Infrastructure Project 01811,Ministry of Housing,Mining,Gujarat,State Government Agency,23900.06,27138.69,14632.21,39,17,2.04,55.65,43.59,61.57,48.92,6.74,12847.0,1785.21,6,3,1,-12.06,13.55,5.24,1,0,12.54,Low
PRJ-01812,Infrastructure Project 01812,Ministry of Communications,Steel,Andhra Pradesh,Public Sector Undertaking,3676.83,3820.69,2268.35,84,24,0.81,36.17,28.57,57.25,32.72,3.45,1953.39,314.96,5,4,0,-7.6,3.91,0.96,0,0,10.47,Low
PRJ-01813,Infrastructure Project 01813,Ministry of Railways,Communication,Odisha,Infrastructure Development Authority,5559.84,6271.1,956.0,47,45,3.77,95.21,95.74,16.12,87.52,7.69,936.53,19.47,11,11,0,0.53,12.79,8.02,1,0,16.51,Low
PRJ-01814,Infrastructure Project 01814,Ministry of Power,Social Infrastructure,Rajasthan,Central Government Agency,23614.62,31918.99,5716.65,97,4,10.35,0.0,4.12,11.56,0.0,0.0,5528.07,188.58,5,2,1,4.12,35.17,10.67,1,1,24.08,Low
PRJ-01815,Infrastructure Project 01815,Ministry of Communications,Coal,Bihar,Public Sector Undertaking,8409.04,9128.86,6506.56,53,5,0.0,0.0,9.43,73.95,0.0,0.0,5836.58,669.98,19,15,0,9.43,8.56,0.0,0,0,7.81,Low
PRJ-01816,Infrastructure Project 01816,Ministry of Housing,Steel,Tamil Nadu,Public Sector Undertaking,15905.12,19776.39,2267.62,115,26,3.58,17.9,22.61,7.35,14.38,3.52,2098.37,169.25,11,8,0,4.71,24.34,3.11,1,0,24.68,Low
PRJ-01817,Infrastructure Project 01817,Ministry of Coal,Coal,Uttar Pradesh,Central Government Agency,14967.75,20319.91,3513.97,32,39,0.0,100.0,100.0,21.24,93.93,6.07,3147.21,366.76,9,3,2,0.0,35.76,0.0,1,0,26.44,Low
PRJ-01818,Infrastructure Project 01818,Ministry of Housing,Energy,Maharashtra,Public Sector Undertaking,48111.3,56232.19,16020.91,76,57,15.7,64.74,75.0,35.27,60.16,4.58,13811.28,2209.64,17,3,0,10.26,16.88,20.66,1,1,27.79,Low
PRJ-01819,Infrastructure Project 01819,Ministry of Power,Communication,Uttar Pradesh,Central Government Agency,11236.19,11408.55,3356.18,105,96,0.0,98.23,91.43,24.66,90.52,7.71,3217.19,138.99,13,10,0,-6.8,1.53,0.0,0,0,4.7,Low
PRJ-01820,Infrastructure Project 01820,Ministry of Power,Social Infrastructure,Telangana,Infrastructure Development Authority,45938.74,54133.68,39730.57,79,34,14.98,36.13,43.04,65.52,34.29,1.84,37929.91,1800.66,16,15,2,6.91,17.84,18.96,1,1,22.43,Low
PRJ-01821,Infrastructure Project 01821,Ministry of Housing,Mining,West Bengal,Central Government Agency,6119.81,6135.6,1800.65,101,10,4.59,6.32,9.9,25.13,5.07,1.24,1652.56,148.09,11,8,0,3.58,0.26,4.55,0,0,10.88,Low
PRJ-01822,Infrastructure Project 01822,Ministry of Steel,Mining,Maharashtra,Public Sector Undertaking,10759.2,11563.25,1100.86,109,54,23.5,33.41,49.54,3.11,32.06,1.35,968.21,132.64,27,24,4,16.13,7.47,21.56,0,1,37.33,Medium
PRJ-01823,Infrastructure Project 01823,Ministry of Coal,Transport & Logistics,Tamil Nadu,Infrastructure Development Authority,46373.59,52972.22,39496.34,90,94,15.03,97.63,100.0,83.57,92.63,5.0,36308.37,3187.97,6,1,1,2.37,14.23,16.7,1,1,17.92,Low
PRJ-01824,Infrastructure Project 01824,Ministry of Steel,Communication,West Bengal,Public Sector Undertaking,10665.39,12102.22,5432.87,43,30,0.0,66.05,69.77,40.56,59.9,6.15,4861.35,571.51,19,8,1,3.72,13.47,0.0,1,0,18.76,Low
PRJ-01825,Infrastructure Project 01825,Ministry of Power,Transport & Logistics,Uttar Pradesh,Infrastructure Development Authority,46394.24,48975.9,16407.25,100,38,3.87,35.48,38.0,28.23,27.84,7.63,15128.25,1279.0,29,11,0,2.52,5.56,3.87,0,0,15.35,Low
PRJ-01826,Infrastructure Project 01826,Ministry of Railways,Transport & Logistics,Telangana,Central Government Agency,31907.29,34209.99,18502.64,92,3,0.85,13.53,3.26,52.88,11.43,2.1,18471.82,30.82,18,4,0,-10.27,7.22,0.93,0,0,0.0,Low
PRJ-01827,Infrastructure Project 01827,Ministry of Jal Shakti,Social Infrastructure,Gujarat,Central Government Agency,38854.5,41083.94,15262.18,85,36,9.24,47.13,42.35,34.63,44.11,3.02,14645.84,616.34,22,22,0,-4.78,5.74,10.87,0,1,18.59,Low
PRJ-01828,Infrastructure Project 01828,Ministry of Power,Transport & Logistics,Madhya Pradesh,State Government Agency,1645.03,2033.81,1491.61,77,33,0.0,54.64,42.86,74.06,53.69,0.95,1286.93,204.68,5,3,0,-11.78,23.63,0.0,1,0,15.44,Low
PRJ-01829,Infrastructure Project 01829,Ministry of Road Transport,Transport & Logistics,Karnataka,State Government Agency,35283.64,43143.14,23435.4,75,51,5.03,72.65,68.0,56.48,64.72,7.92,23228.59,206.81,6,5,0,-4.65,22.28,6.71,1,0,24.06,Low
PRJ-01830,Infrastructure Project 01830,Ministry of Jal Shakti,Communication,West Bengal,Central Government Agency,45687.29,51506.57,13131.7,82,16,11.69,28.02,19.51,23.96,25.34,2.67,12360.7,771.0,21,13,0,-8.5,12.74,14.26,1,1,29.0,Low
PRJ-01831,Infrastructure Project 01831,Ministry of Communications,Transport & Logistics,Uttar Pradesh,Central Government Agency,26241.26,27072.55,17012.4,58,42,1.72,71.11,72.41,71.23,65.22,5.89,15020.48,1991.92,26,25,0,1.31,3.17,2.97,0,0,0.94,Low
PRJ-01832,Infrastructure Project 01832,Ministry of Railways,Water & Sanitation,Telangana,Public Sector Undertaking,7155.86,7610.06,6184.76,47,22,6.82,34.28,46.81,87.24,26.5,7.78,5929.62,255.14,19,9,3,12.53,6.35,14.51,0,1,18.65,Low
PRJ-01833,Infrastructure Project 01833,Ministry of Power,Water & Sanitation,Gujarat,State Government Agency,6098.13,6737.65,1415.76,92,49,8.42,38.4,53.26,14.36,35.43,2.97,1208.6,207.17,17,6,3,14.86,10.49,9.15,1,0,28.13,Low
PRJ-01834,Infrastructure Project 01834,Ministry of Steel,Energy,Karnataka,Public Sector Undertaking,37305.14,45401.76,7108.18,28,29,3.59,100.0,100.0,19.74,98.19,1.81,6790.48,317.7,14,0,0,0.0,21.7,12.81,1,1,23.06,Low
PRJ-01835,Infrastructure Project 01835,Ministry of Power,Transport & Logistics,Madhya Pradesh,State Government Agency,36992.8,39930.49,3236.06,68,10,0.0,9.66,14.71,0.0,4.71,4.95,3127.54,108.52,19,8,0,5.04,7.94,0.0,0,0,16.85,Low
PRJ-01836,Infrastructure Project 01836,Ministry of Power,Transport & Logistics,Odisha,Public Sector Undertaking,7348.5,8012.47,5630.44,45,33,5.44,70.34,73.33,72.93,70.34,0.01,4881.13,749.31,28,21,1,2.99,9.04,12.09,0,1,15.77,Low
PRJ-01837,Infrastructure Project 01837,Ministry of Power,Mining,Andhra Pradesh,Public Sector Undertaking,7021.61,9074.74,6261.18,46,10,0.45,28.56,21.74,64.69,21.3,7.26,5748.26,512.92,11,0,0,-6.82,29.24,0.99,1,0,13.93,Low
PRJ-01838,Infrastructure Project 01838,Ministry of Coal,Energy,Gujarat,Central Government Agency,29522.6,30878.51,22286.13,118,103,9.43,86.49,87.29,73.19,79.06,7.43,20554.21,1731.92,16,1,1,0.8,4.59,8.0,0,0,11.95,Low
PRJ-01839,Infrastructure Project 01839,Ministry of Steel,Mining,Karnataka,State Government Agency,5785.4,6146.0,852.9,43,22,8.48,34.55,51.16,8.19,31.68,2.88,726.66,126.24,27,24,1,16.61,6.23,19.72,0,1,33.67,Low
PRJ-01840,Infrastructure Project 01840,Ministry of Railways,Communication,Rajasthan,Infrastructure Development Authority,1790.57,2032.53,567.97,70,34,11.58,60.35,48.57,32.82,52.95,7.39,522.48,45.48,29,15,1,-11.78,13.51,16.55,1,1,13.89,Low
PRJ-01841,Infrastructure Project 01841,Ministry of Steel,Mining,West Bengal,Infrastructure Development Authority,27927.75,29342.5,10994.97,55,64,14.09,96.68,100.0,31.1,94.53,2.15,10774.92,220.05,7,4,0,3.32,5.07,25.62,0,1,24.63,Low
PRJ-01842,Infrastructure Project 01842,Ministry of Coal,Communication,Bihar,Central Government Agency,48652.16,49412.58,40604.69,104,41,4.26,40.15,39.42,79.26,39.02,1.13,36668.04,3936.65,23,19,0,-0.73,1.56,4.1,0,0,9.97,Low
PRJ-01843,Infrastructure Project 01843,Ministry of Coal,Water & Sanitation,Andhra Pradesh,State Government Agency,25871.23,26578.97,2283.25,83,3,0.0,0.0,3.61,15.35,0.0,0.0,2010.28,272.97,24,19,1,3.61,2.74,0.0,0,0,12.68,Low
PRJ-01844,Infrastructure Project 01844,Ministry of Communications,Communication,West Bengal,State Government Agency,11888.74,11928.08,7090.14,67,15,1.78,30.07,22.39,55.22,24.4,5.67,6676.54,413.6,27,6,0,-7.68,0.33,2.66,0,0,9.05,Low
PRJ-01845,Infrastructure Project 01845,Ministry of Coal,Transport & Logistics,Tamil Nadu,Public Sector Undertaking,30859.19,32472.52,17603.11,108,3,5.87,12.88,2.78,53.41,7.18,5.7,17398.84,204.27,15,1,0,-10.1,5.23,5.43,0,0,16.9,Low
PRJ-01846,Infrastructure Project 01846,Ministry of Railways,Social Infrastructure,Rajasthan,Public Sector Undertaking,3284.95,3952.1,2583.44,80,79,8.69,87.2,98.75,66.02,83.43,3.77,2297.16,286.29,11,0,1,11.55,20.31,10.86,1,1,29.21,Low
PRJ-01847,Infrastructure Project 01847,Ministry of Steel,Coal,Gujarat,Public Sector Undertaking,47830.28,55838.22,38289.91,69,77,0.97,100.0,100.0,63.26,97.52,2.48,37428.33,861.58,16,14,1,0.0,16.74,1.4,1,0,8.11,Low
PRJ-01848,Infrastructure Project 01848,Ministry of Coal,Social Infrastructure,West Bengal,State Government Agency,48371.95,58809.69,21269.22,55,14,10.31,20.47,25.45,34.41,20.37,0.1,19970.86,1298.36,11,11,1,4.98,21.58,18.75,1,1,25.51,Low
PRJ-01849,Infrastructure Project 01849,Ministry of Power,Transport & Logistics,Odisha,Public Sector Undertaking,29238.04,30968.97,19181.04,31,34,1.47,100.0,100.0,57.9,98.46,1.54,18151.6,1029.44,5,0,1,0.0,5.92,4.73,0,0,18.97,Low
PRJ-01850,Infrastructure Project 01850,Ministry of Power,Communication,Rajasthan,Public Sector Undertaking,40983.1,48638.26,23070.77,78,12,0.38,16.87,15.38,53.22,13.89,2.98,21407.8,1662.97,8,8,0,-1.48,18.68,0.49,1,0,6.22,Low
PRJ-01851,Infrastructure Project 01851,Ministry of Road Transport,Social Infrastructure,Odisha,Infrastructure Development Authority,12930.73,13590.78,10019.22,74,41,2.18,52.35,55.41,65.92,49.14,3.21,9092.95,926.27,10,10,1,3.05,5.1,2.95,0,0,2.95,Low
PRJ-01852,Infrastructure Project 01852,Ministry of Jal Shakti,Mining,Madhya Pradesh,Central Government Agency,24810.17,26844.74,19511.49,106,96,7.35,74.02,90.57,74.55,68.41,5.61,16679.25,2832.24,12,10,2,16.55,8.2,6.94,0,0,27.15,Low
PRJ-01853,Infrastructure Project 01853,Ministry of Jal Shakti,Communication,Bihar,Public Sector Undertaking,24042.03,27970.4,1905.67,110,60,6.38,39.03,54.55,10.97,38.82,0.21,1803.41,102.26,5,0,2,15.52,16.34,5.8,1,0,33.35,Low
PRJ-01854,Infrastructure Project 01854,Ministry of Jal Shakti,Water & Sanitation,Maharashtra,Public Sector Undertaking,30828.73,41065.71,10948.93,46,4,2.61,11.3,8.7,27.89,4.92,6.38,9950.54,998.39,10,6,0,-2.61,33.21,5.67,1,0,23.69,Low
PRJ-01855,Infrastructure Project 01855,Ministry of Coal,Mining,Maharashtra,Public Sector Undertaking,43285.73,55069.12,25667.05,31,20,4.87,57.59,64.52,42.77,53.65,3.94,22457.52,3209.52,7,1,0,6.93,27.22,15.7,1,1,22.12,Low
PRJ-01856,Infrastructure Project 01856,Ministry of Housing,Mining,Uttar Pradesh,State Government Agency,41090.05,42411.1,32466.66,70,6,7.17,8.16,8.57,77.24,7.71,0.45,32247.41,219.25,28,28,0,0.41,3.22,10.24,0,1,14.34,Low
PRJ-01857,Infrastructure Project 01857,Ministry of Power,Mining,Rajasthan,Infrastructure Development Authority,47399.13,49210.89,10685.31,57,18,1.37,31.07,31.58,21.3,27.28,3.79,9319.04,1366.27,26,17,0,0.51,3.82,2.41,0,0,15.45,Low
PRJ-01858,Infrastructure Project 01858,Ministry of Power,Social Infrastructure,West Bengal,Public Sector Undertaking,32641.36,34251.87,22352.6,65,25,9.36,31.75,38.46,65.06,26.9,4.86,19677.16,2675.44,20,2,3,6.71,4.93,14.4,0,1,17.87,Low
PRJ-01859,Infrastructure Project 01859,Ministry of Steel,Social Infrastructure,Karnataka,Infrastructure Development Authority,49143.46,58077.75,33644.65,92,70,2.8,71.43,76.09,61.9,64.64,6.79,33573.15,71.49,20,3,0,4.66,18.18,3.04,1,0,18.23,Low
PRJ-01860,Infrastructure Project 01860,Ministry of Jal Shakti,Coal,Gujarat,Infrastructure Development Authority,13167.0,13875.57,11428.29,104,103,5.98,87.5,99.04,86.1,80.33,7.16,10771.47,656.82,22,16,1,11.54,5.38,5.75,0,0,16.16,Low
PRJ-01861,Infrastructure Project 01861,Ministry of Communications,Mining,Maharashtra,State Government Agency,32689.45,35578.38,28661.82,34,19,5.86,47.68,55.88,84.47,39.74,7.94,24922.02,3739.8,27,14,0,8.2,8.84,17.24,0,1,28.32,Low
PRJ-01862,Infrastructure Project 01862,Ministry of Road Transport,Steel,West Bengal,State Government Agency,42261.54,46242.24,35519.04,63,23,0.0,43.82,36.51,77.76,42.74,1.08,33889.64,1629.39,18,17,1,-7.31,9.42,0.0,0,0,0.81,Low
PRJ-01863,Infrastructure Project 01863,Ministry of Housing,Energy,Karnataka,Infrastructure Development Authority,20302.02,27937.1,19710.61,68,42,13.83,43.91,61.76,73.5,40.05,3.86,17881.89,1828.72,23,22,1,17.86,37.61,20.34,1,1,46.26,Medium
PRJ-01864,Infrastructure Project 01864,Ministry of Communications,Water & Sanitation,Karnataka,Central Government Agency,31559.17,36933.3,16795.34,117,53,16.13,26.48,45.3,43.97,22.07,4.41,16677.76,117.58,18,11,2,18.82,17.03,13.78,1,1,38.32,Medium
PRJ-01865,Infrastructure Project 01865,Ministry of Communications,Communication,Gujarat,Public Sector Undertaking,3723.79,4070.56,465.44,115,123,0.0,100.0,100.0,12.57,99.47,0.53,426.62,38.82,15,11,0,0.0,9.31,0.0,0,0,6.19,Low
PRJ-01866,Infrastructure Project 01866,Ministry of Road Transport,Communication,Rajasthan,Infrastructure Development Authority,11844.98,12274.32,7567.18,50,7,2.71,17.86,14.0,63.35,15.71,2.16,7551.91,15.27,25,18,0,-3.86,3.62,5.43,0,0,0.0,Low
PRJ-01867,Infrastructure Project 01867,Ministry of Steel,Steel,Bihar,Central Government Agency,36481.41,38968.33,26447.21,113,23,3.74,13.91,20.35,70.07,6.95,6.96,25049.29,1397.92,17,8,0,6.45,6.82,3.31,0,0,9.76,Low
PRJ-01868,Infrastructure Project 01868,Ministry of Housing,Water & Sanitation,Karnataka,Central Government Agency,47494.81,49629.14,41821.05,56,51,3.01,95.96,91.07,84.09,95.16,0.8,36153.44,5667.62,12,11,1,-4.89,4.49,5.38,0,0,20.43,Low
PRJ-01869,Infrastructure Project 01869,Ministry of Communications,Steel,Maharashtra,Infrastructure Development Authority,48309.59,56839.57,27354.12,32,17,4.07,50.4,53.12,45.53,43.4,7.0,25418.72,1935.4,29,9,1,2.72,17.66,12.73,1,1,14.78,Low
PRJ-01870,Infrastructure Project 01870,Ministry of Coal,Energy,Karnataka,Public Sector Undertaking,32882.87,34884.7,14258.09,76,51,0.0,66.89,67.11,37.48,61.73,5.16,13933.69,324.4,18,7,2,0.22,6.09,0.0,0,0,5.81,Low
PRJ-01871,Infrastructure Project 01871,Ministry of Road Transport,Steel,Andhra Pradesh,Infrastructure Development Authority,41944.44,45256.64,21178.28,81,59,17.07,67.73,72.84,44.33,63.18,4.55,20102.64,1075.64,6,3,1,5.1,7.9,21.08,0,1,18.84,Low
PRJ-01872,Infrastructure Project 01872,Ministry of Power,Energy,Gujarat,Public Sector Undertaking,996.5,1051.99,186.16,42,28,0.0,61.2,66.67,24.75,53.89,7.3,179.18,6.98,13,0,0,5.47,5.57,0.0,0,0,2.77,Low
PRJ-01873,Infrastructure Project 01873,Ministry of Coal,Coal,Andhra Pradesh,Public Sector Undertaking,24180.9,27748.38,12832.02,47,37,9.18,71.97,78.72,48.83,64.99,6.98,11077.95,1754.08,5,3,1,6.76,14.75,19.54,1,1,29.13,Low
PRJ-01874,Infrastructure Project 01874,Ministry of Steel,Communication,Uttar Pradesh,State Government Agency,34089.08,36413.81,21478.47,80,86,8.34,100.0,100.0,59.97,93.87,6.13,19662.3,1816.16,26,14,1,0.0,6.82,10.43,0,1,10.25,Low
PRJ-01875,Infrastructure Project 01875,Ministry of Communications,Mining,Rajasthan,Central Government Agency,1671.35,2153.25,1725.98,46,22,1.69,36.7,47.83,78.61,30.0,6.7,1652.61,73.37,14,6,0,11.13,28.83,3.68,1,0,26.2,Low
PRJ-01876,Infrastructure Project 01876,Ministry of Road Transport,Transport & Logistics,West Bengal,State Government Agency,28330.5,30419.59,15502.13,43,6,3.02,9.13,13.95,50.35,8.5,0.63,15003.44,498.69,26,1,0,4.83,7.37,7.02,0,0,19.69,Low
PRJ-01877,Infrastructure Project 01877,Ministry of Road Transport,Transport & Logistics,Telangana,Central Government Agency,32870.62,35148.32,4735.81,90,11,8.06,21.21,12.22,13.36,15.76,5.44,4718.72,17.09,9,8,0,-8.98,6.93,8.96,0,0,11.46,Low
PRJ-01878,Infrastructure Project 01878,Ministry of Steel,Transport & Logistics,Madhya Pradesh,Public Sector Undertaking,5855.87,7238.99,3987.71,109,108,13.28,90.44,99.08,55.05,88.46,1.99,3718.44,269.27,28,15,1,8.64,23.62,12.18,1,1,22.68,Low
PRJ-01879,Infrastructure Project 01879,Ministry of Power,Water & Sanitation,Telangana,State Government Agency,25076.96,26346.69,21743.65,108,18,0.21,8.35,16.67,85.26,2.16,6.19,18530.21,3213.44,7,4,0,8.31,5.06,0.19,0,0,18.95,Low
PRJ-01880,Infrastructure Project 01880,Ministry of Steel,Energy,Bihar,Infrastructure Development Authority,16899.66,18865.34,12285.62,47,5,4.57,0.0,10.64,65.33,0.0,0.0,11428.11,857.52,18,14,2,10.64,11.63,9.72,1,0,27.9,Low
PRJ-01881,Infrastructure Project 01881,Ministry of Jal Shakti,Steel,Rajasthan,State Government Agency,14509.7,15096.82,4165.57,30,35,5.62,100.0,100.0,27.87,98.71,1.29,3815.1,350.47,25,17,1,0.0,4.05,18.74,0,1,9.35,Low
PRJ-01882,Infrastructure Project 01882,Ministry of Coal,Coal,Rajasthan,Public Sector Undertaking,38261.67,42154.72,6369.05,30,8,0.0,21.51,26.67,11.4,19.04,2.47,5502.25,866.79,20,10,1,5.16,10.17,0.0,1,0,23.47,Low
PRJ-01883,Infrastructure Project 01883,Ministry of Road Transport,Coal,Karnataka,Central Government Agency,21479.54,23913.37,6022.77,74,14,8.9,24.06,18.92,24.32,19.43,4.63,5638.63,384.15,7,3,0,-5.14,11.33,12.03,1,1,6.12,Low
PRJ-01884,Infrastructure Project 01884,Ministry of Railways,Communication,Gujarat,Central Government Agency,19324.02,19389.97,8991.05,111,41,2.92,37.26,36.94,53.83,34.4,2.86,7999.62,991.43,11,11,0,-0.32,0.34,2.63,0,0,4.12,Low
PRJ-01885,Infrastructure Project 01885,Ministry of Power,Steel,Gujarat,Public Sector Undertaking,21190.7,23555.35,14825.54,70,78,9.52,100.0,100.0,66.17,92.68,7.32,13414.69,1410.85,22,1,0,0.0,11.16,13.6,1,1,17.35,Low
PRJ-01886,Infrastructure Project 01886,Ministry of Housing,Transport & Logistics,Telangana,Infrastructure Development Authority,20840.07,23127.41,4889.03,81,80,0.0,98.93,98.77,19.49,98.6,0.33,4263.13,625.9,19,17,0,-0.16,10.98,0.0,1,0,24.52,Low
PRJ-01887,Infrastructure Project 01887,Ministry of Railways,Water & Sanitation,Madhya Pradesh,Central Government Agency,36583.22,46895.32,38732.72,101,74,15.0,64.56,73.27,87.51,56.85,7.71,38678.54,54.18,19,6,0,8.7,28.19,14.85,1,1,26.93,Low
PRJ-01888,Infrastructure Project 01888,Ministry of Coal,Water & Sanitation,Madhya Pradesh,Infrastructure Development Authority,8332.45,8577.6,2620.27,110,80,3.08,69.58,72.73,31.94,61.93,7.65,2242.94,377.33,21,20,1,3.15,2.94,2.8,0,0,16.4,Low
PRJ-01889,Infrastructure Project 01889,Ministry of Communications,Communication,Uttar Pradesh,Public Sector Undertaking,30961.49,35856.78,13120.66,107,82,6.65,50.13,76.64,38.81,48.13,2.0,12650.65,470.01,9,2,3,26.5,15.81,6.22,1,0,48.05,Medium
PRJ-01890,Infrastructure Project 01890,Ministry of Communications,Communication,Bihar,State Government Agency,21973.27,22521.36,8490.85,45,5,0.0,11.75,11.11,39.96,5.27,6.48,7962.57,528.28,6,1,0,-0.64,2.49,0.0,0,0,8.77,Low
PRJ-01891,Infrastructure Project 01891,Ministry of Power,Steel,Maharashtra,Public Sector Undertaking,39079.72,43991.02,20735.56,26,12,0.0,55.58,46.15,40.22,51.1,4.48,17768.78,2966.77,5,4,1,-9.43,12.57,0.0,1,0,10.07,Low
PRJ-01892,Infrastructure Project 01892,Ministry of Housing,Mining,Gujarat,Infrastructure Development Authority,21481.98,23665.81,7085.32,100,61,6.55,49.93,61.0,31.47,44.31,5.63,6107.11,978.21,9,9,1,11.07,10.17,6.55,1,0,22.89,Low
PRJ-01893,Infrastructure Project 01893,Ministry of Housing,Steel,Karnataka,Infrastructure Development Authority,39363.75,52068.73,24847.49,101,75,16.31,58.06,74.26,46.23,56.42,1.64,22756.54,2090.96,26,4,1,16.2,32.28,16.15,1,1,49.29,Medium
PRJ-01894,Infrastructure Project 01894,Ministry of Road Transport,Social Infrastructure,Andhra Pradesh,Central Government Agency,42295.58,52914.73,28636.92,31,8,4.0,22.11,25.81,49.44,17.57,4.54,27316.48,1320.44,26,26,0,3.7,25.11,12.89,1,1,25.69,Low
PRJ-01895,Infrastructure Project 01895,Ministry of Jal Shakti,Social Infrastructure,Tamil Nadu,Public Sector Undertaking,38243.93,39585.23,11835.56,104,56,4.77,46.76,53.85,27.97,44.19,2.58,10236.24,1599.32,11,0,1,7.09,3.51,4.58,0,0,20.03,Low
PRJ-01896,Infrastructure Project 01896,Ministry of Jal Shakti,Social Infrastructure,Gujarat,Infrastructure Development Authority,33127.9,33756.82,13559.9,46,33,0.0,67.5,71.74,40.59,63.04,4.46,12919.49,640.41,7,3,2,4.24,1.9,0.0,0,0,3.67,Low
PRJ-01897,Infrastructure Project 01897,Ministry of Railways,Energy,Tamil Nadu,Infrastructure Development Authority,12281.16,12733.14,8797.77,115,64,5.34,54.45,55.65,68.91,48.88,5.58,8397.89,399.88,18,14,0,1.2,3.68,4.65,0,0,7.26,Low
PRJ-01898,Infrastructure Project 01898,Ministry of Railways,Communication,Maharashtra,Infrastructure Development Authority,34011.18,36801.08,10573.57,111,5,17.85,0.0,4.5,21.16,0.0,0.0,10139.3,434.27,29,18,0,4.5,8.2,16.08,0,1,24.35,Low
PRJ-01899,Infrastructure Project 01899,Ministry of Jal Shakti,Water & Sanitation,West Bengal,Public Sector Undertaking,1074.46,1232.8,806.28,51,19,9.13,26.89,37.25,68.74,21.35,5.54,792.02,14.26,8,4,2,10.36,14.74,17.9,1,1,22.3,Low
PRJ-01900,Infrastructure Project 01900,Ministry of Housing,Mining,Rajasthan,Public Sector Undertaking,27934.28,36547.3,10825.17,113,47,18.24,19.89,41.59,31.95,16.04,3.85,9572.28,1252.89,24,24,4,21.7,30.83,16.14,1,1,37.75,Medium
PRJ-01901,Infrastructure Project 01901,Ministry of Housing,Energy,Andhra Pradesh,Public Sector Undertaking,20239.21,26366.1,4420.94,40,41,4.28,100.0,100.0,4.7,93.72,6.28,3943.25,477.7,7,1,2,0.0,30.27,10.7,1,1,36.03,Medium
PRJ-01902,Infrastructure Project 01902,Ministry of Railways,Transport & Logistics,Tamil Nadu,Infrastructure Development Authority,6046.59,6252.83,2232.3,68,8,0.2,11.08,11.76,36.9,5.23,5.85,2134.57,97.72,9,8,2,0.69,3.41,0.29,0,0,5.09,Low
PRJ-01903,Infrastructure Project 01903,Ministry of Road Transport,Mining,West Bengal,Infrastructure Development Authority,38022.65,50651.98,17094.02,76,62,18.75,71.95,81.58,41.87,71.71,0.24,16489.37,604.65,15,8,1,9.63,33.22,24.67,1,1,36.64,Medium
PRJ-01904,Infrastructure Project 01904,Ministry of Steel,Energy,Uttar Pradesh,Infrastructure Development Authority,2710.97,3328.34,1330.99,107,37,12.31,33.0,34.58,38.81,29.99,3.01,1241.76,89.23,9,7,0,1.58,22.77,11.51,1,1,30.33,Low
PRJ-01905,Infrastructure Project 01905,Ministry of Power,Mining,West Bengal,Infrastructure Development Authority,46408.18,58203.72,33959.11,42,17,0.0,49.85,40.48,52.03,48.76,1.08,32104.62,1854.49,26,8,0,-9.37,25.42,0.0,1,0,14.52,Low
PRJ-01906,Infrastructure Project 01906,Ministry of Power,Communication,Tamil Nadu,Infrastructure Development Authority,2360.51,3074.96,1395.9,48,37,4.92,64.42,77.08,46.29,56.96,7.46,1367.06,28.84,8,1,2,12.67,30.27,10.25,1,1,32.29,Low
PRJ-01907,Infrastructure Project 01907,Ministry of Communications,Energy,Andhra Pradesh,State Government Agency,14804.73,15130.16,7957.31,40,29,0.0,76.79,72.5,58.28,69.28,7.51,7258.14,699.17,10,9,0,-4.29,2.2,0.0,0,0,7.41,Low
PRJ-01908,Infrastructure Project 01908,Ministry of Housing,Social Infrastructure,Bihar,Central Government Agency,20606.79,26526.69,2328.95,39,17,1.64,42.85,43.59,0.0,38.39,4.46,2309.41,19.54,8,5,0,0.74,28.73,4.21,1,0,17.48,Low
PRJ-01909,Infrastructure Project 01909,Ministry of Power,Social Infrastructure,Odisha,Public Sector Undertaking,25916.81,27264.08,5645.3,108,6,1.2,11.47,5.56,15.13,5.27,6.2,5350.77,294.53,14,13,0,-5.92,5.2,1.11,0,0,10.26,Low
PRJ-01910,Infrastructure Project 01910,Ministry of Jal Shakti,Steel,Karnataka,Central Government Agency,45918.62,47396.58,38518.28,43,11,2.13,22.21,25.58,80.18,15.15,7.06,36197.14,2321.14,11,0,0,3.37,3.22,4.95,0,0,15.23,Low
PRJ-01911,Infrastructure Project 01911,Ministry of Steel,Communication,Bihar,Infrastructure Development Authority,34848.7,37774.78,17463.35,111,18,6.04,17.72,16.22,47.44,14.35,3.37,16031.8,1431.55,14,13,0,-1.51,8.4,5.44,0,0,14.15,Low
PRJ-01912,Infrastructure Project 01912,Ministry of Steel,Social Infrastructure,Tamil Nadu,Public Sector Undertaking,18142.99,18759.53,14656.39,43,35,0.0,88.84,81.4,79.59,86.6,2.24,12499.7,2156.69,23,7,2,-7.44,3.4,0.0,0,0,5.74,Low
PRJ-01913,Infrastructure Project 01913,Ministry of Jal Shakti,Transport & Logistics,Gujarat,Infrastructure Development Authority,17981.4,18709.41,1586.2,116,105,7.41,86.57,90.52,11.17,85.51,1.06,1560.56,25.64,14,0,1,3.94,4.05,6.39,0,0,19.5,Low
PRJ-01914,Infrastructure Project 01914,Ministry of Steel,Mining,Andhra Pradesh,Infrastructure Development Authority,41277.18,45420.52,8248.22,67,10,0.71,11.57,14.93,20.63,7.56,4.01,7421.9,826.32,24,14,0,3.35,10.04,1.06,1,0,8.14,Low
PRJ-01915,Infrastructure Project 01915,Ministry of Steel,Social Infrastructure,Andhra Pradesh,Infrastructure Development Authority,33343.98,36222.17,17370.18,80,68,0.0,93.41,85.0,48.31,90.39,3.01,16112.3,1257.88,5,5,0,-8.41,8.63,0.0,0,0,16.63,Low
PRJ-01916,Infrastructure Project 01916,Ministry of Jal Shakti,Mining,Rajasthan,Public Sector Undertaking,24671.53,31087.25,22149.48,81,13,19.1,14.29,16.05,83.31,7.66,6.63,19963.5,2185.98,7,0,2,1.76,26.0,23.58,1,1,31.81,Low
PRJ-01917,Infrastructure Project 01917,Ministry of Road Transport,Coal,Uttar Pradesh,Public Sector Undertaking,38696.63,49237.76,4378.96,100,63,21.3,46.13,63.0,6.89,44.93,1.2,4042.49,336.47,29,8,2,16.87,27.24,21.3,1,1,42.85,Medium
PRJ-01918,Infrastructure Project 01918,Ministry of Housing,Energy,Andhra Pradesh,State Government Agency,18743.45,20468.61,7355.41,57,48,0.4,76.52,84.21,40.78,69.72,6.8,6491.89,863.52,10,5,2,7.69,9.2,0.7,0,0,14.48,Low
PRJ-01919,Infrastructure Project 01919,Ministry of Communications,Transport & Logistics,Madhya Pradesh,Infrastructure Development Authority,10816.46,11333.09,1871.54,73,32,0.33,39.08,43.84,14.08,37.75,1.33,1798.33,73.21,23,12,0,4.76,4.78,0.46,0,0,18.77,Low
PRJ-01920,Infrastructure Project 01920,Ministry of Road Transport,Social Infrastructure,Karnataka,Central Government Agency,27512.12,29758.38,8447.62,47,52,6.55,100.0,100.0,30.5,98.29,1.71,8088.25,359.37,17,6,0,0.0,8.16,13.94,0,1,15.38,Low
PRJ-01921,Infrastructure Project 01921,Ministry of Housing,Water & Sanitation,Tamil Nadu,Central Government Agency,17359.22,18673.83,4189.04,34,23,2.04,72.21,67.65,27.28,71.71,0.5,3613.19,575.85,26,22,0,-4.57,7.57,6.0,0,0,12.55,Low
PRJ-01922,Infrastructure Project 01922,Ministry of Coal,Coal,Odisha,Public Sector Undertaking,46536.49,46824.91,21772.89,99,57,0.0,55.48,57.58,57.95,48.39,7.09,21231.36,541.53,19,18,0,2.09,0.62,0.0,0,0,5.55,Low
PRJ-01923,Infrastructure Project 01923,Ministry of Coal,Steel,Odisha,Public Sector Undertaking,49091.14,50588.62,41202.07,101,22,0.0,19.13,21.78,81.3,18.37,0.76,35745.85,5456.22,28,1,0,2.65,3.05,0.0,0,0,13.04,Low
PRJ-01924,Infrastructure Project 01924,Ministry of Coal,Coal,Odisha,Infrastructure Development Authority,13188.14,14130.52,4637.94,50,43,5.9,73.67,86.0,31.41,71.81,1.86,4411.6,226.34,8,6,0,12.33,7.15,11.8,0,1,17.44,Low
PRJ-01925,Infrastructure Project 01925,Ministry of Jal Shakti,Transport & Logistics,Maharashtra,Central Government Agency,44047.69,52504.6,31300.81,25,29,0.0,100.0,100.0,55.77,95.35,4.65,30519.26,781.54,10,7,0,0.0,19.2,0.0,1,0,14.92,Low
PRJ-01926,Infrastructure Project 01926,Ministry of Communications,Water & Sanitation,Gujarat,Public Sector Undertaking,23691.75,26302.57,9076.98,45,36,7.91,60.77,80.0,21.9,56.37,4.39,8728.25,348.73,19,16,2,19.23,11.02,17.57,1,1,30.06,Low
PRJ-01927,Infrastructure Project 01927,Ministry of Housing,Communication,Tamil Nadu,Central Government Agency,11861.71,14291.35,2825.52,106,114,13.37,92.16,100.0,16.94,88.06,4.11,2477.42,348.11,27,24,1,7.84,20.48,12.61,1,1,26.13,Low
PRJ-01928,Infrastructure Project 01928,Ministry of Steel,Transport & Logistics,West Bengal,State Government Agency,14556.25,18814.06,14442.92,99,9,21.16,0.0,9.09,79.29,0.0,0.0,12296.59,2146.33,23,16,1,9.09,29.25,21.38,1,1,34.26,Low
PRJ-01929,Infrastructure Project 01929,Ministry of Housing,Transport & Logistics,Gujarat,Infrastructure Development Authority,21948.46,23607.77,15161.28,66,45,0.2,63.93,68.18,63.71,63.08,0.85,12900.64,2260.64,27,17,2,4.25,7.56,0.3,0,0,4.18,Low
PRJ-01930,Infrastructure Project 01930,Ministry of Housing,Communication,Telangana,State Government Agency,5749.54,6785.44,5531.92,60,49,1.46,78.2,81.67,88.83,70.6,7.6,5300.11,231.8,15,0,0,3.47,18.02,2.43,1,0,11.04,Low
PRJ-01931,Infrastructure Project 01931,Ministry of Power,Mining,Rajasthan,Infrastructure Development Authority,37260.44,39593.52,22620.37,35,12,0.0,35.52,34.29,56.95,28.59,6.93,21541.04,1079.32,23,0,1,-1.24,6.26,0.0,0,0,4.73,Low
PRJ-01932,Infrastructure Project 01932,Ministry of Coal,Water & Sanitation,Karnataka,Infrastructure Development Authority,35585.89,36588.57,21686.91,32,20,0.97,64.3,62.5,55.81,63.98,0.32,19579.07,2107.85,5,2,1,-1.8,2.82,3.04,0,0,9.18,Low
PRJ-01933,Infrastructure Project 01933,Ministry of Road Transport,Coal,Gujarat,Infrastructure Development Authority,8592.34,9054.22,1122.58,30,22,0.94,83.18,73.33,18.9,81.27,1.92,987.79,134.79,29,2,0,-9.85,5.38,3.14,0,0,11.27,Low
PRJ-01934,Infrastructure Project 01934,Ministry of Housing,Mining,Madhya Pradesh,Central Government Agency,21665.24,23724.37,4808.61,92,75,2.07,80.03,81.52,24.47,76.41,3.62,4714.44,94.17,12,9,0,1.49,9.5,2.25,0,0,19.94,Low
PRJ-01935,Infrastructure Project 01935,Ministry of Communications,Steel,Tamil Nadu,Infrastructure Development Authority,13593.74,13723.62,9879.74,102,84,0.24,78.21,82.35,71.87,76.96,1.25,9472.49,407.25,17,11,0,4.14,0.96,0.23,0,0,10.53,Low
PRJ-01936,Infrastructure Project 01936,Ministry of Railways,Social Infrastructure,Madhya Pradesh,State Government Agency,2692.96,2787.18,1187.48,86,70,7.3,70.09,81.4,33.1,65.19,4.89,1177.87,9.61,21,9,2,11.31,3.5,8.49,0,0,18.59,Low
PRJ-01937,Infrastructure Project 01937,Ministry of Road Transport,Water & Sanitation,Telangana,Infrastructure Development Authority,27070.93,30281.41,3626.75,59,59,4.79,89.72,100.0,20.24,84.61,5.11,3501.58,125.18,13,10,2,10.28,11.86,8.12,1,0,23.1,Low
PRJ-01938,Infrastructure Project 01938,Ministry of Housing,Energy,Tamil Nadu,Central Government Agency,38071.7,47645.57,31558.26,110,88,8.1,68.42,80.0,62.66,66.82,1.59,27087.99,4470.27,18,11,1,11.58,25.15,7.37,1,0,35.03,Medium
PRJ-01939,Infrastructure Project 01939,Ministry of Housing,Mining,Andhra Pradesh,Infrastructure Development Authority,41090.83,46219.77,15276.28,32,15,9.83,47.22,46.88,23.03,46.16,1.06,14823.35,452.92,5,1,0,-0.35,12.48,30.71,1,1,19.41,Low
PRJ-01940,Infrastructure Project 01940,Ministry of Steel,Mining,Bihar,Central Government Agency,42383.03,51614.87,5238.64,89,82,7.02,77.94,92.13,19.69,71.49,6.45,4476.31,762.33,25,20,4,14.19,21.78,7.89,1,0,19.81,Low
PRJ-01941,Infrastructure Project 01941,Ministry of Housing,Coal,Maharashtra,Central Government Agency,19727.22,21442.37,16001.9,92,97,10.71,100.0,100.0,76.56,97.01,2.99,14169.61,1832.29,11,11,2,0.0,8.69,11.65,0,1,22.68,Low
PRJ-01942,Infrastructure Project 01942,Ministry of Road Transport,Energy,Madhya Pradesh,Public Sector Undertaking,43628.59,45003.19,30004.88,107,52,4.28,47.3,48.6,61.6,46.5,0.81,27937.3,2067.58,8,5,0,1.3,3.15,4.0,0,0,10.48,Low
PRJ-01943,Infrastructure Project 01943,Ministry of Housing,Water & Sanitation,Madhya Pradesh,Central Government Agency,48448.1,57726.72,48512.96,98,106,7.2,100.0,100.0,80.92,99.39,0.61,45209.34,3303.62,26,19,0,0.0,19.15,7.35,1,0,19.54,Low
PRJ-01944,Infrastructure Project 01944,Ministry of Coal,Mining,Karnataka,Infrastructure Development Authority,35226.06,37726.31,19939.56,25,18,5.66,74.38,72.0,55.36,66.54,7.84,17557.73,2381.83,29,21,2,-2.38,7.1,22.64,0,1,15.97,Low
PRJ-01945,Infrastructure Project 01945,Ministry of Housing,Social Infrastructure,Karnataka,Infrastructure Development Authority,18342.2,18411.73,3507.4,117,62,1.59,57.28,52.99,14.61,49.33,7.95,3242.96,264.44,24,9,2,-4.29,0.38,1.36,0,0,6.09,Low
PRJ-01946,Infrastructure Project 01946,Ministry of Power,Water & Sanitation,Bihar,Infrastructure Development Authority,10457.32,11336.5,5548.45,24,31,2.72,100.0,100.0,52.93,95.93,4.07,5114.82,433.63,27,14,1,0.0,8.41,11.32,0,1,17.48,Low
PRJ-01947,Infrastructure Project 01947,Ministry of Housing,Mining,West Bengal,Central Government Agency,11740.45,12214.67,3303.86,106,73,2.88,69.42,68.87,25.16,64.75,4.67,3052.48,251.38,19,9,0,-0.56,4.04,2.72,0,0,13.49,Low
PRJ-01948,Infrastructure Project 01948,Ministry of Coal,Social Infrastructure,West Bengal,State Government Agency,48413.75,52853.55,32425.06,116,87,0.0,77.28,75.0,67.33,74.13,3.15,29244.52,3180.54,7,5,0,-2.28,9.17,0.0,0,0,19.15,Low
PRJ-01949,Infrastructure Project 01949,Ministry of Railways,Steel,Madhya Pradesh,State Government Agency,47206.73,49599.19,16230.03,100,11,1.76,13.74,11.0,27.75,13.5,0.24,15173.33,1056.69,7,6,1,-2.74,5.07,1.76,0,0,18.94,Low
PRJ-01950,Infrastructure Project 01950,Ministry of Steel,Energy,Karnataka,Public Sector Undertaking,30553.35,38549.02,23786.53,106,102,6.94,97.03,96.23,70.02,90.14,6.89,20365.56,3420.97,18,17,0,-0.8,26.17,6.55,1,0,15.02,Low
PRJ-01951,Infrastructure Project 01951,Ministry of Jal Shakti,Coal,Odisha,Infrastructure Development Authority,13453.67,18778.0,12969.67,80,74,15.92,84.73,92.5,61.39,81.76,2.98,11396.08,1573.6,13,2,0,7.77,39.58,19.9,1,1,41.77,Medium
PRJ-01952,Infrastructure Project 01952,Ministry of Coal,Communication,Bihar,Infrastructure Development Authority,15007.43,18398.29,9145.74,112,28,0.85,18.55,25.0,45.0,14.14,4.42,8288.08,857.66,26,5,0,6.45,22.59,0.76,1,0,18.01,Low
PRJ-01953,Infrastructure Project 01953,Ministry of Railways,Mining,Bihar,State Government Agency,32337.95,44032.18,26986.72,53,51,10.5,100.0,96.23,58.28,94.7,5.3,26382.95,603.76,21,11,1,-3.77,36.16,19.82,1,1,23.47,Low
PRJ-01954,Infrastructure Project 01954,Ministry of Coal,Energy,Maharashtra,Infrastructure Development Authority,16210.89,17533.76,9552.09,117,8,3.82,4.25,6.84,61.75,0.0,4.25,8960.43,591.66,23,13,0,2.59,8.16,3.27,0,0,9.24,Low
PRJ-01955,Infrastructure Project 01955,Ministry of Road Transport,Social Infrastructure,Rajasthan,Central Government Agency,35873.03,45055.39,19931.35,75,46,10.26,37.97,61.33,42.56,36.48,1.49,17817.88,2113.47,14,8,2,23.36,25.6,13.68,1,1,36.97,Medium
PRJ-01956,Infrastructure Project 01956,Ministry of Communications,Mining,Madhya Pradesh,Public Sector Undertaking,20596.27,21439.18,5491.47,72,26,3.8,52.17,36.11,24.25,45.79,6.38,4912.4,579.07,19,4,0,-16.06,4.09,5.28,0,0,9.32,Low
PRJ-01957,Infrastructure Project 01957,Ministry of Housing,Energy,Odisha,Infrastructure Development Authority,23720.87,25784.44,21323.9,43,17,13.08,31.58,39.53,86.21,27.47,4.11,20041.97,1281.92,10,4,2,7.96,8.7,30.42,0,1,30.57,Low
PRJ-01958,Infrastructure Project 01958,Ministry of Road Transport,Transport & Logistics,Bihar,Public Sector Undertaking,39619.68,42869.27,30890.88,39,48,11.32,100.0,100.0,69.54,97.74,2.26,26547.09,4343.79,5,4,1,0.0,8.2,29.03,0,1,20.63,Low
PRJ-01959,Infrastructure Project 01959,Ministry of Coal,Steel,Maharashtra,Public Sector Undertaking,9214.65,10751.69,2343.31,67,75,5.14,100.0,100.0,17.75,92.39,7.61,2086.78,256.53,16,3,1,0.0,16.68,7.67,1,0,15.75,Low
PRJ-01960,Infrastructure Project 01960,Ministry of Railways,Water & Sanitation,Madhya Pradesh,Infrastructure Development Authority,42164.32,48251.97,38394.58,59,43,0.0,73.32,72.88,77.05,69.99,3.34,36046.05,2348.53,10,4,0,-0.44,14.44,0.0,1,0,12.52,Low
PRJ-01961,Infrastructure Project 01961,Ministry of Power,Communication,Uttar Pradesh,Public Sector Undertaking,3020.14,3709.38,567.2,68,68,6.07,81.2,100.0,11.06,80.98,0.22,514.17,53.03,9,4,2,18.8,22.82,8.92,1,0,35.89,Medium
PRJ-01962,Infrastructure Project 01962,Ministry of Jal Shakti,Energy,Gujarat,Infrastructure Development Authority,11946.1,12396.98,6578.19,97,22,0.84,35.37,22.68,50.77,31.91,3.46,5643.18,935.01,5,1,0,-12.69,3.77,0.87,0,0,11.09,Low
PRJ-01963,Infrastructure Project 01963,Ministry of Railways,Steel,Odisha,Infrastructure Development Authority,46907.9,59164.3,47009.89,78,16,5.83,19.76,20.51,73.43,15.2,4.56,45153.68,1856.21,11,11,0,0.76,26.13,7.47,1,0,19.19,Low
PRJ-01964,Infrastructure Project 01964,Ministry of Steel,Energy,Bihar,Public Sector Undertaking,43483.1,45419.49,13793.46,106,90,7.41,82.85,84.91,31.95,75.74,7.11,12011.53,1781.93,12,2,1,2.05,4.45,6.99,0,0,12.06,Low
PRJ-01965,Infrastructure Project 01965,Ministry of Coal,Mining,Rajasthan,Infrastructure Development Authority,26025.7,35172.06,17363.59,42,30,13.44,60.53,71.43,45.73,58.02,2.51,16556.86,806.73,13,1,5,10.9,35.14,32.01,1,1,51.5,Medium
PRJ-01966,Infrastructure Project 01966,Ministry of Power,Energy,Gujarat,Public Sector Undertaking,30288.24,32013.93,14081.8,92,34,0.0,38.78,36.96,40.55,33.47,5.3,13925.82,155.98,16,0,0,-1.82,5.7,0.0,0,0,14.03,Low
PRJ-01967,Infrastructure Project 01967,Ministry of Housing,Coal,Uttar Pradesh,Infrastructure Development Authority,42882.05,48447.24,10628.06,112,104,5.06,84.28,92.86,23.03,79.22,5.06,9715.81,912.25,14,10,1,8.58,12.98,4.51,1,0,22.84,Low
PRJ-01968,Infrastructure Project 01968,Ministry of Railways,Mining,Telangana,Public Sector Undertaking,46642.32,66920.91,19188.16,41,42,2.22,100.0,100.0,27.72,96.09,3.91,17409.39,1778.77,9,0,0,0.0,43.48,5.41,1,0,18.58,Low
PRJ-01969,Infrastructure Project 01969,Ministry of Road Transport,Coal,Telangana,State Government Agency,24995.26,26648.05,20714.06,47,50,7.58,96.77,100.0,81.0,89.72,7.06,18922.86,1791.2,26,14,0,3.23,6.61,16.12,0,1,18.66,Low
PRJ-01970,Infrastructure Project 01970,Ministry of Power,Coal,Karnataka,Infrastructure Development Authority,12797.74,14036.35,5825.16,81,64,6.51,80.28,79.01,48.4,74.74,5.54,4980.38,844.78,7,2,0,-1.27,9.68,8.04,0,0,22.28,Low
PRJ-01971,Infrastructure Project 01971,Ministry of Jal Shakti,Energy,Karnataka,Infrastructure Development Authority,34999.07,35595.08,7620.5,48,55,4.53,100.0,100.0,26.32,93.48,6.52,6600.31,1020.19,16,7,0,0.0,1.7,9.43,0,0,7.62,Low
PRJ-01972,Infrastructure Project 01972,Ministry of Steel,Steel,Odisha,Central Government Agency,29969.52,33392.09,6062.22,79,82,2.5,100.0,100.0,15.45,93.35,6.65,5464.74,597.49,12,2,0,0.0,11.42,3.16,1,0,17.09,Low
PRJ-01973,Infrastructure Project 01973,Ministry of Power,Coal,Rajasthan,Central Government Agency,38783.38,46543.74,26816.73,110,107,9.24,100.0,97.27,53.71,92.15,7.85,25865.16,951.57,10,9,0,-2.73,20.01,8.4,1,0,13.56,Low
PRJ-01974,Infrastructure Project 01974,Ministry of Power,Water & Sanitation,Telangana,State Government Agency,2647.96,2984.66,2346.57,110,13,12.32,29.68,11.82,78.29,24.81,4.87,2103.21,243.36,11,8,0,-17.86,12.72,11.2,1,1,8.13,Low
PRJ-01975,Infrastructure Project 01975,Ministry of Steel,Water & Sanitation,Madhya Pradesh,Infrastructure Development Authority,6618.47,7391.49,4699.86,39,14,0.0,27.84,35.9,60.2,21.68,6.16,4086.38,613.48,27,16,0,8.06,11.68,0.0,1,0,12.59,Low
PRJ-01976,Infrastructure Project 01976,Ministry of Power,Transport & Logistics,Tamil Nadu,Public Sector Undertaking,6324.03,6586.79,2201.46,106,64,20.91,34.72,60.38,30.95,30.06,4.66,1967.26,234.2,23,12,4,25.65,4.15,19.73,0,1,36.43,Medium
PRJ-01977,Infrastructure Project 01977,Ministry of Housing,Energy,Madhya Pradesh,Infrastructure Development Authority,3056.03,3516.82,2088.87,35,40,2.07,100.0,100.0,65.78,93.17,6.83,1963.55,125.32,5,2,0,0.0,15.08,5.92,1,0,12.06,Low
PRJ-01978,Infrastructure Project 01978,Ministry of Jal Shakti,Energy,Bihar,Infrastructure Development Authority,48708.73,57760.44,12725.37,102,87,10.39,87.46,85.29,26.3,85.88,1.58,12260.65,464.73,15,7,1,-2.17,18.58,10.19,1,1,31.49,Low
PRJ-01979,Infrastructure Project 01979,Ministry of Communications,Water & Sanitation,West Bengal,Infrastructure Development Authority,30544.37,32154.22,2297.37,27,29,1.01,100.0,100.0,13.64,94.55,5.45,2222.7,74.67,24,21,3,0.0,5.27,3.75,0,0,10.69,Low
PRJ-01980,Infrastructure Project 01980,Ministry of Railways,Social Infrastructure,Telangana,Central Government Agency,17490.45,21894.69,2586.22,68,76,0.0,100.0,100.0,11.11,98.91,1.09,2461.38,124.85,26,7,2,0.0,25.18,0.0,1,0,17.91,Low
PRJ-01981,Infrastructure Project 01981,Ministry of Railways,Coal,Bihar,Central Government Agency,42288.03,43728.91,34514.56,101,61,1.37,57.51,60.4,77.0,52.01,5.5,30350.88,4163.68,10,3,3,2.89,3.41,1.36,0,0,5.68,Low
PRJ-01982,Infrastructure Project 01982,Ministry of Railways,Steel,Bihar,Infrastructure Development Authority,11849.17,15745.44,8451.47,35,33,5.85,82.81,94.29,58.79,81.37,1.44,8267.75,183.71,21,3,4,11.47,32.88,16.71,1,1,40.13,Medium
PRJ-01983,Infrastructure Project 01983,Ministry of Steel,Social Infrastructure,Bihar,Public Sector Undertaking,27505.04,28953.21,14007.37,105,87,2.84,83.13,82.86,37.74,80.84,2.28,12909.21,1098.16,19,12,1,-0.27,5.27,2.71,0,0,9.97,Low
PRJ-01984,Infrastructure Project 01984,Ministry of Railways,Social Infrastructure,Bihar,Infrastructure Development Authority,23415.51,25209.57,5550.38,79,33,1.02,45.81,41.77,29.18,41.27,4.54,5072.24,478.15,28,22,0,-4.04,7.66,1.29,0,0,2.9,Low
PRJ-01985,Infrastructure Project 01985,Ministry of Communications,Transport & Logistics,Bihar,Infrastructure Development Authority,15628.55,18863.63,2031.75,25,6,0.0,17.42,24.0,13.75,10.12,7.31,1828.77,202.98,17,11,1,6.58,20.7,0.0,1,0,22.67,Low
PRJ-01986,Infrastructure Project 01986,Ministry of Road Transport,Steel,West Bengal,State Government Agency,20459.19,22068.05,10602.21,41,34,10.83,71.84,82.93,48.07,67.51,4.34,9663.65,938.56,26,23,0,11.08,7.86,26.41,0,1,23.69,Low
PRJ-01987,Infrastructure Project 01987,Ministry of Communications,Steel,West Bengal,State Government Agency,30185.77,34328.13,22655.36,39,13,9.04,28.77,33.33,67.85,22.86,5.91,20955.45,1699.91,16,5,0,4.56,13.72,23.17,1,1,18.49,Low
PRJ-01988,Infrastructure Project 01988,Ministry of Housing,Social Infrastructure,West Bengal,Central Government Agency,19453.68,20634.47,3399.17,58,62,0.0,100.0,100.0,11.85,96.93,3.07,3271.64,127.53,22,17,1,0.0,6.07,0.0,0,0,10.05,Low
PRJ-01989,Infrastructure Project 01989,Ministry of Housing,Coal,Bihar,Central Government Agency,41874.81,42476.95,18704.0,118,71,6.38,50.93,60.17,43.64,49.03,1.9,17603.38,1100.62,28,4,0,9.24,1.44,5.4,0,0,7.29,Low
PRJ-01990,Infrastructure Project 01990,Ministry of Power,Steel,Andhra Pradesh,Central Government Agency,34681.41,39492.1,2152.07,70,41,10.93,49.47,58.57,7.71,44.84,4.64,2097.47,54.6,23,6,1,9.1,13.87,15.61,1,1,22.12,Low
PRJ-01991,Infrastructure Project 01991,Ministry of Road Transport,Energy,Tamil Nadu,State Government Agency,24267.59,31298.69,8727.33,118,42,9.45,18.59,35.59,30.72,11.49,7.1,7607.7,1119.63,21,12,1,17.01,28.97,8.01,1,0,40.03,Medium
PRJ-01992,Infrastructure Project 01992,Ministry of Coal,Social Infrastructure,Andhra Pradesh,Infrastructure Development Authority,24076.51,28707.17,14531.51,84,12,15.95,7.39,14.29,50.58,0.35,7.04,14255.16,276.35,17,9,1,6.9,19.23,18.99,1,1,30.15,Low
PRJ-01993,Infrastructure Project 01993,Ministry of Steel,Coal,West Bengal,Public Sector Undertaking,33935.2,35040.21,10994.15,59,41,2.07,68.06,69.49,27.05,60.24,7.82,10355.35,638.8,22,4,1,1.43,3.26,3.51,0,0,8.49,Low
PRJ-01994,Infrastructure Project 01994,Ministry of Jal Shakti,Water & Sanitation,Bihar,Infrastructure Development Authority,24152.63,24813.06,20148.36,114,43,9.77,31.07,37.72,73.22,25.01,6.06,17950.69,2197.67,5,2,1,6.65,2.73,8.57,0,0,24.66,Low
PRJ-01995,Infrastructure Project 01995,Ministry of Road Transport,Social Infrastructure,Gujarat,State Government Agency,39325.16,45059.83,5792.74,32,15,0.12,43.54,46.88,21.89,35.85,7.69,5706.72,86.01,14,2,0,3.33,14.58,0.38,1,0,14.24,Low
PRJ-01996,Infrastructure Project 01996,Ministry of Housing,Energy,West Bengal,Infrastructure Development Authority,4387.18,5022.25,3170.6,85,77,1.95,74.79,90.59,69.29,72.09,2.7,2974.77,195.83,14,10,2,15.8,14.48,2.3,1,0,26.0,Low
PRJ-01997,Infrastructure Project 01997,Ministry of Coal,Mining,Rajasthan,State Government Agency,43240.83,55908.71,28025.56,65,35,0.47,61.68,53.85,51.19,59.52,2.17,24744.15,3281.41,17,13,0,-7.84,29.3,0.72,1,0,12.9,Low
PRJ-01998,Infrastructure Project 01998,Ministry of Jal Shakti,Steel,Telangana,Infrastructure Development Authority,11848.28,12411.02,7574.6,30,24,0.0,66.54,80.0,61.45,65.77,0.76,6919.74,654.86,16,13,2,13.46,4.75,0.0,0,0,15.3,Low
PRJ-01999,Infrastructure Project 01999,Ministry of Steel,Steel,Bihar,State Government Agency,23088.85,29837.28,13400.45,61,28,12.44,38.87,45.9,57.1,30.98,7.9,11683.38,1717.07,27,13,1,7.03,29.23,20.39,1,1,29.81,Low
PRJ-02000,Infrastructure Project 02000,Ministry of Communications,Transport & Logistics,Uttar Pradesh,Central Government Agency,48363.84,53338.38,26723.99,107,79,11.54,58.35,73.83,55.56,55.17,3.18,24514.85,2209.14,7,6,2,15.48,10.29,10.79,1,1,32.75,Low
