ProjectCode,ProjectName,ReportMonth,OverallRiskProbability,OverallRiskPrediction,TopFactor1,TopFactor1_SHAP,TopFactor2,TopFactor2_SHAP,TopFactor3,TopFactor3_SHAP,TopFactor4,TopFactor4_SHAP,TopFactor5,TopFactor5_SHAP,RiskExplanation
617270,,2026-05-01,0.115567,0,Physical Progress,-0.72966,Agency_National Highways Authority of India [NHAI],-0.396607,CurrentExpenditureRatio,-0.35818,NoProgress,0.305504,ExpenditureProgressGap,-0.25725,NoProgress; ProgressVelocity; OriginalCost
617183,,2026-05-01,0.261745,0,ProgressVelocity,0.791028,HasRevisedDoc,-0.40756,Agency_National Highways Authority of India [NHAI],-0.344424,OriginalCost,-0.264799,Physical Progress,-0.173145,ProgressVelocity; RobustCurrentGap; Agency_Power Grid Corporation of India Limited [POWERGRID]
619049,,2026-04-01,0.27543,0,Expenditure,0.557477,ExpenditureProgressGap,-0.360871,HasRevisedDoc,-0.325151,RobustCurrentGap,-0.219951,ProgressVelocity,-0.203961,Expenditure; CurrentExpenditureRatio; Physical Progress
400180,,2026-05-01,0.168062,0,Agency_National Highways Authority of India [NHAI],-0.474156,Physical Progress,-0.402659,ExpenditureProgressGap,-0.350719,NoProgress,0.333023,RemainingPlannedDays,-0.204884,NoProgress; ProgressVelocity; CurrentExpenditureRatio
618808,,2026-04-01,0.582631,1,Agency_National Highways Authority of India [NHAI],0.857453,Physical Progress,-0.25111,ProgressVelocity,-0.232361,RobustCurrentGap,-0.157521,OriginalCost,-0.128145,Agency_National Highways Authority of India [NHAI]; ProjectAgeDays; State_West Bengal
618341,,2026-04-01,0.456064,1,ProgressVelocity,-0.391889,Agency_National Highways Authority of India [NHAI],-0.379021,CurrentExpenditureRatio,0.27967,ProgressScheduleGap,-0.189877,RemainingPlannedDays,0.158522,CurrentExpenditureRatio; RemainingPlannedDays; ExpenditureProgressGap
703057,,2026-05-01,0.670256,1,ProgressVelocity,0.450319,Agency_National Highways Authority of India [NHAI],-0.357803,Physical Progress,0.31201,NoProgress,0.287846,CurrentExpenditureRatio,0.252506,ProgressVelocity; Physical Progress; NoProgress
617422,,2026-04-01,0.047693,0,CurrentExpenditureRatio,-0.566732,HasRevisedDoc,-0.470261,Agency_National Highways Authority of India [NHAI],-0.40277,ApprovalToStartDays,-0.286996,RobustCurrentExpenditurePct,-0.242534,State_Maharashtra; Expenditure; ProgressBehindSchedule20
618187,,2026-04-01,0.010888,0,CurrentExpenditureRatio,-0.965382,Physical Progress,-0.625717,Agency_National Highways Authority of India [NHAI],-0.508702,ProjectAgeDays,-0.501476,Expenditure,-0.35159,RemainingPlannedDays; ApprovalToStartDays; ProgressBehindSchedule20
618749,,2026-04-01,0.644703,1,Agency_National Highways Authority of India [NHAI],0.850993,ProgressVelocity,-0.431055,Expenditure,0.156411,NoProgress,-0.115585,RemainingPlannedDays,-0.112596,Agency_National Highways Authority of India [NHAI]; Expenditure; HasRevisedDoc
615820,,2026-05-01,0.057076,0,HasRevisedDoc,-0.723646,RevisedCost,-0.664678,Agency_National Highways Authority of India [NHAI],-0.333688,RemainingPlannedDays,-0.300946,RobustCurrentGap,-0.134581,CurrentExpenditureRatio; OriginalCost; ProgressBehindSchedule10
618675,,2026-05-01,0.740471,1,Agency_National Highways Authority of India [NHAI],0.845185,Expenditure,0.119618,ExpenditureProgressGap,0.116701,ProgressVelocity,0.109722,CurrentExpenditureRatio,0.107689,Agency_National Highways Authority of India [NHAI]; Expenditure; ExpenditureProgressGap
619013,,2026-05-01,0.791549,1,NoProgress,0.523119,Agency_NHIDCL,0.467398,ProgressVelocity,0.460732,Physical Progress,-0.284032,RobustCurrentGap,0.269824,NoProgress; Agency_NHIDCL; ProgressVelocity
618465,,2026-04-01,0.690435,1,Agency_National Highways Authority of India [NHAI],0.708367,ProgressVelocity,-0.378041,CurrentExpenditureRatio,0.286994,OriginalCost,-0.245401,Expenditure,0.239457,Agency_National Highways Authority of India [NHAI]; CurrentExpenditureRatio; Expenditure
618588,,2026-05-01,0.889403,1,Agency_National Highways Authority of India [NHAI],1.209868,CurrentExpenditureRatio,-0.491669,ProgressVelocity,0.290779,Physical Progress,0.22394,Expenditure,0.202365,Agency_National Highways Authority of India [NHAI]; ProgressVelocity; Physical Progress
400018,,2026-05-01,0.249385,0,ExpenditureProgressGap,-0.46275,Agency_National Highways Authority of India [NHAI],-0.411411,HasRevisedDoc,-0.391837,RobustCurrentGap,-0.384641,State_Jharkhand,0.341956,State_Jharkhand; NoProgress; ProgressVelocity
618499,,2026-05-01,0.958479,1,Agency_National Highways Authority of India [NHAI],0.782953,ProgressVelocity,0.498984,NoProgress,0.475065,CurrentExpenditureRatio,0.27199,RevisedCost,0.204115,Agency_National Highways Authority of India [NHAI]; ProgressVelocity; NoProgress
611495,,2026-04-01,0.501138,1,CurrentExpenditureRatio,0.397391,Agency_National Highways Authority of India [NHAI],-0.346749,Agency_Airport Authority of India [AAI],-0.24496,State_West Bengal,0.159882,RemainingPlannedDays,0.156057,CurrentExpenditureRatio; State_West Bengal; RemainingPlannedDays
618417,,2026-04-01,0.687166,1,Agency_National Highways Authority of India [NHAI],-0.414143,ProjectAgeDays,0.411536,ProgressVelocity,-0.340282,ProgressScheduleGap,0.244735,Agency_NHIDCL,0.244667,ProjectAgeDays; ProgressScheduleGap; Agency_NHIDCL
618795,,2026-05-01,0.799346,1,Agency_National Highways Authority of India [NHAI],1.122389,ProgressVelocity,0.23128,ExpenditureProgressGap,-0.168164,RobustCurrentGap,-0.155293,Expenditure,-0.135939,Agency_National Highways Authority of India [NHAI]; ProgressVelocity; CurrentExpenditureRatio
612748,,2026-04-01,0.687829,1,OriginalCost,0.618905,RemainingPlannedDays,0.318312,HasRevisedDoc,-0.308394,Agency_National Highways Authority of India [NHAI],-0.281325,Expenditure,0.280624,OriginalCost; RemainingPlannedDays; Expenditure
618321,,2026-05-01,0.034485,0,CurrentExpenditureRatio,-1.005055,ProjectAgeDays,-0.479486,Agency_National Highways Authority of India [NHAI],-0.471639,Physical Progress,-0.431723,Expenditure,-0.40521,NoProgress; ProgressVelocity; Agency_NHIDCL
705362,,2026-05-01,0.058292,0,RemainingPlannedDays,-0.815771,ApprovalToStartDays,-0.653382,Agency_National Highways Authority of India [NHAI],-0.566243,ProjectAgeDays,-0.204536,ExpenditureProgressGap,-0.183335,ProgressVelocity; CurrentExpenditureRatio; NoProgress
618622,,2026-05-01,0.844232,1,Agency_National Highways Authority of India [NHAI],1.08821,RemainingPlannedDays,0.395346,ExpenditureProgressGap,-0.339046,CurrentExpenditureRatio,0.323036,RobustCurrentGap,-0.233721,Agency_National Highways Authority of India [NHAI]; RemainingPlannedDays; CurrentExpenditureRatio
618713,,2026-05-01,0.744441,1,Agency_National Highways Authority of India [NHAI],1.086353,ProgressVelocity,0.342526,OriginalCost,-0.1731,CurrentExpenditureRatio,0.152883,RevisedCost,-0.130003,Agency_National Highways Authority of India [NHAI]; ProgressVelocity; CurrentExpenditureRatio
707059,,2026-04-01,0.251674,0,HasRevisedDoc,-0.495416,Agency_National Highways Authority of India [NHAI],-0.268209,State_Madhya Pradesh,-0.213917,"Agency_Medical Education, Ministry of Health and Family Welfare",-0.160409,ProgressScheduleGap,0.149951,ProgressScheduleGap; LateStageLowProgress; CurrentExpenditureRatio
701167,,2026-04-01,0.320396,0,Agency_National Highways Authority of India [NHAI],-0.443347,ExpenditureProgressGap,-0.207578,CurrentExpenditureRatio,0.200163,OriginalCost,-0.175427,ProjectAgeDays,-0.170239,CurrentExpenditureRatio; ProgressScheduleGap; Physical Progress
618756,,2026-04-01,0.646949,1,Agency_National Highways Authority of India [NHAI],0.735508,ProgressVelocity,-0.3741,CurrentExpenditureRatio,0.22104,RemainingPlannedDays,-0.182566,ExpenditureProgressGap,0.149741,Agency_National Highways Authority of India [NHAI]; CurrentExpenditureRatio; ExpenditureProgressGap
619306,,2026-05-01,0.965295,1,Agency_NHAI,0.892796,NoProgress,0.435704,Physical Progress,0.359594,ProgressVelocity,0.351358,RobustCurrentGap,0.334388,Agency_NHAI; NoProgress; Physical Progress
618240,,2026-05-01,0.245426,0,CurrentExpenditureRatio,-0.565804,Agency_National Highways Authority of India [NHAI],-0.34752,ProgressVelocity,0.265226,Expenditure,-0.2356,ProgressScheduleGap,-0.183704,ProgressVelocity; ApprovalToStartDays; ProjectAgeDays
619005,,2026-05-01,0.376965,0,CurrentExpenditureRatio,-0.616585,Physical Progress,-0.427439,Agency_National Highways Authority of India [NHAI],-0.409967,RevisedCost,0.340956,State_Jharkhand,0.330612,RevisedCost; State_Jharkhand; NoProgress
400160,,2026-05-01,0.653014,1,State_Jharkhand,0.684771,Agency_Ministry of Coal,0.681071,ProgressVelocity,-0.566076,Agency_National Highways Authority of India [NHAI],-0.473164,RobustCurrentGap,0.298183,State_Jharkhand; Agency_Ministry of Coal; RobustCurrentGap
619218,,2026-04-01,0.832012,1,Agency_National Highways Authority of India [NHAI],0.970927,ProgressVelocity,-0.425077,RevisedCost,0.254983,Physical Progress,0.212476,ExpenditureProgressGap,0.18176,Agency_National Highways Authority of India [NHAI]; RevisedCost; Physical Progress
400220,,2026-04-01,0.41804,0,ApprovalToStartDays,-0.54348,Agency_National Highways Authority of India [NHAI],-0.401293,CurrentExpenditureRatio,0.267674,Physical Progress,0.266635,Expenditure,0.201647,CurrentExpenditureRatio; Physical Progress; Expenditure
617225,,2026-04-01,0.201001,0,HasRevisedDoc,-0.403029,Agency_National Highways Authority of India [NHAI],-0.271517,Physical Progress,-0.239845,CurrentExpenditureRatio,0.220005,RobustCurrentGap,-0.144066,CurrentExpenditureRatio; RemainingPlannedDays; HasRevisedCost
618726,,2026-05-01,0.816899,1,Agency_National Highways Authority of India [NHAI],1.087512,ProgressVelocity,0.87408,ProjectAgeDays,-0.285831,Physical Progress,-0.251312,RobustCurrentGap,-0.208332,Agency_National Highways Authority of India [NHAI]; ProgressVelocity; ApprovalToStartDays
618768,,2026-04-01,0.435142,0,Agency_National Highways Authority of India [NHAI],1.120881,CurrentExpenditureRatio,-0.734986,Physical Progress,-0.468527,ProgressScheduleGap,0.361726,ProgressVelocity,-0.334234,Agency_National Highways Authority of India [NHAI]; ProgressScheduleGap; RemainingPlannedDays
400315,,2026-05-01,0.081511,0,Agency_National Highways Authority of India [NHAI],-0.457155,Physical Progress,-0.434582,HasRevisedDoc,-0.375611,NoProgress,0.340084,OriginalCost,-0.304929,NoProgress; ProgressVelocity; State_West Bengal
618231,,2026-04-01,0.645312,1,ProgressVelocity,-0.324908,Agency_National Highways Authority of India [NHAI],-0.25801,ExpenditureProgressGap,0.25306,Physical Progress,0.232988,ProjectAgeDays,0.207633,ExpenditureProgressGap; Physical Progress; ProjectAgeDays
616843,,2026-05-01,0.854183,1,Agency_North Western Railway [NWR],1.505666,ProgressVelocity,0.481764,CurrentExpenditureRatio,0.372567,Agency_National Highways Authority of India [NHAI],-0.333852,ApprovalToStartDays,-0.151299,Agency_North Western Railway [NWR]; ProgressVelocity; CurrentExpenditureRatio
618898,,2026-04-01,0.262903,0,Agency_National Highways Authority of India [NHAI],0.64784,ProjectAgeDays,-0.414326,RevisedCost,-0.366466,RobustCurrentGap,-0.189625,State_Tamil Nadu,0.187157,Agency_National Highways Authority of India [NHAI]; State_Tamil Nadu; CurrentExpenditureRatio
615858,,2026-05-01,0.433528,0,CurrentExpenditureRatio,0.445412,HasRevisedDoc,-0.435873,Agency_National Highways Authority of India [NHAI],-0.408693,Physical Progress,0.249875,ProjectAgeDays,-0.198961,CurrentExpenditureRatio; Physical Progress; OriginalCost
612827,,2026-04-01,0.255145,0,HasRevisedDoc,-0.422372,Agency_National Highways Authority of India [NHAI],-0.263523,Physical Progress,-0.224317,ProjectAgeDays,0.210063,RobustCurrentGap,-0.149059,ProjectAgeDays; OriginalCost; Agency_East Coast Railway [ECoR] - II
618785,,2026-05-01,0.927484,1,Agency_National Highways Authority of India [NHAI],0.808874,ProgressVelocity,0.524506,NoProgress,0.46089,RevisedCost,0.19907,ExpenditureProgressGap,0.173427,Agency_National Highways Authority of India [NHAI]; ProgressVelocity; NoProgress
618438,,2026-04-01,0.418724,0,ProgressVelocity,-0.403878,Agency_National Highways Authority of India [NHAI],-0.29728,RobustCurrentGap,0.293945,RevisedCost,-0.277788,ExpenditureProgressGap,0.226636,RobustCurrentGap; ExpenditureProgressGap; Agency_NHIDCL
617838,,2026-05-01,0.183269,0,Agency_National Highways Authority of India [NHAI],-0.3541,ProgressVelocity,0.327044,Physical Progress,-0.315579,ExpenditureProgressGap,-0.234284,ApprovalToStartDays,-0.198436,ProgressVelocity; CurrentExpenditureRatio; HasRevisedDoc
618395,,2026-05-01,0.657012,1,Physical Progress,-0.600929,Agency_NHIDCL,0.477953,NoProgress,0.381552,"State_Jammu andKashmir",0.368401,ProgressVelocity,0.339676,"Agency_NHIDCL; NoProgress; State_Jammu andKashmir"
400180,,2026-04-01,0.095544,0,Agency_National Highways Authority of India [NHAI],-0.415845,Physical Progress,-0.361336,ExpenditureProgressGap,-0.322399,RemainingPlannedDays,-0.198066,ProgressVelocity,-0.195503,State_West Bengal; HasRevisedDoc; State_Gujarat
709817,,2026-04-01,0.366342,0,RevisedCost,-0.286601,Agency_National Highways Authority of India [NHAI],-0.267439,ProgressVelocity,-0.24469,ProgressScheduleGap,-0.226288,RemainingPlannedDays,0.201676,RemainingPlannedDays; ProjectAgeDays; ExpenditureProgressGap
618909,,2026-04-01,0.850513,1,Agency_National Highways Authority of India [NHAI],0.97394,ProgressVelocity,-0.403852,RobustCurrentGap,0.22417,ExpenditureProgressGap,0.179961,RevisedCost,0.179257,Agency_National Highways Authority of India [NHAI]; RobustCurrentGap; ExpenditureProgressGap
618947,,2026-04-01,0.672984,1,Agency_National Highways Authority of India [NHAI],0.680162,State_Jharkhand,0.47637,ProgressVelocity,-0.362547,Expenditure,-0.198937,ProgressScheduleGap,-0.169441,Agency_National Highways Authority of India [NHAI]; State_Jharkhand; ExpenditureProgressGap
603945,,2026-04-01,0.066355,0,RemainingPlannedDays,-0.61907,RobustCurrentGap,-0.602849,Agency_National Highways Authority of India [NHAI],-0.472689,ExpenditureProgressGap,-0.377129,OriginalCost,-0.204783,HasRevisedCost; ProgressScheduleGap; CurrentExpenditureRatio
701391,,2026-04-01,0.193748,0,CurrentExpenditureRatio,-0.699287,Agency_National Highways Authority of India [NHAI],-0.485202,Physical Progress,0.309136,ExpenditureProgressGap,-0.239062,State_Maharashtra,0.207215,Physical Progress; State_Maharashtra; RobustCurrentGap
618601,,2026-05-01,0.961879,1,Agency_National Highways Authority of India [NHAI],0.802158,ProgressVelocity,0.570849,NoProgress,0.461005,RobustCurrentGap,0.433046,ExpenditureProgressGap,0.253012,Agency_National Highways Authority of India [NHAI]; ProgressVelocity; NoProgress
618846,,2026-04-01,0.69088,1,Agency_National Highways Authority of India [NHAI],0.737297,ProgressVelocity,-0.377619,OriginalCost,-0.223421,State_Tamil Nadu,0.156079,ExpenditureProgressGap,0.123704,Agency_National Highways Authority of India [NHAI]; State_Tamil Nadu; ExpenditureProgressGap
619095,,2026-04-01,0.828182,1,Agency_National Highways Authority of India [NHAI],0.870077,Expenditure,0.221601,ProgressVelocity,-0.219602,CurrentExpenditureRatio,0.204921,OriginalCost,0.13653,Agency_National Highways Authority of India [NHAI]; Expenditure; CurrentExpenditureRatio
618557,,2026-04-01,0.71682,1,Agency_National Highways Authority of India [NHAI],0.804053,ExpenditureProgressGap,-0.325943,CurrentExpenditureRatio,0.265539,ProjectAgeDays,0.256961,ProgressVelocity,-0.202487,Agency_National Highways Authority of India [NHAI]; CurrentExpenditureRatio; ProjectAgeDays
618189,,2026-05-01,0.024992,0,CurrentExpenditureRatio,-0.87759,Physical Progress,-0.714997,Agency_National Highways Authority of India [NHAI],-0.559751,NoProgress,0.419437,ProjectAgeDays,-0.380647,NoProgress; ProgressVelocity; RemainingPlannedDays
617830,,2026-04-01,0.28547,0,Agency_National Highways Authority of India [NHAI],-0.3042,OriginalCost,-0.274501,CurrentExpenditureRatio,0.266382,ApprovalToStartDays,-0.217626,ExpenditureProgressGap,0.206464,CurrentExpenditureRatio; ExpenditureProgressGap; ProjectAgeDays
609736,,2026-04-01,0.3699,0,ExpenditureProgressGap,-0.447339,Agency_National Highways Authority of India [NHAI],-0.43288,RemainingPlannedDays,0.257991,ProgressVelocity,-0.193053,Physical Progress,0.156355,RemainingPlannedDays; Physical Progress; RevisedCost
400231,,2026-04-01,0.068055,0,RevisedCost,-0.561997,OriginalCost,-0.540263,HasRevisedDoc,-0.344621,Agency_National Highways Authority of India [NHAI],-0.306031,State_Odisha,-0.21077,Expenditure; HasRevisedCost; RemainingPlannedDays
618494,,2026-05-01,0.893742,1,Agency_National Highways Authority of India [NHAI],0.846393,ProgressVelocity,0.404882,OriginalCost,-0.387456,Physical Progress,0.218777,RobustCurrentGap,0.168559,Agency_National Highways Authority of India [NHAI]; ProgressVelocity; Physical Progress
612781,,2026-05-01,0.278289,0,Agency_Steel Authority of India Limited [SAIL],0.645079,Agency_National Highways Authority of India [NHAI],-0.42272,ExpenditureProgressGap,-0.340542,RobustCurrentGap,-0.237116,ProgressVelocity,-0.16532,Agency_Steel Authority of India Limited [SAIL]; State_West Bengal; RemainingPlannedDays
400156,,2026-04-01,0.524872,1,Agency_Ministry of Coal,0.750128,State_Jharkhand,0.473747,HasRevisedDoc,-0.344918,Agency_National Highways Authority of India [NHAI],-0.247378,RevisedCost,-0.182293,Agency_Ministry of Coal; State_Jharkhand; CurrentExpenditureRatio
617255,,2026-05-01,0.375468,0,Agency_Steel Authority of India Limited [SAIL],0.628373,ExpenditureProgressGap,-0.381039,Agency_National Highways Authority of India [NHAI],-0.34361,RobustCurrentGap,-0.265324,ProgressVelocity,-0.200558,Agency_Steel Authority of India Limited [SAIL]; CurrentExpenditureRatio; Physical Progress
618982,,2026-05-01,0.455091,1,Agency_National Highways Authority of India [NHAI],-0.444013,CurrentExpenditureRatio,0.390448,ProgressVelocity,-0.207459,ExpenditureProgressGap,-0.186659,RobustCurrentGap,-0.176174,CurrentExpenditureRatio; ProjectAgeDays; Expenditure
618089,,2026-04-01,0.314169,0,CurrentExpenditureRatio,-0.603235,Expenditure,-0.304982,ExpenditureProgressGap,0.266589,Agency_National Highways Authority of India [NHAI],-0.258114,ProgressVelocity,-0.22811,ExpenditureProgressGap; Physical Progress; ProgressScheduleGap
611586,,2026-04-01,0.079925,0,Agency_National Highways Authority of India [NHAI],-0.399942,OriginalCost,-0.304755,RevisedCost,-0.209683,RobustCurrentGap,-0.203084,Physical Progress,-0.202296,CurrentExpenditureRatio; HasRevisedCost; HasRevisedDoc
705588,,2026-04-01,0.022939,0,CurrentExpenditureRatio,-1.087443,Agency_National Highways Authority of India [NHAI],-0.530427,RobustCurrentGap,-0.380532,ExpenditureProgressGap,-0.302367,RobustCurrentExpenditurePct,-0.230329,HasRevisedCost; HasRevisedDoc; NoProgress
618572,,2026-04-01,0.536569,1,Agency_National Highways Authority of India [NHAI],0.938448,Physical Progress,-0.468058,CurrentExpenditureRatio,-0.383676,RobustCurrentGap,0.28994,ProgressVelocity,-0.261115,Agency_National Highways Authority of India [NHAI]; RobustCurrentGap; HasRevisedCost
619201,,2026-04-01,0.55051,1,Agency_National Highways Authority of India [NHAI],0.583593,ProgressVelocity,-0.34959,State_Haryana,-0.280405,OriginalCost,-0.24888,ExpenditureProgressGap,0.158392,Agency_National Highways Authority of India [NHAI]; ExpenditureProgressGap; RevisedCost
611735,,2026-05-01,0.797285,1,ProgressVelocity,0.513662,RobustCurrentGap,0.416493,Agency_National Highways Authority of India [NHAI],-0.396726,CurrentExpenditureRatio,0.362702,Physical Progress,0.341064,ProgressVelocity; RobustCurrentGap; CurrentExpenditureRatio
705613,,2026-05-01,0.03964,0,CurrentExpenditureRatio,-1.106568,Agency_National Highways Authority of India [NHAI],-0.504032,Expenditure,-0.473296,OriginalCost,-0.288962,RobustCurrentExpenditurePct,-0.218355,HasRevisedDoc; HasRevisedCost; Physical Progress
618209,,2026-05-01,0.277176,0,Physical Progress,-0.505404,NoProgress,0.497894,CurrentExpenditureRatio,-0.480524,Agency_National Highways Authority of India [NHAI],-0.344943,Expenditure,-0.252449,NoProgress; ProgressVelocity; ExpenditureProgressGap
618141,,2026-05-01,0.806651,1,Agency_National Highways Authority of India [NHAI],-0.3591,ExpenditureProgressGap,0.298942,ProgressVelocity,0.238761,Physical Progress,0.238421,ProgressScheduleGap,0.229758,ExpenditureProgressGap; ProgressVelocity; Physical Progress
618485,,2026-04-01,0.481259,1,Agency_National Highways Authority of India [NHAI],0.588031,ProgressVelocity,-0.399849,State_Haryana,-0.350257,RemainingPlannedDays,-0.13351,ExpenditureProgressGap,0.115556,Agency_National Highways Authority of India [NHAI]; ExpenditureProgressGap; CurrentExpenditureRatio
705774,,2026-05-01,0.510292,1,Agency_National Highways Authority of India [NHAI],-0.563668,CurrentExpenditureRatio,0.280714,ProgressVelocity,0.247335,ExpenditureProgressGap,-0.246154,NoProgress,0.218043,CurrentExpenditureRatio; ProgressVelocity; NoProgress
615189,,2026-05-01,0.725334,1,RevisedCost,0.427748,HasRevisedDoc,-0.399931,CurrentExpenditureRatio,0.382272,NoProgress,0.369609,Agency_National Highways Authority of India [NHAI],-0.340645,RevisedCost; CurrentExpenditureRatio; NoProgress
618215,,2026-05-01,0.353024,0,Physical Progress,-0.659545,CurrentExpenditureRatio,-0.483394,NoProgress,0.475548,Agency_National Highways Authority of India [NHAI],-0.365343,ProgressVelocity,0.280629,NoProgress; ProgressVelocity; ProjectAgeDays
618094,,2026-05-01,0.608644,1,Agency_National Highways Authority of India [NHAI],-0.476075,RevisedCost,0.344692,ExpenditureProgressGap,-0.248701,Expenditure,0.234134,ProgressVelocity,0.169388,RevisedCost; Expenditure; ProgressVelocity
709779,,2026-05-01,0.298471,0,Agency_MinistryofPetroleumNaturalGas,-0.478363,Agency_National Highways Authority of India [NHAI],-0.405429,RobustCurrentGap,0.286103,Physical Progress,-0.155894,ExpenditureProgressGap,0.108214,RobustCurrentGap; ExpenditureProgressGap; ProjectAgeDays
617832,,2026-05-01,0.03099,0,Physical Progress,-0.725892,CurrentExpenditureRatio,-0.673247,Agency_National Highways Authority of India [NHAI],-0.424633,ProjectAgeDays,-0.409977,NoProgress,0.303041,NoProgress; State_Jharkhand; ProgressVelocity
618150,,2026-04-01,0.026134,0,CurrentExpenditureRatio,-0.987157,Physical Progress,-0.426254,ProjectAgeDays,-0.387055,Agency_National Highways Authority of India [NHAI],-0.381929,Expenditure,-0.368769,ScheduleElapsedRatio; State_Maharashtra; RemainingPlannedDays
707044,,2026-05-01,0.36995,0,HasRevisedDoc,-0.46411,NoProgress,0.28674,Agency_National Highways Authority of India [NHAI],-0.279362,CurrentExpenditureRatio,0.207374,RevisedCost,0.206795,NoProgress; CurrentExpenditureRatio; RevisedCost
612167,,2026-04-01,0.575775,1,Agency_National Highways Authority of India [NHAI],-0.316176,CurrentExpenditureRatio,0.250537,ProgressVelocity,-0.230658,ExpenditureProgressGap,0.212509,RevisedCost,-0.210458,CurrentExpenditureRatio; ExpenditureProgressGap; Physical Progress
618798,,2026-05-01,0.521065,1,Agency_National Highways Authority of India [NHAI],0.630382,OriginalCost,-0.347683,State_Uttar Pradesh,-0.309033,ExpenditureProgressGap,0.112659,NoProgress,-0.101454,Agency_National Highways Authority of India [NHAI]; ExpenditureProgressGap; HasRevisedDoc
617345,,2026-04-01,0.452217,1,HasRevisedDoc,-0.43701,ProgressScheduleGap,0.287914,State_West Bengal,0.191853,Agency_National Highways Authority of India [NHAI],-0.178641,RevisedCost,0.146147,ProgressScheduleGap; State_West Bengal; RevisedCost
617836,,2026-05-01,0.359716,0,Agency_National Highways Authority of India [NHAI],-0.423562,ProgressVelocity,0.362398,ExpenditureProgressGap,-0.198288,Agency_Ministry of Petroleum & Natural Gas,-0.120038,RobustCurrentGap,0.116392,ProgressVelocity; RobustCurrentGap; RobustCurrentExpenditurePct
617256,,2026-04-01,0.736473,1,Agency_Steel Authority of India Limited [SAIL],0.595249,ExpenditureProgressGap,0.278781,Agency_National Highways Authority of India [NHAI],-0.255813,Physical Progress,0.216625,CurrentExpenditureRatio,0.194053,Agency_Steel Authority of India Limited [SAIL]; ExpenditureProgressGap; Physical Progress
618884,,2026-05-01,0.821897,1,Agency_National Highways Authority of India [NHAI],0.799965,ProgressVelocity,0.473792,State_Uttar Pradesh,-0.212357,CurrentExpenditureRatio,0.146708,ExpenditureProgressGap,0.131002,Agency_National Highways Authority of India [NHAI]; ProgressVelocity; CurrentExpenditureRatio
400139,,2026-05-01,0.313664,0,Agency_Ministry of Coal,0.782301,State_Jharkhand,0.66625,ProgressVelocity,-0.649498,ExpenditureProgressGap,-0.380858,Agency_National Highways Authority of India [NHAI],-0.366645,Agency_Ministry of Coal; State_Jharkhand; Expenditure
615822,,2026-05-01,0.624224,1,Agency_Ministry of Coal,0.742862,State_Jharkhand,0.664046,ProgressVelocity,-0.60845,CurrentExpenditureRatio,0.450091,HasRevisedDoc,-0.352938,Agency_Ministry of Coal; State_Jharkhand; CurrentExpenditureRatio
615339,,2026-04-01,0.120453,0,ExpenditureProgressGap,-0.387794,Agency_National Highways Authority of India [NHAI],-0.314063,Physical Progress,-0.268508,OriginalCost,-0.251275,RevisedCost,-0.235468,CurrentExpenditureRatio; Expenditure; RemainingPlannedDays
400425,,2026-05-01,0.789512,1,State_Jharkhand,0.739032,CurrentExpenditureRatio,0.475432,Agency_National Highways Authority of India [NHAI],-0.446311,ProjectAgeDays,-0.25376,Physical Progress,0.176275,State_Jharkhand; CurrentExpenditureRatio; Physical Progress
617946,,2026-05-01,0.436783,0,CurrentExpenditureRatio,-0.572325,NoProgress,0.554241,ProgressVelocity,0.405728,Agency_National Highways Authority of India [NHAI],-0.353056,RobustCurrentGap,0.350846,NoProgress; ProgressVelocity; RobustCurrentGap
618169,,2026-04-01,0.444169,0,Agency_National Highways Authority of India [NHAI],-0.291817,ProgressVelocity,-0.275221,ExpenditureProgressGap,0.180734,CurrentExpenditureRatio,0.169021,RobustCurrentGap,0.144148,ExpenditureProgressGap; CurrentExpenditureRatio; RobustCurrentGap
709772,,2026-05-01,0.151738,0,Agency_MinistryofPetroleumNaturalGas,-0.547477,Physical Progress,-0.510225,Agency_National Highways Authority of India [NHAI],-0.471981,NoProgress,0.342807,RemainingPlannedDays,-0.176751,NoProgress; ProgressVelocity; State_West Bengal
709818,,2026-05-01,0.666097,1,Agency_National Highways Authority of India [NHAI],-0.421865,CurrentExpenditureRatio,0.39545,RevisedCost,0.31602,ProjectAgeDays,0.265757,ExpenditureProgressGap,-0.257576,CurrentExpenditureRatio; RevisedCost; ProjectAgeDays
709848,,2026-05-01,0.33561,0,ProgressVelocity,0.497365,Agency_National Highways Authority of India [NHAI],-0.417698,ExpenditureProgressGap,-0.213616,OriginalCost,-0.213397,ApprovalToStartDays,-0.165824,ProgressVelocity; Expenditure; ProjectAgeDays
612133,,2026-04-01,0.192813,0,Agency_National Highways Authority of India [NHAI],-0.389115,ExpenditureProgressGap,-0.322737,OriginalCost,-0.23554,RobustCurrentGap,-0.189678,Expenditure,0.151879,Expenditure; ProjectAgeDays; Physical Progress
616841,,2026-05-01,0.912675,1,Agency_North Western Railway [NWR],1.498912,CurrentExpenditureRatio,0.457874,RobustCurrentGap,0.303893,NoProgress,0.297808,Agency_National Highways Authority of India [NHAI],-0.249289,Agency_North Western Railway [NWR]; CurrentExpenditureRatio; RobustCurrentGap
618413,,2026-04-01,0.47022,1,CurrentExpenditureRatio,-0.520118,Physical Progress,0.418708,RobustCurrentGap,0.329058,ProgressVelocity,-0.306043,Agency_National Highways Authority of India [NHAI],-0.259172,Physical Progress; RobustCurrentGap; ExpenditureProgressGap
709859,,2026-05-01,0.131327,0,CurrentExpenditureRatio,-0.602893,Agency_National Highways Authority of India [NHAI],-0.539029,ExpenditureProgressGap,-0.516139,RemainingPlannedDays,-0.336703,ApprovalToStartDays,-0.236905,State_Delhi; ProgressVelocity; Expenditure
618866,,2026-04-01,0.701818,1,Agency_National Highways Authority of India [NHAI],0.812123,ProgressVelocity,-0.294697,RobustCurrentGap,0.220176,OriginalCost,0.190328,ProjectAgeDays,-0.159184,Agency_National Highways Authority of India [NHAI]; RobustCurrentGap; OriginalCost
618365,,2026-05-01,0.5776,1,NoProgress,0.570821,CurrentExpenditureRatio,-0.522816,ExpenditureProgressGap,0.421984,ProgressVelocity,0.401807,Expenditure,-0.346733,NoProgress; ExpenditureProgressGap; ProgressVelocity
619223,,2026-04-01,0.042909,0,CurrentExpenditureRatio,-0.472299,Physical Progress,-0.394106,Agency_National Highways Authority of India [NHAI],-0.336376,RevisedCost,-0.254514,ProjectAgeDays,-0.243925,State_Uttar Pradesh; State_Gujarat; HasRevisedDoc
705482,,2026-04-01,0.559659,1,CurrentExpenditureRatio,0.486611,Agency_National Highways Authority of India [NHAI],-0.459859,RobustCurrentGap,0.320192,ApprovalToStartDays,-0.313605,Expenditure,0.159266,CurrentExpenditureRatio; RobustCurrentGap; Expenditure
618344,,2026-04-01,0.244973,0,ExpenditureProgressGap,-0.392502,Agency_National Highways Authority of India [NHAI],-0.39174,ProgressVelocity,-0.373413,RobustCurrentGap,-0.363402,Expenditure,0.226087,Expenditure; Agency_NHIDCL; ProgressScheduleGap
618444,,2026-04-01,0.24293,0,HasRevisedDoc,-0.574971,CurrentExpenditureRatio,-0.450169,RobustCurrentGap,0.343195,ExpenditureProgressGap,0.313562,ProgressVelocity,-0.282006,RobustCurrentGap; ExpenditureProgressGap; ProjectAgeDays
618957,,2026-05-01,0.950498,1,Agency_National Highways Authority of India [NHAI],0.871487,ProgressVelocity,0.532915,NoProgress,0.447405,Physical Progress,0.401755,CurrentExpenditureRatio,0.333931,Agency_National Highways Authority of India [NHAI]; ProgressVelocity; NoProgress
618524,,2026-05-01,0.644327,1,Agency_National Highways Authority of India [NHAI],0.731934,ProgressScheduleGap,0.279052,ProgressVelocity,-0.191947,RevisedCost,0.17953,ProjectAgeDays,-0.174655,Agency_National Highways Authority of India [NHAI]; ProgressScheduleGap; RevisedCost
618008,,2026-04-01,0.23314,0,Physical Progress,-0.36642,Agency_National Highways Authority of India [NHAI],-0.312214,ProgressVelocity,-0.276951,CurrentExpenditureRatio,0.253144,ProgressScheduleGap,-0.18427,CurrentExpenditureRatio; ExpenditureProgressGap; RobustCurrentGap
618497,,2026-04-01,0.852228,1,Agency_National Highways Authority of India [NHAI],0.957578,"State_Jammu andKashmir",0.415036,CurrentExpenditureRatio,0.247406,ProgressVelocity,-0.172156,ExpenditureProgressGap,-0.142236,"Agency_National Highways Authority of India [NHAI]; State_Jammu andKashmir; CurrentExpenditureRatio"
618825,,2026-04-01,0.82265,1,Agency_National Highways Authority of India [NHAI],0.957945,ProgressVelocity,-0.365192,Expenditure,0.290427,RemainingPlannedDays,0.247616,State_West Bengal,0.174556,Agency_National Highways Authority of India [NHAI]; Expenditure; RemainingPlannedDays
705428,,2026-05-01,0.122043,0,Agency_National Highways Authority of India [NHAI],-0.59641,Expenditure,0.349318,RobustCurrentGap,-0.298842,RemainingPlannedDays,-0.260628,ExpenditureProgressGap,-0.249798,Expenditure; CurrentExpenditureRatio; RobustCurrentExpenditurePct
618671,,2026-04-01,0.708816,1,Agency_National Highways Authority of India [NHAI],0.892431,RevisedCost,0.476321,ProgressVelocity,-0.305881,CurrentExpenditureRatio,-0.247652,Expenditure,0.185596,Agency_National Highways Authority of India [NHAI]; RevisedCost; Expenditure
602535,,2026-05-01,0.231925,0,Agency_National Highways Authority of India [NHAI],-0.573139,OriginalCost,-0.337048,CurrentExpenditureRatio,0.315011,Physical Progress,-0.304135,ExpenditureProgressGap,-0.215567,"CurrentExpenditureRatio; ProgressVelocity; State_Jammu andKashmir"
701343,,2026-04-01,0.158407,0,Agency_National Highways Authority of India [NHAI],-0.438174,ExpenditureProgressGap,-0.364432,OriginalCost,-0.285914,RobustCurrentGap,-0.191461,Expenditure,0.162502,Expenditure; HasRevisedDoc; RobustCurrentExpenditurePct
702635,,2026-05-01,0.038848,0,OriginalCost,-0.622899,Agency_National Highways Authority of India [NHAI],-0.519248,CurrentExpenditureRatio,-0.51273,RevisedCost,-0.466387,ExpenditureProgressGap,-0.29712,HasRevisedDoc; HasRevisedCost; PlannedDurationDays
619010,,2026-04-01,0.321427,0,ProgressVelocity,-0.376638,Agency_National Highways Authority of India [NHAI],-0.357382,ExpenditureProgressGap,-0.35427,CurrentExpenditureRatio,0.34926,RobustCurrentGap,-0.236179,CurrentExpenditureRatio; Agency_NHIDCL; RemainingPlannedDays
611961,,2026-04-01,0.167225,0,HasRevisedDoc,-0.495514,Agency_National Highways Authority of India [NHAI],-0.295174,State_Odisha,-0.227983,ExpenditureProgressGap,-0.211225,Physical Progress,-0.208982,RobustCurrentGap; CurrentExpenditureRatio; ProjectAgeDays
613793,,2026-05-01,0.507161,1,Agency_National Highways Authority of India [NHAI],-0.46274,Physical Progress,-0.427234,NoProgress,0.363692,RobustCurrentGap,0.232522,CurrentExpenditureRatio,0.202516,NoProgress; RobustCurrentGap; CurrentExpenditureRatio
618875,,2026-04-01,0.846716,1,Agency_National Highways Authority of India [NHAI],0.946676,RevisedCost,-0.416182,RemainingPlannedDays,0.354882,OriginalCost,0.322589,ProgressVelocity,-0.245974,Agency_National Highways Authority of India [NHAI]; RemainingPlannedDays; OriginalCost
618010,,2026-05-01,0.159243,0,CurrentExpenditureRatio,-0.643746,Physical Progress,-0.548432,ProjectAgeDays,-0.527549,Agency_National Highways Authority of India [NHAI],-0.448223,NoProgress,0.415561,NoProgress; ExpenditureProgressGap; ApprovalToStartDays
701121,,2026-05-01,0.570969,1,Agency_Airport Authority of India [AAI],-0.335789,RevisedCost,0.314016,Agency_National Highways Authority of India [NHAI],-0.313827,ExpenditureProgressGap,0.254446,RobustCurrentGap,0.235492,RevisedCost; ExpenditureProgressGap; RobustCurrentGap
604852,,2026-04-01,0.354869,0,Agency_National Highways Authority of India [NHAI],-0.313148,Physical Progress,0.205574,ExpenditureProgressGap,0.186795,ApprovalToStartDays,-0.183737,State_Uttar Pradesh,-0.175339,Physical Progress; ExpenditureProgressGap; CurrentExpenditureRatio
705668,,2026-05-01,0.078736,0,CurrentExpenditureRatio,-0.843185,Agency_National Highways Authority of India [NHAI],-0.642237,Physical Progress,0.263309,ExpenditureProgressGap,-0.252748,OriginalCost,-0.231817,Physical Progress; HasRevisedDoc; ApprovalToStartDays
618791,,2026-04-01,0.26145,0,Agency_National Highways Authority of India [NHAI],0.632766,ProgressVelocity,-0.426445,Physical Progress,-0.309701,ProjectAgeDays,-0.221306,OriginalCost,-0.217254,Agency_National Highways Authority of India [NHAI]; State_Bihar; ScheduleElapsedRatio
618385,,2026-04-01,0.199086,0,CurrentExpenditureRatio,-0.609742,ProgressScheduleGap,-0.334598,Physical Progress,-0.319411,Agency_National Highways Authority of India [NHAI],-0.310395,OriginalCost,0.298224,OriginalCost; ProjectAgeDays; ExpenditureProgressGap
618374,,2026-04-01,0.383233,0,CurrentExpenditureRatio,-0.566674,Agency_National Highways Authority of India [NHAI],-0.376849,ProjectAgeDays,0.365419,State_Meghalaya,0.269814,ProgressVelocity,-0.234512,ProjectAgeDays; State_Meghalaya; ExpenditureProgressGap
618889,,2026-04-01,0.616808,1,Agency_National Highways Authority of India [NHAI],0.657698,ProgressVelocity,-0.424655,ProgressScheduleGap,-0.265709,Expenditure,-0.194941,RevisedCost,0.152273,Agency_National Highways Authority of India [NHAI]; RevisedCost; ApprovalToStartDays
618218,,2026-04-01,0.235995,0,CurrentExpenditureRatio,-0.611064,State_Uttarakhand,-0.330858,ExpenditureProgressGap,0.298582,Expenditure,-0.29589,Agency_National Highways Authority of India [NHAI],-0.254605,ExpenditureProgressGap; RobustCurrentGap; Physical Progress
606479,,2026-04-01,0.391258,0,Agency_National Highways Authority of India [NHAI],-0.367805,ExpenditureProgressGap,-0.328208,Physical Progress,0.306399,RobustCurrentGap,-0.19379,RevisedCost,0.166895,Physical Progress; RevisedCost; CurrentExpenditureRatio
618930,,2026-04-01,0.171333,0,Agency_National Highways Authority of India [NHAI],0.703665,ProgressVelocity,-0.421123,Physical Progress,-0.36941,State_Gujarat,-0.310705,OriginalCost,-0.267299,Agency_National Highways Authority of India [NHAI]; ScheduleElapsedRatio; RemainingPlannedDays
618762,,2026-05-01,0.963927,1,Agency_National Highways Authority of India [NHAI],1.02662,ProgressVelocity,0.492152,NoProgress,0.445462,RemainingPlannedDays,0.272324,Expenditure,0.270677,Agency_National Highways Authority of India [NHAI]; ProgressVelocity; NoProgress
400247,,2026-05-01,0.01472,0,RemainingPlannedDays,-0.566785,Agency_National Highways Authority of India [NHAI],-0.54728,CurrentExpenditureRatio,-0.527839,ApprovalToStartDays,-0.505012,ExpenditureProgressGap,-0.468288,State_West Bengal; ProjectAgeDays; ElapsedDays
617895,,2026-05-01,0.815737,1,ProgressVelocity,0.47614,Agency_National Highways Authority of India [NHAI],-0.347385,Physical Progress,0.250201,ExpenditureProgressGap,0.234338,CurrentExpenditureRatio,0.197597,ProgressVelocity; Physical Progress; ExpenditureProgressGap
618267,,2026-05-01,0.026527,0,CurrentExpenditureRatio,-0.733785,Physical Progress,-0.654499,Agency_National Highways Authority of India [NHAI],-0.432901,HasRevisedDoc,-0.369552,Expenditure,-0.29601,ScheduleElapsedRatio; ApprovalToStartDays; RemainingPlannedDays
611971,,2026-05-01,0.318748,0,RevisedCost,0.654412,Agency_National Highways Authority of India [NHAI],-0.410303,ExpenditureProgressGap,-0.338067,NoProgress,0.283617,Physical Progress,-0.246874,RevisedCost; NoProgress; OriginalCost
618394,,2026-05-01,0.894373,1,ProgressVelocity,0.582557,Agency_NHIDCL,0.42794,NoProgress,0.417482,Physical Progress,0.290314,RemainingPlannedDays,-0.263077,ProgressVelocity; Agency_NHIDCL; NoProgress
400101,,2026-04-01,0.139239,0,RemainingPlannedDays,-0.583125,Agency_National Highways Authority of India [NHAI],-0.485179,ExpenditureProgressGap,-0.359368,RobustCurrentGap,-0.223029,CurrentExpenditureRatio,0.220618,CurrentExpenditureRatio; Physical Progress; HasRevisedDoc
617894,,2026-04-01,0.813659,1,ProjectAgeDays,0.475925,ProgressScheduleGap,0.368418,Agency_National Highways Authority of India [NHAI],-0.288075,ExpenditureProgressGap,0.236414,Physical Progress,0.222883,ProjectAgeDays; ProgressScheduleGap; ExpenditureProgressGap
618503,,2026-04-01,0.810414,1,Agency_National Highways Authority of India [NHAI],1.073848,Physical Progress,0.321919,ProgressVelocity,-0.28879,ApprovalToStartDays,0.160701,ExpenditureProgressGap,-0.143544,Agency_National Highways Authority of India [NHAI]; Physical Progress; ApprovalToStartDays
617916,,2026-04-01,0.014196,0,CurrentExpenditureRatio,-0.897663,Physical Progress,-0.794514,ProjectAgeDays,-0.634502,Expenditure,-0.439727,Agency_National Highways Authority of India [NHAI],-0.418227,ExpenditureProgressGap; RobustCurrentGap; ScheduleElapsedRatio
618162,,2026-04-01,0.11256,0,CurrentExpenditureRatio,-0.766422,Agency_National Highways Authority of India [NHAI],-0.434553,Physical Progress,-0.434435,ProgressScheduleGap,0.374571,Expenditure,-0.288471,ProgressScheduleGap; RemainingPlannedDays; ScheduleElapsedRatio
707059,,2026-05-01,0.414026,0,HasRevisedDoc,-0.468199,NoProgress,0.355341,Agency_National Highways Authority of India [NHAI],-0.256274,ProgressVelocity,0.214304,CurrentExpenditureRatio,0.206061,NoProgress; ProgressVelocity; CurrentExpenditureRatio
704495,,2026-05-01,0.887444,1,NoProgress,0.50997,Physical Progress,0.430658,RobustCurrentGap,0.38068,ProgressVelocity,0.368482,Agency_National Highways Authority of India [NHAI],-0.301295,NoProgress; Physical Progress; RobustCurrentGap
619172,,2026-04-01,0.133574,0,Physical Progress,-0.587691,CurrentExpenditureRatio,-0.369837,Agency_National Highways Authority of India [NHAI],-0.323131,HasRevisedDoc,-0.270835,ExpenditureProgressGap,-0.208747,Expenditure; RemainingPlannedDays; RevisedCost
702668,,2026-04-01,0.042869,0,RevisedCost,-0.666487,ApprovalToStartDays,-0.594143,OriginalCost,-0.582554,HasRevisedDoc,-0.401254,Agency_National Highways Authority of India [NHAI],-0.312977,Expenditure; State_Tamil Nadu; CurrentExpenditureRatio
617999,,2026-04-01,0.399388,0,ProgressVelocity,-0.239598,ProgressScheduleGap,-0.227805,Agency_National Highways Authority of India [NHAI],-0.206564,ExpenditureProgressGap,0.184675,CurrentExpenditureRatio,0.174317,ExpenditureProgressGap; CurrentExpenditureRatio; RobustCurrentGap
618421,,2026-05-01,0.83887,1,ProgressVelocity,0.381698,Agency_NHIDCL,0.355228,RobustCurrentGap,0.299958,State_Meghalaya,0.271569,Agency_National Highways Authority of India [NHAI],-0.241485,ProgressVelocity; Agency_NHIDCL; RobustCurrentGap
618173,,2026-04-01,0.217924,0,CurrentExpenditureRatio,-0.549717,ProjectAgeDays,-0.383083,ExpenditureProgressGap,0.287198,Expenditure,-0.269729,Physical Progress,0.256731,ExpenditureProgressGap; Physical Progress; RobustCurrentGap
702958,,2026-04-01,0.698887,1,OriginalCost,0.716024,Agency_National Highways Authority of India [NHAI],-0.341845,CurrentExpenditureRatio,0.321133,Physical Progress,0.290523,HasRevisedCost,0.148714,OriginalCost; CurrentExpenditureRatio; Physical Progress
617923,,2026-05-01,0.3375,0,Agency_National Highways Authority of India [NHAI],-0.527191,CurrentExpenditureRatio,0.400038,RevisedCost,-0.393137,ProgressScheduleGap,-0.281011,ProgressVelocity,0.277598,CurrentExpenditureRatio; ProgressVelocity; RemainingPlannedDays
617838,,2026-04-01,0.157517,0,Agency_National Highways Authority of India [NHAI],-0.301527,Physical Progress,-0.225485,RobustCurrentGap,-0.179155,RevisedCost,-0.145331,ProgressVelocity,-0.13284,RemainingPlannedDays; CurrentExpenditureRatio; HasRevisedDoc
618500,,2026-04-01,0.690545,1,Agency_National Highways Authority of India [NHAI],0.673967,ProgressVelocity,-0.289551,Expenditure,0.205334,State_Uttar Pradesh,-0.152935,ExpenditureProgressGap,0.144302,Agency_National Highways Authority of India [NHAI]; Expenditure; ExpenditureProgressGap
618393,,2026-05-01,0.587905,1,HasRevisedDoc,-0.625866,NoProgress,0.501402,ProgressVelocity,0.487383,Agency_NHIDCL,0.401107,State_Uttarakhand,-0.234098,NoProgress; ProgressVelocity; Agency_NHIDCL
705453,,2026-05-01,0.02292,0,CurrentExpenditureRatio,-1.345613,Agency_National Highways Authority of India [NHAI],-0.599919,Expenditure,-0.378569,RobustCurrentExpenditurePct,-0.289302,Physical Progress,-0.207683,HasRevisedCost; HasRevisedDoc; RemainingPlannedDays
602961,,2026-04-01,0.550296,1,Agency_National Thermal Power Corporation [NTPC],0.82574,Agency_National Highways Authority of India [NHAI],-0.406188,Expenditure,0.227277,RevisedCost,0.183002,RobustCurrentGap,-0.146312,Agency_National Thermal Power Corporation [NTPC]; Expenditure; RevisedCost
618173,,2026-05-01,0.706517,1,NoProgress,0.63006,CurrentExpenditureRatio,-0.431036,ExpenditureProgressGap,0.396966,ProgressVelocity,0.368186,RobustCurrentGap,0.334004,NoProgress; ExpenditureProgressGap; ProgressVelocity
702793,,2026-05-01,0.210835,0,Agency_National Highways Authority of India [NHAI],-0.464972,ExpenditureProgressGap,-0.302075,RobustCurrentGap,-0.294774,Physical Progress,0.274058,ProgressVelocity,0.198087,Physical Progress; ProgressVelocity; NoProgress
617345,,2026-05-01,0.537338,1,HasRevisedDoc,-0.400637,NoProgress,0.306891,ProgressScheduleGap,0.29401,Agency_National Highways Authority of India [NHAI],-0.21462,CurrentExpenditureRatio,0.193171,NoProgress; ProgressScheduleGap; CurrentExpenditureRatio
400074,,2026-04-01,0.645352,1,Agency_Ministry of Coal,0.739245,State_Jharkhand,0.639454,HasRevisedDoc,-0.332511,Agency_National Highways Authority of India [NHAI],-0.261502,CurrentExpenditureRatio,0.248823,Agency_Ministry of Coal; State_Jharkhand; CurrentExpenditureRatio
615330,,2026-04-01,0.441211,0,RevisedCost,0.661398,OriginalCost,0.362591,CurrentExpenditureRatio,-0.322234,HasRevisedDoc,-0.28383,ProgressVelocity,-0.235917,RevisedCost; OriginalCost; Expenditure
601812,,2026-05-01,0.082746,0,CurrentExpenditureRatio,-0.84497,Agency_National Highways Authority of India [NHAI],-0.497234,ExpenditureProgressGap,-0.343232,HasRevisedDoc,-0.297827,Physical Progress,-0.290905,State_Telangana; RemainingPlannedDays; ApprovalToStartDays
617893,,2026-04-01,0.025972,0,CurrentExpenditureRatio,-0.93836,Physical Progress,-0.711353,Agency_National Highways Authority of India [NHAI],-0.507647,ProgressScheduleGap,-0.296882,ProjectAgeDays,-0.281773,RevisedCost; RemainingPlannedDays; State_West Bengal
705663,,2026-04-01,0.591716,1,Agency_National Highways Authority of India [NHAI],-0.349476,CurrentExpenditureRatio,0.295063,ExpenditureProgressGap,0.196951,ProgressVelocity,-0.190264,ProjectAgeDays,0.140867,CurrentExpenditureRatio; ExpenditureProgressGap; ProjectAgeDays
618247,,2026-04-01,0.024395,0,CurrentExpenditureRatio,-0.981151,Physical Progress,-0.63922,Agency_National Highways Authority of India [NHAI],-0.494665,Expenditure,-0.33975,ExpenditureProgressGap,-0.292483,RemainingPlannedDays; ScheduleElapsedRatio; ApprovalToStartDays
617949,,2026-05-01,0.683151,1,NoProgress,0.57623,RevisedCost,-0.490291,ProgressVelocity,0.326437,ExpenditureProgressGap,0.276075,RobustCurrentGap,0.252862,NoProgress; ProgressVelocity; ExpenditureProgressGap
709753,,2026-05-01,0.386708,0,CurrentExpenditureRatio,0.462354,Agency_National Highways Authority of India [NHAI],-0.451226,Expenditure,-0.186262,ApprovalToStartDays,-0.154013,State_West Bengal,0.145839,CurrentExpenditureRatio; State_West Bengal; ExpenditureProgressGap
617892,,2026-04-01,0.446249,0,Agency_National Highways Authority of India [NHAI],-0.348015,ProgressVelocity,-0.293768,State_Arunachal Pradesh,-0.241364,ExpenditureProgressGap,0.201172,CurrentExpenditureRatio,0.182363,ExpenditureProgressGap; CurrentExpenditureRatio; RobustCurrentGap
705498,,2026-04-01,0.374738,0,CurrentExpenditureRatio,0.455395,Agency_National Highways Authority of India [NHAI],-0.446184,Expenditure,-0.207018,ExpenditureProgressGap,-0.155344,State_Maharashtra,0.140346,CurrentExpenditureRatio; State_Maharashtra; RobustCurrentGap
618165,,2026-04-01,0.559757,1,CurrentExpenditureRatio,-0.474692,RobustCurrentGap,0.440149,Physical Progress,0.373968,ProgressScheduleGap,0.358005,ProjectAgeDays,0.317171,RobustCurrentGap; Physical Progress; ProgressScheduleGap
400232,,2026-04-01,0.586768,1,CurrentExpenditureRatio,0.585853,Agency_National Highways Authority of India [NHAI],-0.44202,RobustCurrentGap,0.351474,Agency_East Coast Railway [ECoR] - II,0.326423,ExpenditureProgressGap,-0.191736,CurrentExpenditureRatio; RobustCurrentGap; Agency_East Coast Railway [ECoR] - II
702949,,2026-05-01,0.388408,0,Agency_National Highways Authority of India [NHAI],-0.54585,ExpenditureProgressGap,-0.251844,Physical Progress,0.227088,Expenditure,0.189965,ApprovalToStartDays,0.178048,Physical Progress; Expenditure; ApprovalToStartDays
612786,,2026-05-01,0.166272,0,Agency_National Highways Authority of India [NHAI],-0.411577,Agency_Airport Authority of India [AAI],-0.364386,ExpenditureProgressGap,-0.302113,RobustCurrentGap,-0.226376,OriginalCost,-0.145695,ProgressScheduleGap; Physical Progress; ProgressVelocity
618096,,2026-04-01,0.447433,0,CurrentExpenditureRatio,-0.444227,OriginalCost,0.293231,ExpenditureProgressGap,0.278839,RobustCurrentGap,0.254596,Physical Progress,0.236993,OriginalCost; ExpenditureProgressGap; RobustCurrentGap
618669,,2026-05-01,0.81177,1,Agency_National Highways Authority of India [NHAI],1.039712,ProgressVelocity,0.566848,State_Uttar Pradesh,-0.362039,ApprovalToStartDays,0.281709,Physical Progress,-0.261343,Agency_National Highways Authority of India [NHAI]; ProgressVelocity; ApprovalToStartDays
705362,,2026-04-01,0.073956,0,RemainingPlannedDays,-0.776198,ApprovalToStartDays,-0.620861,Agency_National Highways Authority of India [NHAI],-0.465993,CurrentExpenditureRatio,0.200082,ProjectAgeDays,-0.167715,CurrentExpenditureRatio; Physical Progress; RobustCurrentExpenditurePct
617939,,2026-05-01,0.617601,1,CurrentExpenditureRatio,-0.526343,Physical Progress,-0.481707,NoProgress,0.457308,RobustCurrentGap,0.399177,ProjectAgeDays,0.375688,NoProgress; RobustCurrentGap; ProjectAgeDays
619294,,2026-04-01,0.089328,0,Physical Progress,-0.647679,Agency_NHAI,0.527752,Agency_National Highways Authority of India [NHAI],-0.455345,CurrentExpenditureRatio,-0.387347,RevisedCost,-0.297358,Agency_NHAI; RobustCurrentGap; HasRevisedCost
619038,,2026-05-01,0.941589,1,NoProgress,0.507863,ProgressVelocity,0.490385,Agency_NHIDCL,0.419982,"State_Jammu andKashmir",0.414775,Agency_National Highways Authority of India [NHAI],-0.291119,NoProgress; ProgressVelocity; Agency_NHIDCL
618367,,2026-04-01,0.732087,1,CurrentExpenditureRatio,0.578074,ProgressVelocity,-0.363151,Agency_National Highways Authority of India [NHAI],-0.316083,ProgressScheduleGap,0.240369,RemainingPlannedDays,0.233871,CurrentExpenditureRatio; ProgressScheduleGap; RemainingPlannedDays
618475,,2026-04-01,0.797277,1,Agency_National Highways Authority of India [NHAI],0.712452,ProgressVelocity,-0.357971,Expenditure,0.319897,OriginalCost,-0.266385,ApprovalToStartDays,0.247669,Agency_National Highways Authority of India [NHAI]; Expenditure; ApprovalToStartDays
705572,,2026-04-01,0.157394,0,Agency_National Highways Authority of India [NHAI],-0.429903,Expenditure,-0.363672,CurrentExpenditureRatio,0.29999,ProjectAgeDays,-0.272132,OriginalCost,-0.189978,CurrentExpenditureRatio; Physical Progress; HasRevisedDoc
618909,,2026-05-01,0.981762,1,Agency_National Highways Authority of India [NHAI],1.091476,ProgressVelocity,0.553752,NoProgress,0.495992,RobustCurrentGap,0.293675,CurrentExpenditureRatio,0.233921,Agency_National Highways Authority of India [NHAI]; ProgressVelocity; NoProgress
709851,,2026-05-01,0.588119,1,ProgressVelocity,0.669519,CurrentExpenditureRatio,0.423545,Agency_National Highways Authority of India [NHAI],-0.414302,Expenditure,0.2993,ExpenditureProgressGap,-0.228425,ProgressVelocity; CurrentExpenditureRatio; Expenditure
618838,,2026-05-01,0.95675,1,Agency_National Highways Authority of India [NHAI],0.981622,ProgressVelocity,0.485588,Physical Progress,0.380121,CurrentExpenditureRatio,0.326598,NoProgress,0.249506,Agency_National Highways Authority of India [NHAI]; ProgressVelocity; Physical Progress
618880,,2026-04-01,0.740771,1,Agency_National Highways Authority of India [NHAI],0.79263,ProjectAgeDays,0.432971,ProgressVelocity,-0.223005,CurrentExpenditureRatio,0.215602,Physical Progress,-0.180168,Agency_National Highways Authority of India [NHAI]; ProjectAgeDays; CurrentExpenditureRatio
618617,,2026-04-01,0.628229,1,Agency_National Highways Authority of India [NHAI],0.648213,ProgressVelocity,-0.390511,RemainingPlannedDays,-0.123809,ProgressScheduleGap,0.110103,NoProgress,-0.109054,Agency_National Highways Authority of India [NHAI]; ProgressScheduleGap; RevisedCost
618019,,2026-05-01,0.85362,1,NoProgress,0.637185,CurrentExpenditureRatio,-0.437274,ExpenditureProgressGap,0.421765,RobustCurrentGap,0.396656,ProgressVelocity,0.385015,NoProgress; ExpenditureProgressGap; RobustCurrentGap
617212,,2026-04-01,0.489267,1,Expenditure,0.418942,HasRevisedDoc,-0.397096,Agency_National Highways Authority of India [NHAI],-0.307205,CurrentExpenditureRatio,0.24465,OriginalCost,-0.192849,Expenditure; CurrentExpenditureRatio; ProjectAgeDays
616879,,2026-04-01,0.600434,1,RevisedCost,0.424155,ProjectAgeDays,0.419329,Agency_National Highways Authority of India [NHAI],-0.328273,OriginalCost,0.176777,ExpenditureProgressGap,0.168991,RevisedCost; ProjectAgeDays; OriginalCost
618695,,2026-04-01,0.809284,1,Agency_National Highways Authority of India [NHAI],0.799526,ProgressVelocity,-0.440961,Physical Progress,0.343446,RemainingPlannedDays,0.153668,RevisedCost,0.143809,Agency_National Highways Authority of India [NHAI]; Physical Progress; RemainingPlannedDays
618003,,2026-04-01,0.306239,0,RevisedCost,-0.622629,ProgressVelocity,-0.267274,Agency_National Highways Authority of India [NHAI],-0.262968,State_Odisha,-0.251428,RobustCurrentGap,0.217305,RobustCurrentGap; Physical Progress; ExpenditureProgressGap
617270,,2026-04-01,0.072075,0,Physical Progress,-0.670914,CurrentExpenditureRatio,-0.435138,Agency_National Highways Authority of India [NHAI],-0.409712,ExpenditureProgressGap,-0.224234,RevisedCost,-0.179786,Expenditure; OriginalCost; State_Gujarat
617906,,2026-05-01,0.239559,0,CurrentExpenditureRatio,-0.606934,Physical Progress,-0.52046,NoProgress,0.411751,Agency_National Highways Authority of India [NHAI],-0.398002,RobustCurrentGap,0.337679,NoProgress; RobustCurrentGap; ProgressVelocity
400172,,2026-04-01,0.435171,0,State_Jharkhand,0.594061,Agency_National Highways Authority of India [NHAI],-0.402352,Physical Progress,-0.214697,ProjectAgeDays,-0.18333,ProgressVelocity,-0.131804,State_Jharkhand; RevisedCost; OriginalCost
618595,,2026-04-01,0.457293,1,Agency_National Highways Authority of India [NHAI],0.583806,ProgressVelocity,-0.434614,Expenditure,-0.263106,OriginalCost,-0.252672,NoProgress,-0.131247,Agency_National Highways Authority of India [NHAI]; ExpenditureProgressGap; Physical Progress
615862,,2026-05-01,0.205511,0,HasRevisedDoc,-0.550922,RevisedCost,0.431426,Agency_National Highways Authority of India [NHAI],-0.371922,RemainingPlannedDays,-0.181202,ProgressVelocity,-0.181111,RevisedCost; CurrentExpenditureRatio; RobustCurrentGap
618646,,2026-05-01,0.350472,0,Agency_National Highways Authority of India [NHAI],1.035481,CurrentExpenditureRatio,-0.694793,Physical Progress,-0.476928,ProgressVelocity,-0.384327,ProgressScheduleGap,0.328347,Agency_National Highways Authority of India [NHAI]; ProgressScheduleGap; RemainingPlannedDays
618140,,2026-04-01,0.475181,1,Agency_National Highways Authority of India [NHAI],-0.340414,Expenditure,0.281553,RemainingPlannedDays,0.233466,ProgressVelocity,-0.189067,Physical Progress,-0.180715,Expenditure; RemainingPlannedDays; CurrentExpenditureRatio
611861,,2026-04-01,0.782259,1,Agency_North Western Railway [NWR],1.254624,RevisedCost,0.593519,Agency_National Highways Authority of India [NHAI],-0.324276,OriginalCost,0.225663,ApprovalToStartDays,-0.19896,Agency_North Western Railway [NWR]; RevisedCost; OriginalCost
618198,,2026-05-01,0.738008,1,RevisedCost,0.502527,Physical Progress,0.457484,CurrentExpenditureRatio,-0.414417,Agency_National Highways Authority of India [NHAI],-0.320936,ProgressVelocity,0.31154,RevisedCost; Physical Progress; ProgressVelocity
611945,,2026-05-01,0.217258,0,Physical Progress,-0.394267,Agency_National Highways Authority of India [NHAI],-0.375671,NoProgress,0.322222,RemainingPlannedDays,-0.274862,State_Gujarat,-0.202842,NoProgress; ProgressVelocity; Expenditure
618185,,2026-05-01,0.04326,0,CurrentExpenditureRatio,-0.769457,Physical Progress,-0.651497,Agency_National Highways Authority of India [NHAI],-0.568968,ProjectAgeDays,-0.526417,NoProgress,0.452471,NoProgress; ProgressVelocity; RemainingPlannedDays
618492,,2026-05-01,0.873071,1,Agency_National Highways Authority of India [NHAI],1.130445,CurrentExpenditureRatio,0.390655,ProgressVelocity,0.336714,NoProgress,0.287489,OriginalCost,-0.276177,Agency_National Highways Authority of India [NHAI]; CurrentExpenditureRatio; ProgressVelocity
618001,,2026-05-01,0.7465,1,NoProgress,0.504279,ProgressVelocity,0.407348,Agency_National Highways Authority of India [NHAI],-0.268089,RobustCurrentGap,0.243762,ApprovalToStartDays,-0.242237,NoProgress; ProgressVelocity; RobustCurrentGap
619186,,2026-04-01,0.074652,0,CurrentExpenditureRatio,-0.728478,Physical Progress,-0.482917,Agency_National Highways Authority of India [NHAI],-0.440673,ApprovalToStartDays,-0.321631,RobustCurrentGap,-0.311939,ProgressScheduleGap; ProjectAgeDays; HasRevisedCost
701377,,2026-05-01,0.278572,0,Agency_National Highways Authority of India [NHAI],-0.5926,CurrentExpenditureRatio,-0.501629,Physical Progress,0.498956,ExpenditureProgressGap,-0.253349,RemainingPlannedDays,0.116702,Physical Progress; RemainingPlannedDays; NoProgress
618533,,2026-04-01,0.661323,1,Agency_National Highways Authority of India [NHAI],0.858832,ProgressVelocity,-0.366544,CurrentExpenditureRatio,-0.261128,RevisedCost,0.245003,RobustCurrentGap,0.226247,Agency_National Highways Authority of India [NHAI]; RevisedCost; RobustCurrentGap
618299,,2026-04-01,0.525922,1,CurrentExpenditureRatio,-0.471272,Physical Progress,-0.319391,Agency_National Highways Authority of India [NHAI],-0.28545,RobustCurrentGap,0.241563,ExpenditureProgressGap,0.223137,RobustCurrentGap; ExpenditureProgressGap; RemainingPlannedDays
618513,,2026-04-01,0.69021,1,Agency_National Highways Authority of India [NHAI],0.901318,ProgressVelocity,-0.241815,OriginalCost,-0.205504,LateStageLowProgress,0.135568,HasRevisedCost,0.115937,Agency_National Highways Authority of India [NHAI]; LateStageLowProgress; HasRevisedCost
618642,,2026-05-01,0.973346,1,Agency_National Highways Authority of India [NHAI],0.871752,ProgressVelocity,0.513931,NoProgress,0.469416,Physical Progress,0.388703,State_Jharkhand,0.287014,Agency_National Highways Authority of India [NHAI]; ProgressVelocity; NoProgress
618924,,2026-05-01,0.859494,1,Agency_National Highways Authority of India [NHAI],0.831862,RevisedCost,0.399259,State_Uttar Pradesh,-0.360757,ApprovalToStartDays,0.253518,Physical Progress,-0.199879,Agency_National Highways Authority of India [NHAI]; RevisedCost; ApprovalToStartDays
709815,,2026-05-01,0.486895,1,Agency_National Highways Authority of India [NHAI],-0.399279,RemainingPlannedDays,0.266958,ProjectAgeDays,0.244693,Physical Progress,-0.237656,OriginalCost,0.205611,RemainingPlannedDays; ProjectAgeDays; OriginalCost
617936,,2026-05-01,0.092905,0,HasRevisedDoc,-0.496004,NoProgress,0.488146,Physical Progress,-0.434778,RevisedCost,-0.415052,CurrentExpenditureRatio,-0.353431,NoProgress; ProgressVelocity; HasRevisedCost
400321,,2026-05-01,0.424997,0,ProgressVelocity,0.544134,Agency_National Highways Authority of India [NHAI],-0.480875,CurrentExpenditureRatio,0.264398,Expenditure,-0.2379,OriginalCost,-0.168527,ProgressVelocity; CurrentExpenditureRatio; RobustCurrentGap
706836,,2026-05-01,0.099799,0,Agency_North Western Railway [NWR],1.313291,CurrentExpenditureRatio,-1.230327,HasRevisedDoc,-0.55977,Agency_National Highways Authority of India [NHAI],-0.415606,ExpenditureProgressGap,-0.386529,Agency_North Western Railway [NWR]; ProgressVelocity; NoProgress
618995,,2026-04-01,0.017757,0,CurrentExpenditureRatio,-0.812447,Physical Progress,-0.563226,ProjectAgeDays,-0.408624,Agency_National Highways Authority of India [NHAI],-0.389389,HasRevisedDoc,-0.250314,RemainingPlannedDays; ScheduleElapsedRatio; State_Gujarat
612139,,2026-04-01,0.314195,0,ExpenditureProgressGap,-0.505145,Expenditure,0.453337,Agency_National Highways Authority of India [NHAI],-0.369051,CurrentExpenditureRatio,0.284395,ProgressVelocity,-0.187943,Expenditure; CurrentExpenditureRatio; RobustCurrentExpenditurePct
612877,,2026-04-01,0.068829,0,CurrentExpenditureRatio,-0.704645,Agency_National Highways Authority of India [NHAI],-0.565954,RemainingPlannedDays,-0.365935,ApprovalToStartDays,-0.209252,ExpenditureProgressGap,-0.184155,Physical Progress; RobustCurrentGap; HasRevisedDoc
617882,,2026-05-01,0.243904,0,ProjectAgeDays,-0.445187,HasRevisedDoc,-0.363552,RevisedCost,0.323669,State_Delhi,0.254717,Agency_National Highways Authority of India [NHAI],-0.253722,RevisedCost; State_Delhi; ProgressVelocity
709839,,2026-04-01,0.079504,0,Agency_National Highways Authority of India [NHAI],-0.492224,CurrentExpenditureRatio,-0.454612,OriginalCost,-0.314209,RevisedCost,-0.235914,ExpenditureProgressGap,-0.233504,Physical Progress; HasRevisedDoc; HasRevisedCost
618127,,2026-05-01,0.588378,1,Agency_National Highways Authority of India [NHAI],-0.403329,State_Jharkhand,0.392411,ProgressScheduleGap,0.286407,Physical Progress,-0.279746,Expenditure,0.276738,State_Jharkhand; ProgressScheduleGap; Expenditure
611930,,2026-05-01,0.469211,1,Agency_National Thermal Power Corporation [NTPC],0.863099,Agency_National Highways Authority of India [NHAI],-0.450634,Physical Progress,-0.256032,CurrentExpenditureRatio,0.196676,Expenditure,-0.185473,Agency_National Thermal Power Corporation [NTPC]; CurrentExpenditureRatio; HasRevisedCost
701719,,2026-04-01,0.079234,0,CurrentExpenditureRatio,-0.603996,Agency_National Highways Authority of India [NHAI],-0.526507,ExpenditureProgressGap,-0.267443,Physical Progress,0.239914,State_Gujarat,-0.23816,Physical Progress; HasRevisedDoc; RobustCurrentGap
617897,,2026-04-01,0.796839,1,State_Bihar,0.408573,RobustCurrentGap,0.342491,ExpenditureProgressGap,0.261945,Physical Progress,0.253227,ProgressVelocity,-0.238817,State_Bihar; RobustCurrentGap; ExpenditureProgressGap
701122,,2026-05-01,0.062111,0,Agency_National Highways Authority of India [NHAI],-0.383176,ProgressVelocity,-0.365032,Agency_Airport Authority of India [AAI],-0.326944,State_Uttar Pradesh,-0.324691,Physical Progress,-0.31433,CurrentExpenditureRatio; LateStageLowProgress; ProjectAgeDays
618402,,2026-05-01,0.339794,0,Agency_National Highways Authority of India [NHAI],-0.462012,Agency_NHIDCL,0.446991,ProjectAgeDays,-0.284526,Physical Progress,-0.279092,ProgressScheduleGap,-0.251426,Agency_NHIDCL; ProgressVelocity; CurrentExpenditureRatio
618744,,2026-05-01,0.571258,1,Agency_National Highways Authority of India [NHAI],0.799071,ExpenditureProgressGap,-0.352211,RobustCurrentGap,-0.194777,ProgressVelocity,0.14648,NoProgress,0.126644,Agency_National Highways Authority of India [NHAI]; ProgressVelocity; NoProgress
618168,,2026-05-01,0.376756,0,Physical Progress,-0.600871,NoProgress,0.36711,Agency_National Highways Authority of India [NHAI],-0.348523,State_Uttar Pradesh,-0.185509,RevisedCost,-0.134667,NoProgress; ExpenditureProgressGap; ProgressVelocity
618920,,2026-05-01,0.433381,0,Agency_National Highways Authority of India [NHAI],0.859993,Physical Progress,-0.485562,ProjectAgeDays,-0.2864,ProgressScheduleGap,-0.167985,OriginalCost,-0.133395,Agency_National Highways Authority of India [NHAI]; ExpenditureProgressGap; LateStageLowProgress
701391,,2026-05-01,0.109572,0,CurrentExpenditureRatio,-1.108398,Agency_National Highways Authority of India [NHAI],-0.577596,Physical Progress,0.349757,ExpenditureProgressGap,-0.319097,State_Maharashtra,0.234677,Physical Progress; State_Maharashtra; ProgressVelocity
618239,,2026-05-01,0.451352,1,NoProgress,0.464461,CurrentExpenditureRatio,-0.398477,RobustCurrentGap,0.369319,Agency_National Highways Authority of India [NHAI],-0.366987,Physical Progress,0.35835,NoProgress; RobustCurrentGap; Physical Progress
701170,,2026-04-01,0.566148,1,Agency_National Highways Authority of India [NHAI],-0.390798,CurrentExpenditureRatio,0.363841,Physical Progress,0.306993,ProjectAgeDays,-0.270522,ExpenditureProgressGap,0.213239,CurrentExpenditureRatio; Physical Progress; ExpenditureProgressGap
616223,,2026-05-01,0.776589,1,ProgressVelocity,0.51449,Agency_National Highways Authority of India [NHAI],-0.368107,NoProgress,0.318441,ExpenditureProgressGap,0.198342,ProjectAgeDays,-0.177866,ProgressVelocity; NoProgress; ExpenditureProgressGap
705763,,2026-04-01,0.152037,0,Agency_National Highways Authority of India [NHAI],-0.457244,ExpenditureProgressGap,-0.43929,Physical Progress,-0.299606,Expenditure,0.224124,OriginalCost,-0.211029,Expenditure; ProgressScheduleGap; CurrentExpenditureRatio
616691,,2026-05-01,0.186049,0,ProjectAgeDays,-0.520473,Agency_National Highways Authority of India [NHAI],-0.447311,ExpenditureProgressGap,-0.201159,CurrentExpenditureRatio,-0.179987,State_Maharashtra,0.173545,State_Maharashtra; ProgressVelocity; Physical Progress
618012,,2026-04-01,0.384775,0,ProgressVelocity,-0.26626,ProgressScheduleGap,-0.253935,Agency_National Highways Authority of India [NHAI],-0.253192,RobustCurrentGap,0.250054,State_Odisha,-0.248089,RobustCurrentGap; ProjectAgeDays; Physical Progress
400151,,2026-05-01,0.791852,1,Agency_Ministry of Coal,0.760911,State_Jharkhand,0.677629,CurrentExpenditureRatio,0.664092,ProgressVelocity,-0.525345,Agency_National Highways Authority of India [NHAI],-0.304879,Agency_Ministry of Coal; State_Jharkhand; CurrentExpenditureRatio
618489,,2026-04-01,0.583664,1,Agency_National Highways Authority of India [NHAI],0.811319,ProgressVelocity,-0.362347,ExpenditureProgressGap,-0.12618,NoProgress,-0.109986,OriginalCost,-0.100757,Agency_National Highways Authority of India [NHAI]; ProgressScheduleGap; HasRevisedCost
619013,,2026-04-01,0.291897,0,ProgressVelocity,-0.357766,HasRevisedDoc,-0.328051,ApprovalToStartDays,-0.27726,RobustCurrentGap,0.248712,Agency_National Highways Authority of India [NHAI],-0.203311,RobustCurrentGap; ScheduleElapsedRatio; Agency_NHIDCL
705500,,2026-04-01,0.193019,0,Agency_National Highways Authority of India [NHAI],-0.438334,Expenditure,-0.368147,RemainingPlannedDays,-0.229674,ExpenditureProgressGap,-0.165913,RevisedCost,-0.149325,State_Maharashtra; HasRevisedDoc; RobustCurrentExpenditurePct
618320,,2026-04-01,0.013587,0,CurrentExpenditureRatio,-0.95657,Physical Progress,-0.628144,ProjectAgeDays,-0.599611,Agency_National Highways Authority of India [NHAI],-0.399585,Expenditure,-0.302077,RemainingPlannedDays; Agency_NHIDCL; ScheduleElapsedRatio
618777,,2026-04-01,0.626051,1,Agency_National Highways Authority of India [NHAI],0.67782,ProgressVelocity,-0.29699,Physical Progress,0.234612,RevisedCost,-0.195395,Expenditure,-0.137082,Agency_National Highways Authority of India [NHAI]; Physical Progress; CurrentExpenditureRatio
709849,,2026-04-01,0.203019,0,Agency_National Highways Authority of India [NHAI],-0.353099,Expenditure,0.248898,ExpenditureProgressGap,-0.241415,OriginalCost,-0.232982,RobustCurrentGap,-0.210988,Expenditure; HasRevisedDoc; CurrentExpenditureRatio
619197,,2026-04-01,0.836257,1,Agency_National Highways Authority of India [NHAI],0.927329,CurrentExpenditureRatio,0.564286,ProgressVelocity,-0.322722,RemainingPlannedDays,0.124055,HasRevisedDoc,0.101701,Agency_National Highways Authority of India [NHAI]; CurrentExpenditureRatio; RemainingPlannedDays
618826,,2026-05-01,0.914597,1,Agency_National Highways Authority of India [NHAI],0.905723,ProgressVelocity,0.556402,ProjectAgeDays,0.205238,Expenditure,0.201709,Physical Progress,0.190618,Agency_National Highways Authority of India [NHAI]; ProgressVelocity; ProjectAgeDays
618153,,2026-04-01,0.278883,0,ProjectAgeDays,-0.39739,ProgressVelocity,-0.317499,Physical Progress,0.28557,Agency_National Highways Authority of India [NHAI],-0.276081,ExpenditureProgressGap,0.226466,Physical Progress; ExpenditureProgressGap; RobustCurrentGap
705454,,2026-05-01,0.057414,0,CurrentExpenditureRatio,-0.789203,Agency_National Highways Authority of India [NHAI],-0.65355,ExpenditureProgressGap,-0.496808,RobustCurrentExpenditurePct,-0.233713,RemainingPlannedDays,-0.189076,ProgressVelocity; HasRevisedDoc; ProjectAgeDays
618490,,2026-04-01,0.459677,1,Agency_National Highways Authority of India [NHAI],0.779388,ProgressVelocity,-0.362141,ExpenditureProgressGap,-0.269412,OriginalCost,-0.248284,Expenditure,-0.166638,Agency_National Highways Authority of India [NHAI]; ProgressScheduleGap; HasRevisedCost
618297,,2026-04-01,0.269219,0,CurrentExpenditureRatio,-0.573816,RevisedCost,0.511209,Agency_National Highways Authority of India [NHAI],-0.379326,Physical Progress,-0.280043,ProgressVelocity,-0.24131,RevisedCost; ProjectAgeDays; OriginalCost
618864,,2026-04-01,0.868569,1,Agency_National Highways Authority of India [NHAI],0.810237,CurrentExpenditureRatio,0.339512,Physical Progress,0.305898,ApprovalToStartDays,0.262335,ProgressVelocity,-0.261315,Agency_National Highways Authority of India [NHAI]; CurrentExpenditureRatio; Physical Progress
619078,,2026-04-01,0.594207,1,Agency_National Highways Authority of India [NHAI],0.830546,ProgressVelocity,-0.409852,OriginalCost,-0.26787,RemainingPlannedDays,-0.247527,Expenditure,0.121038,Agency_National Highways Authority of India [NHAI]; Expenditure; ExpenditureProgressGap
701343,,2026-05-01,0.158111,0,Agency_National Highways Authority of India [NHAI],-0.509956,ExpenditureProgressGap,-0.341927,OriginalCost,-0.283626,RobustCurrentGap,-0.211549,Expenditure,0.156836,Expenditure; HasRevisedDoc; ProgressVelocity
618947,,2026-05-01,0.929791,1,Agency_National Highways Authority of India [NHAI],0.881965,ProgressVelocity,0.484531,NoProgress,0.416474,State_Jharkhand,0.363324,ExpenditureProgressGap,0.143455,Agency_National Highways Authority of India [NHAI]; ProgressVelocity; NoProgress
617374,,2026-04-01,0.242756,0,Agency_National Highways Authority of India [NHAI],-0.502805,CurrentExpenditureRatio,-0.423978,Physical Progress,0.312584,ExpenditureProgressGap,-0.285619,RobustCurrentExpenditurePct,-0.186949,Physical Progress; RobustCurrentGap; HasRevisedDoc
709848,,2026-04-01,0.483453,1,Agency_National Highways Authority of India [NHAI],-0.324278,Physical Progress,0.277151,ExpenditureProgressGap,0.245256,OriginalCost,-0.220411,RobustCurrentGap,0.195462,Physical Progress; ExpenditureProgressGap; RobustCurrentGap
619200,,2026-04-01,0.778107,1,Agency_National Highways Authority of India [NHAI],0.958324,ProgressVelocity,-0.289448,RobustCurrentGap,0.25981,RevisedCost,0.170762,Expenditure,-0.137515,Agency_National Highways Authority of India [NHAI]; RobustCurrentGap; RevisedCost
618347,,2026-04-01,0.410034,0,ProgressVelocity,-0.425518,Agency_National Highways Authority of India [NHAI],-0.298114,CurrentExpenditureRatio,0.212815,NoProgress,-0.140645,ExpenditureProgressGap,0.139445,CurrentExpenditureRatio; ExpenditureProgressGap; Agency_NHIDCL
618017,,2026-05-01,0.776621,1,NoProgress,0.443827,RobustCurrentGap,0.358004,ProgressVelocity,0.329633,ProgressScheduleGap,-0.324138,CurrentExpenditureRatio,0.318548,NoProgress; RobustCurrentGap; ProgressVelocity
618610,,2026-04-01,0.90715,1,Agency_National Highways Authority of India [NHAI],0.837942,Physical Progress,0.363662,ProgressVelocity,-0.342105,CurrentExpenditureRatio,0.25459,Expenditure,0.227874,Agency_National Highways Authority of India [NHAI]; Physical Progress; CurrentExpenditureRatio
618949,,2026-04-01,0.768492,1,Agency_National Highways Authority of India [NHAI],0.666425,State_Jharkhand,0.367215,ProgressVelocity,-0.231681,CurrentExpenditureRatio,0.140328,OriginalCost,-0.136477,Agency_National Highways Authority of India [NHAI]; State_Jharkhand; CurrentExpenditureRatio
618639,,2026-05-01,0.96025,1,Agency_National Highways Authority of India [NHAI],0.836546,ProgressVelocity,0.551894,NoProgress,0.506371,Expenditure,0.294584,ExpenditureProgressGap,0.177549,Agency_National Highways Authority of India [NHAI]; ProgressVelocity; NoProgress
618976,,2026-05-01,0.457149,1,Agency_National Thermal Power Corporation [NTPC],0.896363,Agency_National Highways Authority of India [NHAI],-0.434112,Expenditure,0.310735,Physical Progress,-0.303043,ProjectAgeDays,-0.190998,Agency_National Thermal Power Corporation [NTPC]; Expenditure; ProgressScheduleGap
618088,,2026-05-01,0.563305,1,Physical Progress,-0.492963,NoProgress,0.41119,Expenditure,0.331154,RevisedCost,0.303492,ProjectAgeDays,-0.264204,NoProgress; Expenditure; RevisedCost
618613,,2026-04-01,0.855219,1,Agency_National Highways Authority of India [NHAI],1.071929,Physical Progress,0.441318,ProgressVelocity,-0.307176,ExpenditureProgressGap,-0.26843,Expenditure,0.252852,Agency_National Highways Authority of India [NHAI]; Physical Progress; Expenditure
709850,,2026-04-01,0.19369,0,Agency_National Highways Authority of India [NHAI],-0.370934,ExpenditureProgressGap,-0.300814,RobustCurrentGap,-0.203535,Physical Progress,-0.192965,ProgressVelocity,-0.160169,RevisedCost; OriginalCost; RemainingPlannedDays
618381,,2026-04-01,0.424108,0,ProgressVelocity,-0.364063,Agency_National Highways Authority of India [NHAI],-0.327864,Physical Progress,0.295733,RobustCurrentGap,0.218677,ProjectAgeDays,-0.20193,Physical Progress; RobustCurrentGap; ExpenditureProgressGap
900874,,2026-04-01,0.042859,0,Physical Progress,-0.733033,CurrentExpenditureRatio,-0.471743,Agency_National Highways Authority of India [NHAI],-0.459702,RevisedCost,-0.245657,State_Bihar,0.21883,State_Bihar; HasRevisedDoc; State_Gujarat
619076,,2026-04-01,0.795346,1,Agency_National Highways Authority of India [NHAI],0.884093,ProgressVelocity,-0.419457,Physical Progress,0.276111,ExpenditureProgressGap,0.172551,ApprovalToStartDays,0.161048,Agency_National Highways Authority of India [NHAI]; Physical Progress; ExpenditureProgressGap
705562,,2026-05-01,0.0873,0,Agency_National Highways Authority of India [NHAI],-0.500662,ExpenditureProgressGap,-0.405702,RobustCurrentGap,-0.31521,Expenditure,-0.225531,ProgressVelocity,-0.185998,HasRevisedDoc; CurrentExpenditureRatio; HasRevisedCost
701386,,2026-04-01,0.101169,0,RobustCurrentGap,-0.607494,RemainingPlannedDays,-0.482199,Agency_National Highways Authority of India [NHAI],-0.446026,CurrentExpenditureRatio,-0.406988,Expenditure,0.216321,Expenditure; State_Maharashtra; HasRevisedCost
617287,,2026-04-01,0.13299,0,HasRevisedDoc,-0.291686,Agency_National Highways Authority of India [NHAI],-0.23428,OriginalCost,-0.23135,RevisedCost,-0.200527,Physical Progress,-0.199336,CurrentExpenditureRatio; RemainingPlannedDays; State_Chhattisgarh
618609,,2026-05-01,0.781399,1,Agency_National Highways Authority of India [NHAI],0.818065,ProgressVelocity,0.438219,ExpenditureProgressGap,-0.217008,RobustCurrentGap,-0.164453,ApprovalToStartDays,-0.16304,Agency_National Highways Authority of India [NHAI]; ProgressVelocity; CurrentExpenditureRatio
701668,,2026-04-01,0.021478,0,CurrentExpenditureRatio,-0.836903,Physical Progress,-0.675396,ProjectAgeDays,-0.427171,Agency_National Highways Authority of India [NHAI],-0.367572,Expenditure,-0.275358,RobustCurrentGap; RemainingPlannedDays; State_Gujarat
618001,,2026-04-01,0.32673,0,ProgressVelocity,-0.277163,Agency_National Highways Authority of India [NHAI],-0.269451,ApprovalToStartDays,-0.268321,CurrentExpenditureRatio,0.193723,ProgressScheduleGap,-0.177649,CurrentExpenditureRatio; ExpenditureProgressGap; RobustCurrentGap
702632,,2026-05-01,0.358916,0,Agency_National Highways Authority of India [NHAI],-0.508529,RevisedCost,-0.320048,State_Delhi,0.313312,OriginalCost,-0.276632,Expenditure,0.255366,State_Delhi; Expenditure; Physical Progress
612883,,2026-05-01,0.175896,0,Agency_National Highways Authority of India [NHAI],-0.433344,Physical Progress,-0.251313,RevisedCost,-0.209995,ApprovalToStartDays,-0.18056,ProgressVelocity,-0.180376,CurrentExpenditureRatio; HasRevisedCost; LateStageLowProgress
618503,,2026-05-01,0.917709,1,Agency_National Highways Authority of India [NHAI],1.266044,Physical Progress,0.402725,ProgressVelocity,0.320043,ProjectAgeDays,0.203047,NoProgress,0.186789,Agency_National Highways Authority of India [NHAI]; Physical Progress; ProgressVelocity
602525,,2026-04-01,0.187445,0,Agency_National Highways Authority of India [NHAI],-0.463831,ExpenditureProgressGap,-0.401138,RobustCurrentGap,-0.392252,Expenditure,0.362431,RemainingPlannedDays,-0.28603,Expenditure; CurrentExpenditureRatio; ProgressScheduleGap
709759,,2026-04-01,0.426451,0,Agency_National Highways Authority of India [NHAI],-0.278162,Physical Progress,0.228809,ProgressVelocity,-0.204201,ExpenditureProgressGap,0.199141,State_Rajasthan,-0.153751,Physical Progress; ExpenditureProgressGap; HasRevisedDoc
701574,,2026-04-01,0.381223,0,Agency_National Highways Authority of India [NHAI],-0.36735,ExpenditureProgressGap,-0.286751,CurrentExpenditureRatio,0.265931,Expenditure,0.188971,Physical Progress,0.159379,CurrentExpenditureRatio; Expenditure; Physical Progress
705444,,2026-05-01,0.428228,0,Agency_National Highways Authority of India [NHAI],-0.52945,Expenditure,0.34741,CurrentExpenditureRatio,0.217125,ExpenditureProgressGap,-0.163016,Physical Progress,0.162407,Expenditure; CurrentExpenditureRatio; Physical Progress
619005,,2026-04-01,0.257341,0,CurrentExpenditureRatio,-0.728731,State_Jharkhand,0.430271,Physical Progress,-0.37558,Agency_National Highways Authority of India [NHAI],-0.352713,RevisedCost,0.341518,State_Jharkhand; RevisedCost; RemainingPlannedDays
709797,,2026-04-01,0.656861,1,Expenditure,0.448042,OriginalCost,-0.319343,RemainingPlannedDays,0.301692,Agency_National Highways Authority of India [NHAI],-0.27117,ExpenditureProgressGap,0.241116,Expenditure; RemainingPlannedDays; ExpenditureProgressGap
619154,,2026-04-01,0.666176,1,Agency_National Highways Authority of India [NHAI],0.622118,ProgressVelocity,-0.323276,ProjectAgeDays,0.155123,OriginalCost,-0.151689,ProgressScheduleGap,0.13492,Agency_National Highways Authority of India [NHAI]; ProjectAgeDays; ProgressScheduleGap
619172,,2026-05-01,0.169067,0,Physical Progress,-0.59803,Agency_National Highways Authority of India [NHAI],-0.382037,CurrentExpenditureRatio,-0.322118,NoProgress,0.30923,HasRevisedDoc,-0.279656,NoProgress; ProgressVelocity; RevisedCost
617370,,2026-04-01,0.131924,0,HasRevisedDoc,-0.383407,Agency_National Highways Authority of India [NHAI],-0.269636,Physical Progress,-0.226343,State_Uttar Pradesh,-0.193995,ProgressScheduleGap,-0.185638,RemainingPlannedDays; OriginalCost; CurrentExpenditureRatio
611452,,2026-05-01,0.149803,0,Agency_National Highways Authority of India [NHAI],-0.472719,ExpenditureProgressGap,-0.450729,RobustCurrentGap,-0.327507,ProgressScheduleGap,-0.285937,CurrentExpenditureRatio,-0.209436,ProgressVelocity; Physical Progress; NoProgress
618914,,2026-05-01,0.703829,1,Agency_National Highways Authority of India [NHAI],0.776105,ProgressVelocity,0.615687,OriginalCost,-0.374748,ProgressScheduleGap,-0.201697,State_Bihar,0.10958,Agency_National Highways Authority of India [NHAI]; ProgressVelocity; State_Bihar
618536,,2026-04-01,0.321074,0,Agency_National Highways Authority of India [NHAI],0.715474,ProgressVelocity,-0.31007,ProjectAgeDays,-0.243054,OriginalCost,-0.229187,RobustCurrentGap,-0.204663,Agency_National Highways Authority of India [NHAI]; CurrentExpenditureRatio; ApprovalToStartDays
618604,,2026-04-01,0.366553,0,Agency_National Highways Authority of India [NHAI],0.72792,ExpenditureProgressGap,-0.327028,OriginalCost,-0.316677,RobustCurrentGap,-0.261024,CurrentExpenditureRatio,-0.242039,Agency_National Highways Authority of India [NHAI]; HasRevisedCost; HasRevisedDoc
618477,,2026-04-01,0.775165,1,Agency_National Highways Authority of India [NHAI],0.714806,Physical Progress,0.436165,ProgressVelocity,-0.419304,ExpenditureProgressGap,0.147866,NoProgress,-0.119584,Agency_National Highways Authority of India [NHAI]; Physical Progress; ExpenditureProgressGap
617900,,2026-04-01,0.282415,0,RevisedCost,-0.783629,ProgressVelocity,-0.310727,OriginalCost,0.278844,Agency_National Highways Authority of India [NHAI],-0.235043,RobustCurrentGap,0.208573,OriginalCost; RobustCurrentGap; Physical Progress
709760,,2026-04-01,0.468543,1,Agency_National Highways Authority of India [NHAI],-0.220761,CurrentExpenditureRatio,0.200857,ExpenditureProgressGap,0.190212,ProgressVelocity,-0.181334,RobustCurrentGap,0.15467,CurrentExpenditureRatio; ExpenditureProgressGap; RobustCurrentGap
603210,,2026-05-01,0.013531,0,CurrentExpenditureRatio,-0.964155,Physical Progress,-0.683897,Agency_National Highways Authority of India [NHAI],-0.425014,Expenditure,-0.305041,HasRevisedDoc,-0.259025,RemainingPlannedDays; ScheduleElapsedRatio; State_Gujarat
618830,,2026-04-01,0.765723,1,Agency_National Highways Authority of India [NHAI],0.866769,State_Jharkhand,0.337487,CurrentExpenditureRatio,0.284207,ProgressVelocity,-0.194668,Expenditure,-0.163879,Agency_National Highways Authority of India [NHAI]; State_Jharkhand; CurrentExpenditureRatio
618821,,2026-04-01,0.584761,1,Agency_National Highways Authority of India [NHAI],0.65215,State_Odisha,-0.258822,ProgressVelocity,-0.254086,Expenditure,0.137475,HasRevisedDoc,0.091,Agency_National Highways Authority of India [NHAI]; Expenditure; HasRevisedDoc
618970,,2026-04-01,0.809319,1,Agency_National Highways Authority of India [NHAI],0.908741,CurrentExpenditureRatio,0.631985,ProgressVelocity,-0.226939,ExpenditureProgressGap,-0.158127,ProjectAgeDays,0.114149,Agency_National Highways Authority of India [NHAI]; CurrentExpenditureRatio; ProjectAgeDays
618590,,2026-05-01,0.920966,1,Agency_National Highways Authority of India [NHAI],0.827625,ProgressVelocity,0.352444,RobustCurrentGap,0.239412,ProjectAgeDays,0.21709,CurrentExpenditureRatio,0.180981,Agency_National Highways Authority of India [NHAI]; ProgressVelocity; RobustCurrentGap
618288,,2026-05-01,0.024936,0,CurrentExpenditureRatio,-0.914146,Physical Progress,-0.618924,Expenditure,-0.548963,ProjectAgeDays,-0.470446,Agency_National Highways Authority of India [NHAI],-0.466369,ProgressVelocity; Agency_NHIDCL; ExpenditureProgressGap
618262,,2026-04-01,0.014495,0,CurrentExpenditureRatio,-0.940786,Physical Progress,-0.47035,Agency_National Highways Authority of India [NHAI],-0.468027,ProjectAgeDays,-0.446354,Expenditure,-0.321279,RemainingPlannedDays; ApprovalToStartDays; ScheduleElapsedRatio
616226,,2026-04-01,0.085889,0,HasRevisedDoc,-0.411393,Agency_National Highways Authority of India [NHAI],-0.286281,Physical Progress,-0.27888,OriginalCost,-0.242718,ExpenditureProgressGap,-0.219797,CurrentExpenditureRatio; State_Gujarat; State_Uttar Pradesh
611855,,2026-04-01,0.499823,1,Agency_North Western Railway [NWR],1.380849,HasRevisedDoc,-0.340313,ExpenditureProgressGap,-0.243167,Agency_National Highways Authority of India [NHAI],-0.213949,ProgressVelocity,-0.142261,Agency_North Western Railway [NWR]; Physical Progress; OriginalCost
611669,,2026-04-01,0.491325,1,Agency_National Highways Authority of India [NHAI],-0.462757,Physical Progress,-0.274839,CurrentExpenditureRatio,0.226152,ProjectAgeDays,0.189385,OriginalCost,0.158099,CurrentExpenditureRatio; ProjectAgeDays; OriginalCost
619022,,2026-04-01,0.033532,0,Physical Progress,-0.662905,HasRevisedDoc,-0.430643,CurrentExpenditureRatio,-0.427613,State_Haryana,-0.358283,Agency_National Highways Authority of India [NHAI],-0.327068,RemainingPlannedDays; LateStageLowProgress; ProjectAgeDays
615917,,2026-05-01,0.08952,0,ExpenditureProgressGap,-0.455234,Agency_National Highways Authority of India [NHAI],-0.370605,CurrentExpenditureRatio,-0.358949,HasRevisedDoc,-0.327503,NoProgress,0.300606,NoProgress; ProgressVelocity; Agency_Western Coalfields Limited [WCL]
619123,,2026-04-01,0.887028,1,Agency_National Highways Authority of India [NHAI],0.690339,ProjectAgeDays,0.440575,ProgressScheduleGap,0.27034,CurrentExpenditureRatio,0.231086,RobustCurrentGap,0.194588,Agency_National Highways Authority of India [NHAI]; ProjectAgeDays; ProgressScheduleGap
618743,,2026-04-01,0.070172,0,HasRevisedDoc,-1.081808,RemainingPlannedDays,-0.625656,ProjectAgeDays,-0.545855,Agency_National Highways Authority of India [NHAI],0.434351,Physical Progress,-0.379928,Agency_National Highways Authority of India [NHAI]; RevisedCost; RobustCurrentGap
616253,,2026-04-01,0.139761,0,CurrentExpenditureRatio,-0.531054,Agency_Ministry of Coal,0.530995,Physical Progress,-0.404747,RevisedCost,-0.309098,State_Jharkhand,0.29865,Agency_Ministry of Coal; State_Jharkhand; Expenditure
709857,,2026-05-01,0.743927,1,Expenditure,0.762382,RobustCurrentGap,0.454259,Physical Progress,0.358174,OriginalCost,-0.289009,Agency_National Highways Authority of India [NHAI],-0.288262,Expenditure; RobustCurrentGap; Physical Progress
619053,,2026-05-01,0.207738,0,Physical Progress,-0.562448,NoProgress,0.394008,Agency_National Highways Authority of India [NHAI],-0.342892,HasRevisedDoc,-0.266181,ProjectAgeDays,-0.192992,NoProgress; ProgressVelocity; RobustCurrentGap
705780,,2026-05-01,0.082556,0,Agency_National Highways Authority of India [NHAI],-0.451707,ApprovalToStartDays,-0.408939,OriginalCost,-0.286274,ExpenditureProgressGap,-0.259042,ProjectAgeDays,-0.248397,Expenditure; HasRevisedDoc; CurrentExpenditureRatio
617188,,2026-04-01,0.516896,1,Agency_National Thermal Power Corporation [NTPC],0.931813,ExpenditureProgressGap,-0.345787,HasRevisedDoc,-0.282525,Expenditure,0.261968,CurrentExpenditureRatio,0.238743,Agency_National Thermal Power Corporation [NTPC]; Expenditure; CurrentExpenditureRatio
618596,,2026-05-01,0.865873,1,Agency_National Highways Authority of India [NHAI],0.858997,ProgressVelocity,0.446641,CurrentExpenditureRatio,0.220545,OriginalCost,-0.206051,RobustCurrentGap,0.144329,Agency_National Highways Authority of India [NHAI]; ProgressVelocity; CurrentExpenditureRatio
619184,,2026-05-01,0.790594,1,RobustCurrentGap,0.455503,NoProgress,0.439092,ExpenditureProgressGap,0.374553,ProgressVelocity,0.340484,CurrentExpenditureRatio,-0.338908,RobustCurrentGap; NoProgress; ExpenditureProgressGap
400119,,2026-04-01,0.297559,0,Agency_National Highways Authority of India [NHAI],-0.449204,Physical Progress,0.225961,OriginalCost,-0.194913,ExpenditureProgressGap,-0.194086,RevisedCost,-0.108355,Physical Progress; RobustCurrentGap; Expenditure
400160,,2026-04-01,0.87124,1,Agency_Ministry of Coal,0.753312,State_Jharkhand,0.704291,Agency_National Highways Authority of India [NHAI],-0.393761,RobustCurrentGap,0.316776,Expenditure,0.228106,Agency_Ministry of Coal; State_Jharkhand; RobustCurrentGap
619253,,2026-04-01,0.166264,0,ProjectAgeDays,-0.621694,CurrentExpenditureRatio,-0.579297,ProgressScheduleGap,0.456153,Agency_National Highways Authority of India [NHAI],-0.274197,HasRevisedDoc,-0.245614,ProgressScheduleGap; State_Telangana; ExpenditureProgressGap
618153,,2026-05-01,0.81682,1,NoProgress,0.65638,ProgressVelocity,0.429573,Physical Progress,0.425099,RobustCurrentGap,0.359956,ExpenditureProgressGap,0.356069,NoProgress; ProgressVelocity; Physical Progress
618441,,2026-04-01,0.169511,0,HasRevisedDoc,-0.453396,ProgressVelocity,-0.42902,Physical Progress,-0.389097,Agency_National Highways Authority of India [NHAI],-0.286395,Agency_NHIDCL,0.224133,Agency_NHIDCL; RobustCurrentGap; CurrentExpenditureRatio
709752,,2026-04-01,0.564628,1,CurrentExpenditureRatio,0.37583,Agency_National Highways Authority of India [NHAI],-0.302074,Physical Progress,0.260106,ProgressVelocity,-0.216797,ExpenditureProgressGap,0.192247,CurrentExpenditureRatio; Physical Progress; ExpenditureProgressGap
618724,,2026-05-01,0.849776,1,Agency_National Highways Authority of India [NHAI],1.14003,ProgressVelocity,0.746062,ApprovalToStartDays,0.306477,RemainingPlannedDays,0.215379,Physical Progress,-0.21127,Agency_National Highways Authority of India [NHAI]; ProgressVelocity; ApprovalToStartDays
616587,,2026-05-01,0.0856,0,Physical Progress,-0.538697,Agency_National Highways Authority of India [NHAI],-0.474028,ProjectAgeDays,-0.391556,HasRevisedDoc,-0.357394,NoProgress,0.333003,NoProgress; ProgressVelocity; RemainingPlannedDays
617416,,2026-05-01,0.103603,0,Physical Progress,-0.441288,HasRevisedDoc,-0.379945,State_Jharkhand,0.285164,Agency_National Highways Authority of India [NHAI],-0.264026,OriginalCost,-0.236602,State_Jharkhand; ExpenditureProgressGap; RobustCurrentGap
619341,,2026-05-01,0.260099,0,Agency_National Thermal Power Corporation [NTPC],0.945799,Physical Progress,-0.56234,OriginalCost,-0.425003,RevisedCost,-0.406956,HasRevisedDoc,-0.257836,Agency_National Thermal Power Corporation [NTPC]; ProjectAgeDays; RemainingPlannedDays
705391,,2026-05-01,0.056481,0,RemainingPlannedDays,-0.738488,ApprovalToStartDays,-0.700632,Agency_National Highways Authority of India [NHAI],-0.51725,Expenditure,0.210173,ProjectAgeDays,-0.200494,Expenditure; HasRevisedCost; ElapsedDays
618096,,2026-05-01,0.791333,1,NoProgress,0.54339,CurrentExpenditureRatio,-0.369803,ExpenditureProgressGap,0.367644,RobustCurrentGap,0.328221,ProgressVelocity,0.319074,NoProgress; ExpenditureProgressGap; RobustCurrentGap
618054,,2026-04-01,0.325318,0,Agency_National Highways Authority of India [NHAI],-0.270998,ProgressScheduleGap,-0.199375,Physical Progress,-0.172085,ExpenditureProgressGap,0.151075,ProgressVelocity,-0.147598,ExpenditureProgressGap; ProjectAgeDays; CurrentExpenditureRatio
618038,,2026-05-01,0.214564,0,CurrentExpenditureRatio,-0.729408,"State_Jammu andKashmir",0.535295,Physical Progress,-0.458105,Agency_National Highways Authority of India [NHAI],-0.453831,NoProgress,0.354298,"State_Jammu andKashmir; NoProgress; RevisedCost"
701372,,2026-05-01,0.074291,0,RevisedCost,-0.633884,CurrentExpenditureRatio,-0.595079,Agency_National Highways Authority of India [NHAI],-0.549328,RemainingPlannedDays,-0.368441,ExpenditureProgressGap,-0.29353,Expenditure; Physical Progress; ProjectAgeDays
619057,,2026-04-01,0.313171,0,Agency_National Highways Authority of India [NHAI],-0.364964,ProgressVelocity,-0.355599,ProjectAgeDays,0.346908,ExpenditureProgressGap,-0.279592,RobustCurrentGap,-0.245795,ProjectAgeDays; ProgressScheduleGap; Agency_NHIDCL
615337,,2026-04-01,0.222134,0,Agency_National Highways Authority of India [NHAI],-0.271982,State_Rajasthan,-0.236429,ProgressVelocity,-0.187411,ExpenditureProgressGap,-0.176698,RemainingPlannedDays,-0.142777,CurrentExpenditureRatio; RevisedCost; OriginalCost
612816,,2026-04-01,0.164949,0,HasRevisedDoc,-0.376656,Agency_National Highways Authority of India [NHAI],-0.285407,Physical Progress,-0.211451,RevisedCost,-0.165556,CurrentExpenditureRatio,-0.161353,RobustCurrentGap; State_West Bengal; ProjectAgeDays
619142,,2026-05-01,0.819722,1,Agency_National Highways Authority of India [NHAI],0.843969,NoProgress,0.201287,OriginalCost,0.184855,ProgressScheduleGap,0.165981,ProgressVelocity,0.164052,Agency_National Highways Authority of India [NHAI]; NoProgress; OriginalCost
618517,,2026-04-01,0.558838,1,Agency_National Highways Authority of India [NHAI],0.992886,ExpenditureProgressGap,-0.25533,CurrentExpenditureRatio,-0.211712,ProjectAgeDays,0.186073,ProgressVelocity,-0.184216,Agency_National Highways Authority of India [NHAI]; ProjectAgeDays; ProgressScheduleGap
619055,,2026-04-01,0.018384,0,CurrentExpenditureRatio,-0.7841,Physical Progress,-0.681945,ProjectAgeDays,-0.480309,Agency_National Highways Authority of India [NHAI],-0.375243,Expenditure,-0.278014,RobustCurrentGap; State_Maharashtra; Agency_Western Coalfields Limited [WCL]
618233,,2026-04-01,0.280691,0,CurrentExpenditureRatio,-0.597065,RobustCurrentGap,0.454106,Expenditure,-0.320564,ExpenditureProgressGap,0.280159,Physical Progress,0.263253,RobustCurrentGap; ExpenditureProgressGap; Physical Progress
619197,,2026-05-01,0.883166,1,Agency_NHAI,0.839422,Agency_National Highways Authority of India [NHAI],-0.483215,CurrentExpenditureRatio,0.43344,RemainingPlannedDays,0.322356,ProgressVelocity,0.297312,Agency_NHAI; CurrentExpenditureRatio; RemainingPlannedDays
618179,,2026-05-01,0.858462,1,NoProgress,0.56893,Physical Progress,0.430779,RobustCurrentGap,0.43076,ExpenditureProgressGap,0.366298,CurrentExpenditureRatio,-0.360727,NoProgress; Physical Progress; RobustCurrentGap
400205,,2026-04-01,0.046093,0,ApprovalToStartDays,-0.618558,Physical Progress,-0.523413,Agency_National Highways Authority of India [NHAI],-0.515008,ExpenditureProgressGap,-0.365973,State_Uttar Pradesh,-0.217419,Expenditure; CurrentExpenditureRatio; HasRevisedDoc
618289,,2026-04-01,0.358147,0,ProgressVelocity,-0.414668,Agency_National Highways Authority of India [NHAI],-0.339158,CurrentExpenditureRatio,0.208324,Agency_NHIDCL,0.177783,RobustCurrentGap,-0.144736,CurrentExpenditureRatio; Agency_NHIDCL; RevisedCost
619167,,2026-05-01,0.970588,1,Agency_National Highways Authority of India [NHAI],0.943714,ProgressVelocity,0.557969,NoProgress,0.435952,ProjectAgeDays,0.248077,Physical Progress,0.222744,Agency_National Highways Authority of India [NHAI]; ProgressVelocity; NoProgress
709812,,2026-05-01,0.126013,0,ExpenditureProgressGap,-0.592226,RobustCurrentGap,-0.561451,Agency_National Highways Authority of India [NHAI],-0.422219,State_Gujarat,-0.421922,Physical Progress,-0.342188,NoProgress; CurrentExpenditureRatio; RemainingPlannedDays
618766,,2026-05-01,0.696588,1,ProgressVelocity,0.897076,Agency_NHAI,0.515255,Agency_National Highways Authority of India [NHAI],-0.252343,ProgressScheduleGap,0.244535,ProjectAgeDays,-0.231909,ProgressVelocity; Agency_NHAI; ProgressScheduleGap
615865,,2026-04-01,0.233459,0,Agency_National Highways Authority of India [NHAI],-0.420579,ProjectAgeDays,-0.235641,ProgressVelocity,-0.158835,RemainingPlannedDays,-0.153927,ExpenditureProgressGap,-0.135461,CurrentExpenditureRatio; ProgressScheduleGap; Physical Progress
617212,,2026-05-01,0.161821,0,ProgressVelocity,0.538405,Agency_National Highways Authority of India [NHAI],-0.4539,Physical Progress,-0.357186,OriginalCost,-0.268209,ApprovalToStartDays,-0.18181,ProgressVelocity; RemainingPlannedDays; HasRevisedDoc
618690,,2026-05-01,0.755993,1,Agency_National Highways Authority of India [NHAI],1.040076,State_Uttar Pradesh,-0.396647,CurrentExpenditureRatio,0.322237,RobustCurrentGap,0.285231,ProjectAgeDays,-0.257879,Agency_National Highways Authority of India [NHAI]; CurrentExpenditureRatio; RobustCurrentGap
618692,,2026-05-01,0.963482,1,Agency_National Highways Authority of India [NHAI],1.092635,ProgressVelocity,0.580734,NoProgress,0.482535,RevisedCost,0.315064,RobustCurrentGap,0.241455,Agency_National Highways Authority of India [NHAI]; ProgressVelocity; NoProgress
703585,,2026-05-01,0.19554,0,Agency_National Highways Authority of India [NHAI],-0.535914,Physical Progress,-0.411473,ProjectAgeDays,-0.239737,RevisedCost,-0.128108,NoProgress,-0.102756,ProgressVelocity; CurrentExpenditureRatio; ExpenditureProgressGap
618370,,2026-05-01,0.725691,1,CurrentExpenditureRatio,-0.537942,NoProgress,0.458389,ExpenditureProgressGap,0.371283,RobustCurrentGap,0.341096,ProgressVelocity,0.338092,NoProgress; ExpenditureProgressGap; RobustCurrentGap
709794,,2026-04-01,0.106057,0,Agency_National Highways Authority of India [NHAI],-0.439497,Physical Progress,-0.283398,ProgressVelocity,-0.170943,OriginalCost,-0.149354,ExpenditureProgressGap,-0.148979,HasRevisedDoc; Expenditure; State_Uttar Pradesh
616695,,2026-05-01,0.102231,0,CurrentExpenditureRatio,-0.476332,Agency_National Highways Authority of India [NHAI],-0.397566,HasRevisedDoc,-0.308528,ExpenditureProgressGap,-0.289538,NoProgress,0.280157,NoProgress; ProgressVelocity; Agency_East Coast Railway [ECoR] - II
611971,,2026-04-01,0.431541,0,RevisedCost,0.694986,Agency_National Highways Authority of India [NHAI],-0.364787,State_Gujarat,-0.173448,Physical Progress,-0.172249,OriginalCost,0.154575,RevisedCost; OriginalCost; HasRevisedCost
617288,,2026-05-01,0.33996,0,HasRevisedDoc,-0.305003,NoProgress,0.299535,Agency_National Highways Authority of India [NHAI],-0.274101,Physical Progress,-0.261436,CurrentExpenditureRatio,0.19331,NoProgress; CurrentExpenditureRatio; OriginalCost
705392,,2026-05-01,0.07213,0,Agency_National Highways Authority of India [NHAI],-0.568151,CurrentExpenditureRatio,-0.55001,ProgressVelocity,-0.331195,RobustCurrentGap,-0.281926,OriginalCost,-0.20176,Expenditure; LateStageLowProgress; HasRevisedDoc
705500,,2026-05-01,0.139254,0,Agency_National Highways Authority of India [NHAI],-0.536359,Expenditure,-0.343807,CurrentExpenditureRatio,-0.295654,ExpenditureProgressGap,-0.225608,RemainingPlannedDays,-0.22414,State_Maharashtra; ProgressVelocity; NoProgress
705410,,2026-05-01,0.034325,0,CurrentExpenditureRatio,-0.84779,Agency_National Highways Authority of India [NHAI],-0.610728,RemainingPlannedDays,-0.609159,ExpenditureProgressGap,-0.482705,RobustCurrentGap,-0.278609,ApprovalToStartDays; OriginalCost; HasRevisedDoc
705629,,2026-04-01,0.17728,0,ApprovalToStartDays,-0.701881,Agency_National Highways Authority of India [NHAI],-0.436605,CurrentExpenditureRatio,0.416293,OriginalCost,-0.20462,ExpenditureProgressGap,-0.161399,CurrentExpenditureRatio; Expenditure; Physical Progress
619212,,2026-04-01,0.780884,1,Agency_National Highways Authority of India [NHAI],0.628135,ProgressVelocity,-0.333228,ProgressScheduleGap,0.288883,CurrentExpenditureRatio,0.200594,ExpenditureProgressGap,0.134919,Agency_National Highways Authority of India [NHAI]; ProgressScheduleGap; CurrentExpenditureRatio
709845,,2026-05-01,0.146831,0,Agency_National Highways Authority of India [NHAI],-0.467558,ExpenditureProgressGap,-0.353485,RobustCurrentGap,-0.259553,RevisedCost,-0.198636,CurrentExpenditureRatio,0.163157,CurrentExpenditureRatio; Physical Progress; RobustCurrentExpenditurePct
618134,,2026-05-01,0.208415,0,CurrentExpenditureRatio,-0.596618,Expenditure,-0.330899,ExpenditureProgressGap,0.317439,Agency_National Highways Authority of India [NHAI],-0.275008,ProgressScheduleGap,-0.212129,ExpenditureProgressGap; Physical Progress; RobustCurrentGap
615335,,2026-04-01,0.178233,0,Agency_National Highways Authority of India [NHAI],-0.38476,ExpenditureProgressGap,-0.361482,CurrentExpenditureRatio,0.195554,ProgressVelocity,-0.192263,Physical Progress,-0.169442,CurrentExpenditureRatio; Expenditure; RobustCurrentExpenditurePct
619094,,2026-04-01,0.736872,1,Agency_National Highways Authority of India [NHAI],0.706018,ProgressVelocity,-0.353264,State_Tamil Nadu,0.214505,RobustCurrentGap,0.208087,ProgressScheduleGap,-0.158838,Agency_National Highways Authority of India [NHAI]; State_Tamil Nadu; RobustCurrentGap
619139,,2026-05-01,0.922085,1,Agency_National Highways Authority of India [NHAI],1.252136,ProgressVelocity,0.435146,State_Tamil Nadu,0.268075,ProgressScheduleGap,0.220867,RevisedCost,0.183634,Agency_National Highways Authority of India [NHAI]; ProgressVelocity; State_Tamil Nadu
619130,,2026-04-01,0.748387,1,Agency_National Highways Authority of India [NHAI],1.08593,ProgressVelocity,-0.308166,State_Tamil Nadu,0.26222,CurrentExpenditureRatio,0.193987,ExpenditureProgressGap,-0.151728,Agency_National Highways Authority of India [NHAI]; State_Tamil Nadu; CurrentExpenditureRatio
705498,,2026-05-01,0.36984,0,Agency_National Highways Authority of India [NHAI],-0.559636,CurrentExpenditureRatio,0.271805,ExpenditureProgressGap,-0.189281,Expenditure,-0.182191,NoProgress,0.167815,CurrentExpenditureRatio; NoProgress; State_Maharashtra
611977,,2026-05-01,0.171702,0,HasRevisedDoc,-0.454956,ExpenditureProgressGap,-0.352487,NoProgress,0.303646,Agency_National Highways Authority of India [NHAI],-0.301861,Physical Progress,-0.209235,NoProgress; ProgressVelocity; CurrentExpenditureRatio
618201,,2026-04-01,0.465463,1,"State_Jammu andKashmir",0.717153,CurrentExpenditureRatio,-0.629267,ExpenditureProgressGap,0.273373,Expenditure,-0.222804,RobustCurrentGap,0.189397,"State_Jammu andKashmir; ExpenditureProgressGap; RobustCurrentGap"
618345,,2026-05-01,0.911407,1,ProgressVelocity,0.443731,Agency_NHIDCL,0.370899,RevisedCost,0.351857,RobustCurrentGap,0.313618,Agency_National Highways Authority of India [NHAI],-0.261247,ProgressVelocity; Agency_NHIDCL; RevisedCost
617179,,2026-04-01,0.192266,0,Physical Progress,-0.419939,CurrentExpenditureRatio,-0.398233,Agency_National Highways Authority of India [NHAI],-0.396283,"State_Jammu andKashmir",0.333157,RevisedCost,0.226822,"State_Jammu andKashmir; RevisedCost; OriginalCost"
613803,,2026-04-01,0.312236,0,HasRevisedDoc,-0.315176,RevisedCost,0.313836,Physical Progress,-0.312374,State_Madhya Pradesh,-0.207141,Agency_National Highways Authority of India [NHAI],-0.195819,RevisedCost; OriginalCost; Expenditure
709776,,2026-05-01,0.098961,0,Agency_MinistryofPetroleumNaturalGas,-0.569136,Agency_National Highways Authority of India [NHAI],-0.400243,ExpenditureProgressGap,-0.305187,RobustCurrentGap,-0.304475,RemainingPlannedDays,-0.237178,RevisedCost; HasRevisedCost; HasRevisedDoc
618239,,2026-04-01,0.175442,0,CurrentExpenditureRatio,-0.472494,RobustCurrentGap,0.364184,Agency_National Highways Authority of India [NHAI],-0.325448,Physical Progress,0.280682,ProgressVelocity,-0.267541,RobustCurrentGap; Physical Progress; ExpenditureProgressGap
613808,,2026-04-01,0.270538,0,State_Jharkhand,0.528411,Agency_National Highways Authority of India [NHAI],-0.366964,ExpenditureProgressGap,-0.353336,RevisedCost,0.342545,ProjectAgeDays,-0.281131,State_Jharkhand; RevisedCost; HasRevisedDoc
617958,,2026-04-01,0.430874,0,ProgressVelocity,-0.333436,Agency_National Highways Authority of India [NHAI],-0.270665,Physical Progress,0.231123,ExpenditureProgressGap,0.220701,RemainingPlannedDays,-0.159072,Physical Progress; ExpenditureProgressGap; State_Bihar
612066,,2026-05-01,0.093803,0,Physical Progress,-0.644635,HasRevisedDoc,-0.474268,Agency_National Highways Authority of India [NHAI],-0.350288,ProgressVelocity,-0.182462,RevisedCost,-0.172025,RobustCurrentGap; ProjectAgeDays; OriginalCost
617807,,2026-05-01,0.362232,0,Expenditure,0.453716,Agency_National Highways Authority of India [NHAI],-0.381692,ProjectAgeDays,-0.271359,RobustCurrentGap,0.253255,CurrentExpenditureRatio,-0.204337,Expenditure; RobustCurrentGap; ProgressVelocity
618782,,2026-05-01,0.546798,1,Agency_National Highways Authority of India [NHAI],0.711277,State_Uttar Pradesh,-0.444631,OriginalCost,-0.151249,CurrentExpenditureRatio,0.127303,ExpenditureProgressGap,0.103817,Agency_National Highways Authority of India [NHAI]; CurrentExpenditureRatio; ExpenditureProgressGap
618385,,2026-05-01,0.482263,1,CurrentExpenditureRatio,-0.539802,NoProgress,0.472033,Physical Progress,-0.463879,ProgressScheduleGap,-0.350451,ProgressVelocity,0.332803,NoProgress; ProgressVelocity; Agency_NHIDCL
619134,,2026-04-01,0.693758,1,Agency_National Highways Authority of India [NHAI],0.669218,ProgressVelocity,-0.313397,CurrentExpenditureRatio,0.231485,RevisedCost,0.138879,OriginalCost,-0.117635,Agency_National Highways Authority of India [NHAI]; CurrentExpenditureRatio; RevisedCost
617827,,2026-04-01,0.165766,0,Physical Progress,-0.445916,CurrentExpenditureRatio,-0.353158,Agency_National Highways Authority of India [NHAI],-0.311088,Expenditure,0.169544,RevisedCost,-0.146059,Expenditure; ExpenditureProgressGap; RobustCurrentGap
619138,,2026-05-01,0.896339,1,Agency_National Highways Authority of India [NHAI],1.073509,ProgressVelocity,0.55066,CurrentExpenditureRatio,0.338401,RobustCurrentGap,0.22213,ApprovalToStartDays,-0.145194,Agency_National Highways Authority of India [NHAI]; ProgressVelocity; CurrentExpenditureRatio
618520,,2026-04-01,0.850378,1,Agency_National Highways Authority of India [NHAI],0.796088,Physical Progress,0.469025,ProgressVelocity,-0.397384,CurrentExpenditureRatio,0.302132,RevisedCost,0.183424,Agency_National Highways Authority of India [NHAI]; Physical Progress; CurrentExpenditureRatio
709792,,2026-04-01,0.134044,0,Physical Progress,-0.424219,Agency_National Highways Authority of India [NHAI],-0.390789,State_Bihar,0.212192,OriginalCost,-0.211208,ProgressVelocity,-0.171212,State_Bihar; ExpenditureProgressGap; HasRevisedDoc
618024,,2026-04-01,0.383535,0,CurrentExpenditureRatio,-0.476765,ExpenditureProgressGap,0.343565,RobustCurrentGap,0.295862,Agency_National Highways Authority of India [NHAI],-0.284977,Physical Progress,0.212409,ExpenditureProgressGap; RobustCurrentGap; Physical Progress
618597,,2026-04-01,0.591314,1,Agency_National Highways Authority of India [NHAI],0.578296,ProgressVelocity,-0.369478,Physical Progress,0.191729,ProgressScheduleGap,0.17183,ProjectAgeDays,-0.120642,Agency_National Highways Authority of India [NHAI]; Physical Progress; ProgressScheduleGap
400136,,2026-04-01,0.150191,0,Agency_Ministry of Coal,0.544271,CurrentExpenditureRatio,-0.512954,Physical Progress,-0.296042,State_Jharkhand,0.287206,RobustCurrentGap,-0.26252,Agency_Ministry of Coal; State_Jharkhand; Expenditure
618337,,2026-05-01,0.067725,0,CurrentExpenditureRatio,-1.580916,Agency_NHIDCL,0.604925,Agency_National Highways Authority of India [NHAI],-0.473623,ExpenditureProgressGap,-0.431375,RobustCurrentExpenditurePct,-0.298428,Agency_NHIDCL; ProgressVelocity; HasRevisedDoc
618459,,2026-05-01,0.612644,1,Agency_NHAI,0.851132,ProgressVelocity,0.493369,Agency_National Highways Authority of India [NHAI],-0.398611,ApprovalToStartDays,0.293991,ExpenditureProgressGap,-0.266742,Agency_NHAI; ProgressVelocity; ApprovalToStartDays
618122,,2026-05-01,0.135818,0,CurrentExpenditureRatio,-0.72542,Agency_National Highways Authority of India [NHAI],-0.43035,ProgressScheduleGap,-0.293521,Physical Progress,-0.283808,Expenditure,-0.281952,OriginalCost; ProgressVelocity; ProjectAgeDays
619314,,2026-04-01,0.076391,0,ProjectAgeDays,-0.302651,Agency_National Highways Authority of India [NHAI],-0.280912,HasRevisedDoc,-0.273359,RevisedCost,-0.259822,OriginalCost,-0.2448,RemainingPlannedDays; State_Uttar Pradesh; State_Gujarat
611047,,2026-04-01,0.161389,0,Agency_National Highways Authority of India [NHAI],-0.408017,Agency_Airport Authority of India [AAI],-0.313236,ExpenditureProgressGap,-0.293465,"State_Jammu andKashmir",0.289938,Expenditure,-0.202914,"State_Jammu andKashmir; CurrentExpenditureRatio; OriginalCost"
613787,,2026-05-01,0.085599,0,ExpenditureProgressGap,-0.527484,HasRevisedDoc,-0.430948,RobustCurrentGap,-0.388411,OriginalCost,-0.32439,Agency_National Highways Authority of India [NHAI],-0.300273,Expenditure; CurrentExpenditureRatio; LateStageLowProgress
619305,,2026-04-01,0.901802,1,Agency_NHAI,0.940876,State_Bihar,0.278176,CurrentExpenditureRatio,0.268013,ProgressVelocity,-0.2536,RemainingPlannedDays,0.207758,Agency_NHAI; State_Bihar; CurrentExpenditureRatio
618668,,2026-04-01,0.279917,0,Agency_National Highways Authority of India [NHAI],0.715928,ProjectAgeDays,-0.587473,ProgressVelocity,-0.339966,RobustCurrentGap,-0.212922,ExpenditureProgressGap,-0.170753,Agency_National Highways Authority of India [NHAI]; HasRevisedCost; CurrentExpenditureRatio
701344,,2026-04-01,0.172975,0,Agency_National Highways Authority of India [NHAI],-0.429947,ExpenditureProgressGap,-0.278666,Expenditure,-0.266875,RobustCurrentGap,-0.181172,Physical Progress,0.13363,Physical Progress; HasRevisedDoc; ProjectAgeDays
618423,,2026-04-01,0.349883,0,ProgressVelocity,-0.372137,Agency_National Highways Authority of India [NHAI],-0.30112,RobustCurrentGap,0.219092,State_Nagaland,-0.209711,NoProgress,-0.180772,RobustCurrentGap; Agency_NHIDCL; RemainingPlannedDays
618571,,2026-05-01,0.679449,1,Agency_National Highways Authority of India [NHAI],0.868342,ProgressVelocity,0.290465,RobustCurrentGap,-0.190028,ExpenditureProgressGap,-0.176405,ProgressScheduleGap,-0.141314,Agency_National Highways Authority of India [NHAI]; ProgressVelocity; HasRevisedCost
619027,,2026-05-01,0.232395,0,Physical Progress,-0.405898,NoProgress,0.38322,Agency_National Highways Authority of India [NHAI],-0.362767,Expenditure,0.337612,ProjectAgeDays,-0.294113,NoProgress; Expenditure; ProgressVelocity
617924,,2026-04-01,0.266096,0,Agency_National Highways Authority of India [NHAI],-0.345549,ProgressVelocity,-0.31427,Physical Progress,-0.27994,RobustCurrentGap,0.274513,State_Odisha,-0.242896,RobustCurrentGap; CurrentExpenditureRatio; ExpenditureProgressGap
618585,,2026-05-01,0.343599,0,Agency_National Highways Authority of India [NHAI],0.665969,Physical Progress,-0.470243,ProjectAgeDays,-0.28366,ProgressVelocity,0.279739,RevisedCost,-0.186515,Agency_National Highways Authority of India [NHAI]; ProgressVelocity; CurrentExpenditureRatio
618530,,2026-04-01,0.859876,1,Agency_National Highways Authority of India [NHAI],0.966436,Expenditure,0.441411,ProgressVelocity,-0.408015,RobustCurrentGap,0.253892,RemainingPlannedDays,0.161442,Agency_National Highways Authority of India [NHAI]; Expenditure; RobustCurrentGap
618817,,2026-05-01,0.806854,1,Agency_National Highways Authority of India [NHAI],1.108524,ProgressVelocity,0.472672,ProjectAgeDays,-0.340038,ApprovalToStartDays,0.202621,ProgressScheduleGap,-0.133428,Agency_National Highways Authority of India [NHAI]; ProgressVelocity; ApprovalToStartDays
612786,,2026-04-01,0.265402,0,Agency_National Highways Authority of India [NHAI],-0.39964,ProgressScheduleGap,0.254456,Agency_Airport Authority of India [AAI],-0.249098,ExpenditureProgressGap,-0.204167,ProgressVelocity,-0.138914,ProgressScheduleGap; Physical Progress; CurrentExpenditureRatio
618516,,2026-05-01,0.772407,1,Agency_National Highways Authority of India [NHAI],1.321467,CurrentExpenditureRatio,-0.521347,ExpenditureProgressGap,-0.397062,ProgressVelocity,0.373156,RemainingPlannedDays,0.361013,Agency_National Highways Authority of India [NHAI]; ProgressVelocity; RemainingPlannedDays
702665,,2026-04-01,0.106098,0,ApprovalToStartDays,-0.666328,Agency_National Highways Authority of India [NHAI],-0.444831,ProjectAgeDays,-0.246217,CurrentExpenditureRatio,0.223959,ExpenditureProgressGap,-0.221461,CurrentExpenditureRatio; Expenditure; RobustCurrentExpenditurePct
617895,,2026-04-01,0.559739,1,Agency_National Highways Authority of India [NHAI],-0.320623,ProgressVelocity,-0.274935,Physical Progress,0.208857,ExpenditureProgressGap,0.207304,CurrentExpenditureRatio,0.190893,Physical Progress; ExpenditureProgressGap; CurrentExpenditureRatio
618493,,2026-05-01,0.900327,1,Agency_National Highways Authority of India [NHAI],1.226521,ProgressVelocity,0.390071,CurrentExpenditureRatio,0.354928,OriginalCost,-0.305773,Physical Progress,-0.177307,Agency_National Highways Authority of India [NHAI]; ProgressVelocity; CurrentExpenditureRatio
617829,,2026-05-01,0.35023,0,Agency_National Highways Authority of India [NHAI],-0.384279,RevisedCost,0.170732,ProjectAgeDays,0.169839,ApprovalToStartDays,-0.127091,ExpenditureProgressGap,0.120974,RevisedCost; ProjectAgeDays; ExpenditureProgressGap
618319,,2026-05-01,0.845307,1,Agency_NHIDCL,0.672255,ProgressVelocity,0.456484,NoProgress,0.44981,Expenditure,0.385176,Agency_National Highways Authority of India [NHAI],-0.359253,Agency_NHIDCL; ProgressVelocity; NoProgress
612745,,2026-05-01,0.244843,0,Agency_National Highways Authority of India [NHAI],-0.513892,ProgressScheduleGap,-0.48236,ProgressVelocity,0.440151,ApprovalToStartDays,-0.327954,CurrentExpenditureRatio,0.282344,ProgressVelocity; CurrentExpenditureRatio; ScheduleElapsedRatio
619205,,2026-04-01,0.919492,1,Agency_National Highways Authority of India [NHAI],0.821487,Physical Progress,0.512268,ProgressVelocity,-0.410725,RobustCurrentGap,0.299145,RemainingPlannedDays,0.258204,Agency_National Highways Authority of India [NHAI]; Physical Progress; RobustCurrentGap
618914,,2026-04-01,0.513222,1,Agency_National Highways Authority of India [NHAI],0.788694,OriginalCost,-0.38039,ProjectAgeDays,0.338484,ProgressScheduleGap,-0.283705,ProgressVelocity,-0.244552,Agency_National Highways Authority of India [NHAI]; ProjectAgeDays; State_Bihar
705765,,2026-05-01,0.199889,0,State_Jharkhand,0.655783,RobustCurrentGap,-0.553554,Agency_National Highways Authority of India [NHAI],-0.499935,ExpenditureProgressGap,-0.480944,ProjectAgeDays,-0.191907,State_Jharkhand; ProgressVelocity; HasRevisedDoc
619166,,2026-05-01,0.8889,1,Agency_NHAI,0.89105,Agency_National Highways Authority of India [NHAI],-0.287311,State_Bihar,0.278304,RobustCurrentGap,0.263517,ProgressVelocity,-0.237886,Agency_NHAI; State_Bihar; RobustCurrentGap
615192,,2026-04-01,0.250309,0,HasRevisedDoc,-0.414501,ProgressVelocity,-0.23538,Agency_National Highways Authority of India [NHAI],-0.218466,RemainingPlannedDays,-0.203996,RobustCurrentGap,0.125251,RobustCurrentGap; RevisedCost; CurrentExpenditureRatio
617965,,2026-05-01,0.809369,1,NoProgress,0.59862,CurrentExpenditureRatio,-0.43305,ProgressVelocity,0.366916,ExpenditureProgressGap,0.34345,Physical Progress,0.312148,NoProgress; ProgressVelocity; ExpenditureProgressGap
618013,,2026-04-01,0.590686,1,Agency_National Highways Authority of India [NHAI],-0.308435,ProgressVelocity,-0.231318,Expenditure,0.217229,ExpenditureProgressGap,0.214876,ProgressScheduleGap,0.204546,Expenditure; ExpenditureProgressGap; ProgressScheduleGap
618018,,2026-05-01,0.316571,0,Agency_National Highways Authority of India [NHAI],-0.475942,RevisedCost,0.353737,ExpenditureProgressGap,-0.305654,RobustCurrentGap,-0.24652,Physical Progress,-0.243158,RevisedCost; Expenditure; RemainingPlannedDays
618079,,2026-04-01,0.05048,0,CurrentExpenditureRatio,-0.911761,Agency_National Highways Authority of India [NHAI],-0.402644,Physical Progress,-0.386954,Expenditure,-0.293851,ExpenditureProgressGap,-0.2531,OriginalCost; RemainingPlannedDays; ApprovalToStartDays
400181,,2026-04-01,0.117071,0,HasRevisedDoc,-0.482207,ProjectAgeDays,-0.317559,Agency_National Highways Authority of India [NHAI],-0.272511,Physical Progress,-0.227369,RobustCurrentGap,-0.178714,CurrentExpenditureRatio; State_West Bengal; OriginalCost
706811,,2026-04-01,0.219678,0,ProgressScheduleGap,-0.393252,Agency_National Highways Authority of India [NHAI],-0.385786,ApprovalToStartDays,-0.285705,ProgressVelocity,-0.21963,ExpenditureProgressGap,0.160787,ExpenditureProgressGap; Physical Progress; CurrentExpenditureRatio
709865,,2026-04-01,0.505378,1,RobustCurrentGap,0.300749,Agency_National Highways Authority of India [NHAI],-0.284879,Physical Progress,0.277799,ProgressVelocity,-0.238815,ExpenditureProgressGap,0.216129,RobustCurrentGap; Physical Progress; ExpenditureProgressGap
618512,,2026-05-01,0.873609,1,Agency_National Highways Authority of India [NHAI],1.095987,ProgressVelocity,0.39685,CurrentExpenditureRatio,0.184122,ExpenditureProgressGap,0.166433,Expenditure,0.136565,Agency_National Highways Authority of India [NHAI]; ProgressVelocity; CurrentExpenditureRatio
618687,,2026-04-01,0.778084,1,Agency_National Highways Authority of India [NHAI],0.87612,ProjectAgeDays,0.249587,Expenditure,0.212735,CurrentExpenditureRatio,0.201315,ProgressVelocity,-0.186946,Agency_National Highways Authority of India [NHAI]; ProjectAgeDays; Expenditure
709798,,2026-04-01,0.023338,0,RevisedCost,-0.80299,OriginalCost,-0.538266,Agency_MinistryofPetroleumNaturalGas,-0.531394,Agency_National Highways Authority of India [NHAI],-0.415458,Physical Progress,-0.301526,RemainingPlannedDays; ProjectAgeDays; HasRevisedDoc
617984,,2026-05-01,0.795213,1,NoProgress,0.596727,CurrentExpenditureRatio,-0.440008,RobustCurrentGap,0.396984,ProgressVelocity,0.391933,ExpenditureProgressGap,0.369219,NoProgress; RobustCurrentGap; ProgressVelocity
618951,,2026-05-01,0.931489,1,Agency_National Highways Authority of India [NHAI],0.868329,ProgressVelocity,0.539282,NoProgress,0.456639,CurrentExpenditureRatio,0.178003,ExpenditureProgressGap,0.155726,Agency_National Highways Authority of India [NHAI]; ProgressVelocity; NoProgress
618811,,2026-05-01,0.811267,1,Agency_National Highways Authority of India [NHAI],1.104756,Physical Progress,-0.429208,NoProgress,0.355621,ProgressVelocity,0.30573,RemainingPlannedDays,0.282514,Agency_National Highways Authority of India [NHAI]; NoProgress; ProgressVelocity
617962,,2026-04-01,0.594832,1,ProgressVelocity,-0.270085,State_Tamil Nadu,0.243439,Agency_National Highways Authority of India [NHAI],-0.211421,ExpenditureProgressGap,0.158826,Physical Progress,0.146902,State_Tamil Nadu; ExpenditureProgressGap; Physical Progress
619108,,2026-04-01,0.37931,0,Agency_National Highways Authority of India [NHAI],0.752422,ProgressVelocity,-0.371109,ProjectAgeDays,-0.330212,ExpenditureProgressGap,-0.207674,OriginalCost,-0.199468,Agency_National Highways Authority of India [NHAI]; CurrentExpenditureRatio; HasRevisedCost
617200,,2026-04-01,0.033355,0,Physical Progress,-0.640499,CurrentExpenditureRatio,-0.494834,Agency_National Highways Authority of India [NHAI],-0.357402,ProjectAgeDays,-0.283936,RevisedCost,-0.231199,State_Gujarat; State_Uttar Pradesh; ProgressBehindSchedule20
618691,,2026-04-01,0.521966,1,Agency_National Highways Authority of India [NHAI],0.801682,ProjectAgeDays,-0.418164,ProgressVelocity,-0.362893,CurrentExpenditureRatio,0.14827,Physical Progress,-0.140857,Agency_National Highways Authority of India [NHAI]; CurrentExpenditureRatio; RobustCurrentGap
617962,,2026-05-01,0.759682,1,Agency_National Highways Authority of India [NHAI],-0.344184,Physical Progress,0.252628,State_Tamil Nadu,0.225052,ExpenditureProgressGap,0.187579,ApprovalToStartDays,0.180279,Physical Progress; State_Tamil Nadu; ExpenditureProgressGap
618872,,2026-04-01,0.535344,1,Agency_National Highways Authority of India [NHAI],0.842548,ProgressVelocity,-0.420836,ProjectAgeDays,-0.333533,Physical Progress,-0.205435,ApprovalToStartDays,0.198612,Agency_National Highways Authority of India [NHAI]; ApprovalToStartDays; RemainingPlannedDays
701402,,2026-05-01,0.038899,0,CurrentExpenditureRatio,-1.123306,Agency_National Highways Authority of India [NHAI],-0.609744,ExpenditureProgressGap,-0.474794,RemainingPlannedDays,-0.421178,RobustCurrentGap,-0.318267,ProjectAgeDays; ApprovalToStartDays; HasRevisedCost
618626,,2026-04-01,0.32435,0,RevisedCost,-0.389884,ProjectAgeDays,-0.314734,Agency_National Highways Authority of India [NHAI],0.287002,ProgressVelocity,-0.259627,CurrentExpenditureRatio,0.182549,Agency_National Highways Authority of India [NHAI]; CurrentExpenditureRatio; ProgressScheduleGap
618169,,2026-05-01,0.714742,1,ProgressVelocity,0.405107,Agency_National Highways Authority of India [NHAI],-0.34535,Physical Progress,0.301272,RobustCurrentGap,0.212544,ExpenditureProgressGap,0.207313,ProgressVelocity; Physical Progress; RobustCurrentGap
618788,,2026-04-01,0.827067,1,Agency_National Highways Authority of India [NHAI],0.690685,ProgressVelocity,-0.312472,State_Haryana,-0.292179,Expenditure,0.242503,CurrentExpenditureRatio,0.228913,Agency_National Highways Authority of India [NHAI]; Expenditure; CurrentExpenditureRatio
618014,,2026-05-01,0.551129,1,Agency_National Highways Authority of India [NHAI],-0.478211,OriginalCost,0.239002,RemainingPlannedDays,0.186865,RevisedCost,0.154341,ScheduleElapsedRatio,0.152642,OriginalCost; RemainingPlannedDays; RevisedCost
618365,,2026-04-01,0.171277,0,CurrentExpenditureRatio,-0.649563,Expenditure,-0.338861,ExpenditureProgressGap,0.31572,ProgressVelocity,-0.261581,RobustCurrentGap,0.254943,ExpenditureProgressGap; RobustCurrentGap; Physical Progress
705633,,2026-04-01,0.029094,0,CurrentExpenditureRatio,-1.151744,Agency_National Highways Authority of India [NHAI],-0.519874,ExpenditureProgressGap,-0.304617,OriginalCost,-0.253209,RobustCurrentExpenditurePct,-0.237984,HasRevisedDoc; HasRevisedCost; State_Uttar Pradesh
609736,,2026-05-01,0.398731,0,Agency_National Highways Authority of India [NHAI],-0.524491,ExpenditureProgressGap,-0.509979,RemainingPlannedDays,0.267487,RevisedCost,0.135006,ProgressVelocity,0.119659,RemainingPlannedDays; RevisedCost; ProgressVelocity
619103,,2026-05-01,0.92611,1,Agency_National Highways Authority of India [NHAI],0.938378,NoProgress,0.404602,ProgressVelocity,0.351491,RobustCurrentGap,0.340587,ExpenditureProgressGap,0.247549,Agency_National Highways Authority of India [NHAI]; NoProgress; ProgressVelocity
618244,,2026-05-01,0.046492,0,CurrentExpenditureRatio,-0.651468,Agency_National Highways Authority of India [NHAI],-0.524046,Physical Progress,-0.475798,ProjectAgeDays,-0.440852,Expenditure,-0.374845,ExpenditureProgressGap; ScheduleElapsedRatio; RobustCurrentGap
618216,,2026-04-01,0.339261,0,Agency_National Highways Authority of India [NHAI],-0.357632,Physical Progress,-0.25281,ProgressScheduleGap,-0.205789,ProgressVelocity,-0.186125,RemainingPlannedDays,0.172098,RemainingPlannedDays; ApprovalToStartDays; Expenditure
612139,,2026-05-01,0.765072,1,ProgressVelocity,0.657505,Expenditure,0.454249,Agency_National Highways Authority of India [NHAI],-0.336958,CurrentExpenditureRatio,0.283351,Physical Progress,0.162504,ProgressVelocity; Expenditure; CurrentExpenditureRatio
705562,,2026-04-01,0.0873,0,Agency_National Highways Authority of India [NHAI],-0.500662,ExpenditureProgressGap,-0.405702,RobustCurrentGap,-0.31521,Expenditure,-0.225531,ProgressVelocity,-0.185998,HasRevisedDoc; CurrentExpenditureRatio; HasRevisedCost
618768,,2026-05-01,0.919126,1,Agency_National Highways Authority of India [NHAI],1.187551,ProgressVelocity,0.470397,Physical Progress,-0.437222,State_Uttar Pradesh,-0.308377,RemainingPlannedDays,0.27726,Agency_National Highways Authority of India [NHAI]; ProgressVelocity; RemainingPlannedDays
618812,,2026-05-01,0.820931,1,Agency_National Highways Authority of India [NHAI],1.136549,ProjectAgeDays,-0.258936,RemainingPlannedDays,0.244573,ProgressVelocity,0.236101,Physical Progress,-0.161619,Agency_National Highways Authority of India [NHAI]; RemainingPlannedDays; ProgressVelocity
619150,,2026-04-01,0.799366,1,Agency_National Highways Authority of India [NHAI],0.996112,ProgressVelocity,-0.42092,RobustCurrentGap,0.26566,ExpenditureProgressGap,0.228354,ProjectAgeDays,-0.132251,Agency_National Highways Authority of India [NHAI]; RobustCurrentGap; ExpenditureProgressGap
619092,,2026-05-01,0.97829,1,Agency_National Highways Authority of India [NHAI],1.057766,ProgressVelocity,0.577487,NoProgress,0.443511,Physical Progress,0.317869,RobustCurrentGap,0.316993,Agency_National Highways Authority of India [NHAI]; ProgressVelocity; NoProgress
612142,,2026-05-01,0.215257,0,Agency_National Thermal Power Corporation [NTPC],0.874983,Physical Progress,-0.423106,Agency_National Highways Authority of India [NHAI],-0.378773,State_Uttar Pradesh,-0.234379,ProgressVelocity,-0.208718,Agency_National Thermal Power Corporation [NTPC]; CurrentExpenditureRatio; HasRevisedDoc
617271,,2026-05-01,0.676919,1,RevisedCost,0.588291,NoProgress,0.323149,Agency_National Highways Authority of India [NHAI],-0.302953,CurrentExpenditureRatio,0.240051,ExpenditureProgressGap,-0.16787,RevisedCost; NoProgress; CurrentExpenditureRatio
618282,,2026-05-01,0.883838,1,ProgressVelocity,0.753047,ProgressScheduleGap,0.377672,Agency_NHIDCL,0.343034,Agency_National Highways Authority of India [NHAI],-0.298536,CurrentExpenditureRatio,0.235879,ProgressVelocity; ProgressScheduleGap; Agency_NHIDCL
618254,,2026-04-01,0.494247,1,Expenditure,0.342351,Agency_National Highways Authority of India [NHAI],-0.295159,RevisedCost,0.23725,ProgressVelocity,-0.205321,ExpenditureProgressGap,-0.203753,Expenditure; RevisedCost; CurrentExpenditureRatio
705480,,2026-05-01,0.065722,0,RemainingPlannedDays,-0.804728,ApprovalToStartDays,-0.704299,Agency_National Highways Authority of India [NHAI],-0.535142,Expenditure,0.272569,OriginalCost,-0.207788,Expenditure; CurrentExpenditureRatio; ProgressVelocity
618444,,2026-05-01,0.846482,1,NoProgress,0.632527,ProgressVelocity,0.493773,HasRevisedDoc,-0.466531,ExpenditureProgressGap,0.404212,RobustCurrentGap,0.394739,NoProgress; ProgressVelocity; ExpenditureProgressGap
618188,,2026-04-01,0.140608,0,CurrentExpenditureRatio,-0.535282,ProgressVelocity,-0.270501,Expenditure,-0.246914,Agency_National Highways Authority of India [NHAI],-0.235382,ProjectAgeDays,0.222561,ProjectAgeDays; ExpenditureProgressGap; RevisedCost
617992,,2026-04-01,0.230967,0,ProjectAgeDays,-0.381738,Agency_National Highways Authority of India [NHAI],-0.370986,ProgressVelocity,-0.338226,NoProgress,-0.163437,Physical Progress,0.144592,Physical Progress; ExpenditureProgressGap; HasRevisedDoc
618607,,2026-04-01,0.498378,1,Agency_National Highways Authority of India [NHAI],0.553403,ProgressVelocity,-0.392278,Expenditure,-0.243877,ProgressScheduleGap,0.192355,NoProgress,-0.123031,Agency_National Highways Authority of India [NHAI]; ProgressScheduleGap; ExpenditureProgressGap
618286,,2026-04-01,0.470256,1,ProgressVelocity,-0.334678,Agency_National Highways Authority of India [NHAI],-0.306707,ProgressScheduleGap,0.200611,ExpenditureProgressGap,0.187427,Physical Progress,0.179348,ProgressScheduleGap; ExpenditureProgressGap; Physical Progress
400078,,2026-04-01,0.564308,1,Expenditure,0.742275,CurrentExpenditureRatio,0.491891,Agency_National Highways Authority of India [NHAI],-0.390958,Physical Progress,0.215633,ExpenditureProgressGap,-0.186814,Expenditure; CurrentExpenditureRatio; Physical Progress
705502,,2026-05-01,0.150231,0,ProgressVelocity,-0.61116,Agency_National Highways Authority of India [NHAI],-0.503872,NegativeProgressVelocity,-0.222696,ExpenditureProgressGap,-0.217757,RemainingPlannedDays,-0.16556,State_Maharashtra; HasRevisedDoc; Physical Progress
707069,,2026-04-01,0.028857,0,CurrentExpenditureRatio,-0.694682,Physical Progress,-0.587935,Agency_National Highways Authority of India [NHAI],-0.415295,HasRevisedDoc,-0.383688,Expenditure,-0.244071,ScheduleElapsedRatio; HasRevisedCost; ElapsedDays
618697,,2026-04-01,0.781461,1,Agency_National Highways Authority of India [NHAI],0.822772,ExpenditureProgressGap,-0.207451,ProgressVelocity,-0.151179,RemainingPlannedDays,0.136717,CurrentExpenditureRatio,0.124873,Agency_National Highways Authority of India [NHAI]; RemainingPlannedDays; CurrentExpenditureRatio
618253,,2026-05-01,0.112602,0,Physical Progress,-0.705996,CurrentExpenditureRatio,-0.666788,Agency_National Highways Authority of India [NHAI],-0.569302,NoProgress,0.415958,Expenditure,-0.279503,NoProgress; ProgressScheduleGap; RemainingPlannedDays
618388,,2026-05-01,0.730313,1,Agency_NHIDCL,0.444641,Agency_National Highways Authority of India [NHAI],-0.375656,ProgressVelocity,0.327777,ProjectAgeDays,0.221797,CurrentExpenditureRatio,0.186102,Agency_NHIDCL; ProgressVelocity; ProjectAgeDays
400142,,2026-05-01,0.748354,1,HasRevisedDoc,-0.574453,State_Jharkhand,0.491939,ProgressVelocity,0.449582,NoProgress,0.423999,CurrentExpenditureRatio,0.360094,State_Jharkhand; ProgressVelocity; NoProgress
618397,,2026-04-01,0.135038,0,CurrentExpenditureRatio,-0.666904,Agency_National Highways Authority of India [NHAI],-0.43014,Physical Progress,-0.371818,"State_Jammu andKashmir",0.34628,ProgressVelocity,-0.321633,"State_Jammu andKashmir; RevisedCost; OriginalCost"
706950,,2026-05-01,0.098196,0,CurrentExpenditureRatio,-0.731893,Agency_National Highways Authority of India [NHAI],-0.662486,RemainingPlannedDays,-0.302136,ExpenditureProgressGap,-0.298074,Expenditure,0.250993,Expenditure; Physical Progress; HasRevisedDoc
702635,,2026-04-01,0.037392,0,OriginalCost,-0.635854,CurrentExpenditureRatio,-0.524997,Agency_National Highways Authority of India [NHAI],-0.518971,RevisedCost,-0.466387,ExpenditureProgressGap,-0.292454,HasRevisedDoc; HasRevisedCost; PlannedDurationDays
618323,,2026-05-01,0.055868,0,CurrentExpenditureRatio,-0.959479,Physical Progress,-0.619917,Agency_National Highways Authority of India [NHAI],-0.527611,NoProgress,0.446582,Agency_NHIDCL,0.393864,NoProgress; Agency_NHIDCL; ProgressVelocity
617981,,2026-04-01,0.123403,0,CurrentExpenditureRatio,-0.511629,ProjectAgeDays,-0.317274,Agency_National Highways Authority of India [NHAI],-0.303249,RevisedCost,0.288235,ProgressVelocity,-0.239579,RevisedCost; ApprovalToStartDays; OriginalCost
616886,,2026-05-01,0.18146,0,HasRevisedDoc,-0.392505,Agency_National Highways Authority of India [NHAI],-0.327479,Physical Progress,-0.314346,State_Delhi,0.241366,ProjectAgeDays,-0.236851,State_Delhi; Expenditure; OriginalCost
705391,,2026-04-01,0.076068,0,RemainingPlannedDays,-0.730574,ApprovalToStartDays,-0.662799,Agency_National Highways Authority of India [NHAI],-0.436405,Expenditure,0.312202,ProjectAgeDays,-0.208498,Expenditure; HasRevisedCost; ElapsedDays
400178,,2026-04-01,0.504375,1,CurrentExpenditureRatio,0.606247,HasRevisedDoc,-0.426414,Agency_National Highways Authority of India [NHAI],-0.321877,ProgressVelocity,-0.172608,ExpenditureProgressGap,0.162062,CurrentExpenditureRatio; ExpenditureProgressGap; State_Maharashtra
618568,,2026-04-01,0.206827,0,Agency_NHAI,0.472835,Physical Progress,-0.465534,ProjectAgeDays,-0.354971,OriginalCost,-0.349884,Agency_National Highways Authority of India [NHAI],-0.307276,Agency_NHAI; LateStageLowProgress; RobustCurrentGap
618404,,2026-04-01,0.012046,0,CurrentExpenditureRatio,-0.907215,Physical Progress,-0.701986,ProjectAgeDays,-0.494861,Agency_National Highways Authority of India [NHAI],-0.437738,Expenditure,-0.425752,ScheduleElapsedRatio; ExpenditureProgressGap; RemainingPlannedDays
618106,,2026-05-01,0.900198,1,NoProgress,0.498035,Physical Progress,0.332692,ProgressVelocity,0.328818,ExpenditureProgressGap,0.309393,Agency_National Highways Authority of India [NHAI],-0.294779,NoProgress; Physical Progress; ProgressVelocity
616611,,2026-05-01,0.190221,0,Agency_National Highways Authority of India [NHAI],-0.536489,ExpenditureProgressGap,-0.383109,RobustCurrentGap,-0.342434,NoProgress,0.31725,RevisedCost,-0.250068,NoProgress; Expenditure; ProgressVelocity
400022,,2026-05-01,0.378692,0,Agency_North Western Railway [NWR],1.447778,Agency_National Highways Authority of India [NHAI],-0.412597,OriginalCost,-0.27817,ExpenditureProgressGap,-0.263249,CurrentExpenditureRatio,-0.219181,Agency_North Western Railway [NWR]; Expenditure; HasRevisedDoc
616843,,2026-04-01,0.766635,1,Agency_North Western Railway [NWR],1.583684,HasRevisedDoc,-0.3493,ProjectAgeDays,0.333117,Expenditure,0.177542,Agency_National Highways Authority of India [NHAI],-0.169731,Agency_North Western Railway [NWR]; ProjectAgeDays; Expenditure
619155,,2026-04-01,0.69749,1,Agency_National Highways Authority of India [NHAI],0.595367,ProgressVelocity,-0.347468,State_Uttarakhand,-0.240078,RobustCurrentGap,0.221686,OriginalCost,-0.182129,Agency_National Highways Authority of India [NHAI]; RobustCurrentGap; CurrentExpenditureRatio
617937,,2026-05-01,0.060069,0,Physical Progress,-0.748776,CurrentExpenditureRatio,-0.723386,Agency_National Highways Authority of India [NHAI],-0.523957,HasRevisedDoc,-0.383361,NoProgress,0.376358,NoProgress; ProgressScheduleGap; ProgressVelocity
615863,,2026-05-01,0.093805,0,CurrentExpenditureRatio,-0.755818,HasRevisedDoc,-0.578517,Agency_National Highways Authority of India [NHAI],-0.475112,ExpenditureProgressGap,-0.245214,ProgressVelocity,0.200265,ProgressVelocity; Expenditure; NoProgress
618688,,2026-04-01,0.221233,0,Agency_National Highways Authority of India [NHAI],0.697093,ProjectAgeDays,-0.547133,ProgressVelocity,-0.348551,Physical Progress,-0.192042,RobustCurrentGap,-0.187726,Agency_National Highways Authority of India [NHAI]; ScheduleElapsedRatio; HasRevisedCost
619027,,2026-04-01,0.121509,0,Physical Progress,-0.333953,Agency_National Highways Authority of India [NHAI],-0.295448,Expenditure,0.27515,CurrentExpenditureRatio,-0.254204,ProjectAgeDays,-0.234894,Expenditure; OriginalCost; ElapsedDays
618354,,2026-04-01,0.464604,1,CurrentExpenditureRatio,-0.562878,ProjectAgeDays,0.446296,RobustCurrentGap,0.431093,ExpenditureProgressGap,0.354931,Expenditure,-0.299899,ProjectAgeDays; RobustCurrentGap; ExpenditureProgressGap
618291,,2026-05-01,0.793564,1,Agency_NHIDCL,0.632788,RevisedCost,0.515895,ProgressVelocity,0.442231,NoProgress,0.400833,Agency_National Highways Authority of India [NHAI],-0.269108,Agency_NHIDCL; RevisedCost; ProgressVelocity
618594,,2026-05-01,0.91623,1,Agency_National Highways Authority of India [NHAI],0.917553,RemainingPlannedDays,0.369473,ProgressVelocity,0.243808,Physical Progress,0.197573,State_Maharashtra,0.169797,Agency_National Highways Authority of India [NHAI]; RemainingPlannedDays; ProgressVelocity
618884,,2026-04-01,0.581233,1,Agency_National Highways Authority of India [NHAI],0.655985,ProgressVelocity,-0.252255,OriginalCost,-0.149399,State_Uttar Pradesh,-0.111952,NoProgress,-0.102184,Agency_National Highways Authority of India [NHAI]; CurrentExpenditureRatio; ExpenditureProgressGap
618697,,2026-05-01,0.846458,1,Agency_National Highways Authority of India [NHAI],0.972462,ProgressVelocity,0.285468,Physical Progress,-0.194424,ApprovalToStartDays,-0.190311,RobustCurrentGap,0.182023,Agency_National Highways Authority of India [NHAI]; ProgressVelocity; RobustCurrentGap
618507,,2026-05-01,0.357512,0,Agency_National Highways Authority of India [NHAI],0.905661,CurrentExpenditureRatio,-0.528012,ExpenditureProgressGap,-0.351076,RobustCurrentExpenditurePct,-0.284502,ApprovalToStartDays,-0.283394,Agency_National Highways Authority of India [NHAI]; RemainingPlannedDays; HasRevisedDoc
618985,,2026-04-01,0.151705,0,Physical Progress,-0.490603,CurrentExpenditureRatio,-0.404066,Agency_National Highways Authority of India [NHAI],-0.313967,RobustCurrentGap,0.233581,RevisedCost,-0.214964,RobustCurrentGap; RemainingPlannedDays; Expenditure
705728,,2026-04-01,0.049253,0,ExpenditureProgressGap,-0.559927,OriginalCost,-0.550483,RobustCurrentGap,-0.546993,RevisedCost,-0.528436,Agency_National Highways Authority of India [NHAI],-0.466545,ProgressScheduleGap; Expenditure; Physical Progress
618613,,2026-05-01,0.931106,1,Agency_National Highways Authority of India [NHAI],1.251221,Physical Progress,0.493762,ProgressVelocity,0.334533,ProjectAgeDays,0.282497,Expenditure,0.24872,Agency_National Highways Authority of India [NHAI]; Physical Progress; ProgressVelocity
615334,,2026-04-01,0.176554,0,Agency_National Highways Authority of India [NHAI],-0.361664,Physical Progress,-0.330498,ExpenditureProgressGap,-0.212735,ProgressVelocity,-0.179365,OriginalCost,-0.136941,CurrentExpenditureRatio; Expenditure; HasRevisedDoc
619194,,2026-05-01,0.034897,0,CurrentExpenditureRatio,-0.762865,Physical Progress,-0.58486,Agency_National Highways Authority of India [NHAI],-0.387495,HasRevisedDoc,-0.363771,ProgressScheduleGap,-0.347647,ScheduleElapsedRatio; RemainingPlannedDays; OriginalCost
618822,,2026-05-01,0.599032,1,Agency_National Highways Authority of India [NHAI],0.470998,ProjectAgeDays,-0.323006,NoProgress,0.273694,State_Odisha,-0.256553,Physical Progress,0.145526,Agency_National Highways Authority of India [NHAI]; NoProgress; Physical Progress
617806,,2026-05-01,0.192444,0,ProgressVelocity,0.505261,HasRevisedDoc,-0.467071,Physical Progress,-0.343712,Agency_National Highways Authority of India [NHAI],-0.254405,ProjectAgeDays,-0.21702,ProgressVelocity; ProgressScheduleGap; ExpenditureProgressGap
618675,,2026-04-01,0.564964,1,Agency_National Highways Authority of India [NHAI],0.703672,ProgressVelocity,-0.296036,ProgressScheduleGap,-0.260805,Expenditure,0.12257,ExpenditureProgressGap,0.110886,Agency_National Highways Authority of India [NHAI]; Expenditure; ExpenditureProgressGap
705772,,2026-05-01,0.136233,0,Agency_National Highways Authority of India [NHAI],-0.472673,ProgressVelocity,-0.410304,ExpenditureProgressGap,-0.244773,OriginalCost,-0.236581,State_Uttar Pradesh,-0.232547,CurrentExpenditureRatio; Physical Progress; HasRevisedCost
619224,,2026-05-01,0.041514,0,CurrentExpenditureRatio,-0.525906,Agency_National Highways Authority of India [NHAI],-0.445396,Physical Progress,-0.368818,ProjectAgeDays,-0.359916,RevisedCost,-0.283322,ProgressVelocity; State_Maharashtra; State_Uttar Pradesh
618806,,2026-05-01,0.785443,1,Agency_National Highways Authority of India [NHAI],0.948391,ProjectAgeDays,-0.264474,RobustCurrentGap,-0.187815,ProgressScheduleGap,0.17706,Expenditure,0.158644,Agency_National Highways Authority of India [NHAI]; ProgressScheduleGap; Expenditure
605156,,2026-04-01,0.201001,0,ExpenditureProgressGap,-0.438011,Agency_National Highways Authority of India [NHAI],-0.436852,RobustCurrentGap,-0.312292,RemainingPlannedDays,-0.245467,ProgressVelocity,-0.181867,CurrentExpenditureRatio; HasRevisedDoc; OriginalCost
618436,,2026-05-01,0.743332,1,ProgressVelocity,0.500925,NoProgress,0.494794,Agency_National Highways Authority of India [NHAI],-0.493018,Agency_NHIDCL,0.344223,ProjectAgeDays,-0.270648,ProgressVelocity; NoProgress; Agency_NHIDCL
612211,,2026-04-01,0.283224,0,Agency_National Highways Authority of India [NHAI],-0.40528,Physical Progress,-0.302482,ProgressVelocity,-0.158048,Expenditure,-0.150103,State_Gujarat,-0.133535,ExpenditureProgressGap; LateStageLowProgress; ProgressScheduleGap
617069,,2026-04-01,0.090308,0,ExpenditureProgressGap,-0.398749,HasRevisedDoc,-0.365175,State_Gujarat,-0.353127,Agency_National Highways Authority of India [NHAI],-0.27436,Physical Progress,-0.272547,CurrentExpenditureRatio; RemainingPlannedDays; OriginalCost
619162,,2026-04-01,0.538304,1,Agency_National Highways Authority of India [NHAI],0.722231,CurrentExpenditureRatio,0.392509,ProgressVelocity,-0.29171,ProgressScheduleGap,-0.209269,ApprovalToStartDays,-0.158721,Agency_National Highways Authority of India [NHAI]; CurrentExpenditureRatio; Expenditure
618068,,2026-05-01,0.429558,0,RevisedCost,-0.578789,NoProgress,0.52086,CurrentExpenditureRatio,-0.508552,ProgressVelocity,0.35109,ExpenditureProgressGap,0.301368,NoProgress; ProgressVelocity; ExpenditureProgressGap
618522,,2026-05-01,0.761985,1,Agency_National Highways Authority of India [NHAI],0.844514,ProgressVelocity,0.365733,CurrentExpenditureRatio,0.302312,State_Tamil Nadu,0.270422,RevisedCost,-0.201949,Agency_National Highways Authority of India [NHAI]; ProgressVelocity; CurrentExpenditureRatio
618321,,2026-04-01,0.035027,0,CurrentExpenditureRatio,-0.925302,Physical Progress,-0.386248,Agency_National Highways Authority of India [NHAI],-0.379825,ProgressScheduleGap,0.344904,Expenditure,-0.279984,ProgressScheduleGap; RemainingPlannedDays; ScheduleElapsedRatio
617938,,2026-04-01,0.025401,0,CurrentExpenditureRatio,-0.677127,ProjectAgeDays,-0.531568,Physical Progress,-0.381351,Agency_National Highways Authority of India [NHAI],-0.37979,ExpenditureProgressGap,-0.275893,ScheduleElapsedRatio; RemainingPlannedDays; State_Maharashtra
617999,,2026-05-01,0.710868,1,NoProgress,0.353294,ProgressVelocity,0.27177,Agency_National Highways Authority of India [NHAI],-0.256581,ExpenditureProgressGap,0.240853,CurrentExpenditureRatio,0.207396,NoProgress; ProgressVelocity; ExpenditureProgressGap
618666,,2026-05-01,0.905995,1,Agency_National Highways Authority of India [NHAI],0.967519,ProgressVelocity,0.627434,Expenditure,0.225067,ApprovalToStartDays,0.222488,ProgressScheduleGap,-0.199034,Agency_National Highways Authority of India [NHAI]; ProgressVelocity; Expenditure
706942,,2026-05-01,0.172789,0,CurrentExpenditureRatio,-0.514096,Physical Progress,-0.499798,Agency_National Highways Authority of India [NHAI],-0.433247,HasRevisedDoc,-0.432297,NoProgress,0.406498,NoProgress; ProgressVelocity; RevisedCost
615916,,2026-04-01,0.124287,0,HasRevisedDoc,-0.363198,Agency_National Highways Authority of India [NHAI],-0.279999,Physical Progress,-0.255888,ProgressVelocity,-0.20438,CurrentExpenditureRatio,-0.177549,ProjectAgeDays; RobustCurrentGap; Agency_Western Coalfields Limited [WCL]
618778,,2026-04-01,0.557806,1,Agency_National Highways Authority of India [NHAI],0.609202,ProgressVelocity,-0.389868,ExpenditureProgressGap,0.138094,NoProgress,-0.129594,RemainingPlannedDays,-0.120297,Agency_National Highways Authority of India [NHAI]; ExpenditureProgressGap; Expenditure
618132,,2026-04-01,0.131641,0,HasRevisedDoc,-0.81282,ProjectAgeDays,-0.359625,ProgressVelocity,-0.286355,Agency_National Highways Authority of India [NHAI],-0.247585,Expenditure,-0.155524,ExpenditureProgressGap; RobustCurrentGap; Agency_MoRTH
616605,,2026-04-01,0.21481,0,Agency_National Highways Authority of India [NHAI],-0.324046,Physical Progress,-0.298495,ProgressScheduleGap,-0.236587,ProgressVelocity,-0.177222,Agency_National Mission for Clean Ganga,-0.165003,Expenditure; ExpenditureProgressGap; ScheduleElapsedRatio
619030,,2026-04-01,0.326965,0,Physical Progress,-0.528611,Expenditure,0.417237,Agency_National Highways Authority of India [NHAI],-0.286011,HasRevisedDoc,-0.224552,ProjectAgeDays,0.217194,Expenditure; ProjectAgeDays; RobustCurrentGap
706718,,2026-05-01,0.132836,0,Agency_National Highways Authority of India [NHAI],-0.512407,Agency_Airport Authority of India [AAI],-0.375834,ExpenditureProgressGap,-0.37053,RobustCurrentGap,-0.242731,Physical Progress,-0.206233,CurrentExpenditureRatio; OriginalCost; HasRevisedDoc
400187,,2026-05-01,0.158824,0,HasRevisedDoc,-0.695502,ProgressVelocity,0.499288,Agency_National Highways Authority of India [NHAI],-0.33641,ProjectAgeDays,-0.331325,OriginalCost,-0.176793,ProgressVelocity; Expenditure; RobustCurrentExpenditurePct
612834,,2026-05-01,0.164868,0,HasRevisedDoc,-0.752605,State_Odisha,-0.260146,ExpenditureProgressGap,0.208642,Agency_East Coast Railway [ECoR] - II,0.188537,Agency_National Highways Authority of India [NHAI],-0.162575,ExpenditureProgressGap; Agency_East Coast Railway [ECoR] - II; RobustCurrentGap
617908,,2026-05-01,0.079277,0,CurrentExpenditureRatio,-0.740295,Physical Progress,-0.566083,Agency_National Highways Authority of India [NHAI],-0.407039,Expenditure,-0.400337,ProjectAgeDays,-0.323963,OriginalCost; RobustCurrentGap; ProgressVelocity
705612,,2026-05-01,0.072346,0,CurrentExpenditureRatio,-1.0604,Agency_National Highways Authority of India [NHAI],-0.578323,ExpenditureProgressGap,-0.379698,RobustCurrentExpenditurePct,-0.242292,ProjectAgeDays,0.181443,ProjectAgeDays; Physical Progress; HasRevisedDoc
615333,,2026-04-01,0.121158,0,Agency_National Highways Authority of India [NHAI],-0.370387,Physical Progress,-0.309037,Expenditure,-0.24066,OriginalCost,-0.220465,ExpenditureProgressGap,-0.196098,CurrentExpenditureRatio; RobustCurrentGap; HasRevisedDoc
617764,,2026-04-01,0.370003,0,HasRevisedDoc,-0.468789,State_Jharkhand,0.406937,Physical Progress,-0.405275,Agency_National Highways Authority of India [NHAI],-0.239154,ExpenditureProgressGap,0.192074,State_Jharkhand; ExpenditureProgressGap; ProgressScheduleGap
618033,,2026-04-01,0.323848,0,Agency_National Highways Authority of India [NHAI],-0.435936,RemainingPlannedDays,0.290236,State_Arunachal Pradesh,-0.241281,ProgressVelocity,-0.198269,CurrentExpenditureRatio,0.132082,RemainingPlannedDays; CurrentExpenditureRatio; ApprovalToStartDays
618568,,2026-05-01,0.126931,0,Physical Progress,-0.688508,Agency_NHAI,0.524658,State_Uttar Pradesh,-0.399951,ProjectAgeDays,-0.392251,Agency_National Highways Authority of India [NHAI],-0.326081,Agency_NHAI; CurrentExpenditureRatio; LateStageLowProgress
709793,,2026-04-01,0.106469,0,Agency_National Highways Authority of India [NHAI],-0.40225,Physical Progress,-0.273301,State_Bihar,0.237244,OriginalCost,-0.223679,RemainingPlannedDays,-0.168466,State_Bihar; HasRevisedDoc; State_Uttar Pradesh
617920,,2026-04-01,0.021391,0,CurrentExpenditureRatio,-0.919957,Physical Progress,-0.529654,Agency_National Highways Authority of India [NHAI],-0.483068,ProgressScheduleGap,-0.303727,Expenditure,-0.298497,RemainingPlannedDays; ScheduleElapsedRatio; HasRevisedDoc
701668,,2026-05-01,0.029407,0,CurrentExpenditureRatio,-0.914673,Physical Progress,-0.570319,ProgressVelocity,0.477877,Agency_National Highways Authority of India [NHAI],-0.451459,ProjectAgeDays,-0.411393,ProgressVelocity; RemainingPlannedDays; State_Uttar Pradesh
705502,,2026-04-01,0.312189,0,Agency_National Highways Authority of India [NHAI],-0.440595,ExpenditureProgressGap,-0.393065,Physical Progress,0.296385,RobustCurrentGap,-0.261391,Expenditure,0.228968,Physical Progress; Expenditure; State_Maharashtra
618459,,2026-04-01,0.580094,1,Agency_National Highways Authority of India [NHAI],0.88557,ProgressVelocity,-0.329835,ExpenditureProgressGap,-0.30265,ProgressScheduleGap,-0.256892,CurrentExpenditureRatio,0.208659,Agency_National Highways Authority of India [NHAI]; CurrentExpenditureRatio; ApprovalToStartDays
618331,,2026-05-01,0.295017,0,Physical Progress,-0.744999,NoProgress,0.351522,Agency_NHIDCL,0.325934,ProgressScheduleGap,-0.316557,Agency_National Highways Authority of India [NHAI],-0.29348,NoProgress; Agency_NHIDCL; ProgressVelocity
615202,,2026-05-01,0.180881,0,ProgressVelocity,-0.687929,Agency_National Highways Authority of India [NHAI],-0.485949,Physical Progress,-0.331303,RemainingPlannedDays,0.245668,OriginalCost,-0.24443,RemainingPlannedDays; CurrentExpenditureRatio; LateStageLowProgress
618685,,2026-04-01,0.796314,1,Agency_National Highways Authority of India [NHAI],0.847674,CurrentExpenditureRatio,0.337703,ProjectAgeDays,0.322572,ProgressScheduleGap,-0.233968,ProgressVelocity,-0.192956,Agency_National Highways Authority of India [NHAI]; CurrentExpenditureRatio; ProjectAgeDays
618761,,2026-04-01,0.694025,1,Agency_National Highways Authority of India [NHAI],0.88094,CurrentExpenditureRatio,0.185911,ExpenditureProgressGap,-0.184493,Expenditure,-0.170116,ProgressVelocity,-0.165318,Agency_National Highways Authority of India [NHAI]; CurrentExpenditureRatio; ProjectAgeDays
705495,,2026-04-01,0.118089,0,Agency_National Highways Authority of India [NHAI],-0.470839,ApprovalToStartDays,-0.41953,Expenditure,-0.204189,Physical Progress,-0.203038,ProgressVelocity,-0.157743,HasRevisedCost; HasRevisedDoc; State_Gujarat
619318,,2026-05-01,0.860392,1,Agency_National Highways Authority of India [NHAI],1.152041,NoProgress,0.318475,Physical Progress,-0.266186,Expenditure,0.218802,ProgressVelocity,0.201266,Agency_National Highways Authority of India [NHAI]; NoProgress; Expenditure
619227,,2026-04-01,0.092713,0,Physical Progress,-0.52702,CurrentExpenditureRatio,-0.329267,Agency_National Highways Authority of India [NHAI],-0.324939,HasRevisedDoc,-0.278226,RobustCurrentGap,0.248253,RobustCurrentGap; ProjectAgeDays; State_Gujarat
617181,,2026-05-01,0.142593,0,Agency_National Highways Authority of India [NHAI],-0.42425,Physical Progress,-0.281631,RevisedCost,-0.204705,ProjectAgeDays,-0.193937,State_Rajasthan,-0.144839,Expenditure; OriginalCost; RemainingPlannedDays
619098,,2026-04-01,0.53644,1,Agency_National Highways Authority of India [NHAI],0.703776,ProgressVelocity,-0.412894,Physical Progress,0.303927,ProgressScheduleGap,-0.261069,ApprovalToStartDays,-0.182595,Agency_National Highways Authority of India [NHAI]; Physical Progress; HasRevisedDoc
617950,,2026-04-01,0.063217,0,CurrentExpenditureRatio,-0.806036,Physical Progress,-0.575697,Agency_National Highways Authority of India [NHAI],-0.475335,ProjectAgeDays,-0.350014,RevisedCost,0.315146,RevisedCost; OriginalCost; RemainingPlannedDays
705785,,2026-05-01,0.312699,0,State_Jharkhand,0.692034,Agency_National Highways Authority of India [NHAI],-0.540242,ApprovalToStartDays,-0.517659,Physical Progress,-0.314626,Expenditure,0.157212,State_Jharkhand; Expenditure; RobustCurrentGap
619121,,2026-04-01,0.562967,1,Agency_National Highways Authority of India [NHAI],0.914731,ProgressVelocity,-0.415936,OriginalCost,-0.23856,ExpenditureProgressGap,0.190102,ApprovalToStartDays,-0.17266,Agency_National Highways Authority of India [NHAI]; ExpenditureProgressGap; Expenditure
618552,,2026-05-01,0.875103,1,Agency_National Highways Authority of India [NHAI],1.157523,ProgressVelocity,0.684967,OriginalCost,-0.208987,ExpenditureProgressGap,-0.201223,ApprovalToStartDays,0.196676,Agency_National Highways Authority of India [NHAI]; ProgressVelocity; ApprovalToStartDays
400062,,2026-05-01,0.142691,0,Agency_National Highways Authority of India [NHAI],-0.430637,HasRevisedDoc,-0.409379,RevisedCost,-0.341334,Physical Progress,-0.31443,Expenditure,0.205784,Expenditure; ApprovalToStartDays; RemainingPlannedDays
709851,,2026-04-01,0.204615,0,Agency_National Highways Authority of India [NHAI],-0.421135,Physical Progress,-0.286071,ExpenditureProgressGap,-0.260138,Expenditure,0.255086,RemainingPlannedDays,0.248356,Expenditure; RemainingPlannedDays; ProjectAgeDays
618760,,2026-04-01,0.589178,1,Agency_National Highways Authority of India [NHAI],1.051794,CurrentExpenditureRatio,-0.36018,ProgressVelocity,-0.28298,ExpenditureProgressGap,-0.186521,Physical Progress,0.179686,Agency_National Highways Authority of India [NHAI]; Physical Progress; HasRevisedDoc
619301,,2026-05-01,0.807611,1,Agency_NHAI,0.698354,NoProgress,0.514521,ProgressVelocity,0.43956,Agency_National Highways Authority of India [NHAI],-0.353826,State_Bihar,0.278581,Agency_NHAI; NoProgress; ProgressVelocity
705392,,2026-04-01,0.169573,0,Agency_National Highways Authority of India [NHAI],-0.502585,CurrentExpenditureRatio,-0.409429,RobustCurrentGap,-0.254719,OriginalCost,-0.245135,Expenditure,0.239225,Expenditure; ProgressScheduleGap; LateStageLowProgress
617923,,2026-04-01,0.213768,0,Agency_National Highways Authority of India [NHAI],-0.399165,RevisedCost,-0.36479,ProgressScheduleGap,-0.31037,RemainingPlannedDays,0.259825,Physical Progress,-0.256382,RemainingPlannedDays; OriginalCost; Expenditure
618852,,2026-04-01,0.816042,1,Agency_National Highways Authority of India [NHAI],0.917295,OriginalCost,0.328746,ProgressVelocity,-0.216234,CurrentExpenditureRatio,0.207926,RevisedCost,0.152461,Agency_National Highways Authority of India [NHAI]; OriginalCost; CurrentExpenditureRatio
705617,,2026-04-01,0.047793,0,CurrentExpenditureRatio,-0.739736,Agency_National Highways Authority of India [NHAI],-0.484961,Expenditure,-0.26914,OriginalCost,-0.263377,RemainingPlannedDays,-0.241892,HasRevisedDoc; ApprovalToStartDays; PlannedDurationDays
617951,,2026-04-01,0.074035,0,CurrentExpenditureRatio,-0.723792,Physical Progress,-0.680144,Agency_National Highways Authority of India [NHAI],-0.472768,ProgressScheduleGap,0.293242,Expenditure,-0.245951,ProgressScheduleGap; RemainingPlannedDays; RevisedCost
618434,,2026-04-01,0.399989,0,ProjectAgeDays,-0.41103,RobustCurrentGap,0.323937,ProgressVelocity,-0.312933,Agency_National Highways Authority of India [NHAI],-0.308536,State_Arunachal Pradesh,-0.243458,RobustCurrentGap; ExpenditureProgressGap; Physical Progress
618471,,2026-04-01,0.54272,1,Agency_National Highways Authority of India [NHAI],0.484001,ProgressVelocity,-0.458086,OriginalCost,-0.21723,RobustCurrentGap,0.179873,ExpenditureProgressGap,0.155784,Agency_National Highways Authority of India [NHAI]; RobustCurrentGap; ExpenditureProgressGap
617802,,2026-04-01,0.306608,0,Expenditure,0.315464,ProjectAgeDays,-0.312751,HasRevisedDoc,-0.273114,Agency_National Highways Authority of India [NHAI],-0.250167,RevisedCost,0.232998,Expenditure; RevisedCost; CurrentExpenditureRatio
613801,,2026-05-01,0.206214,0,Agency_National Highways Authority of India [NHAI],-0.496918,ExpenditureProgressGap,-0.401843,NoProgress,0.324333,RobustCurrentGap,-0.28601,Physical Progress,-0.225329,NoProgress; CurrentExpenditureRatio; ProgressVelocity
618328,,2026-05-01,0.77407,1,NoProgress,0.557324,ProgressVelocity,0.515394,HasRevisedDoc,-0.459784,Agency_NHIDCL,0.400613,ExpenditureProgressGap,0.23675,NoProgress; ProgressVelocity; Agency_NHIDCL
618489,,2026-05-01,0.799752,1,Agency_National Highways Authority of India [NHAI],1.061129,ProgressVelocity,0.362323,ExpenditureProgressGap,-0.200357,OriginalCost,-0.135311,RobustCurrentGap,-0.134989,Agency_National Highways Authority of India [NHAI]; ProgressVelocity; ProjectAgeDays
709845,,2026-04-01,0.159022,0,Agency_National Highways Authority of India [NHAI],-0.423876,ExpenditureProgressGap,-0.350675,RobustCurrentGap,-0.230914,RevisedCost,-0.18881,ProgressVelocity,-0.176697,CurrentExpenditureRatio; Physical Progress; Expenditure
618249,,2026-05-01,0.038928,0,CurrentExpenditureRatio,-0.863076,Physical Progress,-0.581356,Agency_National Highways Authority of India [NHAI],-0.518531,ProjectAgeDays,-0.463245,Expenditure,-0.428585,RobustCurrentGap; ApprovalToStartDays; ExpenditureProgressGap
705912,,2026-04-01,0.469218,1,Agency_North Western Railway [NWR],1.584351,HasRevisedDoc,-0.387566,ApprovalToStartDays,-0.336552,ExpenditureProgressGap,-0.291617,Agency_National Highways Authority of India [NHAI],-0.202927,Agency_North Western Railway [NWR]; CurrentExpenditureRatio; ProjectAgeDays
618399,,2026-04-01,0.264749,0,Agency_National Highways Authority of India [NHAI],-0.409464,ProgressVelocity,-0.345988,"State_Jammu andKashmir",0.294202,ExpenditureProgressGap,-0.290219,Agency_NHIDCL,0.219382,"State_Jammu andKashmir; Agency_NHIDCL; CurrentExpenditureRatio"
618218,,2026-05-01,0.659904,1,NoProgress,0.560388,CurrentExpenditureRatio,-0.471475,ExpenditureProgressGap,0.371223,ProgressVelocity,0.339747,State_Uttarakhand,-0.327049,NoProgress; ExpenditureProgressGap; ProgressVelocity
707045,,2026-04-01,0.139114,0,HasRevisedDoc,-0.620317,Agency_National Highways Authority of India [NHAI],-0.289948,CurrentExpenditureRatio,-0.258959,RevisedCost,0.210925,ExpenditureProgressGap,-0.209876,RevisedCost; RobustCurrentGap; RemainingPlannedDays
611927,,2026-05-01,0.171522,0,HasRevisedDoc,-0.482069,Agency_National Highways Authority of India [NHAI],-0.468796,NoProgress,0.358469,RobustCurrentGap,-0.331578,ExpenditureProgressGap,-0.320732,NoProgress; ProgressVelocity; ProgressScheduleGap
618006,,2026-04-01,0.721346,1,State_Bihar,0.623856,RobustCurrentGap,0.546115,Physical Progress,0.385898,CurrentExpenditureRatio,-0.336665,ProgressVelocity,-0.243971,State_Bihar; RobustCurrentGap; Physical Progress
618506,,2026-05-01,0.16883,0,Agency_National Highways Authority of India [NHAI],0.562034,ProjectAgeDays,-0.444663,State_Haryana,-0.419484,ProgressScheduleGap,-0.316063,ProgressVelocity,-0.288664,Agency_National Highways Authority of India [NHAI]; OriginalCost; HasRevisedCost
617926,,2026-04-01,0.038266,0,CurrentExpenditureRatio,-0.807978,ProjectAgeDays,-0.68767,Expenditure,-0.433647,Physical Progress,-0.418268,Agency_National Highways Authority of India [NHAI],-0.416844,RobustCurrentGap; ExpenditureProgressGap; ScheduleElapsedRatio
400045,,2026-05-01,0.308083,0,RevisedCost,-0.482244,NoProgress,0.422983,ApprovalToStartDays,-0.351413,ProgressVelocity,0.319534,State_Odisha,-0.280789,NoProgress; ProgressVelocity; ExpenditureProgressGap
612853,,2026-05-01,0.612003,1,Agency_National Highways Authority of India [NHAI],-0.323378,RemainingPlannedDays,0.314041,CurrentExpenditureRatio,0.220303,ProjectAgeDays,0.192774,Expenditure,-0.161331,RemainingPlannedDays; CurrentExpenditureRatio; ProjectAgeDays
618212,,2026-05-01,0.048041,0,CurrentExpenditureRatio,-0.789755,Physical Progress,-0.654086,ProjectAgeDays,-0.47963,Agency_National Highways Authority of India [NHAI],-0.403477,OriginalCost,0.368221,OriginalCost; RevisedCost; RobustCurrentGap
618944,,2026-04-01,0.505356,1,Agency_National Highways Authority of India [NHAI],0.857202,ProgressVelocity,-0.45538,ProjectAgeDays,-0.236041,Physical Progress,-0.201637,RemainingPlannedDays,0.14643,Agency_National Highways Authority of India [NHAI]; RemainingPlannedDays; ScheduleElapsedRatio
618962,,2026-05-01,0.76144,1,Agency_National Highways Authority of India [NHAI],0.934788,ProgressVelocity,0.91336,ProjectAgeDays,-0.31387,Physical Progress,-0.225565,RobustCurrentGap,-0.168954,Agency_National Highways Authority of India [NHAI]; ProgressVelocity; ScheduleElapsedRatio
617837,,2026-04-01,0.605878,1,CurrentExpenditureRatio,0.368071,Agency_National Highways Authority of India [NHAI],-0.296854,Physical Progress,0.219184,ExpenditureProgressGap,0.215903,State_West Bengal,0.174455,CurrentExpenditureRatio; Physical Progress; ExpenditureProgressGap
618140,,2026-05-01,0.271412,0,ProgressVelocity,-0.508185,Agency_National Highways Authority of India [NHAI],-0.437315,Expenditure,0.304565,NegativeProgressVelocity,-0.250492,Physical Progress,-0.224404,Expenditure; RemainingPlannedDays; CurrentExpenditureRatio
618265,,2026-05-01,0.800011,1,RobustCurrentGap,0.497877,CurrentExpenditureRatio,-0.490247,Physical Progress,0.468466,Agency_National Highways Authority of India [NHAI],-0.292718,ExpenditureProgressGap,0.27634,RobustCurrentGap; Physical Progress; ExpenditureProgressGap
618623,,2026-05-01,0.684941,1,Agency_National Highways Authority of India [NHAI],0.747715,OriginalCost,-0.218715,ProgressScheduleGap,-0.210819,Expenditure,0.17737,ProgressVelocity,0.125638,Agency_National Highways Authority of India [NHAI]; Expenditure; ProgressVelocity
701602,,2026-05-01,0.203551,0,ProgressVelocity,-0.567675,CurrentExpenditureRatio,0.531151,Agency_National Highways Authority of India [NHAI],-0.490908,ExpenditureProgressGap,-0.289147,RobustCurrentGap,-0.227893,CurrentExpenditureRatio; Physical Progress; HasRevisedCost
618136,,2026-04-01,0.214711,0,CurrentExpenditureRatio,-0.606413,Physical Progress,0.352614,ProgressVelocity,-0.313799,ExpenditureProgressGap,0.267733,RobustCurrentGap,0.257914,Physical Progress; ExpenditureProgressGap; RobustCurrentGap
701570,,2026-04-01,0.348268,0,Agency_National Highways Authority of India [NHAI],-0.306004,Physical Progress,0.259295,ProgressVelocity,-0.210464,RemainingPlannedDays,-0.197073,ExpenditureProgressGap,0.172067,Physical Progress; ExpenditureProgressGap; CurrentExpenditureRatio
618888,,2026-05-01,0.894105,1,Agency_National Highways Authority of India [NHAI],0.786102,RobustCurrentGap,0.325731,Physical Progress,0.245581,ExpenditureProgressGap,0.203532,ProgressVelocity,0.167356,Agency_National Highways Authority of India [NHAI]; RobustCurrentGap; Physical Progress
618055,,2026-05-01,0.813937,1,NoProgress,0.514803,RobustCurrentGap,0.463904,CurrentExpenditureRatio,-0.428722,ExpenditureProgressGap,0.364358,ProgressVelocity,0.307635,NoProgress; RobustCurrentGap; ExpenditureProgressGap
615190,,2026-04-01,0.269472,0,HasRevisedDoc,-0.399348,RevisedCost,0.365312,ProgressVelocity,-0.248503,Agency_National Highways Authority of India [NHAI],-0.215435,Physical Progress,-0.173427,RevisedCost; RobustCurrentGap; OriginalCost
618539,,2026-04-01,0.183803,0,Agency_National Highways Authority of India [NHAI],0.684924,ProjectAgeDays,-0.290217,RobustCurrentGap,-0.273099,State_Uttar Pradesh,-0.269915,Physical Progress,-0.255206,Agency_National Highways Authority of India [NHAI]; HasRevisedCost; LateStageLowProgress
616594,,2026-05-01,0.254731,0,Agency_National Highways Authority of India [NHAI],-0.377007,State_Uttar Pradesh,-0.298026,ProgressScheduleGap,-0.244086,ExpenditureProgressGap,0.228669,RevisedCost,-0.194837,ExpenditureProgressGap; ProgressVelocity; Physical Progress
617883,,2026-05-01,0.180271,0,Physical Progress,-0.435771,Agency_National Highways Authority of India [NHAI],-0.39138,ProgressVelocity,-0.382491,HasRevisedDoc,-0.32631,NegativeProgressVelocity,-0.241037,State_Delhi; RemainingPlannedDays; ApprovalToStartDays
616225,,2026-05-01,0.067806,0,Physical Progress,-0.750911,CurrentExpenditureRatio,-0.73694,Agency_National Highways Authority of India [NHAI],-0.367036,NoProgress,0.297322,HasRevisedDoc,-0.283687,NoProgress; State_Jharkhand; ProgressVelocity
705505,,2026-04-01,0.182892,0,Agency_National Highways Authority of India [NHAI],-0.460925,ExpenditureProgressGap,-0.455773,ProjectAgeDays,-0.18421,ProgressVelocity,-0.156353,OriginalCost,-0.1356,State_Maharashtra; HasRevisedDoc; CurrentExpenditureRatio
617929,,2026-04-01,0.43035,0,ProjectAgeDays,-0.357024,Agency_National Highways Authority of India [NHAI],-0.353424,ProgressVelocity,-0.246292,ProgressScheduleGap,0.197359,Physical Progress,0.189463,ProgressScheduleGap; Physical Progress; ExpenditureProgressGap
617226,,2026-05-01,0.053785,0,CurrentExpenditureRatio,-0.436113,Agency_National Highways Authority of India [NHAI],-0.35949,Physical Progress,-0.324882,HasRevisedDoc,-0.301211,OriginalCost,-0.236287,State_Uttar Pradesh; State_Gujarat; State_Odisha
709840,,2026-05-01,0.223974,0,ExpenditureProgressGap,-0.430101,Agency_National Highways Authority of India [NHAI],-0.422346,RobustCurrentGap,-0.263733,RemainingPlannedDays,-0.217459,CurrentExpenditureRatio,0.17178,CurrentExpenditureRatio; HasRevisedDoc; Physical Progress
619029,,2026-04-01,0.21389,0,ExpenditureProgressGap,-0.349766,State_Gujarat,-0.349609,Agency_National Highways Authority of India [NHAI],-0.282568,RevisedCost,0.236312,Physical Progress,-0.234135,RevisedCost; RemainingPlannedDays; CurrentExpenditureRatio
613002,,2026-05-01,0.154031,0,Physical Progress,-0.753026,HasRevisedDoc,-0.52289,Agency_National Highways Authority of India [NHAI],-0.418911,RevisedCost,-0.33267,NoProgress,0.293432,NoProgress; State_Tamil Nadu; CurrentExpenditureRatio
616616,,2026-05-01,0.276452,0,CurrentExpenditureRatio,-0.900301,Agency_National Highways Authority of India [NHAI],-0.527458,Expenditure,0.424147,ExpenditureProgressGap,-0.230182,RemainingPlannedDays,0.184319,Expenditure; RemainingPlannedDays; RevisedCost
618358,,2026-05-01,0.441555,0,Agency_NHIDCL,0.629066,ProgressVelocity,0.431946,CurrentExpenditureRatio,-0.305998,Agency_National Highways Authority of India [NHAI],-0.303028,NoProgress,0.253943,Agency_NHIDCL; ProgressVelocity; NoProgress
618359,,2026-05-01,0.806633,1,NoProgress,0.463025,Agency_NHIDCL,0.354325,ProgressVelocity,0.319767,ExpenditureProgressGap,0.221381,Agency_National Highways Authority of India [NHAI],-0.202201,NoProgress; Agency_NHIDCL; ProgressVelocity
619308,,2026-04-01,0.111826,0,Agency_NHAI,0.615359,ExpenditureProgressGap,-0.530257,Agency_National Highways Authority of India [NHAI],-0.485063,CurrentExpenditureRatio,-0.400991,RevisedCost,-0.277802,Agency_NHAI; Physical Progress; HasRevisedCost
618734,,2026-05-01,0.921398,1,Agency_National Highways Authority of India [NHAI],1.174644,ProgressVelocity,1.133789,Physical Progress,-0.255161,ApprovalToStartDays,0.224284,ProjectAgeDays,-0.216373,Agency_National Highways Authority of India [NHAI]; ProgressVelocity; ApprovalToStartDays
611884,,2026-05-01,0.432598,0,Agency_North Western Railway [NWR],1.310298,ExpenditureProgressGap,-0.391357,Agency_National Highways Authority of India [NHAI],-0.376741,State_Haryana,-0.373398,RobustCurrentGap,-0.239041,Agency_North Western Railway [NWR]; CurrentExpenditureRatio; OriginalCost
707086,,2026-04-01,0.087553,0,ExpenditureProgressGap,-0.54305,HasRevisedDoc,-0.529662,RobustCurrentGap,-0.404118,Agency_National Highways Authority of India [NHAI],-0.301627,State_Uttarakhand,-0.274636,ProjectAgeDays; Physical Progress; CurrentExpenditureRatio
602593,,2026-05-01,0.110824,0,Agency_National Highways Authority of India [NHAI],-0.538187,ExpenditureProgressGap,-0.389888,RobustCurrentGap,-0.278313,OriginalCost,-0.26537,Physical Progress,-0.239138,CurrentExpenditureRatio; Expenditure; HasRevisedDoc
619163,,2026-05-01,0.855783,1,Agency_National Highways Authority of India [NHAI],1.183015,ProgressVelocity,0.398889,ExpenditureProgressGap,-0.317205,ProjectAgeDays,0.274352,NoProgress,0.241589,Agency_National Highways Authority of India [NHAI]; ProgressVelocity; ProjectAgeDays
611977,,2026-04-01,0.111961,0,HasRevisedDoc,-0.503532,ExpenditureProgressGap,-0.330274,Agency_National Highways Authority of India [NHAI],-0.257676,ProgressVelocity,-0.176121,State_Gujarat,-0.167584,CurrentExpenditureRatio; OriginalCost; RemainingPlannedDays
618433,,2026-05-01,0.20639,0,NoProgress,0.542429,CurrentExpenditureRatio,-0.485441,ProgressVelocity,0.432928,Expenditure,-0.332896,Agency_National Highways Authority of India [NHAI],-0.295333,NoProgress; ProgressVelocity; Agency_NHIDCL
618399,,2026-05-01,0.621276,1,Agency_NHIDCL,0.592878,Agency_National Highways Authority of India [NHAI],-0.365466,NoProgress,0.35733,ProgressVelocity,0.32484,"State_Jammu andKashmir",0.306785,Agency_NHIDCL; NoProgress; ProgressVelocity
618476,,2026-05-01,0.96158,1,Agency_National Highways Authority of India [NHAI],0.945568,ProgressVelocity,0.539945,Physical Progress,0.465407,NoProgress,0.449229,ProjectAgeDays,0.195968,Agency_National Highways Authority of India [NHAI]; ProgressVelocity; Physical Progress
618812,,2026-04-01,0.540321,1,Agency_National Highways Authority of India [NHAI],0.884539,ProgressVelocity,-0.45261,ProjectAgeDays,-0.286917,RemainingPlannedDays,0.196428,Physical Progress,-0.17341,Agency_National Highways Authority of India [NHAI]; RemainingPlannedDays; ApprovalToStartDays
705572,,2026-05-01,0.122906,0,Agency_National Highways Authority of India [NHAI],-0.517902,Expenditure,-0.39266,ExpenditureProgressGap,-0.270998,ProjectAgeDays,-0.243635,CurrentExpenditureRatio,0.243177,CurrentExpenditureRatio; Physical Progress; ProgressVelocity
613802,,2026-05-01,0.37397,0,Agency_National Highways Authority of India [NHAI],-0.425271,NoProgress,0.310814,RemainingPlannedDays,-0.263133,ExpenditureProgressGap,-0.252676,RobustCurrentGap,-0.215108,NoProgress; RevisedCost; ProgressVelocity
619328,,2026-05-01,0.231955,0,ProjectAgeDays,-0.269123,Expenditure,0.266584,Agency_National Highways Authority of India [NHAI],-0.2665,Physical Progress,-0.230078,CurrentExpenditureRatio,0.211967,Expenditure; CurrentExpenditureRatio; RobustCurrentExpenditurePct
705237,,2026-04-01,0.041623,0,RevisedCost,-0.67143,CurrentExpenditureRatio,-0.636428,Agency_National Highways Authority of India [NHAI],-0.531365,OriginalCost,-0.524038,RobustCurrentExpenditurePct,-0.184307,Expenditure; ProjectAgeDays; HasRevisedDoc
618746,,2026-05-01,0.896748,1,Agency_National Highways Authority of India [NHAI],0.974666,ProgressVelocity,0.609734,ExpenditureProgressGap,0.115663,ApprovalToStartDays,0.115198,RobustCurrentGap,0.110837,Agency_National Highways Authority of India [NHAI]; ProgressVelocity; ExpenditureProgressGap
617233,,2026-04-01,0.038504,0,CurrentExpenditureRatio,-0.853383,Physical Progress,-0.675304,Agency_National Highways Authority of India [NHAI],-0.378066,HasRevisedDoc,-0.33836,Expenditure,-0.28473,OriginalCost; RemainingPlannedDays; ProgressScheduleGap
618034,,2026-04-01,0.374499,0,Expenditure,0.324368,Agency_National Highways Authority of India [NHAI],-0.308955,Physical Progress,-0.236199,ProgressScheduleGap,-0.224803,ProgressVelocity,-0.203834,Expenditure; OriginalCost; RemainingPlannedDays
400156,,2026-05-01,0.483432,1,Agency_Ministry of Coal,0.70723,State_Jharkhand,0.515703,ProgressVelocity,-0.4618,Agency_National Highways Authority of India [NHAI],-0.377232,HasRevisedDoc,-0.287806,Agency_Ministry of Coal; State_Jharkhand; Expenditure
612827,,2026-05-01,0.213132,0,HasRevisedDoc,-0.452724,Agency_National Highways Authority of India [NHAI],-0.331422,Physical Progress,-0.26382,ProjectAgeDays,0.259498,RobustCurrentGap,-0.187572,ProjectAgeDays; Agency_East Coast Railway [ECoR] - II; OriginalCost
701396,,2026-04-01,0.087527,0,RemainingPlannedDays,-0.631924,CurrentExpenditureRatio,-0.478458,Agency_National Highways Authority of India [NHAI],-0.474142,RobustCurrentExpenditurePct,-0.209508,RevisedCost,-0.179844,State_Maharashtra; HasRevisedCost; HasRevisedDoc
618377,,2026-05-01,0.507109,1,CurrentExpenditureRatio,-0.520755,Physical Progress,0.429812,Agency_National Highways Authority of India [NHAI],-0.361062,Expenditure,-0.291128,State_Meghalaya,0.269876,Physical Progress; State_Meghalaya; RevisedCost
702674,,2026-04-01,0.172872,0,RevisedCost,-0.448771,ProjectAgeDays,-0.432528,Agency_National Highways Authority of India [NHAI],-0.360424,ProgressVelocity,-0.295566,ProgressScheduleGap,0.157073,ProgressScheduleGap; ExpenditureProgressGap; Physical Progress
618284,,2026-04-01,0.519283,1,ProgressVelocity,-0.310327,Agency_National Highways Authority of India [NHAI],-0.266009,ExpenditureProgressGap,0.247557,ProgressScheduleGap,0.194231,Physical Progress,0.165945,ExpenditureProgressGap; ProgressScheduleGap; Physical Progress
618966,,2026-05-01,0.664733,1,Agency_National Highways Authority of India [NHAI],1.148,ProgressVelocity,0.525822,ProjectAgeDays,-0.406578,Physical Progress,-0.284803,State_Madhya Pradesh,-0.177484,Agency_National Highways Authority of India [NHAI]; ProgressVelocity; ScheduleElapsedRatio
618227,,2026-05-01,0.841551,1,Agency_National Highways Authority of India [NHAI],-0.390914,Physical Progress,0.26743,ProgressScheduleGap,0.252823,ProgressVelocity,0.251647,ExpenditureProgressGap,0.245602,Physical Progress; ProgressScheduleGap; ProgressVelocity
701173,,2026-04-01,0.155682,0,Agency_National Highways Authority of India [NHAI],-0.473916,State_Haryana,-0.367481,ExpenditureProgressGap,-0.243685,CurrentExpenditureRatio,0.220906,ProgressVelocity,-0.162291,CurrentExpenditureRatio; RobustCurrentExpenditurePct; HasRevisedDoc
618529,,2026-04-01,0.705698,1,Agency_National Highways Authority of India [NHAI],0.920569,ProgressVelocity,-0.355005,ExpenditureProgressGap,0.184667,ProjectAgeDays,-0.150744,NoProgress,-0.14332,Agency_National Highways Authority of India [NHAI]; ExpenditureProgressGap; CurrentExpenditureRatio
706718,,2026-04-01,0.143193,0,Agency_National Highways Authority of India [NHAI],-0.416637,ExpenditureProgressGap,-0.343481,Agency_Airport Authority of India [AAI],-0.29765,RobustCurrentGap,-0.21714,ProgressVelocity,-0.163589,CurrentExpenditureRatio; OriginalCost; HasRevisedDoc
618251,,2026-05-01,0.025043,0,CurrentExpenditureRatio,-0.922812,Agency_National Highways Authority of India [NHAI],-0.63774,ProjectAgeDays,-0.49105,Physical Progress,-0.463126,Expenditure,-0.345155,State_Bihar; ProgressVelocity; RemainingPlannedDays
619216,,2026-05-01,0.745249,1,Agency_National Highways Authority of India [NHAI],0.951999,OriginalCost,-0.22387,CurrentExpenditureRatio,0.221845,ProgressVelocity,0.190086,RobustCurrentGap,-0.155149,Agency_National Highways Authority of India [NHAI]; CurrentExpenditureRatio; ProgressVelocity
618423,,2026-05-01,0.86899,1,NoProgress,0.641875,ProgressVelocity,0.510711,Agency_NHIDCL,0.368021,Agency_National Highways Authority of India [NHAI],-0.27265,ExpenditureProgressGap,0.228201,NoProgress; ProgressVelocity; Agency_NHIDCL
618053,,2026-04-01,0.018354,0,CurrentExpenditureRatio,-0.889506,Physical Progress,-0.698639,ProjectAgeDays,-0.626423,Agency_National Highways Authority of India [NHAI],-0.433357,Expenditure,-0.422836,ScheduleElapsedRatio; RemainingPlannedDays; ExpenditureProgressGap
400006,,2026-05-01,0.242016,0,Agency_National Highways Authority of India [NHAI],-0.456867,ProgressVelocity,-0.197806,RemainingPlannedDays,-0.164278,Physical Progress,-0.130202,State_Odisha,-0.116198,CurrentExpenditureRatio; OriginalCost; RevisedCost
618504,,2026-04-01,0.87759,1,Agency_National Highways Authority of India [NHAI],1.046148,Expenditure,0.569927,ExpenditureProgressGap,-0.295005,ProgressVelocity,-0.288295,CurrentExpenditureRatio,0.284857,Agency_National Highways Authority of India [NHAI]; Expenditure; CurrentExpenditureRatio
619032,,2026-04-01,0.018857,0,Physical Progress,-0.666512,OriginalCost,-0.546087,CurrentExpenditureRatio,-0.409671,RevisedCost,-0.398875,Agency_National Highways Authority of India [NHAI],-0.324852,HasRevisedCost; State_Gujarat; State_Uttar Pradesh
618081,,2026-05-01,0.468003,1,CurrentExpenditureRatio,-0.461257,Physical Progress,-0.451985,RevisedCost,0.427561,NoProgress,0.394868,Agency_National Highways Authority of India [NHAI],-0.239639,RevisedCost; NoProgress; ExpenditureProgressGap
615843,,2026-04-01,0.743215,1,State_Jharkhand,0.672379,Agency_Ministry of Coal,0.657798,Agency_National Highways Authority of India [NHAI],-0.288891,RevisedCost,0.179956,RemainingPlannedDays,0.161855,State_Jharkhand; Agency_Ministry of Coal; RevisedCost
618881,,2026-04-01,0.724204,1,Agency_National Highways Authority of India [NHAI],0.945113,ProgressVelocity,-0.402879,CurrentExpenditureRatio,0.354403,ProjectAgeDays,-0.349091,RobustCurrentGap,0.194381,Agency_National Highways Authority of India [NHAI]; CurrentExpenditureRatio; RobustCurrentGap
618470,,2026-04-01,0.751779,1,Agency_National Highways Authority of India [NHAI],0.562128,ProgressVelocity,-0.419642,CurrentExpenditureRatio,0.316405,RobustCurrentGap,0.19031,ExpenditureProgressGap,0.145316,Agency_National Highways Authority of India [NHAI]; CurrentExpenditureRatio; RobustCurrentGap
618072,,2026-04-01,0.278868,0,ProgressVelocity,-0.340152,Agency_National Highways Authority of India [NHAI],-0.310891,State_Nagaland,-0.216375,ExpenditureProgressGap,0.192348,Physical Progress,-0.191275,ExpenditureProgressGap; RobustCurrentGap; CurrentExpenditureRatio
617896,,2026-04-01,0.020717,0,CurrentExpenditureRatio,-0.957264,Agency_National Highways Authority of India [NHAI],-0.432832,Physical Progress,-0.427842,ProjectAgeDays,-0.377352,Expenditure,-0.368816,ApprovalToStartDays; OriginalCost; Agency_MoRTH
616857,,2026-04-01,0.316304,0,HasRevisedDoc,-0.358868,Agency_National Highways Authority of India [NHAI],-0.27106,CurrentExpenditureRatio,0.178158,ProgressVelocity,-0.154509,ProjectAgeDays,-0.14303,CurrentExpenditureRatio; LateStageLowProgress; RemainingPlannedDays
400141,,2026-05-01,0.054472,0,Agency_National Highways Authority of India [NHAI],-0.511078,Expenditure,-0.433011,ExpenditureProgressGap,-0.373564,ProjectAgeDays,-0.309642,RobustCurrentGap,-0.274134,Physical Progress; HasRevisedDoc; HasRevisedCost
617239,,2026-04-01,0.109082,0,Physical Progress,-0.567013,CurrentExpenditureRatio,-0.332814,Agency_National Highways Authority of India [NHAI],-0.327135,HasRevisedDoc,-0.311753,State_Bihar,0.296924,State_Bihar; RemainingPlannedDays; OriginalCost
618160,,2026-05-01,0.018865,0,CurrentExpenditureRatio,-1.061553,Agency_National Highways Authority of India [NHAI],-0.634896,Physical Progress,-0.389606,Expenditure,-0.370096,ExpenditureProgressGap,-0.343285,ProgressVelocity; ScheduleElapsedRatio; HasRevisedDoc
617211,,2026-04-01,0.125863,0,HasRevisedDoc,-0.372838,Agency_National Highways Authority of India [NHAI],-0.298908,Physical Progress,-0.264709,OriginalCost,-0.258871,RevisedCost,-0.160653,RobustCurrentGap; Expenditure; ProjectAgeDays
616841,,2026-04-01,0.830504,1,Agency_North Western Railway [NWR],1.559222,HasRevisedDoc,-0.381548,ProjectAgeDays,0.327047,CurrentExpenditureRatio,0.194471,RobustCurrentGap,0.143671,Agency_North Western Railway [NWR]; ProjectAgeDays; CurrentExpenditureRatio
618563,,2026-05-01,0.9006,1,Agency_National Highways Authority of India [NHAI],1.174228,ProgressVelocity,0.432321,Physical Progress,0.325821,ExpenditureProgressGap,0.135585,RemainingPlannedDays,-0.116263,Agency_National Highways Authority of India [NHAI]; ProgressVelocity; Physical Progress
618324,,2026-05-01,0.053,0,CurrentExpenditureRatio,-0.881054,ProjectAgeDays,-0.487163,Agency_National Highways Authority of India [NHAI],-0.468489,Physical Progress,-0.447877,Expenditure,-0.355759,NoProgress; ProgressVelocity; ProgressScheduleGap
707021,,2026-04-01,0.336401,0,HasRevisedDoc,-0.488482,State_Jharkhand,0.378382,ProjectAgeDays,0.289984,Agency_National Highways Authority of India [NHAI],-0.276055,ExpenditureProgressGap,-0.182939,State_Jharkhand; ProjectAgeDays; CurrentExpenditureRatio
617930,,2026-05-01,0.691564,1,NoProgress,0.494293,ProgressVelocity,0.315685,State_Odisha,-0.266691,Agency_National Highways Authority of India [NHAI],-0.244572,Physical Progress,0.236743,NoProgress; ProgressVelocity; Physical Progress
619206,,2026-04-01,0.750061,1,Agency_National Highways Authority of India [NHAI],0.628773,ProgressVelocity,-0.398506,RobustCurrentGap,0.330403,CurrentExpenditureRatio,0.248527,ExpenditureProgressGap,0.2064,Agency_National Highways Authority of India [NHAI]; RobustCurrentGap; CurrentExpenditureRatio
618747,,2026-04-01,0.867692,1,Agency_National Highways Authority of India [NHAI],0.832699,ProgressVelocity,-0.399308,Physical Progress,0.384236,Expenditure,0.2293,RevisedCost,0.169472,Agency_National Highways Authority of India [NHAI]; Physical Progress; Expenditure
618409,,2026-04-01,0.745233,1,ProgressVelocity,-0.355041,CurrentExpenditureRatio,0.298576,Agency_National Highways Authority of India [NHAI],-0.246352,ExpenditureProgressGap,0.244977,Physical Progress,0.225299,CurrentExpenditureRatio; ExpenditureProgressGap; Physical Progress
617184,,2026-05-01,0.182338,0,HasRevisedDoc,-0.398479,ProgressVelocity,0.350923,Agency_National Highways Authority of India [NHAI],-0.33232,Physical Progress,-0.273341,OriginalCost,-0.232544,ProgressVelocity; RemainingPlannedDays; RobustCurrentGap
618226,,2026-05-01,0.926195,1,"State_Jammu andKashmir",0.545682,NoProgress,0.470826,ProgressVelocity,0.388138,RobustCurrentGap,0.311362,ExpenditureProgressGap,0.281945,"State_Jammu andKashmir; NoProgress; ProgressVelocity"
618821,,2026-05-01,0.567156,1,Agency_National Highways Authority of India [NHAI],0.495993,ProjectAgeDays,-0.350433,State_Odisha,-0.288566,NoProgress,0.263655,Expenditure,0.132307,Agency_National Highways Authority of India [NHAI]; NoProgress; Expenditure
705419,,2026-05-01,0.257441,0,Agency_National Highways Authority of India [NHAI],-0.578376,ExpenditureProgressGap,-0.362977,RobustCurrentGap,-0.284284,CurrentExpenditureRatio,0.226858,ProgressScheduleGap,-0.208817,CurrentExpenditureRatio; Physical Progress; Expenditure
400424,,2026-05-01,0.72888,1,Expenditure,0.654942,Agency_National Highways Authority of India [NHAI],-0.480692,NoProgress,0.355716,CurrentExpenditureRatio,0.350783,ProgressVelocity,0.301029,Expenditure; NoProgress; CurrentExpenditureRatio
618740,,2026-05-01,0.953182,1,Agency_National Highways Authority of India [NHAI],1.098081,ProgressVelocity,0.431171,ProgressScheduleGap,0.232089,State_Bihar,0.230039,ProjectAgeDays,0.22001,Agency_National Highways Authority of India [NHAI]; ProgressVelocity; ProgressScheduleGap
705496,,2026-04-01,0.600482,1,Agency_National Highways Authority of India [NHAI],-0.514517,CurrentExpenditureRatio,0.479699,RobustCurrentGap,0.283686,ProgressScheduleGap,0.241877,RevisedCost,0.180591,CurrentExpenditureRatio; RobustCurrentGap; ProgressScheduleGap
705610,,2026-05-01,0.086702,0,CurrentExpenditureRatio,-1.050037,Agency_National Highways Authority of India [NHAI],-0.575422,ExpenditureProgressGap,-0.40362,RobustCurrentExpenditurePct,-0.220372,RemainingPlannedDays,-0.163891,ProjectAgeDays; HasRevisedDoc; HasRevisedCost
618412,,2026-04-01,0.336075,0,ProgressVelocity,-0.420953,Agency_National Highways Authority of India [NHAI],-0.417734,ProgressScheduleGap,0.213471,CurrentExpenditureRatio,0.180593,Expenditure,0.178929,ProgressScheduleGap; CurrentExpenditureRatio; Expenditure
618049,,2026-05-01,0.866323,1,NoProgress,0.550527,Physical Progress,0.362587,ProgressVelocity,0.336833,ExpenditureProgressGap,0.308631,RobustCurrentGap,0.260611,NoProgress; Physical Progress; ProgressVelocity
617974,,2026-04-01,0.024004,0,CurrentExpenditureRatio,-0.819969,ProjectAgeDays,-0.613107,RevisedCost,0.408537,Expenditure,-0.359566,Agency_National Highways Authority of India [NHAI],-0.319027,RevisedCost; LateStageLowProgress; State_Madhya Pradesh
618342,,2026-04-01,0.074399,0,CurrentExpenditureRatio,-0.698504,Physical Progress,-0.475086,Agency_National Highways Authority of India [NHAI],-0.404967,ProgressVelocity,-0.317524,RemainingPlannedDays,-0.297136,RevisedCost; Agency_NHIDCL; OriginalCost
617832,,2026-04-01,0.022343,0,CurrentExpenditureRatio,-0.79821,Physical Progress,-0.663675,Agency_National Highways Authority of India [NHAI],-0.366105,ProjectAgeDays,-0.35023,State_Jharkhand,0.264414,State_Jharkhand; State_Gujarat; State_Uttar Pradesh
618418,,2026-04-01,0.845078,1,RevisedCost,0.520698,ProgressVelocity,-0.37346,CurrentExpenditureRatio,0.278673,State_Meghalaya,0.263233,Agency_National Highways Authority of India [NHAI],-0.253601,RevisedCost; CurrentExpenditureRatio; State_Meghalaya
613793,,2026-04-01,0.246251,0,Agency_National Highways Authority of India [NHAI],-0.404334,Physical Progress,-0.399115,ProgressVelocity,-0.185283,RobustCurrentGap,0.104766,OriginalCost,0.10193,RobustCurrentGap; OriginalCost; State_West Bengal
618754,,2026-05-01,0.639917,1,Agency_National Highways Authority of India [NHAI],0.725934,ProgressVelocity,0.482772,ProjectAgeDays,-0.315604,Physical Progress,-0.294619,OriginalCost,0.242072,Agency_National Highways Authority of India [NHAI]; ProgressVelocity; OriginalCost
604795,,2026-05-01,0.053396,0,RevisedCost,-0.704014,OriginalCost,-0.674138,Agency_National Highways Authority of India [NHAI],-0.53453,Physical Progress,-0.431049,NoProgress,0.356704,NoProgress; ProgressVelocity; State_Tamil Nadu
612133,,2026-05-01,0.217786,0,Agency_National Highways Authority of India [NHAI],-0.422976,ExpenditureProgressGap,-0.319298,OriginalCost,-0.235036,RobustCurrentGap,-0.171821,Expenditure,0.145715,Expenditure; ProgressVelocity; ProjectAgeDays
617932,,2026-04-01,0.262622,0,CurrentExpenditureRatio,-0.662762,Expenditure,-0.318032,ExpenditureProgressGap,0.297579,RobustCurrentGap,0.269992,Agency_National Highways Authority of India [NHAI],-0.268823,ExpenditureProgressGap; RobustCurrentGap; Physical Progress
618094,,2026-04-01,0.663144,1,Agency_National Highways Authority of India [NHAI],-0.393188,RevisedCost,0.358332,Expenditure,0.224695,CurrentExpenditureRatio,0.213663,ExpenditureProgressGap,-0.192484,RevisedCost; Expenditure; CurrentExpenditureRatio
618371,,2026-04-01,0.415788,0,ProgressVelocity,-0.393926,Agency_National Highways Authority of India [NHAI],-0.247382,RobustCurrentGap,0.228428,ExpenditureProgressGap,0.221222,RevisedCost,-0.164432,RobustCurrentGap; ExpenditureProgressGap; CurrentExpenditureRatio
618405,,2026-04-01,0.024319,0,CurrentExpenditureRatio,-0.812192,Physical Progress,-0.67604,Expenditure,-0.387319,ProjectAgeDays,-0.337172,Agency_National Highways Authority of India [NHAI],-0.33586,ExpenditureProgressGap; RemainingPlannedDays; Agency_NHIDCL
618721,,2026-05-01,0.76711,1,Agency_National Highways Authority of India [NHAI],0.815241,ProgressVelocity,0.349646,OriginalCost,-0.21413,CurrentExpenditureRatio,0.209515,Expenditure,-0.204054,Agency_National Highways Authority of India [NHAI]; ProgressVelocity; CurrentExpenditureRatio
602096,,2026-05-01,0.120803,0,Agency_National Highways Authority of India [NHAI],-0.505782,RemainingPlannedDays,-0.400618,CurrentExpenditureRatio,-0.371061,RevisedCost,-0.289174,ProjectAgeDays,0.238649,ProjectAgeDays; Expenditure; Physical Progress
618580,,2026-05-01,0.978151,1,Agency_National Highways Authority of India [NHAI],1.000173,ProgressVelocity,0.62711,NoProgress,0.474228,RobustCurrentGap,0.378682,ExpenditureProgressGap,0.310503,Agency_National Highways Authority of India [NHAI]; ProgressVelocity; NoProgress
619156,,2026-05-01,0.797442,1,Agency_National Highways Authority of India [NHAI],0.967793,ProgressVelocity,-0.349524,Physical Progress,-0.34413,Expenditure,0.305123,State_Tamil Nadu,0.274903,Agency_National Highways Authority of India [NHAI]; Expenditure; State_Tamil Nadu
619111,,2026-05-01,0.937967,1,Agency_National Highways Authority of India [NHAI],1.018377,ProgressVelocity,0.493508,Physical Progress,0.424437,NoProgress,0.357782,ExpenditureProgressGap,0.180904,Agency_National Highways Authority of India [NHAI]; ProgressVelocity; Physical Progress
619030,,2026-05-01,0.609398,1,Physical Progress,-0.581683,Expenditure,0.48735,Agency_National Highways Authority of India [NHAI],-0.366809,NoProgress,0.36458,ProjectAgeDays,0.353975,Expenditure; NoProgress; ProjectAgeDays
706942,,2026-04-01,0.053636,0,CurrentExpenditureRatio,-0.653934,Physical Progress,-0.493685,HasRevisedDoc,-0.450829,Agency_National Highways Authority of India [NHAI],-0.346189,RevisedCost,0.247211,RevisedCost; LateStageLowProgress; OriginalCost
618362,,2026-05-01,0.740233,1,Agency_NHIDCL,0.626597,Agency_National Highways Authority of India [NHAI],-0.390512,ProgressVelocity,0.390109,ExpenditureProgressGap,-0.262583,NoProgress,0.241916,Agency_NHIDCL; ProgressVelocity; NoProgress
618417,,2026-05-01,0.838395,1,Agency_NHIDCL,0.708791,NoProgress,0.326583,CurrentExpenditureRatio,0.295935,Agency_National Highways Authority of India [NHAI],-0.28908,ProgressVelocity,0.276465,Agency_NHIDCL; NoProgress; CurrentExpenditureRatio
705358,,2026-04-01,0.1367,0,Agency_National Highways Authority of India [NHAI],-0.504363,RemainingPlannedDays,-0.462399,CurrentExpenditureRatio,-0.351607,Agency_East Coast Railway [ECoR] - II,0.251857,ExpenditureProgressGap,-0.203832,Agency_East Coast Railway [ECoR] - II; ProjectAgeDays; Expenditure
618725,,2026-04-01,0.36414,0,Agency_National Highways Authority of India [NHAI],0.653876,ProgressVelocity,-0.453395,ProjectAgeDays,-0.40478,Physical Progress,-0.240705,RobustCurrentGap,-0.191531,Agency_National Highways Authority of India [NHAI]; State_Bihar; RemainingPlannedDays
611669,,2026-05-01,0.439753,0,Agency_National Highways Authority of India [NHAI],-0.465284,Physical Progress,-0.36463,ProjectAgeDays,0.156607,OriginalCost,0.152129,CurrentExpenditureRatio,0.138402,ProjectAgeDays; OriginalCost; CurrentExpenditureRatio
617982,,2026-04-01,0.066405,0,CurrentExpenditureRatio,-0.667972,Physical Progress,-0.578333,Agency_National Highways Authority of India [NHAI],-0.423959,RevisedCost,0.234385,ProgressVelocity,-0.196141,RevisedCost; OriginalCost; State_Telangana
705433,,2026-04-01,0.450836,1,Agency_National Highways Authority of India [NHAI],-0.434999,CurrentExpenditureRatio,0.167245,ExpenditureProgressGap,-0.119837,Expenditure,0.115796,Physical Progress,0.107246,CurrentExpenditureRatio; Expenditure; Physical Progress
400382,,2026-05-01,0.014297,0,CurrentExpenditureRatio,-1.282585,HasRevisedDoc,-0.506561,Agency_National Highways Authority of India [NHAI],-0.450976,RobustCurrentGap,-0.445463,ExpenditureProgressGap,-0.398138,State_Maharashtra; ProgressVelocity; NoProgress
618000,,2026-05-01,0.741773,1,NoProgress,0.384241,ProgressVelocity,0.365619,RevisedCost,-0.340888,Physical Progress,0.332733,Agency_National Highways Authority of India [NHAI],-0.29452,NoProgress; ProgressVelocity; Physical Progress
618314,,2026-04-01,0.589986,1,ProjectAgeDays,0.348558,ProgressVelocity,-0.294722,Agency_National Highways Authority of India [NHAI],-0.268884,ExpenditureProgressGap,0.246667,ProgressScheduleGap,0.233971,ProjectAgeDays; ExpenditureProgressGap; ProgressScheduleGap
618019,,2026-04-01,0.355119,0,CurrentExpenditureRatio,-0.60981,RobustCurrentGap,0.32936,Expenditure,-0.319884,Physical Progress,0.318451,ExpenditureProgressGap,0.315955,RobustCurrentGap; Physical Progress; ExpenditureProgressGap
400321,,2026-04-01,0.16321,0,Agency_National Highways Authority of India [NHAI],-0.457877,RemainingPlannedDays,-0.269484,Expenditure,-0.227689,OriginalCost,-0.213882,ProgressVelocity,-0.189592,CurrentExpenditureRatio; HasRevisedDoc; RobustCurrentGap
618803,,2026-04-01,0.804027,1,Agency_National Highways Authority of India [NHAI],0.899932,CurrentExpenditureRatio,0.522617,ProjectAgeDays,0.210304,ProgressVelocity,-0.188954,ExpenditureProgressGap,-0.151327,Agency_National Highways Authority of India [NHAI]; CurrentExpenditureRatio; ProjectAgeDays
618315,,2026-05-01,0.616568,1,Agency_NHIDCL,0.640453,NoProgress,0.305113,Agency_National Highways Authority of India [NHAI],-0.294377,ProgressVelocity,0.286508,Physical Progress,-0.269833,Agency_NHIDCL; NoProgress; ProgressVelocity
618832,,2026-04-01,0.74083,1,Agency_National Highways Authority of India [NHAI],0.819705,ProgressVelocity,-0.422477,State_Jharkhand,0.391371,ProgressScheduleGap,0.260455,RemainingPlannedDays,0.215683,Agency_National Highways Authority of India [NHAI]; State_Jharkhand; ProgressScheduleGap
701105,,2026-04-01,0.165872,0,Agency_National Highways Authority of India [NHAI],-0.405952,CurrentExpenditureRatio,0.309274,ProgressVelocity,-0.2928,Agency_Airport Authority of India [AAI],-0.256338,RemainingPlannedDays,-0.180516,CurrentExpenditureRatio; ApprovalToStartDays; ExpenditureProgressGap
611917,,2026-05-01,0.389665,0,Agency_National Highways Authority of India [NHAI],-0.366,ProgressVelocity,-0.319742,State_Haryana,-0.28468,ExpenditureProgressGap,0.239436,Expenditure,0.199512,ExpenditureProgressGap; Expenditure; CurrentExpenditureRatio
619049,,2026-05-01,0.523148,1,Expenditure,0.62234,HasRevisedDoc,-0.341613,ExpenditureProgressGap,-0.287255,Physical Progress,0.283315,Agency_National Highways Authority of India [NHAI],-0.211745,Expenditure; Physical Progress; CurrentExpenditureRatio
612211,,2026-05-01,0.275961,0,Agency_National Highways Authority of India [NHAI],-0.432732,Physical Progress,-0.372159,ProgressVelocity,0.252527,ProgressScheduleGap,-0.163496,State_Gujarat,-0.129684,ProgressVelocity; ApprovalToStartDays; ExpenditureProgressGap
618960,,2026-05-01,0.570071,1,Agency_National Highways Authority of India [NHAI],0.935203,State_Uttar Pradesh,-0.363523,ApprovalToStartDays,-0.21987,OriginalCost,-0.156785,Expenditure,0.154408,Agency_National Highways Authority of India [NHAI]; Expenditure; RobustCurrentGap
618430,,2026-04-01,0.201207,0,CurrentExpenditureRatio,-0.611658,ProgressVelocity,-0.34239,RobustCurrentGap,0.306339,Physical Progress,0.29562,Agency_National Highways Authority of India [NHAI],-0.289501,RobustCurrentGap; Physical Progress; State_West Bengal
617806,,2026-04-01,0.16333,0,Physical Progress,-0.516422,HasRevisedDoc,-0.327718,Agency_National Highways Authority of India [NHAI],-0.242189,ProjectAgeDays,-0.226559,OriginalCost,-0.195334,ExpenditureProgressGap; LateStageLowProgress; RobustCurrentGap
706811,,2026-05-01,0.182083,0,Agency_National Highways Authority of India [NHAI],-0.504406,ApprovalToStartDays,-0.373554,ProgressScheduleGap,-0.362819,ExpenditureProgressGap,0.15844,RevisedCost,-0.153229,ExpenditureProgressGap; Physical Progress; HasRevisedDoc
619294,,2026-05-01,0.205487,0,Physical Progress,-0.674544,Agency_NHAI,0.522447,Agency_National Highways Authority of India [NHAI],-0.491125,NoProgress,0.330905,CurrentExpenditureRatio,-0.32209,Agency_NHAI; NoProgress; RobustCurrentGap
701991,,2026-05-01,0.36752,0,Agency_National Highways Authority of India [NHAI],-0.50185,RobustCurrentGap,-0.24911,ExpenditureProgressGap,-0.244273,CurrentExpenditureRatio,0.167498,ApprovalToStartDays,0.135966,CurrentExpenditureRatio; ApprovalToStartDays; State_Maharashtra
618511,,2026-05-01,0.37497,0,Agency_National Highways Authority of India [NHAI],0.731869,ProgressVelocity,0.443339,RevisedCost,-0.374373,Physical Progress,-0.274483,ProjectAgeDays,-0.255275,Agency_National Highways Authority of India [NHAI]; ProgressVelocity; HasRevisedCost
705512,,2026-05-01,0.244569,0,Agency_National Highways Authority of India [NHAI],-0.512955,Agency_East Coast Railway [ECoR] - II,0.292112,ExpenditureProgressGap,-0.269046,CurrentExpenditureRatio,-0.244832,OriginalCost,-0.235813,Agency_East Coast Railway [ECoR] - II; ProgressScheduleGap; ProgressVelocity
400111,,2026-04-01,0.126384,0,RemainingPlannedDays,-0.831749,Agency_National Highways Authority of India [NHAI],-0.437465,ProjectAgeDays,-0.284886,ExpenditureProgressGap,-0.14222,ProgressVelocity,-0.103836,CurrentExpenditureRatio; HasRevisedCost; ApprovalToStartDays
400312,,2026-05-01,0.27851,0,HasRevisedDoc,-0.590496,Agency_National Highways Authority of India [NHAI],-0.365663,ProgressVelocity,0.339123,RobustCurrentGap,0.228032,Physical Progress,-0.152145,ProgressVelocity; RobustCurrentGap; CurrentExpenditureRatio
618063,,2026-05-01,0.762252,1,NoProgress,0.472318,ProgressVelocity,0.326196,RevisedCost,0.301661,Agency_National Highways Authority of India [NHAI],-0.270398,RobustCurrentGap,0.265316,NoProgress; ProgressVelocity; RevisedCost
617960,,2026-04-01,0.422538,0,Agency_National Highways Authority of India [NHAI],-0.368771,CurrentExpenditureRatio,0.206651,State_West Bengal,0.197046,ProjectAgeDays,-0.19536,RemainingPlannedDays,-0.193114,CurrentExpenditureRatio; State_West Bengal; ProgressScheduleGap
618938,,2026-04-01,0.77911,1,Agency_National Highways Authority of India [NHAI],0.770402,ProgressVelocity,-0.389269,RemainingPlannedDays,0.357768,ApprovalToStartDays,-0.152542,Physical Progress,0.148349,Agency_National Highways Authority of India [NHAI]; RemainingPlannedDays; Physical Progress
709780,,2026-04-01,0.162616,0,Agency_MinistryofPetroleumNaturalGas,-0.597508,ExpenditureProgressGap,-0.451187,Agency_National Highways Authority of India [NHAI],-0.396232,RemainingPlannedDays,-0.188658,ProgressVelocity,-0.181161,State_Maharashtra; CurrentExpenditureRatio; Physical Progress
618416,,2026-05-01,0.826478,1,Agency_NHIDCL,0.622443,ProgressVelocity,0.421991,CurrentExpenditureRatio,0.34255,Agency_National Highways Authority of India [NHAI],-0.328193,NoProgress,0.325714,Agency_NHIDCL; ProgressVelocity; CurrentExpenditureRatio
617942,,2026-04-01,0.363876,0,CurrentExpenditureRatio,-0.584902,RobustCurrentGap,0.38317,Physical Progress,0.334614,ExpenditureProgressGap,0.321288,ProjectAgeDays,0.311765,RobustCurrentGap; Physical Progress; ExpenditureProgressGap
705762,,2026-05-01,0.240897,0,Agency_National Highways Authority of India [NHAI],-0.570817,Physical Progress,-0.489,NoProgress,0.332045,CurrentExpenditureRatio,-0.280367,Expenditure,-0.257055,NoProgress; ProgressVelocity; RemainingPlannedDays
618541,,2026-04-01,0.78383,1,Agency_National Highways Authority of India [NHAI],0.832869,ProgressVelocity,-0.297889,CurrentExpenditureRatio,0.179142,ExpenditureProgressGap,0.167113,Expenditure,0.157778,Agency_National Highways Authority of India [NHAI]; CurrentExpenditureRatio; ExpenditureProgressGap
618673,,2026-05-01,0.961464,1,Agency_National Highways Authority of India [NHAI],0.908202,ProgressVelocity,0.538468,NoProgress,0.406919,RemainingPlannedDays,0.316829,CurrentExpenditureRatio,0.316725,Agency_National Highways Authority of India [NHAI]; ProgressVelocity; NoProgress
619295,,2026-05-01,0.494063,1,Agency_NHAI,0.627281,Agency_National Highways Authority of India [NHAI],-0.492127,Physical Progress,-0.472443,NoProgress,0.41014,CurrentExpenditureRatio,-0.218402,Agency_NHAI; NoProgress; RemainingPlannedDays
709750,,2026-04-01,0.630693,1,Agency_National Highways Authority of India [NHAI],-0.269954,State_Tamil Nadu,0.247862,ProgressVelocity,-0.191373,ExpenditureProgressGap,0.176296,RemainingPlannedDays,0.163731,State_Tamil Nadu; ExpenditureProgressGap; RemainingPlannedDays
618662,,2026-05-01,0.909974,1,Agency_National Highways Authority of India [NHAI],1.182469,ProgressVelocity,0.807207,ProgressScheduleGap,0.361552,CurrentExpenditureRatio,-0.289895,Physical Progress,-0.231457,Agency_National Highways Authority of India [NHAI]; ProgressVelocity; ProgressScheduleGap
611979,,2026-04-01,0.554011,1,RemainingPlannedDays,0.367722,Agency_National Highways Authority of India [NHAI],-0.362744,ExpenditureProgressGap,-0.252669,CurrentExpenditureRatio,0.190333,ProjectAgeDays,0.187073,RemainingPlannedDays; CurrentExpenditureRatio; ProjectAgeDays
701113,,2026-05-01,0.059535,0,Agency_National Highways Authority of India [NHAI],-0.386113,Agency_Airport Authority of India [AAI],-0.371248,Physical Progress,-0.301851,ExpenditureProgressGap,-0.294419,RobustCurrentGap,-0.280634,CurrentExpenditureRatio; ProjectAgeDays; HasRevisedDoc
709800,,2026-05-01,0.345176,0,Agency_MinistryofPetroleumNaturalGas,-0.484312,Agency_National Highways Authority of India [NHAI],-0.341874,CurrentExpenditureRatio,0.268482,ExpenditureProgressGap,0.226223,State_Odisha,-0.196523,CurrentExpenditureRatio; ExpenditureProgressGap; Physical Progress
618182,,2026-05-01,0.557478,1,Agency_National Highways Authority of India [NHAI],-0.374527,ExpenditureProgressGap,0.232051,ProgressVelocity,0.211873,ProgressScheduleGap,-0.210484,ProjectAgeDays,0.14773,ExpenditureProgressGap; ProgressVelocity; ProjectAgeDays
616857,,2026-05-01,0.321043,0,HasRevisedDoc,-0.412402,Agency_National Highways Authority of India [NHAI],-0.372654,CurrentExpenditureRatio,0.267638,ProjectAgeDays,-0.225987,RemainingPlannedDays,0.161971,CurrentExpenditureRatio; RemainingPlannedDays; RobustCurrentGap
618878,,2026-04-01,0.580166,1,Agency_National Highways Authority of India [NHAI],0.673786,ProgressVelocity,-0.32007,Expenditure,-0.252345,ProgressScheduleGap,-0.120954,ProjectAgeDays,0.111041,Agency_National Highways Authority of India [NHAI]; ProjectAgeDays; HasRevisedDoc
619313,,2026-05-01,0.215803,0,Agency_MinistryofPetroleumNaturalGas,-0.525933,Agency_National Highways Authority of India [NHAI],-0.381974,ExpenditureProgressGap,-0.268149,ProgressVelocity,0.231422,CurrentExpenditureRatio,-0.178381,ProgressVelocity; Expenditure; State_Maharashtra
618736,,2026-05-01,0.242644,0,Agency_National Highways Authority of India [NHAI],0.701625,ExpenditureProgressGap,-0.329842,RevisedCost,-0.320387,RobustCurrentGap,-0.262789,ApprovalToStartDays,-0.250905,Agency_National Highways Authority of India [NHAI]; State_Jharkhand; LateStageLowProgress
619052,,2026-05-01,0.027657,0,CurrentExpenditureRatio,-0.771447,Physical Progress,-0.608859,Agency_National Highways Authority of India [NHAI],-0.383969,Expenditure,-0.308145,HasRevisedDoc,-0.266924,ScheduleElapsedRatio; RemainingPlannedDays; ElapsedDays
618495,,2026-04-01,0.852511,1,Agency_National Highways Authority of India [NHAI],0.660627,CurrentExpenditureRatio,0.341573,RobustCurrentGap,0.31472,ProgressVelocity,-0.283092,ProjectAgeDays,0.248303,Agency_National Highways Authority of India [NHAI]; CurrentExpenditureRatio; RobustCurrentGap
618567,,2026-04-01,0.15054,0,Agency_NHAI,0.511263,ProjectAgeDays,-0.396702,Physical Progress,-0.309149,Agency_National Highways Authority of India [NHAI],-0.298994,State_Uttar Pradesh,-0.27741,Agency_NHAI; CurrentExpenditureRatio; RemainingPlannedDays
618824,,2026-05-01,0.675469,1,Agency_National Highways Authority of India [NHAI],0.640388,ApprovalToStartDays,-0.20541,ProjectAgeDays,0.202943,Physical Progress,-0.172649,ProgressVelocity,0.161156,Agency_National Highways Authority of India [NHAI]; ProjectAgeDays; ProgressVelocity
705608,,2026-05-01,0.331894,0,Agency_National Highways Authority of India [NHAI],-0.554807,ProgressVelocity,-0.219325,ExpenditureProgressGap,-0.208011,CurrentExpenditureRatio,0.191182,Physical Progress,0.166535,CurrentExpenditureRatio; Physical Progress; Expenditure
617808,,2026-05-01,0.510068,1,NoProgress,0.3654,Expenditure,0.359535,Physical Progress,-0.355827,Agency_National Highways Authority of India [NHAI],-0.3366,RobustCurrentGap,0.283287,NoProgress; Expenditure; RobustCurrentGap
618297,,2026-05-01,0.344192,0,CurrentExpenditureRatio,-0.605896,RevisedCost,0.460388,Agency_National Highways Authority of India [NHAI],-0.413828,Expenditure,-0.355575,State_Nagaland,-0.241152,RevisedCost; ProgressVelocity; ProjectAgeDays
618193,,2026-04-01,0.30849,0,Agency_National Highways Authority of India [NHAI],-0.308263,ProjectAgeDays,-0.262116,RevisedCost,0.254846,ProgressVelocity,-0.189325,Physical Progress,-0.185173,RevisedCost; OriginalCost; ScheduleElapsedRatio
618266,,2026-04-01,0.694114,1,CurrentExpenditureRatio,-0.473136,RobustCurrentGap,0.450442,RevisedCost,0.409187,Physical Progress,0.362942,Agency_National Highways Authority of India [NHAI],-0.269454,RobustCurrentGap; RevisedCost; Physical Progress
604863,,2026-04-01,0.174172,0,Agency_National Highways Authority of India [NHAI],-0.443699,ExpenditureProgressGap,-0.242239,RobustCurrentGap,-0.229932,RemainingPlannedDays,-0.194131,ProjectAgeDays,-0.191802,Physical Progress; HasRevisedDoc; HasRevisedCost
618448,,2026-04-01,0.728513,1,Physical Progress,0.321917,RobustCurrentGap,0.291753,ProgressVelocity,-0.259205,ProgressScheduleGap,0.201631,Agency_National Highways Authority of India [NHAI],-0.187406,Physical Progress; RobustCurrentGap; ProgressScheduleGap
617888,,2026-04-01,0.45163,1,CurrentExpenditureRatio,-0.493784,OriginalCost,0.347158,Agency_National Highways Authority of India [NHAI],-0.290543,Physical Progress,0.283412,RobustCurrentGap,0.259741,OriginalCost; Physical Progress; RobustCurrentGap
701406,,2026-05-01,0.203115,0,RemainingPlannedDays,-0.901498,ProjectAgeDays,-0.62139,Agency_National Highways Authority of India [NHAI],-0.547398,Physical Progress,0.306891,ProgressVelocity,0.276764,Physical Progress; ProgressVelocity; ExpenditureProgressGap
707046,,2026-04-01,0.266994,0,HasRevisedDoc,-0.359072,ProgressVelocity,-0.249757,ProgressScheduleGap,-0.237372,RobustCurrentGap,0.226847,ApprovalToStartDays,-0.174331,RobustCurrentGap; ExpenditureProgressGap; Expenditure
701289,,2026-04-01,0.165688,0,RevisedCost,-0.676031,Expenditure,0.533766,OriginalCost,-0.521638,Agency_National Highways Authority of India [NHAI],-0.398825,State_Haryana,-0.300089,Expenditure; Physical Progress; HasRevisedDoc
618986,,2026-05-01,0.032776,0,Physical Progress,-0.681462,CurrentExpenditureRatio,-0.678893,ProjectAgeDays,-0.469571,Agency_National Highways Authority of India [NHAI],-0.428087,NoProgress,0.357675,NoProgress; ProgressVelocity; State_Gujarat
618375,,2026-05-01,0.711221,1,Agency_National Highways Authority of India [NHAI],-0.38701,Agency_NHIDCL,0.380679,ProjectAgeDays,0.301378,State_Meghalaya,0.267154,Physical Progress,-0.25623,Agency_NHIDCL; ProjectAgeDays; State_Meghalaya
705639,,2026-05-01,0.137143,0,Agency_National Highways Authority of India [NHAI],-0.506043,ExpenditureProgressGap,-0.36925,RobustCurrentGap,-0.349988,Physical Progress,-0.262036,ApprovalToStartDays,-0.155436,CurrentExpenditureRatio; HasRevisedCost; HasRevisedDoc
618537,,2026-04-01,0.663095,1,Agency_National Highways Authority of India [NHAI],0.891977,Physical Progress,-0.315982,OriginalCost,-0.293928,CurrentExpenditureRatio,0.203136,Expenditure,0.160576,Agency_National Highways Authority of India [NHAI]; CurrentExpenditureRatio; Expenditure
618075,,2026-05-01,0.4311,0,Agency_National Highways Authority of India [NHAI],-0.3392,State_Uttar Pradesh,-0.29121,ProgressScheduleGap,-0.197203,ApprovalToStartDays,0.187559,ExpenditureProgressGap,0.160526,ApprovalToStartDays; ExpenditureProgressGap; Physical Progress
619118,,2026-05-01,0.953224,1,Agency_National Highways Authority of India [NHAI],1.127815,ProgressVelocity,0.580319,NoProgress,0.435448,Expenditure,0.412836,OriginalCost,-0.27971,Agency_National Highways Authority of India [NHAI]; ProgressVelocity; NoProgress
612855,,2026-04-01,0.254748,0,Agency_National Highways Authority of India [NHAI],-0.422192,State_Gujarat,-0.214059,ProgressVelocity,-0.201946,CurrentExpenditureRatio,0.170598,Physical Progress,-0.154394,CurrentExpenditureRatio; ProjectAgeDays; Expenditure
618085,,2026-04-01,0.30259,0,CurrentExpenditureRatio,-0.592071,RobustCurrentGap,0.363995,Expenditure,-0.273347,ProgressVelocity,-0.270895,Agency_National Highways Authority of India [NHAI],-0.266537,RobustCurrentGap; ExpenditureProgressGap; Physical Progress
617904,,2026-05-01,0.40862,0,Physical Progress,-0.599087,NoProgress,0.393059,Agency_National Highways Authority of India [NHAI],-0.335117,State_Odisha,-0.232262,ProgressVelocity,0.154885,NoProgress; ProgressVelocity; RevisedCost
618086,,2026-05-01,0.106283,0,Agency_National Highways Authority of India [NHAI],-0.523255,ProgressScheduleGap,-0.411226,Physical Progress,-0.409791,CurrentExpenditureRatio,-0.374008,ProjectAgeDays,-0.343865,ProgressVelocity; ExpenditureProgressGap; RobustCurrentGap
618713,,2026-04-01,0.77003,1,Agency_National Highways Authority of India [NHAI],1.018375,ProjectAgeDays,0.413761,Physical Progress,-0.197391,ProgressScheduleGap,0.191756,OriginalCost,-0.150675,Agency_National Highways Authority of India [NHAI]; ProjectAgeDays; ProgressScheduleGap
705419,,2026-04-01,0.39623,0,CurrentExpenditureRatio,0.477753,Agency_National Highways Authority of India [NHAI],-0.469711,Expenditure,0.239355,ExpenditureProgressGap,-0.225461,ProjectAgeDays,-0.220996,CurrentExpenditureRatio; Expenditure; Physical Progress
702833,,2026-04-01,0.464214,1,Agency_National Highways Authority of India [NHAI],-0.39789,OriginalCost,0.299044,CurrentExpenditureRatio,0.243829,ApprovalToStartDays,-0.238923,ProgressVelocity,-0.163171,OriginalCost; CurrentExpenditureRatio; RevisedCost
619098,,2026-05-01,0.924741,1,Agency_National Highways Authority of India [NHAI],0.863179,ProgressVelocity,0.610606,NoProgress,0.519041,Physical Progress,0.37668,ProgressScheduleGap,-0.232432,Agency_National Highways Authority of India [NHAI]; ProgressVelocity; NoProgress
618797,,2026-04-01,0.222906,0,Agency_National Highways Authority of India [NHAI],0.828896,CurrentExpenditureRatio,-0.451896,ProgressVelocity,-0.32003,ProjectAgeDays,-0.252182,OriginalCost,-0.247679,Agency_National Highways Authority of India [NHAI]; HasRevisedCost; ScheduleElapsedRatio
618579,,2026-05-01,0.95459,1,Agency_National Highways Authority of India [NHAI],1.182944,ProgressVelocity,0.605458,NoProgress,0.522261,ExpenditureProgressGap,0.225437,RemainingPlannedDays,0.211108,Agency_National Highways Authority of India [NHAI]; ProgressVelocity; NoProgress
616586,,2026-05-01,0.132062,0,Physical Progress,-0.568687,Agency_National Highways Authority of India [NHAI],-0.441032,HasRevisedDoc,-0.344807,NoProgress,0.341041,ProjectAgeDays,-0.297718,NoProgress; Expenditure; ProgressVelocity
611495,,2026-05-01,0.294662,0,Agency_National Highways Authority of India [NHAI],-0.389844,Physical Progress,-0.358563,Agency_Airport Authority of India [AAI],-0.344585,CurrentExpenditureRatio,0.233967,ProgressVelocity,0.226012,CurrentExpenditureRatio; ProgressVelocity; State_West Bengal
618164,,2026-04-01,0.527675,1,CurrentExpenditureRatio,-0.491897,RobustCurrentGap,0.46442,ExpenditureProgressGap,0.340132,Agency_National Highways Authority of India [NHAI],-0.292401,Physical Progress,0.290047,RobustCurrentGap; ExpenditureProgressGap; Physical Progress
705358,,2026-05-01,0.106927,0,Agency_National Highways Authority of India [NHAI],-0.612315,RemainingPlannedDays,-0.449452,CurrentExpenditureRatio,-0.414912,Agency_East Coast Railway [ECoR] - II,0.26166,ExpenditureProgressGap,-0.22514,Agency_East Coast Railway [ECoR] - II; ProjectAgeDays; HasRevisedDoc
617408,,2026-05-01,0.513909,1,Agency_North Western Railway [NWR],1.434473,HasRevisedDoc,-0.382927,Agency_National Highways Authority of India [NHAI],-0.318107,NoProgress,0.233012,RevisedCost,-0.21539,Agency_North Western Railway [NWR]; NoProgress; ProjectAgeDays
617967,,2026-04-01,0.295851,0,CurrentExpenditureRatio,-0.558601,Physical Progress,0.36624,RobustCurrentGap,0.295001,ProgressVelocity,-0.283503,Agency_National Highways Authority of India [NHAI],-0.263268,Physical Progress; RobustCurrentGap; ExpenditureProgressGap
617730,,2026-05-01,0.736981,1,ProgressVelocity,0.615675,HasRevisedDoc,-0.465293,Expenditure,0.389494,Physical Progress,0.329914,ProgressScheduleGap,0.302121,ProgressVelocity; Expenditure; Physical Progress
618356,,2026-04-01,0.20543,0,ProgressVelocity,-0.403703,Agency_National Highways Authority of India [NHAI],-0.362068,ExpenditureProgressGap,-0.242629,RemainingPlannedDays,-0.21556,Agency_NHIDCL,0.211779,Agency_NHIDCL; HasRevisedDoc; CurrentExpenditureRatio
618593,,2026-04-01,0.491176,1,Agency_National Highways Authority of India [NHAI],0.726346,RevisedCost,-0.276974,ProgressVelocity,-0.167038,State_Odisha,-0.160766,ProgressScheduleGap,0.138201,Agency_National Highways Authority of India [NHAI]; ProgressScheduleGap; Expenditure
615346,,2026-04-01,0.170143,0,OriginalCost,-0.367485,Agency_National Highways Authority of India [NHAI],-0.32757,ProgressVelocity,-0.2174,ExpenditureProgressGap,-0.213852,CurrentExpenditureRatio,0.175052,CurrentExpenditureRatio; Expenditure; HasRevisedDoc
705252,,2026-04-01,0.023179,0,Physical Progress,-0.746569,CurrentExpenditureRatio,-0.678365,Agency_National Highways Authority of India [NHAI],-0.353261,HasRevisedDoc,-0.316548,ApprovalToStartDays,-0.255075,OriginalCost; RobustCurrentGap; State_Telangana
618759,,2026-05-01,0.936308,1,Agency_National Highways Authority of India [NHAI],0.776819,ProgressVelocity,0.391445,NoProgress,0.380438,Expenditure,0.233274,CurrentExpenditureRatio,0.159498,Agency_National Highways Authority of India [NHAI]; ProgressVelocity; NoProgress
619033,,2026-04-01,0.23317,0,HasRevisedDoc,-0.407823,Physical Progress,-0.248821,Agency_National Highways Authority of India [NHAI],-0.233117,State_Odisha,-0.229366,ExpenditureProgressGap,0.137421,ExpenditureProgressGap; ProgressScheduleGap; LateStageLowProgress
618992,,2026-05-01,0.063984,0,Physical Progress,-0.729492,State_Gujarat,-0.459288,Agency_National Highways Authority of India [NHAI],-0.44185,CurrentExpenditureRatio,-0.440281,HasRevisedDoc,-0.37631,NoProgress; RemainingPlannedDays; ProgressVelocity
709778,,2026-05-01,0.526284,1,RevisedCost,0.536453,Agency_MinistryofPetroleumNaturalGas,-0.526828,Agency_National Highways Authority of India [NHAI],-0.318123,RobustCurrentGap,0.266974,ExpenditureProgressGap,0.265076,RevisedCost; RobustCurrentGap; ExpenditureProgressGap
617422,,2026-05-01,0.017772,0,CurrentExpenditureRatio,-1.058011,Agency_National Highways Authority of India [NHAI],-0.539932,HasRevisedDoc,-0.37635,ApprovalToStartDays,-0.315618,RobustCurrentExpenditurePct,-0.295111,State_Maharashtra; ProgressVelocity; ProgressBehindSchedule20
609424,,2026-05-01,0.610975,1,Expenditure,0.449675,Agency_National Highways Authority of India [NHAI],-0.348647,NoProgress,0.292417,CurrentExpenditureRatio,0.285046,ExpenditureProgressGap,-0.237969,Expenditure; NoProgress; CurrentExpenditureRatio
705941,,2026-05-01,0.109002,0,Agency_National Highways Authority of India [NHAI],-0.553681,Physical Progress,-0.431335,RevisedCost,-0.278582,OriginalCost,-0.197246,ExpenditureProgressGap,-0.183966,CurrentExpenditureRatio; Expenditure; HasRevisedDoc
618373,,2026-05-01,0.740935,1,Agency_National Highways Authority of India [NHAI],-0.37783,Agency_NHIDCL,0.345091,Expenditure,0.247334,ExpenditureProgressGap,0.226892,CurrentExpenditureRatio,0.215482,Agency_NHIDCL; Expenditure; ExpenditureProgressGap
619154,,2026-05-01,0.877464,1,Agency_National Highways Authority of India [NHAI],0.736189,ProgressVelocity,0.616664,CurrentExpenditureRatio,0.178912,OriginalCost,-0.132293,ProgressScheduleGap,0.119993,Agency_National Highways Authority of India [NHAI]; ProgressVelocity; CurrentExpenditureRatio
617950,,2026-05-01,0.169431,0,CurrentExpenditureRatio,-0.69518,Physical Progress,-0.548869,Agency_National Highways Authority of India [NHAI],-0.513082,NoProgress,0.412706,RevisedCost,0.311624,NoProgress; RevisedCost; OriginalCost
709856,,2026-04-01,0.617215,1,Agency_National Highways Authority of India [NHAI],-0.348537,CurrentExpenditureRatio,0.267127,RemainingPlannedDays,0.254735,ProjectAgeDays,0.223198,ExpenditureProgressGap,0.208862,CurrentExpenditureRatio; RemainingPlannedDays; ProjectAgeDays
618392,,2026-04-01,0.418875,0,CurrentExpenditureRatio,-0.582041,ExpenditureProgressGap,0.318394,RobustCurrentGap,0.298027,State_Uttarakhand,-0.280414,Physical Progress,0.253558,ExpenditureProgressGap; RobustCurrentGap; Physical Progress
619094,,2026-05-01,0.797587,1,Agency_National Highways Authority of India [NHAI],0.929293,State_Tamil Nadu,0.240166,NegativeProgressVelocity,-0.239019,CurrentExpenditureRatio,0.138329,ProgressVelocity,-0.134054,Agency_National Highways Authority of India [NHAI]; State_Tamil Nadu; CurrentExpenditureRatio
618581,,2026-05-01,0.931392,1,Agency_National Highways Authority of India [NHAI],0.828722,ProgressVelocity,0.549375,NoProgress,0.509576,OriginalCost,-0.310537,CurrentExpenditureRatio,0.180969,Agency_National Highways Authority of India [NHAI]; ProgressVelocity; NoProgress
701349,,2026-05-01,0.257123,0,Agency_National Highways Authority of India [NHAI],-0.509671,Expenditure,0.418316,ProjectAgeDays,-0.271917,Physical Progress,0.228111,OriginalCost,-0.213458,Expenditure; Physical Progress; HasRevisedDoc
619148,,2026-04-01,0.113644,0,HasRevisedDoc,-1.04344,Agency_National Highways Authority of India [NHAI],0.454151,ProgressVelocity,-0.415124,ProjectAgeDays,-0.307619,Expenditure,-0.276417,Agency_National Highways Authority of India [NHAI]; RevisedCost; ExpenditureProgressGap
618581,,2026-04-01,0.561987,1,Agency_National Highways Authority of India [NHAI],0.57352,ProgressVelocity,-0.380011,OriginalCost,-0.27026,Expenditure,-0.255253,ProgressScheduleGap,0.145427,Agency_National Highways Authority of India [NHAI]; ProgressScheduleGap; ExpenditureProgressGap
705252,,2026-05-01,0.048663,0,Physical Progress,-0.731022,CurrentExpenditureRatio,-0.591906,Agency_National Highways Authority of India [NHAI],-0.443799,NoProgress,0.351517,ApprovalToStartDays,-0.315794,NoProgress; ProgressVelocity; OriginalCost
618556,,2026-05-01,0.791092,1,Agency_National Highways Authority of India [NHAI],1.023541,CurrentExpenditureRatio,0.272268,ExpenditureProgressGap,-0.225081,ProgressVelocity,0.216713,RobustCurrentGap,-0.167208,Agency_National Highways Authority of India [NHAI]; CurrentExpenditureRatio; ProgressVelocity
618042,,2026-04-01,0.40832,0,CurrentExpenditureRatio,-0.545413,Agency_National Highways Authority of India [NHAI],-0.312507,RevisedCost,-0.290059,OriginalCost,0.267936,ProjectAgeDays,0.248664,OriginalCost; ProjectAgeDays; RemainingPlannedDays
400100,,2026-04-01,0.060373,0,RemainingPlannedDays,-0.743618,Agency_National Highways Authority of India [NHAI],-0.502056,Expenditure,-0.27863,ExpenditureProgressGap,-0.271926,ProjectAgeDays,-0.20898,HasRevisedDoc; HasRevisedCost; CurrentExpenditureRatio
619320,,2026-04-01,0.587406,1,Agency_NHAI,0.747215,State_Bihar,0.387114,Agency_National Highways Authority of India [NHAI],-0.302121,ProgressVelocity,-0.255932,ProjectAgeDays,-0.254521,Agency_NHAI; State_Bihar; RevisedCost
709819,,2026-04-01,0.457382,1,Agency_National Highways Authority of India [NHAI],-0.372637,RemainingPlannedDays,0.365594,Expenditure,0.189264,ProgressVelocity,-0.174016,ProgressScheduleGap,-0.119509,RemainingPlannedDays; Expenditure; OriginalCost
611943,,2026-04-01,0.115201,0,Physical Progress,-0.438029,Agency_National Highways Authority of India [NHAI],-0.379902,ExpenditureProgressGap,-0.372693,State_Gujarat,-0.341667,Expenditure,0.185477,Expenditure; OriginalCost; CurrentExpenditureRatio
618953,,2026-05-01,0.358779,0,Agency_NHAI,0.896544,CurrentExpenditureRatio,-0.636808,RemainingPlannedDays,-0.497096,Agency_National Highways Authority of India [NHAI],-0.456154,ExpenditureProgressGap,-0.285397,Agency_NHAI; State_Bihar; Expenditure
705793,,2026-04-01,0.038706,0,CurrentExpenditureRatio,-1.06259,Agency_National Highways Authority of India [NHAI],-0.487783,RobustCurrentGap,-0.343573,RobustCurrentExpenditurePct,-0.325813,ExpenditureProgressGap,-0.294745,Expenditure; HasRevisedCost; HasRevisedDoc
618306,,2026-04-01,0.270182,0,ProgressVelocity,-0.439661,Agency_National Highways Authority of India [NHAI],-0.371174,Physical Progress,-0.288445,RemainingPlannedDays,0.19999,ProjectAgeDays,-0.184737,RemainingPlannedDays; Agency_NHIDCL; ApprovalToStartDays
400354,,2026-04-01,0.15153,0,HasRevisedDoc,-0.406361,Agency_National Highways Authority of India [NHAI],-0.315936,RemainingPlannedDays,-0.269899,ExpenditureProgressGap,-0.205724,OriginalCost,-0.202403,CurrentExpenditureRatio; RobustCurrentGap; Expenditure
612748,,2026-05-01,0.204615,0,OriginalCost,0.476007,ProgressScheduleGap,-0.459963,Agency_National Highways Authority of India [NHAI],-0.430822,HasRevisedDoc,-0.414837,RevisedCost,-0.307007,OriginalCost; ProgressVelocity; ScheduleElapsedRatio
618604,,2026-05-01,0.444741,0,Agency_National Highways Authority of India [NHAI],0.714821,OriginalCost,-0.260589,CurrentExpenditureRatio,-0.259749,ApprovalToStartDays,-0.228561,ExpenditureProgressGap,-0.21785,Agency_National Highways Authority of India [NHAI]; ProgressVelocity; Physical Progress
617727,,2026-05-01,0.254543,0,HasRevisedDoc,-0.488952,ProgressVelocity,0.469924,Agency_National Highways Authority of India [NHAI],-0.384045,Physical Progress,-0.320898,OriginalCost,-0.21979,ProgressVelocity; RobustCurrentGap; CurrentExpenditureRatio
617254,,2026-05-01,0.347954,0,Agency_Steel Authority of India Limited [SAIL],0.519532,ExpenditureProgressGap,-0.479792,Agency_National Highways Authority of India [NHAI],-0.389344,ProgressVelocity,-0.303339,ProjectAgeDays,0.206203,Agency_Steel Authority of India Limited [SAIL]; ProjectAgeDays; State_Jharkhand
400162,,2026-05-01,0.451437,1,Agency_National Highways Authority of India [NHAI],-0.572994,RemainingPlannedDays,0.228961,CurrentExpenditureRatio,0.211359,RobustCurrentGap,0.159751,RevisedCost,-0.115393,RemainingPlannedDays; CurrentExpenditureRatio; RobustCurrentGap
619311,,2026-04-01,0.111819,0,Physical Progress,-0.608035,HasRevisedDoc,-0.300997,Agency_National Highways Authority of India [NHAI],-0.282135,CurrentExpenditureRatio,-0.23385,State_Arunachal Pradesh,-0.219322,ProjectAgeDays; ElapsedDays; HasRevisedCost
617986,,2026-04-01,0.226245,0,CurrentExpenditureRatio,-0.535787,ProgressScheduleGap,-0.417487,ExpenditureProgressGap,0.35237,RobustCurrentGap,0.315833,Expenditure,-0.256899,ExpenditureProgressGap; RobustCurrentGap; Physical Progress
709800,,2026-04-01,0.31164,0,Agency_MinistryofPetroleumNaturalGas,-0.504366,Agency_National Highways Authority of India [NHAI],-0.299682,ProgressVelocity,-0.229975,ExpenditureProgressGap,0.202403,State_Odisha,-0.199464,ExpenditureProgressGap; Physical Progress; RobustCurrentGap
619026,,2026-04-01,0.053132,0,Physical Progress,-0.612069,State_Gujarat,-0.415476,CurrentExpenditureRatio,-0.384872,Agency_National Highways Authority of India [NHAI],-0.314827,RevisedCost,-0.278827,Expenditure; ElapsedDays; OriginalCost
709786,,2026-05-01,0.118229,0,Agency_MinistryofPetroleumNaturalGas,-0.611445,Physical Progress,-0.512146,Agency_National Highways Authority of India [NHAI],-0.418653,State_Nagaland,-0.226668,ApprovalToStartDays,-0.150245,Expenditure; RevisedCost; ExpenditureProgressGap
618107,,2026-05-01,0.287247,0,Agency_National Highways Authority of India [NHAI],-0.486813,Physical Progress,-0.440465,ProgressVelocity,0.410696,ProgressScheduleGap,0.192079,State_Gujarat,-0.183355,ProgressVelocity; ProgressScheduleGap; ScheduleElapsedRatio
618650,,2026-05-01,0.663911,1,Agency_National Highways Authority of India [NHAI],1.036724,ProjectAgeDays,-0.263204,Physical Progress,-0.242671,RobustCurrentGap,-0.206833,ProgressVelocity,0.205971,Agency_National Highways Authority of India [NHAI]; ProgressVelocity; CurrentExpenditureRatio
618912,,2026-04-01,0.665845,1,Agency_National Highways Authority of India [NHAI],0.723016,ProgressVelocity,-0.269728,Physical Progress,0.204629,CurrentExpenditureRatio,0.184722,ApprovalToStartDays,-0.141355,Agency_National Highways Authority of India [NHAI]; Physical Progress; CurrentExpenditureRatio
400047,,2026-05-01,0.292648,0,Physical Progress,-0.532611,NoProgress,0.370739,Agency_National Highways Authority of India [NHAI],-0.344202,ApprovalToStartDays,-0.295959,State_Odisha,-0.251118,NoProgress; ProgressVelocity; RobustCurrentGap
619292,,2026-04-01,0.781183,1,Agency_NHAI,0.796502,Physical Progress,0.253579,State_Uttarakhand,-0.235732,ExpenditureProgressGap,0.230362,Agency_National Highways Authority of India [NHAI],-0.224092,Agency_NHAI; Physical Progress; ExpenditureProgressGap
618645,,2026-05-01,0.973257,1,Agency_National Highways Authority of India [NHAI],0.815569,ProgressVelocity,0.377794,NoProgress,0.359776,RobustCurrentGap,0.338825,State_Jharkhand,0.25355,Agency_National Highways Authority of India [NHAI]; ProgressVelocity; NoProgress
615199,,2026-04-01,0.23456,0,HasRevisedDoc,-0.404806,Agency_National Highways Authority of India [NHAI],-0.261815,Physical Progress,-0.224279,ProgressVelocity,-0.171504,Expenditure,0.156616,Expenditure; RobustCurrentGap; LateStageLowProgress
709796,,2026-04-01,0.081576,0,Agency_National Highways Authority of India [NHAI],-0.388033,Physical Progress,-0.321004,OriginalCost,-0.263463,ProgressVelocity,-0.179168,CurrentExpenditureRatio,-0.177758,State_Tamil Nadu; HasRevisedDoc; State_Uttar Pradesh
618537,,2026-05-01,0.581268,1,Agency_National Highways Authority of India [NHAI],0.774086,State_Uttar Pradesh,-0.364899,OriginalCost,-0.282054,CurrentExpenditureRatio,0.235296,Physical Progress,-0.189482,Agency_National Highways Authority of India [NHAI]; CurrentExpenditureRatio; Expenditure
709798,,2026-05-01,0.046482,0,RevisedCost,-0.697456,ProgressVelocity,0.601559,OriginalCost,-0.547364,Agency_MinistryofPetroleumNaturalGas,-0.528736,Agency_National Highways Authority of India [NHAI],-0.438637,ProgressVelocity; HasRevisedDoc; State_Uttar Pradesh
602195,,2026-04-01,0.494642,1,Agency_National Highways Authority of India [NHAI],-0.478336,Expenditure,0.229756,ProgressScheduleGap,0.171574,ProjectAgeDays,0.149051,ExpenditureProgressGap,-0.149044,Expenditure; ProgressScheduleGap; ProjectAgeDays
618084,,2026-04-01,0.804337,1,State_Jharkhand,0.649133,CurrentExpenditureRatio,0.426812,RevisedCost,-0.422776,OriginalCost,0.422752,ProgressVelocity,-0.245748,State_Jharkhand; CurrentExpenditureRatio; OriginalCost
702658,,2026-05-01,0.155977,0,HasRevisedDoc,-0.432802,Agency_National Highways Authority of India [NHAI],-0.307908,Expenditure,0.256722,Physical Progress,-0.253125,CurrentExpenditureRatio,0.239399,Expenditure; CurrentExpenditureRatio; State_Maharashtra
618364,,2026-04-01,0.162188,0,CurrentExpenditureRatio,-0.647111,Expenditure,-0.354663,ExpenditureProgressGap,0.317881,ProgressVelocity,-0.270844,RobustCurrentGap,0.253842,ExpenditureProgressGap; RobustCurrentGap; Physical Progress
618638,,2026-04-01,0.807035,1,Agency_National Highways Authority of India [NHAI],0.903273,ProgressVelocity,-0.460639,Physical Progress,0.401258,RobustCurrentGap,0.253665,ExpenditureProgressGap,0.214564,Agency_National Highways Authority of India [NHAI]; Physical Progress; RobustCurrentGap
617248,,2026-05-01,0.887388,1,Agency_Steel Authority of India Limited [SAIL],0.654881,RobustCurrentGap,0.293744,ProgressScheduleGap,0.270044,ExpenditureProgressGap,0.227131,Physical Progress,0.217041,Agency_Steel Authority of India Limited [SAIL]; RobustCurrentGap; ProgressScheduleGap
618366,,2026-04-01,0.067198,0,CurrentExpenditureRatio,-0.709757,Physical Progress,-0.381219,Agency_National Highways Authority of India [NHAI],-0.364046,Expenditure,-0.326511,State_Nagaland,-0.231687,Agency_NHIDCL; ExpenditureProgressGap; RobustCurrentGap
701400,,2026-05-01,0.38232,0,Physical Progress,0.558605,Agency_National Highways Authority of India [NHAI],-0.492198,RemainingPlannedDays,-0.366631,CurrentExpenditureRatio,-0.272438,ProjectAgeDays,0.193232,Physical Progress; ProjectAgeDays; Expenditure
619307,,2026-04-01,0.81799,1,Agency_NHAI,0.828562,RobustCurrentGap,0.351117,Expenditure,0.269981,ProgressVelocity,-0.264365,ExpenditureProgressGap,0.256515,Agency_NHAI; RobustCurrentGap; Expenditure
701289,,2026-05-01,0.167223,0,RevisedCost,-0.654689,OriginalCost,-0.563503,Expenditure,0.502689,Agency_National Highways Authority of India [NHAI],-0.441099,State_Haryana,-0.300089,Expenditure; Physical Progress; ExpenditureProgressGap
618421,,2026-04-01,0.480684,1,ProgressVelocity,-0.392003,State_Meghalaya,0.271267,RobustCurrentGap,0.24167,ProgressScheduleGap,-0.229795,ExpenditureProgressGap,0.201748,State_Meghalaya; RobustCurrentGap; ExpenditureProgressGap
400048,,2026-05-01,0.815757,1,NoProgress,0.407664,RobustCurrentGap,0.407447,ProgressVelocity,0.352015,CurrentExpenditureRatio,0.274456,Agency_National Highways Authority of India [NHAI],-0.267321,NoProgress; RobustCurrentGap; ProgressVelocity
617933,,2026-04-01,0.176082,0,CurrentExpenditureRatio,-0.644889,ProjectAgeDays,0.410952,ProgressScheduleGap,-0.298957,Expenditure,-0.297869,Agency_National Highways Authority of India [NHAI],-0.292642,ProjectAgeDays; ExpenditureProgressGap; HasRevisedDoc
618411,,2026-05-01,0.828818,1,Agency_NHIDCL,0.369367,ProgressVelocity,0.330066,Agency_National Highways Authority of India [NHAI],-0.270529,ProgressScheduleGap,0.234793,ExpenditureProgressGap,0.221873,Agency_NHIDCL; ProgressVelocity; ProgressScheduleGap
703021,,2026-05-01,0.375944,0,Agency_National Highways Authority of India [NHAI],-0.383832,ProgressScheduleGap,-0.244074,ApprovalToStartDays,-0.21559,CurrentExpenditureRatio,0.20511,Physical Progress,0.177545,CurrentExpenditureRatio; Physical Progress; ProgressVelocity
618017,,2026-04-01,0.470591,1,Agency_National Highways Authority of India [NHAI],-0.294388,RobustCurrentGap,0.271286,ProgressScheduleGap,-0.268088,CurrentExpenditureRatio,0.249847,ProgressVelocity,-0.234451,RobustCurrentGap; CurrentExpenditureRatio; Physical Progress
618956,,2026-05-01,0.642408,1,Agency_NHAI,0.66634,State_Bihar,0.349889,Agency_National Highways Authority of India [NHAI],-0.279525,Physical Progress,-0.224548,RobustCurrentGap,-0.168846,Agency_NHAI; State_Bihar; CurrentExpenditureRatio
617975,,2026-04-01,0.117681,0,ProjectAgeDays,-0.43088,Agency_National Highways Authority of India [NHAI],-0.391579,ProgressVelocity,-0.326124,Physical Progress,-0.251797,NoProgress,-0.166446,CurrentExpenditureRatio; ExpenditureProgressGap; HasRevisedDoc
706898,,2026-05-01,0.119997,0,Physical Progress,-0.503479,CurrentExpenditureRatio,-0.454777,HasRevisedDoc,-0.449813,NoProgress,0.425384,Agency_National Highways Authority of India [NHAI],-0.380898,NoProgress; ProgressVelocity; RevisedCost
619291,,2026-04-01,0.69238,1,Agency_NHAI,0.645225,ProgressVelocity,-0.269692,Agency_National Highways Authority of India [NHAI],-0.251264,Physical Progress,0.225292,ProjectAgeDays,0.192973,Agency_NHAI; Physical Progress; ProjectAgeDays
400291,,2026-04-01,0.569209,1,Agency_National Highways Authority of India [NHAI],-0.445564,CurrentExpenditureRatio,0.274968,Agency_East Coast Railway [ECoR] - II,0.245845,Expenditure,0.17646,ExpenditureProgressGap,-0.170027,CurrentExpenditureRatio; Agency_East Coast Railway [ECoR] - II; Expenditure
618208,,2026-04-01,0.079577,0,HasRevisedDoc,-0.580958,CurrentExpenditureRatio,-0.467337,ProgressVelocity,-0.321959,OriginalCost,0.25638,ProjectAgeDays,-0.248673,OriginalCost; ExpenditureProgressGap; RobustCurrentGap
617406,,2026-04-01,0.405066,0,Agency_North Western Railway [NWR],1.495431,ExpenditureProgressGap,-0.324276,HasRevisedDoc,-0.30039,CurrentExpenditureRatio,-0.240058,Expenditure,0.236721,Agency_North Western Railway [NWR]; Expenditure; RemainingPlannedDays
616858,,2026-04-01,0.224046,0,Agency_National Highways Authority of India [NHAI],-0.42658,RobustCurrentGap,-0.274482,ExpenditureProgressGap,-0.264685,RemainingPlannedDays,-0.256526,ProgressVelocity,-0.135117,Physical Progress; Expenditure; HasRevisedDoc
705650,,2026-04-01,0.119735,0,CurrentExpenditureRatio,-0.638055,Agency_National Highways Authority of India [NHAI],-0.504145,ExpenditureProgressGap,-0.254022,RobustCurrentExpenditurePct,-0.234146,RobustCurrentGap,-0.229114,ProjectAgeDays; Expenditure; HasRevisedDoc
618902,,2026-05-01,0.835056,1,Agency_National Highways Authority of India [NHAI],1.174566,ProgressVelocity,0.603903,Expenditure,-0.21342,ExpenditureProgressGap,-0.151703,CurrentExpenditureRatio,0.121197,Agency_National Highways Authority of India [NHAI]; ProgressVelocity; CurrentExpenditureRatio
618848,,2026-05-01,0.065741,0,Agency_National Highways Authority of India [NHAI],0.876471,ProjectAgeDays,-0.629255,CurrentExpenditureRatio,-0.598167,Physical Progress,-0.31448,Expenditure,-0.298826,Agency_National Highways Authority of India [NHAI]; LateStageLowProgress; HasRevisedDoc
619067,,2026-04-01,0.649605,1,Agency_National Highways Authority of India [NHAI],0.832209,ProgressVelocity,-0.353606,RobustCurrentGap,0.248065,ExpenditureProgressGap,0.200535,ProjectAgeDays,-0.148015,Agency_National Highways Authority of India [NHAI]; RobustCurrentGap; ExpenditureProgressGap
701383,,2026-05-01,0.205716,0,Agency_National Highways Authority of India [NHAI],-0.524832,RemainingPlannedDays,-0.451047,CurrentExpenditureRatio,-0.441908,State_Maharashtra,0.198113,ExpenditureProgressGap,-0.180993,State_Maharashtra; Physical Progress; HasRevisedCost
619171,,2026-04-01,0.058022,0,Physical Progress,-0.597321,CurrentExpenditureRatio,-0.411535,Agency_National Highways Authority of India [NHAI],-0.343601,ProjectAgeDays,-0.324938,HasRevisedDoc,-0.229133,RemainingPlannedDays; State_Gujarat; State_Uttar Pradesh
618688,,2026-05-01,0.309925,0,Agency_National Highways Authority of India [NHAI],0.872838,ProjectAgeDays,-0.457326,ExpenditureProgressGap,-0.279221,RobustCurrentGap,-0.244142,Physical Progress,-0.243298,Agency_National Highways Authority of India [NHAI]; CurrentExpenditureRatio; HasRevisedCost
618873,,2026-04-01,0.56223,1,Agency_National Highways Authority of India [NHAI],0.838535,ProgressVelocity,-0.447699,ProjectAgeDays,-0.30449,ApprovalToStartDays,0.223041,Physical Progress,-0.188599,Agency_National Highways Authority of India [NHAI]; ApprovalToStartDays; RemainingPlannedDays
618917,,2026-05-01,0.647083,1,Agency_National Highways Authority of India [NHAI],0.354805,ProjectAgeDays,-0.243013,RevisedCost,-0.21353,NoProgress,0.21014,State_Bihar,0.201223,Agency_National Highways Authority of India [NHAI]; NoProgress; State_Bihar
618790,,2026-05-01,0.712688,1,Agency_National Highways Authority of India [NHAI],0.706961,ProgressVelocity,0.678077,ProjectAgeDays,-0.202011,State_Bihar,0.182887,OriginalCost,-0.172326,Agency_National Highways Authority of India [NHAI]; ProgressVelocity; State_Bihar
616044,,2026-05-01,0.615961,1,Agency_National Highways Authority of India [NHAI],-0.395291,ProjectAgeDays,-0.3005,Physical Progress,0.279359,ExpenditureProgressGap,0.213601,CurrentExpenditureRatio,0.211533,Physical Progress; ExpenditureProgressGap; CurrentExpenditureRatio
619164,,2026-05-01,0.967333,1,Agency_National Highways Authority of India [NHAI],1.107195,ProgressVelocity,0.541581,NoProgress,0.435614,CurrentExpenditureRatio,0.204333,ProgressScheduleGap,0.194889,Agency_National Highways Authority of India [NHAI]; ProgressVelocity; NoProgress
618390,,2026-05-01,0.528712,1,Agency_National Highways Authority of India [NHAI],-0.382188,Agency_NHIDCL,0.331241,ProjectAgeDays,-0.295383,CurrentExpenditureRatio,0.205272,State_Uttarakhand,-0.189481,Agency_NHIDCL; CurrentExpenditureRatio; ExpenditureProgressGap
617991,,2026-04-01,0.257723,0,ProjectAgeDays,-0.40565,Agency_National Highways Authority of India [NHAI],-0.366324,ProgressVelocity,-0.318244,Physical Progress,0.216134,ExpenditureProgressGap,0.175985,Physical Progress; ExpenditureProgressGap; HasRevisedDoc
618037,,2026-05-01,0.944031,1,RevisedCost,0.615923,NoProgress,0.488891,ProgressVelocity,0.375499,Agency_National Highways Authority of India [NHAI],-0.291403,ExpenditureProgressGap,0.279923,RevisedCost; NoProgress; ProgressVelocity
618262,,2026-05-01,0.02451,0,CurrentExpenditureRatio,-0.838853,Agency_National Highways Authority of India [NHAI],-0.581355,ProjectAgeDays,-0.514134,Physical Progress,-0.505336,Expenditure,-0.368959,NoProgress; ProgressVelocity; RemainingPlannedDays
617214,,2026-04-01,0.146408,0,Physical Progress,-0.604122,HasRevisedDoc,-0.399379,Agency_National Highways Authority of India [NHAI],-0.270337,ProgressVelocity,-0.153853,ExpenditureProgressGap,-0.132371,RobustCurrentGap; OriginalCost; RevisedCost
618776,,2026-05-01,0.884739,1,Agency_National Highways Authority of India [NHAI],1.050167,ProgressVelocity,0.31713,CurrentExpenditureRatio,0.315319,NoProgress,0.216887,RobustCurrentGap,-0.207451,Agency_National Highways Authority of India [NHAI]; ProgressVelocity; CurrentExpenditureRatio
618248,,2026-04-01,0.041626,0,CurrentExpenditureRatio,-0.854711,Agency_National Highways Authority of India [NHAI],-0.436903,Physical Progress,-0.434325,Expenditure,-0.34807,ExpenditureProgressGap,-0.304765,RemainingPlannedDays; ScheduleElapsedRatio; ApprovalToStartDays
619080,,2026-04-01,0.581258,1,Agency_National Highways Authority of India [NHAI],0.587084,State_Haryana,-0.350564,ProgressVelocity,-0.305933,Expenditure,0.140344,ProgressScheduleGap,0.128516,Agency_National Highways Authority of India [NHAI]; Expenditure; ProgressScheduleGap
617941,,2026-05-01,0.036124,0,CurrentExpenditureRatio,-0.94384,Physical Progress,-0.698223,Agency_National Highways Authority of India [NHAI],-0.650822,Expenditure,-0.338327,RevisedCost,-0.321466,RobustCurrentGap; RemainingPlannedDays; ScheduleElapsedRatio
706836,,2026-04-01,0.102612,0,Agency_North Western Railway [NWR],1.320971,CurrentExpenditureRatio,-0.83514,HasRevisedDoc,-0.669798,ExpenditureProgressGap,-0.305394,Agency_National Highways Authority of India [NHAI],-0.301461,Agency_North Western Railway [NWR]; State_Uttar Pradesh; State_Gujarat
618124,,2026-05-01,0.735643,1,NoProgress,0.3812,Agency_National Highways Authority of India [NHAI],-0.277435,RevisedCost,0.272622,ProgressVelocity,0.267993,ExpenditureProgressGap,0.229508,NoProgress; RevisedCost; ProgressVelocity
701410,,2026-05-01,0.20492,0,Agency_National Highways Authority of India [NHAI],-0.569525,CurrentExpenditureRatio,-0.550104,RemainingPlannedDays,-0.287758,ProjectAgeDays,-0.266297,ProgressVelocity,0.243702,ProgressVelocity; RobustCurrentGap; Physical Progress
618855,,2026-04-01,0.751473,1,Agency_National Highways Authority of India [NHAI],0.718855,ProgressVelocity,-0.244392,Physical Progress,0.239605,CurrentExpenditureRatio,0.184237,ExpenditureProgressGap,0.175011,Agency_National Highways Authority of India [NHAI]; Physical Progress; CurrentExpenditureRatio
400121,,2026-05-01,0.122984,0,HasRevisedDoc,-0.438286,Agency_National Highways Authority of India [NHAI],-0.376486,ApprovalToStartDays,-0.332826,ExpenditureProgressGap,-0.281036,RobustCurrentGap,-0.231066,CurrentExpenditureRatio; ProjectAgeDays; ScheduleElapsedRatio
617242,,2026-04-01,0.876014,1,Agency_Steel Authority of India Limited [SAIL],0.996163,CurrentExpenditureRatio,0.333605,ProjectAgeDays,0.235695,ExpenditureProgressGap,0.208982,ProgressScheduleGap,0.197918,Agency_Steel Authority of India Limited [SAIL]; CurrentExpenditureRatio; ProjectAgeDays
400275,,2026-05-01,0.094566,0,RemainingPlannedDays,-0.877508,Agency_National Highways Authority of India [NHAI],-0.543352,Physical Progress,-0.42292,ProjectAgeDays,-0.404608,Expenditure,0.214289,Expenditure; RobustCurrentGap; ProgressScheduleGap
618880,,2026-05-01,0.805001,1,Agency_National Highways Authority of India [NHAI],0.86413,ProgressVelocity,0.717873,Physical Progress,-0.266909,CurrentExpenditureRatio,0.130891,State_Himachal Pradesh,-0.093457,Agency_National Highways Authority of India [NHAI]; ProgressVelocity; CurrentExpenditureRatio
618493,,2026-04-01,0.722607,1,Agency_National Highways Authority of India [NHAI],0.982372,OriginalCost,-0.307537,CurrentExpenditureRatio,0.224166,Physical Progress,-0.212509,ProgressVelocity,-0.206507,Agency_National Highways Authority of India [NHAI]; CurrentExpenditureRatio; Expenditure
612885,,2026-04-01,0.152193,0,Agency_National Highways Authority of India [NHAI],-0.474689,ApprovalToStartDays,-0.47174,ExpenditureProgressGap,-0.428563,State_Meghalaya,0.279424,RobustCurrentGap,-0.277081,State_Meghalaya; Expenditure; CurrentExpenditureRatio
616612,,2026-04-01,0.058958,0,HasRevisedDoc,-0.565272,Physical Progress,-0.422233,Agency_National Highways Authority of India [NHAI],-0.31937,ProjectAgeDays,-0.274088,RevisedCost,-0.264288,CurrentExpenditureRatio; State_Bihar; ExpenditureProgressGap
618879,,2026-05-01,0.932197,1,Agency_National Highways Authority of India [NHAI],0.814326,ProgressVelocity,0.811708,CurrentExpenditureRatio,0.236345,Expenditure,0.217321,Physical Progress,0.203886,Agency_National Highways Authority of India [NHAI]; ProgressVelocity; CurrentExpenditureRatio
616253,,2026-05-01,0.071014,0,Physical Progress,-0.447285,CurrentExpenditureRatio,-0.429537,Agency_National Highways Authority of India [NHAI],-0.350791,OriginalCost,-0.292959,RevisedCost,-0.280745,State_Jharkhand; Expenditure; ProgressVelocity
705479,,2026-04-01,0.089253,0,RemainingPlannedDays,-0.754894,ApprovalToStartDays,-0.659349,Agency_National Highways Authority of India [NHAI],-0.358952,ProjectAgeDays,-0.335802,ProgressVelocity,-0.205278,ExpenditureProgressGap; RevisedCost; RobustCurrentGap
616600,,2026-04-01,0.213829,0,Agency_National Highways Authority of India [NHAI],-0.324814,ApprovalToStartDays,-0.267884,ProgressScheduleGap,-0.261855,RevisedCost,-0.249946,ProgressVelocity,-0.243202,ExpenditureProgressGap; RobustCurrentGap; CurrentExpenditureRatio
618469,,2026-05-01,0.935319,1,Agency_National Highways Authority of India [NHAI],0.72275,ProgressVelocity,0.580497,NoProgress,0.513551,Expenditure,0.250683,OriginalCost,-0.213573,Agency_National Highways Authority of India [NHAI]; ProgressVelocity; NoProgress
701101,,2026-04-01,0.313676,0,Agency_National Highways Authority of India [NHAI],-0.498245,CurrentExpenditureRatio,-0.458065,Physical Progress,0.340234,Expenditure,0.338732,Agency_Airport Authority of India [AAI],-0.213248,Physical Progress; Expenditure; State_Bihar
705436,,2026-04-01,0.10054,0,Agency_National Highways Authority of India [NHAI],-0.548099,ExpenditureProgressGap,-0.48315,RobustCurrentGap,-0.353276,Physical Progress,-0.217755,OriginalCost,-0.213567,LateStageLowProgress; ProgressScheduleGap; Expenditure
619008,,2026-05-01,0.050921,0,CurrentExpenditureRatio,-0.783538,ProgressScheduleGap,-0.534892,RevisedCost,-0.456368,Expenditure,-0.411696,Physical Progress,-0.406594,OriginalCost; ProgressVelocity; RobustCurrentGap
611884,,2026-04-01,0.524839,1,Agency_North Western Railway [NWR],1.321716,State_Haryana,-0.373398,Agency_National Highways Authority of India [NHAI],-0.309002,ExpenditureProgressGap,-0.29033,RobustCurrentGap,-0.193191,Agency_North Western Railway [NWR]; CurrentExpenditureRatio; OriginalCost
618850,,2026-04-01,0.870025,1,Agency_National Highways Authority of India [NHAI],1.064294,ProgressVelocity,-0.420097,Physical Progress,0.315622,RevisedCost,0.214908,RemainingPlannedDays,0.200938,Agency_National Highways Authority of India [NHAI]; Physical Progress; RevisedCost
709826,,2026-04-01,0.334525,0,Agency_National Highways Authority of India [NHAI],-0.320459,ExpenditureProgressGap,0.273708,ApprovalToStartDays,-0.257449,ProgressVelocity,-0.248352,RobustCurrentGap,0.188661,ExpenditureProgressGap; RobustCurrentGap; Expenditure
618784,,2026-04-01,0.750645,1,Agency_NHAI,0.477531,RevisedCost,0.348566,ProjectAgeDays,0.249552,ExpenditureProgressGap,0.234915,Agency_National Highways Authority of India [NHAI],-0.223463,Agency_NHAI; RevisedCost; ProjectAgeDays
617996,,2026-04-01,0.225388,0,Agency_National Highways Authority of India [NHAI],-0.405616,CurrentExpenditureRatio,0.346821,RemainingPlannedDays,-0.332156,ProjectAgeDays,-0.247877,ExpenditureProgressGap,-0.186379,CurrentExpenditureRatio; HasRevisedDoc; Agency_MoRTH
616701,,2026-04-01,0.205994,0,HasRevisedDoc,-0.410916,Physical Progress,-0.272665,Agency_National Highways Authority of India [NHAI],-0.267953,RemainingPlannedDays,0.197719,ProgressVelocity,-0.152517,RemainingPlannedDays; ProgressScheduleGap; LateStageLowProgress
615331,,2026-05-01,0.611099,1,NoProgress,0.378842,Agency_National Highways Authority of India [NHAI],-0.279563,HasRevisedDoc,-0.275171,ProgressVelocity,0.26184,Agency_Western Coalfields Limited [WCL],0.145305,NoProgress; ProgressVelocity; Agency_Western Coalfields Limited [WCL]
617404,,2026-05-01,0.35414,0,Agency_North Western Railway [NWR],1.472169,RobustCurrentGap,-0.43919,ExpenditureProgressGap,-0.436022,HasRevisedDoc,-0.3457,Physical Progress,-0.285795,Agency_North Western Railway [NWR]; CurrentExpenditureRatio; OriginalCost
617370,,2026-05-01,0.115305,0,HasRevisedDoc,-0.528307,Agency_National Highways Authority of India [NHAI],-0.336116,State_Uttar Pradesh,-0.31428,ProgressScheduleGap,-0.265503,Physical Progress,-0.2522,CurrentExpenditureRatio; ProgressVelocity; ApprovalToStartDays
617211,,2026-05-01,0.106316,0,HasRevisedDoc,-0.373573,Physical Progress,-0.329497,Agency_National Highways Authority of India [NHAI],-0.31205,OriginalCost,-0.264005,RevisedCost,-0.167399,RobustCurrentGap; Expenditure; RemainingPlannedDays
619054,,2026-05-01,0.109927,0,HasRevisedDoc,-0.483499,Agency_Airport Authority of India [AAI],-0.328006,Agency_National Highways Authority of India [NHAI],-0.297018,ExpenditureProgressGap,-0.295595,ProgressScheduleGap,-0.268695,RevisedCost; ApprovalToStartDays; ProgressVelocity
619128,,2026-04-01,0.76417,1,Agency_National Highways Authority of India [NHAI],0.804059,ProgressVelocity,-0.418972,Physical Progress,0.257091,Expenditure,0.177708,NoProgress,-0.110154,Agency_National Highways Authority of India [NHAI]; Physical Progress; Expenditure
617883,,2026-04-01,0.768283,1,HasRevisedDoc,-0.356424,Physical Progress,0.338365,ExpenditureProgressGap,0.320996,RobustCurrentGap,0.318079,State_Delhi,0.28955,Physical Progress; ExpenditureProgressGap; RobustCurrentGap
618863,,2026-04-01,0.908993,1,Agency_National Highways Authority of India [NHAI],1.006663,State_Jharkhand,0.562429,CurrentExpenditureRatio,0.363116,ProgressVelocity,-0.357566,Expenditure,0.205951,Agency_National Highways Authority of India [NHAI]; State_Jharkhand; CurrentExpenditureRatio
619069,,2026-04-01,0.498252,1,Agency_National Highways Authority of India [NHAI],0.703519,ProgressVelocity,-0.422398,Physical Progress,0.349526,ProjectAgeDays,-0.265616,Expenditure,-0.230873,Agency_National Highways Authority of India [NHAI]; Physical Progress; ExpenditureProgressGap
618335,,2026-05-01,0.809937,1,Agency_NHIDCL,0.667846,ProgressVelocity,0.390656,Agency_National Highways Authority of India [NHAI],-0.32733,NoProgress,0.227415,Expenditure,0.227247,Agency_NHIDCL; ProgressVelocity; NoProgress
618843,,2026-05-01,0.369344,0,Agency_National Highways Authority of India [NHAI],0.769704,State_Uttar Pradesh,-0.524479,ProgressVelocity,0.367912,RevisedCost,-0.359764,ProjectAgeDays,-0.324714,Agency_National Highways Authority of India [NHAI]; ProgressVelocity; OriginalCost
618906,,2026-05-01,0.93844,1,Agency_National Highways Authority of India [NHAI],0.987357,ProgressVelocity,0.405046,Expenditure,0.248955,ProgressScheduleGap,0.205399,CurrentExpenditureRatio,0.162343,Agency_National Highways Authority of India [NHAI]; ProgressVelocity; Expenditure
701263,,2026-04-01,0.073236,0,RevisedCost,-0.624249,OriginalCost,-0.52983,Agency_MinistryofPetroleumNaturalGas,-0.497067,Agency_National Highways Authority of India [NHAI],-0.43562,Expenditure,0.290253,Expenditure; Physical Progress; HasRevisedDoc
619010,,2026-05-01,0.699331,1,Agency_NHIDCL,0.551066,CurrentExpenditureRatio,0.397111,ProgressVelocity,0.389918,ExpenditureProgressGap,-0.374609,NoProgress,0.324828,Agency_NHIDCL; CurrentExpenditureRatio; ProgressVelocity
701415,,2026-04-01,0.380393,0,Expenditure,0.693951,RevisedCost,-0.492586,ProjectAgeDays,-0.459327,Agency_National Highways Authority of India [NHAI],-0.410667,ProgressVelocity,-0.23826,Expenditure; Physical Progress; ExpenditureProgressGap
701404,,2026-05-01,0.027692,0,CurrentExpenditureRatio,-1.206737,Agency_National Highways Authority of India [NHAI],-0.575627,RemainingPlannedDays,-0.528096,ExpenditureProgressGap,-0.253721,Expenditure,-0.204511,HasRevisedCost; ProgressScheduleGap; HasRevisedDoc
701602,,2026-04-01,0.729319,1,Expenditure,0.303085,ExpenditureProgressGap,0.2986,CurrentExpenditureRatio,0.273488,Physical Progress,0.238798,Agency_National Highways Authority of India [NHAI],-0.238096,Expenditure; ExpenditureProgressGap; CurrentExpenditureRatio
400369,,2026-05-01,0.043716,0,CurrentExpenditureRatio,-0.878048,Agency_National Highways Authority of India [NHAI],-0.516216,Expenditure,-0.383391,RevisedCost,-0.296218,RobustCurrentExpenditurePct,-0.255942,HasRevisedDoc; Physical Progress; ElapsedDays
618971,,2026-05-01,0.042799,0,Physical Progress,-0.673381,CurrentExpenditureRatio,-0.45067,Agency_National Highways Authority of India [NHAI],-0.398723,ProjectAgeDays,-0.321401,ExpenditureProgressGap,-0.244541,ProgressVelocity; RemainingPlannedDays; State_Gujarat
705747,,2026-05-01,0.081891,0,Physical Progress,-0.801884,CurrentExpenditureRatio,-0.736479,Agency_National Highways Authority of India [NHAI],-0.509135,State_Jharkhand,0.370239,NoProgress,0.357343,State_Jharkhand; NoProgress; RobustCurrentGap
616983,,2026-04-01,0.133726,0,State_Gujarat,-0.420766,HasRevisedDoc,-0.401073,Physical Progress,-0.363059,Agency_National Highways Authority of India [NHAI],-0.295646,RemainingPlannedDays,0.248204,RemainingPlannedDays; OriginalCost; CurrentExpenditureRatio
705527,,2026-05-01,0.160987,0,Agency_National Highways Authority of India [NHAI],-0.531351,CurrentExpenditureRatio,-0.490163,ApprovalToStartDays,-0.406107,State_Bihar,0.215304,ExpenditureProgressGap,-0.210382,State_Bihar; Physical Progress; ProgressVelocity
617207,,2026-05-01,0.042223,0,ExpenditureProgressGap,-0.421872,CurrentExpenditureRatio,-0.397758,Agency_National Highways Authority of India [NHAI],-0.389997,Physical Progress,-0.379971,HasRevisedDoc,-0.350566,State_Delhi; State_Uttar Pradesh; State_Gujarat
617279,,2026-04-01,0.185417,0,HasRevisedDoc,-0.298798,Physical Progress,-0.261367,Agency_National Highways Authority of India [NHAI],-0.260214,ProgressVelocity,-0.207375,State_Madhya Pradesh,-0.181576,OriginalCost; RobustCurrentGap; CurrentExpenditureRatio
618330,,2026-04-01,0.060737,0,CurrentExpenditureRatio,-0.910774,Agency_National Highways Authority of India [NHAI],-0.520565,ExpenditureProgressGap,-0.442828,ProgressVelocity,-0.410403,RobustCurrentExpenditurePct,-0.263734,Agency_NHIDCL; HasRevisedDoc; Physical Progress
612855,,2026-05-01,0.592379,1,ProgressVelocity,0.671159,Agency_National Highways Authority of India [NHAI],-0.375081,ProjectAgeDays,0.25554,ExpenditureProgressGap,-0.254428,CurrentExpenditureRatio,0.181427,ProgressVelocity; ProjectAgeDays; CurrentExpenditureRatio
618293,,2026-04-01,0.432468,0,RevisedCost,0.489486,Physical Progress,-0.335121,ProgressVelocity,-0.322934,Agency_National Highways Authority of India [NHAI],-0.321795,Expenditure,0.267636,RevisedCost; Expenditure; CurrentExpenditureRatio
618184,,2026-05-01,0.641532,1,CurrentExpenditureRatio,-0.592804,ProgressVelocity,0.536635,ProgressScheduleGap,0.338567,ExpenditureProgressGap,0.327141,Agency_National Highways Authority of India [NHAI],-0.32265,ProgressVelocity; ProgressScheduleGap; ExpenditureProgressGap
618577,,2026-04-01,0.758131,1,Agency_National Highways Authority of India [NHAI],1.043735,ProgressVelocity,-0.39211,RemainingPlannedDays,0.24811,RobustCurrentGap,0.184671,CurrentExpenditureRatio,0.17467,Agency_National Highways Authority of India [NHAI]; RemainingPlannedDays; RobustCurrentGap
618029,,2026-04-01,0.670476,1,CurrentExpenditureRatio,0.439082,Agency_National Highways Authority of India [NHAI],-0.340961,ProgressScheduleGap,0.233397,ProgressVelocity,-0.199651,Physical Progress,0.179104,CurrentExpenditureRatio; ProgressScheduleGap; Physical Progress
618419,,2026-05-01,0.783542,1,ProgressVelocity,0.428436,Agency_NHIDCL,0.379021,Agency_National Highways Authority of India [NHAI],-0.311788,State_Meghalaya,0.271267,Physical Progress,-0.254912,ProgressVelocity; Agency_NHIDCL; State_Meghalaya
618759,,2026-04-01,0.776874,1,Agency_National Highways Authority of India [NHAI],0.795676,ProgressVelocity,-0.30937,Expenditure,0.199118,Physical Progress,0.116075,ProjectAgeDays,0.103777,Agency_National Highways Authority of India [NHAI]; Expenditure; Physical Progress
615336,,2026-04-01,0.48746,1,Agency_National Highways Authority of India [NHAI],-0.339714,State_Delhi,0.24288,Expenditure,0.19347,ProgressVelocity,-0.149437,ExpenditureProgressGap,-0.128508,State_Delhi; Expenditure; RemainingPlannedDays
709841,,2026-05-01,0.185497,0,Agency_National Highways Authority of India [NHAI],-0.485063,RemainingPlannedDays,-0.430211,State_Gujarat,-0.273095,Expenditure,0.232088,Physical Progress,0.231756,Expenditure; Physical Progress; ProgressVelocity
618166,,2026-05-01,0.62452,1,Agency_National Highways Authority of India [NHAI],-0.387776,ProgressVelocity,0.341189,Physical Progress,0.301273,CurrentExpenditureRatio,-0.296155,RobustCurrentGap,0.221365,ProgressVelocity; Physical Progress; RobustCurrentGap
618722,,2026-05-01,0.639256,1,Agency_National Highways Authority of India [NHAI],0.865992,ExpenditureProgressGap,-0.480997,NoProgress,0.31777,State_Uttar Pradesh,-0.239438,CurrentExpenditureRatio,0.160573,Agency_National Highways Authority of India [NHAI]; NoProgress; CurrentExpenditureRatio
618156,,2026-04-01,0.108,0,CurrentExpenditureRatio,-0.611126,Expenditure,-0.357228,ProgressScheduleGap,-0.348302,ExpenditureProgressGap,0.28852,Agency_National Highways Authority of India [NHAI],-0.230783,ExpenditureProgressGap; RobustCurrentGap; Physical Progress
617890,,2026-04-01,0.03766,0,CurrentExpenditureRatio,-0.889274,Agency_National Highways Authority of India [NHAI],-0.339305,Physical Progress,-0.336819,ProgressScheduleGap,-0.31658,HasRevisedDoc,-0.311075,RevisedCost; ScheduleElapsedRatio; OriginalCost
618055,,2026-04-01,0.469303,1,CurrentExpenditureRatio,-0.506365,RobustCurrentGap,0.402555,ExpenditureProgressGap,0.277742,Agency_National Highways Authority of India [NHAI],-0.259143,Expenditure,-0.205025,RobustCurrentGap; ExpenditureProgressGap; Physical Progress
618355,,2026-04-01,0.37824,0,ProgressVelocity,-0.381761,Agency_National Highways Authority of India [NHAI],-0.339748,Physical Progress,0.169656,ExpenditureProgressGap,0.14883,Expenditure,0.133231,Physical Progress; ExpenditureProgressGap; Expenditure
618612,,2026-04-01,0.813876,1,Agency_National Highways Authority of India [NHAI],1.041728,RemainingPlannedDays,0.358107,ProgressVelocity,-0.303072,ExpenditureProgressGap,-0.299882,CurrentExpenditureRatio,0.257002,Agency_National Highways Authority of India [NHAI]; RemainingPlannedDays; CurrentExpenditureRatio
618317,,2026-05-01,0.146892,0,CurrentExpenditureRatio,-0.833734,Agency_National Highways Authority of India [NHAI],-0.507767,Physical Progress,-0.467122,NoProgress,0.38134,Expenditure,-0.348218,NoProgress; ProgressVelocity; Agency_NHIDCL
618513,,2026-05-01,0.369817,0,Agency_National Highways Authority of India [NHAI],0.926729,ProgressVelocity,-0.633341,ExpenditureProgressGap,-0.394481,NegativeProgressVelocity,-0.238809,OriginalCost,-0.238045,Agency_National Highways Authority of India [NHAI]; LateStageLowProgress; HasRevisedCost
618463,,2026-04-01,0.883788,1,Agency_National Highways Authority of India [NHAI],0.861392,Expenditure,0.587098,ProgressVelocity,-0.410704,ExpenditureProgressGap,0.197502,RobustCurrentGap,0.167024,Agency_National Highways Authority of India [NHAI]; Expenditure; ExpenditureProgressGap
702630,,2026-04-01,0.592843,1,Expenditure,0.613191,Agency_National Highways Authority of India [NHAI],-0.421341,ProgressScheduleGap,0.260689,ExpenditureProgressGap,-0.196422,RevisedCost,0.153148,Expenditure; ProgressScheduleGap; RevisedCost
618849,,2026-04-01,0.720168,1,Agency_National Highways Authority of India [NHAI],1.09669,ProgressVelocity,-0.225682,Expenditure,0.225517,ProgressScheduleGap,-0.109117,ApprovalToStartDays,-0.093871,Agency_National Highways Authority of India [NHAI]; Expenditure; HasRevisedDoc
618095,,2026-05-01,0.30348,0,CurrentExpenditureRatio,-0.59784,ProgressScheduleGap,-0.329443,Agency_National Highways Authority of India [NHAI],-0.290767,Expenditure,-0.282043,OriginalCost,0.247696,OriginalCost; ExpenditureProgressGap; RevisedCost
618828,,2026-04-01,0.55011,1,Agency_National Highways Authority of India [NHAI],0.651798,ProgressVelocity,-0.311813,Expenditure,-0.294036,ProgressScheduleGap,-0.206106,ExpenditureProgressGap,0.121484,Agency_National Highways Authority of India [NHAI]; ExpenditureProgressGap; ProjectAgeDays
706763,,2026-05-01,0.10164,0,Agency_National Highways Authority of India [NHAI],-0.500138,RobustCurrentGap,-0.336307,ExpenditureProgressGap,-0.328429,Expenditure,-0.301374,State_Gujarat,-0.261414,ProgressVelocity; ProgressScheduleGap; NoProgress
618066,,2026-05-01,0.410446,0,Agency_National Highways Authority of India [NHAI],-0.405999,RobustCurrentGap,0.249207,Expenditure,0.211797,ProgressScheduleGap,-0.173762,State_Uttar Pradesh,-0.16912,RobustCurrentGap; Expenditure; ApprovalToStartDays
618725,,2026-05-01,0.889549,1,Agency_National Highways Authority of India [NHAI],1.057976,ProgressVelocity,1.01252,Physical Progress,-0.266894,ApprovalToStartDays,0.238667,ProjectAgeDays,-0.213462,Agency_National Highways Authority of India [NHAI]; ProgressVelocity; ApprovalToStartDays
618288,,2026-04-01,0.020044,0,CurrentExpenditureRatio,-0.853308,Physical Progress,-0.591323,ProjectAgeDays,-0.537795,Expenditure,-0.426324,Agency_National Highways Authority of India [NHAI],-0.389673,ExpenditureProgressGap; Agency_NHIDCL; RemainingPlannedDays
615335,,2026-05-01,0.5861,1,ProgressVelocity,0.921672,Agency_National Highways Authority of India [NHAI],-0.398901,CurrentExpenditureRatio,0.196327,ApprovalToStartDays,-0.114451,Agency_Power Grid Corporation of India Limited [POWERGRID],0.110418,ProgressVelocity; CurrentExpenditureRatio; Agency_Power Grid Corporation of India Limited [POWERGRID]
619186,,2026-05-01,0.246027,0,CurrentExpenditureRatio,-0.737194,Physical Progress,-0.46764,Agency_National Highways Authority of India [NHAI],-0.423765,NoProgress,0.403665,Agency_NHIDCL,0.390609,NoProgress; Agency_NHIDCL; ProgressVelocity
618420,,2026-04-01,0.352872,0,ProgressVelocity,-0.395086,State_Meghalaya,0.271267,Agency_National Highways Authority of India [NHAI],-0.25009,CurrentExpenditureRatio,0.195903,Agency_NHIDCL,0.188861,State_Meghalaya; CurrentExpenditureRatio; Agency_NHIDCL
619312,,2026-04-01,0.091775,0,Agency_MinistryofPetroleumNaturalGas,-0.57683,ProjectAgeDays,-0.373841,Agency_National Highways Authority of India [NHAI],-0.305976,Physical Progress,-0.264137,State_Uttar Pradesh,-0.233046,OriginalCost; RemainingPlannedDays; HasRevisedDoc
602181,,2026-04-01,0.267473,0,Agency_National Highways Authority of India [NHAI],-0.420641,CurrentExpenditureRatio,0.412327,Expenditure,-0.291996,ExpenditureProgressGap,-0.234804,OriginalCost,-0.199905,CurrentExpenditureRatio; ProgressScheduleGap; Physical Progress
709780,,2026-05-01,0.136159,0,Agency_MinistryofPetroleumNaturalGas,-0.573307,ExpenditureProgressGap,-0.489005,Agency_National Highways Authority of India [NHAI],-0.488143,RemainingPlannedDays,-0.221886,State_Maharashtra,0.175944,State_Maharashtra; CurrentExpenditureRatio; Physical Progress
617915,,2026-04-01,0.408756,0,CurrentExpenditureRatio,-0.496212,Physical Progress,0.445858,RobustCurrentGap,0.326233,ProgressVelocity,-0.305878,Agency_National Highways Authority of India [NHAI],-0.242784,Physical Progress; RobustCurrentGap; ExpenditureProgressGap
618071,,2026-04-01,0.722706,1,RevisedCost,0.63661,CurrentExpenditureRatio,-0.480166,Physical Progress,0.429779,RobustCurrentGap,0.412036,ProgressVelocity,-0.24433,RevisedCost; Physical Progress; RobustCurrentGap
617839,,2026-05-01,0.308329,0,Agency_National Highways Authority of India [NHAI],-0.425337,ExpenditureProgressGap,-0.365116,RobustCurrentGap,-0.240832,OriginalCost,0.203661,RevisedCost,0.20015,OriginalCost; RevisedCost; CurrentExpenditureRatio
615982,,2026-04-01,0.333249,0,CurrentExpenditureRatio,0.362109,Agency_National Highways Authority of India [NHAI],-0.359672,ProgressVelocity,-0.262943,ProjectAgeDays,-0.210593,ExpenditureProgressGap,-0.19937,CurrentExpenditureRatio; State_Maharashtra; RevisedCost
619122,,2026-04-01,0.858739,1,Agency_National Highways Authority of India [NHAI],1.022244,Expenditure,0.367556,Physical Progress,0.322799,ExpenditureProgressGap,-0.296291,ProgressVelocity,-0.284552,Agency_National Highways Authority of India [NHAI]; Expenditure; Physical Progress
618566,,2026-05-01,0.49217,1,Agency_National Highways Authority of India [NHAI],0.892509,State_Uttar Pradesh,-0.426271,Expenditure,-0.184771,ExpenditureProgressGap,-0.140768,ProgressScheduleGap,-0.115826,Agency_National Highways Authority of India [NHAI]; RemainingPlannedDays; OriginalCost
400120,,2026-05-01,0.034659,0,RevisedCost,-0.738082,OriginalCost,-0.697182,Agency_National Highways Authority of India [NHAI],-0.513068,CurrentExpenditureRatio,-0.405435,ExpenditureProgressGap,-0.218654,Expenditure; HasRevisedDoc; ProgressBehindSchedule20
701330,,2026-04-01,0.584408,1,Expenditure,0.685284,Agency_National Highways Authority of India [NHAI],-0.428886,Physical Progress,0.274385,RemainingPlannedDays,0.212898,CurrentExpenditureRatio,0.175253,Expenditure; Physical Progress; RemainingPlannedDays
705567,,2026-04-01,0.077897,0,Agency_National Highways Authority of India [NHAI],-0.514541,CurrentExpenditureRatio,-0.469296,RemainingPlannedDays,-0.322716,ExpenditureProgressGap,-0.27202,Expenditure,-0.223295,HasRevisedDoc; Physical Progress; HasRevisedCost
618652,,2026-04-01,0.45798,1,Agency_National Highways Authority of India [NHAI],0.786034,ProgressVelocity,-0.474261,ApprovalToStartDays,-0.233188,RobustCurrentGap,0.187863,ExpenditureProgressGap,0.178636,Agency_National Highways Authority of India [NHAI]; RobustCurrentGap; ExpenditureProgressGap
618316,,2026-05-01,0.791609,1,Agency_NHIDCL,0.617547,ProgressVelocity,0.445596,NoProgress,0.419445,Expenditure,0.324191,Agency_National Highways Authority of India [NHAI],-0.319994,Agency_NHIDCL; ProgressVelocity; NoProgress
701172,,2026-05-01,0.087823,0,Physical Progress,-0.794654,CurrentExpenditureRatio,-0.491902,Agency_National Highways Authority of India [NHAI],-0.440035,NoProgress,0.357633,HasRevisedDoc,-0.32274,NoProgress; State_Bihar; ProgressVelocity
617931,,2026-04-01,0.067538,0,CurrentExpenditureRatio,-0.704687,Agency_National Highways Authority of India [NHAI],-0.448597,Physical Progress,-0.440381,ProgressScheduleGap,-0.346536,OriginalCost,0.267747,OriginalCost; HasRevisedCost; RemainingPlannedDays
618927,,2026-05-01,0.735159,1,Agency_National Highways Authority of India [NHAI],0.95734,State_Uttar Pradesh,-0.315899,ProgressVelocity,0.234238,Expenditure,-0.18453,OriginalCost,0.132646,Agency_National Highways Authority of India [NHAI]; ProgressVelocity; OriginalCost
618632,,2026-05-01,0.886759,1,Agency_National Highways Authority of India [NHAI],0.775523,ProgressVelocity,0.235042,Expenditure,0.193885,Physical Progress,0.189233,CurrentExpenditureRatio,0.143826,Agency_National Highways Authority of India [NHAI]; ProgressVelocity; Expenditure
616232,,2026-05-01,0.093264,0,HasRevisedDoc,-0.437599,Agency_National Highways Authority of India [NHAI],-0.387417,Physical Progress,-0.203214,State_Odisha,-0.201345,RemainingPlannedDays,-0.172315,CurrentExpenditureRatio; State_Uttar Pradesh; State_Gujarat
618509,,2026-05-01,0.864016,1,Agency_National Highways Authority of India [NHAI],1.183493,Physical Progress,0.33088,ProgressVelocity,0.296787,CurrentExpenditureRatio,-0.280746,State_Delhi,0.223521,Agency_National Highways Authority of India [NHAI]; Physical Progress; ProgressVelocity
618868,,2026-04-01,0.670574,1,Agency_National Highways Authority of India [NHAI],0.626972,ProgressVelocity,-0.230122,OriginalCost,-0.201555,ProjectAgeDays,0.14734,ProgressScheduleGap,-0.137667,Agency_National Highways Authority of India [NHAI]; ProjectAgeDays; ExpenditureProgressGap
611966,,2026-05-01,0.759947,1,ProgressVelocity,0.407235,Agency_National Highways Authority of India [NHAI],-0.370675,RevisedCost,0.308531,Expenditure,0.278132,Physical Progress,0.211508,ProgressVelocity; RevisedCost; Expenditure
705765,,2026-04-01,0.227279,0,State_Jharkhand,0.654764,RobustCurrentGap,-0.539643,ExpenditureProgressGap,-0.476983,Agency_National Highways Authority of India [NHAI],-0.42616,ProjectAgeDays,-0.188867,State_Jharkhand; CurrentExpenditureRatio; RobustCurrentExpenditurePct
617934,,2026-04-01,0.194161,0,CurrentExpenditureRatio,-0.527243,ProjectAgeDays,-0.33291,ProgressVelocity,-0.300032,Agency_National Highways Authority of India [NHAI],-0.268373,ExpenditureProgressGap,0.256875,ExpenditureProgressGap; RobustCurrentGap; Physical Progress
615183,,2026-05-01,0.516517,1,Agency_National Highways Authority of India [NHAI],-0.471453,CurrentExpenditureRatio,0.25852,RobustCurrentGap,0.248156,RemainingPlannedDays,-0.104957,OriginalCost,0.087162,CurrentExpenditureRatio; RobustCurrentGap; OriginalCost
616050,,2026-05-01,0.840057,1,NoProgress,0.516237,ProgressVelocity,0.471197,Physical Progress,0.396982,Agency_National Highways Authority of India [NHAI],-0.308054,ExpenditureProgressGap,0.214644,NoProgress; ProgressVelocity; Physical Progress
618923,,2026-04-01,0.759467,1,Agency_National Highways Authority of India [NHAI],0.683545,CurrentExpenditureRatio,0.364688,OriginalCost,-0.245532,ProjectAgeDays,0.225267,ProgressVelocity,-0.209717,Agency_National Highways Authority of India [NHAI]; CurrentExpenditureRatio; ProjectAgeDays
618836,,2026-04-01,0.780275,1,Agency_National Highways Authority of India [NHAI],0.614032,ProgressVelocity,-0.361514,Expenditure,0.226189,ProjectAgeDays,0.211233,ProgressScheduleGap,0.161897,Agency_National Highways Authority of India [NHAI]; Expenditure; ProjectAgeDays
617902,,2026-04-01,0.364077,0,Agency_National Highways Authority of India [NHAI],-0.320486,Expenditure,0.234008,State_Odisha,-0.230246,Physical Progress,-0.20297,ProgressVelocity,-0.192989,Expenditure; RemainingPlannedDays; OriginalCost
618214,,2026-04-01,0.022908,0,CurrentExpenditureRatio,-0.616889,Physical Progress,-0.492348,ProjectAgeDays,-0.36148,Agency_National Highways Authority of India [NHAI],-0.333598,ProgressVelocity,-0.296641,RevisedCost; HasRevisedDoc; State_Andhra Pradesh
617299,,2026-05-01,0.529265,1,Agency_National Highways Authority of India [NHAI],-0.485304,CurrentExpenditureRatio,0.3195,State_Gujarat,-0.218182,Expenditure,0.148862,OriginalCost,0.139462,CurrentExpenditureRatio; Expenditure; OriginalCost
615915,,2026-05-01,0.667729,1,ProgressVelocity,0.548601,Agency_National Highways Authority of India [NHAI],-0.443142,RobustCurrentGap,0.241749,CurrentExpenditureRatio,0.230876,ProgressScheduleGap,0.205936,ProgressVelocity; RobustCurrentGap; CurrentExpenditureRatio
618977,,2026-05-01,0.232295,0,Agency_National Highways Authority of India [NHAI],-0.393443,Agency_Airport Authority of India [AAI],-0.2852,Physical Progress,-0.279511,ExpenditureProgressGap,-0.241225,ProjectAgeDays,-0.240243,ProgressScheduleGap; RemainingPlannedDays; CurrentExpenditureRatio
400352,,2026-05-01,0.238469,0,Agency_Ministry of Coal,0.699179,ProgressVelocity,-0.669115,State_Jharkhand,0.566979,HasRevisedDoc,-0.327655,Agency_National Highways Authority of India [NHAI],-0.304344,Agency_Ministry of Coal; State_Jharkhand; CurrentExpenditureRatio
615914,,2026-04-01,0.137192,0,HasRevisedDoc,-0.375976,RemainingPlannedDays,-0.327162,Physical Progress,-0.249155,ProgressVelocity,-0.232206,Agency_National Highways Authority of India [NHAI],-0.212773,Expenditure; OriginalCost; State_Maharashtra
619226,,2026-04-01,0.05894,0,CurrentExpenditureRatio,-0.5281,Agency_National Highways Authority of India [NHAI],-0.370949,ProjectAgeDays,-0.349048,Physical Progress,-0.282336,ExpenditureProgressGap,-0.261755,RevisedCost; RemainingPlannedDays; HasRevisedDoc
618874,,2026-04-01,0.489578,1,Agency_National Highways Authority of India [NHAI],0.691685,ProjectAgeDays,-0.396381,ProgressVelocity,-0.353766,RobustCurrentGap,0.243123,RemainingPlannedDays,-0.15063,Agency_National Highways Authority of India [NHAI]; RobustCurrentGap; OriginalCost
617184,,2026-04-01,0.108141,0,Agency_National Highways Authority of India [NHAI],-0.28563,HasRevisedDoc,-0.258613,Physical Progress,-0.235971,OriginalCost,-0.225275,ExpenditureProgressGap,-0.201511,Expenditure; RemainingPlannedDays; State_Gujarat
616587,,2026-04-01,0.046451,0,Physical Progress,-0.522188,CurrentExpenditureRatio,-0.463205,Agency_National Highways Authority of India [NHAI],-0.380209,ProjectAgeDays,-0.343311,HasRevisedDoc,-0.339508,RevisedCost; RemainingPlannedDays; OriginalCost
617248,,2026-04-01,0.932527,1,Agency_Steel Authority of India Limited [SAIL],1.016286,ProgressScheduleGap,0.39243,RobustCurrentGap,0.31299,Physical Progress,0.28453,ExpenditureProgressGap,0.231829,Agency_Steel Authority of India Limited [SAIL]; ProgressScheduleGap; RobustCurrentGap
705526,,2026-05-01,0.25934,0,Agency_National Highways Authority of India [NHAI],-0.46364,ProgressVelocity,0.364922,ProjectAgeDays,-0.258006,RemainingPlannedDays,-0.245424,State_Bihar,0.186108,ProgressVelocity; State_Bihar; HasRevisedDoc
400165,,2026-05-01,0.094284,0,RobustCurrentGap,-0.503161,ExpenditureProgressGap,-0.500414,CurrentExpenditureRatio,0.449794,HasRevisedDoc,-0.430824,Agency_National Highways Authority of India [NHAI],-0.39376,CurrentExpenditureRatio; ProgressVelocity; RobustCurrentExpenditurePct
615199,,2026-05-01,0.400738,0,HasRevisedDoc,-0.374098,NoProgress,0.330793,Physical Progress,-0.297853,Agency_National Highways Authority of India [NHAI],-0.281829,ProgressVelocity,0.245747,NoProgress; ProgressVelocity; Expenditure
618014,,2026-04-01,0.353407,0,Agency_National Highways Authority of India [NHAI],-0.382119,ProgressScheduleGap,-0.313555,RemainingPlannedDays,0.258596,OriginalCost,0.219631,Physical Progress,-0.193126,RemainingPlannedDays; OriginalCost; RevisedCost
619071,,2026-05-01,0.87594,1,Agency_National Highways Authority of India [NHAI],0.909023,ProgressVelocity,0.367252,ExpenditureProgressGap,0.161401,CurrentExpenditureRatio,0.137537,ProgressScheduleGap,0.117388,Agency_National Highways Authority of India [NHAI]; ProgressVelocity; ExpenditureProgressGap
617364,,2026-05-01,0.478047,1,ExpenditureProgressGap,-0.349009,NoProgress,0.290474,Expenditure,0.246093,HasRevisedDoc,-0.240555,RobustCurrentGap,-0.207667,NoProgress; Expenditure; ProgressVelocity
618925,,2026-04-01,0.787411,1,Agency_National Highways Authority of India [NHAI],0.831786,CurrentExpenditureRatio,0.49725,RevisedCost,0.33355,ProgressVelocity,-0.206973,ExpenditureProgressGap,-0.138138,Agency_National Highways Authority of India [NHAI]; CurrentExpenditureRatio; RevisedCost
